channel,sender,words
sodapoppin,madzee,0
xqcow,prometheanow,68
forsen,spectre155,1
sodapoppin,itsjer,1
xqcow,laserfruit,33
forsen,mojito_is_amazing,4
sodapoppin,planetjuke420,1
giantwaffle,akswitch,2
xqcow,unhuman,1
sodapoppin,azurify,1
sodapoppin,greyface127,1
giantwaffle,challenger2uk,1
giantwaffle,knifeparteh,3
giantwaffle,alovelyphoenix,4
sodapoppin,textue,1
sodapoppin,0mixter0,1
sodapoppin,f0l3y,2
sodapoppin,ambahh,1
sodapoppin,hellarussian,5
xqcow,stolesomelemons,36
sodapoppin,electronicblade,1
xqcow,spyroyo,1
sodapoppin,chaotic_yordle,1
sodapoppin,iwillpotato,1
xqcow,sebfoulger,1
xqcow,pizzadude69420nomemes,3
forsen,ithoran,1
sodapoppin,tapdancingninja,7
sodapoppin,ihiru_,2
xqcow,thisissportscenter,1
sodapoppin,chaos_infern0,2
sodapoppin,rheno142,1
sodapoppin,its_mech,4
giantwaffle,saintsrob,8
sodapoppin,lmplicate,1
xqcow,0__l,1
sodapoppin,zagax,2
sodapoppin,genki0fun0time,0
xqcow,xilefyt,6
sodapoppin,andypma,1
sodapoppin,meyern3,1
forsen,thepiter333,1
forsen,kirgaara,1
sodapoppin,omegaduckerz,1
xqcow,z3_fusion,5
sodapoppin,trillogy,1
sodapoppin,derekthehobo,3
forsen,spectre155,1
sodapoppin,kimjongunsub,1
sodapoppin,martin3_3,1
sodapoppin,meyern3,2
bobross,jumpyfishv2,13
xqcow,androidlewishere,9
forsen,neonbacon_,1
sodapoppin,jimasly,1
sodapoppin,kwigleet,1
xqcow,iamhussien,12
sodapoppin,d0noharm,8
sodapoppin,luffysupersaiyajin,1
giantwaffle,snowmansdream,1
forsen,cornholio_,3
sodapoppin,bradytheboss2000,1
sodapoppin,lx_zander,2
sodapoppin,solutoooo,1
forsen,dvh_,3
sodapoppin,wandingisfun,1
forsen,kappa__crunch,12
sodapoppin,edve,12
sodapoppin,youhavetomorrowbig,1
xqcow,wrathprayer,1
xqcow,powsen,1
sodapoppin,verticalvortex,3
sodapoppin,lidl_disvstxr666,5
sodapoppin,rob0___,9
xqcow,acroz,1
sodapoppin,ariiescs,3
xqcow,hunterwolf_rk,1
xqcow,mcsaltyboi,1
sodapoppin,kronazen,2
xqcow,glveme1second,3
sodapoppin,bradytheboss2000,5
bobross,kristofficer,2
sodapoppin,fgtmania,22
sodapoppin,senpaiiyoshi,2
xqcow,theoryow,1
xqcow,trihard_from_myanmar,1
sodapoppin,muppetnicke,1
xqcow,iambadatgamesow,4
xqcow,theoryow,1
sodapoppin,roochling,1
sodapoppin,tomyequest,8
sodapoppin,mrquick92,5
sodapoppin,thingkin,50
bobross,iwashungrysoi,4
xqcow,ca1m___,3
sodapoppin,kendalljennersx,2
sodapoppin,loczuk2001,1
sodapoppin,trashdingo0,1
xqcow,black_night410,1
xqcow,logicalforce,1
sodapoppin,trashdingo0,1
sodapoppin,clambrewery,1
xqcow,ver1fied,1
xqcow,derekthehobo,1
sodapoppin,cksoldier43,1
xqcow,reckz704,1
bobross,mikestirner,3
xqcow,caesarsaladwithranch,1
sodapoppin,liqouridge2,1
xqcow,splootingcorgi,4
sodapoppin,zotur,1
sodapoppin,maiediction,1
giantwaffle,thirdeyezee,3
sodapoppin,mrtjeuke,2
xqcow,fracture_ow,1
xqcow,giinko,5
xqcow,deadsh0t26,2
xqcow,apuff1337,4
xqcow,skalpine,4
giantwaffle,tamerlan2970,2
xqcow,eydieser,3
xqcow,make_some_noize,3
xqcow,anathema___,1
sodapoppin,almosttt,10
sodapoppin,misterpatrik,4
xqcow,solongchoppa,1
sodapoppin,opardo,2
sodapoppin,holeefaak,2
sodapoppin,jackfr0styz,2
xqcow,flgtimaxx,1
xqcow,verion,1
sodapoppin,kemplar,1
giantwaffle,totally_turkey,1
sodapoppin,ivox8k,3
perrkz,gatyesz,4
perrkz,metaltunder,1
perrkz,tolbi_i,1
perrkz,uber_rainbow,0
perrkz,nitrox0,2
perrkz,robicoco,1
perrkz,catchingyouirl,1
perrkz,nitrox0,4
perrkz,kingroders,2
perrkz,metaltunder,1
perrkz,banned_for_thinking_it,1
perrkz,tolbi_i,1
perrkz,geddn,1
perrkz,koalapissingonchuck,2
perrkz,nakatzou,10
perrkz,prothro,6
perrkz,invincible_bard,1
perrkz,anekrot235,1
perrkz,catchingyouirl,5
perrkz,esverter,1
perrkz,zathorius89,1
perrkz,ayatoo33,2
perrkz,khirsah6,2
perrkz,specialducklin,0
perrkz,buliarz,5
xqcow,crankycal_,1
perrkz,soulsneeded,6
perrkz,invincible_bard,1
perrkz,chozinet,1
sodapoppin,supa_kicka_zulul,1
sodapoppin,mansamusav,15
sodapoppin,abaeterno,1
sodapoppin,boazf,1
perrkz,fhulgrim_,2
perrkz,kocunar1960,7
perrkz,kingroders,1
perrkz,thatlatvianguy,2
sodapoppin,ifartedecksdee,1
sodapoppin,forwizzel,1
perrkz,hypelastika,2
perrkz,kemis,3
perrkz,buliarz,1
perrkz,prothro,1
sodapoppin,hubschraubbaer,4
perrkz,ld392,1
perrkz,metaltunder,1
perrkz,soogosuyi,1
perrkz,azureee7,1
perrkz,banned_for_thinking_it,1
perrkz,na_hardstuck_in_groups_xd,1
perrkz,gatyesz,8
perrkz,nakatzou,1
perrkz,esverter,1
perrkz,wabby_dabby,3
perrkz,tolbi_i,1
perrkz,moss1998,5
sodapoppin,xrygartx,3
sodapoppin,andythenoqui,4
xqcow,rapbot27,1
xqcow,voidow,1
xqcow,giga_hertz_tv,1
sodapoppin,wrathofadams,1
xqcow,kziss,2
giantwaffle,sunchild,1
perrkz,reesboo,4
perrkz,ithunder_,3
perrkz,wabby_dabby,3
perrkz,uber_rainbow,1
perrkz,kesujo,4
perrkz,destroit4evr,6
perrkz,fede_hest,6
perrkz,thatlatvianguy,1
perrkz,theruma,2
sodapoppin,trashdingo0,1
perrkz,hanmail,2
perrkz,janeway,3
perrkz,hahaioixd,6
perrkz,stebenn_,4
perrkz,bingo5555,7
xqcow,cmonbrug14,2
perrkz,tolbi_i,2
sodapoppin,etchy_,1
giantwaffle,pestimism,7
perrkz,kingroders,1
perrkz,kennrouz,0
perrkz,powervital,1
perrkz,helferklein,8
perrkz,shadowlunar,1
perrkz,vanidard,2
perrkz,unresolute,2
xqcow,itsplzzz,1
perrkz,nitrox0,1
perrkz,bingo5555,5
perrkz,suitwo,1
perrkz,thatlatvianguy,2
perrkz,quarric,1
perrkz,helferklein,2
perrkz,darkgeorok,1
perrkz,ld392,1
perrkz,powervital,4
perrkz,lucpham123,1
perrkz,patatouilla,1
perrkz,tolbi_i,1
perrkz,buliarz,3
perrkz,dubronn,7
xqcow,snorkel_,1
perrkz,appliedchain1,1
perrkz,uber_rainbow,1
perrkz,renerise,1
sodapoppin,glorymonger,2
sodapoppin,lolmysterior,3
perrkz,qasmfiend,7
sodapoppin,tekmarkus,4
perrkz,rileyreidfanboy,1
perrkz,ld392,9
perrkz,xarcus96,2
perrkz,kingroders,1
perrkz,helferklein,1
perrkz,nenasy,1
perrkz,daniel_toscan_seplante,1
perrkz,lenticious,1
perrkz,prothro,1
perrkz,renerise,1
perrkz,shadowlunar,1
perrkz,powervital,1
perrkz,moss1998,1
perrkz,apxshogun,5
bobross,drdoktor45,3
perrkz,khirsah6,5
bobross,larsmybars,2
perrkz,leagueofdraven_,1
perrkz,nightbot,15
perrkz,creyoz,3
perrkz,hallrs,3
giantwaffle,zyfae,2
perrkz,yakuzii1,9
perrkz,sewerynoo,6
perrkz,suitwo,9
perrkz,frenkyyy23,8
perrkz,tgchaoss,6
xqcow,kagunedark,54
sodapoppin,snurty,5
xqcow,gidory,0
perrkz,3dpopkorn,9
sodapoppin,timmyyycx,2
perrkz,apxshogun,5
perrkz,hypelastika,5
perrkz,nickoone,1
perrkz,senkiozz1,3
perrkz,destroit4evr,3
perrkz,wabby_dabby,2
perrkz,qiluklol,1
perrkz,fuzioncf,1
perrkz,shadowlunar,4
perrkz,stenbosse,1
perrkz,westcioud,5
perrkz,tw_fuze,0
perrkz,azoth98,2
perrkz,mehdiezzarrad,1
perrkz,woxo_loves_your_mom,1
perrkz,j2eason,8
perrkz,tw_fuze,2
perrkz,duckerquaker,3
perrkz,yuewenfu,2
perrkz,gatyesz,1
perrkz,lucker7,8
perrkz,layzeede,1
perrkz,mehdiezzarrad,2
perrkz,bloodreyna,1
perrkz,xarcus96,1
perrkz,uber_rainbow,2
perrkz,esverter,1
perrkz,westcioud,5
sodapoppin,aidenwallis,7
sodapoppin,jimasly,1
perrkz,kingroders,4
perrkz,tormorn,2
sodapoppin,therealjonerzz,3
perrkz,destroit4evr,7
perrkz,hypelastika,2
perrkz,mtomim,3
perrkz,bingo5555,4
perrkz,ld392,1
sodapoppin,pyden,2
perrkz,shamblee,8
perrkz,mrjaywastaken,4
perrkz,khirsah6,6
perrkz,entropier,4
perrkz,bingo5555,4
perrkz,mcl1789,4
xqcow,hachiko_,1
sodapoppin,velocityobey,1
perrkz,gegemont,8
perrkz,shadowlunar,1
sodapoppin,timuuur,1
xqcow,planatoid,69
perrkz,he_does_it_4_free,10
bobross,diabloawesome,9
perrkz,pikablu2015,1
perrkz,hallrs,4
perrkz,shofuking,1
perrkz,xarcus96,1
perrkz,ld392,6
perrkz,uber_rainbow,3
perrkz,westcioud,0
giantwaffle,intimdatr,2
perrkz,mtomim,0
perrkz,gatyesz,1
perrkz,anekrot235,3
perrkz,hallrs,1
perrkz,gegemont,10
perrkz,westcioud,2
perrkz,mtomim,2
perrkz,he_does_it_4_free,7
perrkz,freewifl,1
perrkz,uber_rainbow,1
perrkz,trxfjnv,7
perrkz,daniel_toscan_seplante,2
perrkz,deathmarkop,5
perrkz,sebastianmezano,1
sodapoppin,thygore808,6
perrkz,prothro,1
perrkz,hypelastika,3
perrkz,trxfjnv,1
perrkz,kingroders,1
perrkz,suitwo,1
perrkz,senkiozz1,1
perrkz,gatyesz,1
perrkz,gegemont,12
perrkz,duckerquaker,4
perrkz,daniel_toscan_seplante,1
perrkz,xulter,4
perrkz,kocunar1960,8
perrkz,rex123why,6
perrkz,reesboo,4
perrkz,nifftyyobro,10
perrkz,beepboopbe,5
perrkz,tormorn,1
perrkz,uber_rainbow,2
perrkz,wabby_dabby,2
perrkz,sunzuri,3
perrkz,stfu_jatt,6
perrkz,eddy_kr,3
perrkz,soojih,1
perrkz,sebastianmezano,3
perrkz,nickoone,2
perrkz,hypelastika,3
perrkz,beepboopbe,4
perrkz,kennrouz,3
perrkz,kingroders,3
perrkz,thatlatvianguy,1
perrkz,g33k_0ut,6
perrkz,stfu_jatt,6
sodapoppin,stormwolfmossy,1
sodapoppin,baltimore_or_riot,1
perrkz,acmax04,5
perrkz,metaltunder,2
perrkz,jiqonix,8
perrkz,srarinaa,1
perrkz,tosky,1
sodapoppin,tuladegoma69,1
sodapoppin,anothervirtualvoyager,3
giantwaffle,mashuux,7
xqcow,jungletwitchtv,1
perrkz,sefaayb10,2
perrkz,nickoone,3
perrkz,runescapefish,3
perrkz,barper618,3
perrkz,wheelboy,1
perrkz,pohanicevapcic,5
perrkz,millstar_,4
perrkz,renerise,2
perrkz,wheelboy,3
perrkz,g33k_0ut,7
xqcow,sourcreamurine,1
perrkz,barper618,2
xqcow,heivete,7
perrkz,runescapefish,2
perrkz,eddy_kr,2
perrkz,urlilase,5
perrkz,nickoone,1
perrkz,nifftyyobro,2
perrkz,ztheex,1
perrkz,prothro,1
perrkz,mtomim,1
perrkz,wheelboy,3
perrkz,shadowlunar,1
perrkz,bloodreyna,1
perrkz,renerise,1
perrkz,wheelboy,4
perrkz,learn_to_strafe,2
perrkz,daniel_toscan_seplante,2
perrkz,wheelboy,1
xqcow,ultramrsnatalie,1
perrkz,wheelboy,1
perrkz,hallrs,1
perrkz,g33k_0ut,1
perrkz,hypelastika,2
perrkz,daniel_toscan_seplante,1
perrkz,pohanicevapcic,5
perrkz,xarcus96,3
perrkz,g2_korwin,1
perrkz,qyno_,3
perrkz,8eliever,10
perrkz,wheelboy,6
perrkz,gatcan,5
perrkz,hallrs,10
perrkz,recinius,10
perrkz,ploppfejs,3
perrkz,shadowlunar,6
perrkz,nifftyyobro,15
perrkz,yuiieeee,1
perrkz,hallrs,7
perrkz,wheelboy,5
perrkz,simdor23,4
perrkz,jan123123,1
perrkz,cockrockin,5
xqcow,kalendae,0
sodapoppin,kraxmaji,1
perrkz,yakuzii1,7
perrkz,wheelboy,9
perrkz,wabby_dabby,4
perrkz,nickoone,1
perrkz,rick_sanchez1998,7
perrkz,mkmarshall,1
perrkz,surrendernot2,5
perrkz,hallrs,7
sodapoppin,legoliket,1
perrkz,hallrs,7
perrkz,nickoone,3
perrkz,scarooo34,1
giantwaffle,dozajloster,3
perrkz,bloodreyna,4
xqcow,loksins,2
xqcow,xannuh,1
perrkz,na_less_semis_than_jankos,7
perrkz,hallrs,5
giantwaffle,lestark,1
sodapoppin,bigbourbon,6
perrkz,darkgeorok,3
giantwaffle,awwnuggetts_,5
perrkz,thatlatvianguy,6
perrkz,hallrs,5
perrkz,banned_for_thinking_it,3
perrkz,xulter,2
perrkz,svidler18,3
perrkz,kingroders,5
perrkz,geremarinero,1
perrkz,wabby_dabby,2
perrkz,dedicatestar,2
perrkz,hallrs,4
sodapoppin,diversitypanda,3
sodapoppin,thegreatcanadiangamer,1
perrkz,wheelboy,3
perrkz,nifftyyobro,9
perrkz,shagy_00,1
perrkz,wheelboy,2
perrkz,hallrs,6
xqcow,lawnofdoom,1
giantwaffle,duelrl,1
perrkz,twitchn00b123,1
sodapoppin,darkspecial,1
perrkz,twitchn00b123,2
giantwaffle,comicalvoid,1
perrkz,bysul,1
perrkz,bloodreyna,7
perrkz,pgro,6
perrkz,prefermidlane,2
perrkz,bloodreyna,4
perrkz,twitchn00b123,4
sodapoppin,seasings,1
perrkz,nifftyyobro,2
perrkz,bloodreyna,6
perrkz,rcubela,10
perrkz,gatyesz,1
sodapoppin,dawidous,1
sodapoppin,fossabot,18
perrkz,hallrs,5
perrkz,bloodreyna,11
perrkz,bizeeey,2
perrkz,arthus_0,2
perrkz,na_less_semis_than_jankos,2
giantwaffle,crazyrabbittv,3
bobross,pearlvision,3
perrkz,suitwo,3
perrkz,kennrouz,3
perrkz,raccoonteur,1
perrkz,khirsah6,3
perrkz,hypelastika,3
perrkz,hallrs,5
sodapoppin,greyface127,2
perrkz,bloodreyna,4
perrkz,dwarfishtarzan,2
perrkz,antroid2,4
perrkz,adaptlol1,14
sodapoppin,drybonevalley,1
perrkz,steamcancer,1
perrkz,hallrs,3
sodapoppin,cpcp3,1
perrkz,apxshogun,10
perrkz,ztsheva,15
sodapoppin,solidomaxino,2
perrkz,lekza,9
perrkz,kesujo,3
perrkz,vietnamfarmers_v_usa_army,8
perrkz,faiir1337,1
perrkz,layzeede,1
perrkz,prothro,1
bobross,caladuravaleriani_forgov,2
perrkz,pgro,18
sodapoppin,zynarch,4
perrkz,literafro,4
perrkz,always__me,8
perrkz,yudai95,6
perrkz,bizeeey,11
sodapoppin,samuel_,2
sodapoppin,tkaslek,0
perrkz,wheelboy,5
perrkz,lucker7,1
perrkz,cinacious,12
perrkz,heltvrickad,6
perrkz,heltvrickad,1
sodapoppin,kneecokneecoknee,1
bobross,veronica_sawyer,3
perrkz,kingroders,3
perrkz,barper618,3
perrkz,robin654,1
perrkz,suitwo,3
perrkz,adeptshinobi,5
perrkz,kennrouz,5
perrkz,nickholaihel,9
perrkz,chetsup,3
perrkz,eddy_kr,4
perrkz,kingroders,5
perrkz,koteczegx,2
xqcow,ee3vo,1
xqcow,logicalforce,1
perrkz,soulsneeded,5
perrkz,ktzdezmark,5
perrkz,joviboo,6
perrkz,stfu_jatt,3
giantwaffle,shutterlag,4
perrkz,catchingyouirl,1
perrkz,reavihc,2
perrkz,trypee,5
perrkz,kutangesposampas,1
perrkz,specialducklin,3
perrkz,ld392,5
perrkz,nickoone,1
perrkz,euler9090,10
perrkz,xarcus96,1
perrkz,foolsbraingaming,1
perrkz,kesujo,3
perrkz,nohandsadc,6
perrkz,tomatomac,1
perrkz,wheelboy,2
perrkz,steamcancer,1
perrkz,qiluklol,1
perrkz,nickoone,1
perrkz,literafro,1
perrkz,kingroders,5
perrkz,comexandxgetxit,5
perrkz,renerise,1
perrkz,soybean2324,1
sodapoppin,cpcp3,7
perrkz,reesboo,5
perrkz,soybean2324,5
perrkz,yinuic,5
perrkz,nickoone,2
giantwaffle,ordained_existence,5
perrkz,nickoone,1
perrkz,gatyesz,4
perrkz,bizeeey,1
perrkz,mrjaywastaken,1
disguisedtoast,tempzy1993,1
xqcow,potateeeeees,0
perrkz,officialkev2k,0
perrkz,na_less_semis_than_jankos,1
sodapoppin,susz_,1
xqcow,harper_,2
perrkz,blcked69,1
perrkz,eddy_kr,1
perrkz,toosload,2
perrkz,kingroders,3
perrkz,blcked69,2
sodapoppin,lkrythrexl,1
xqcow,este113,1
disguisedtoast,dindexx,1
perrkz,minijakeis,6
bobross,edmistja,13
giantwaffle,xyzgamerz,11
perrkz,jojioo,4
sodapoppin,sheerasininity3,1
sodapoppin,surethingman_,7
perrkz,the_cm_fran,6
disguisedtoast,max1res6,5
sodapoppin,xinitoro,1
perrkz,scarooo34,2
giantwaffle,aquaterion,10
sodapoppin,p5ou,1
giantwaffle,markuzad,4
perrkz,oxenia1111,1
giantwaffle,ecchismugglerdon,8
perrkz,oxenia1111,3
perrkz,deathklok97,2
perrkz,godlikenil,5
sodapoppin,alphahc,1
perrkz,godlikenil,4
xqcow,reciles,1
perrkz,johncorabi,4
perrkz,nickoone,1
perrkz,godlikenil,1
sodapoppin,vile35,5
sodapoppin,maxmetz0,2
bobross,otrae,4
xqcow,dolev_,1
perrkz,luffyisbae,4
perrkz,lordkntt2,4
perrkz,lordkntt2,3
perrkz,thatlatvianguy,1
perrkz,g2_maro,7
perrkz,steamcancer,3
perrkz,nickoone,1
disguisedtoast,shadowlink30,1
perrkz,stfu_jatt,3
perrkz,luffyisbae,7
perrkz,steamcancer,12
perrkz,hazard32123,1
xqcow,se_bastian,1
perrkz,nerf0704,9
xqcow,0161_ya_get_me,64
sodapoppin,rawrwafl,3
perrkz,luffyisbae,5
perrkz,azureee7,1
xqcow,edrinaline,3
perrkz,steamcancer,9
xqcow,nglitchy,10
perrkz,lordkntt2,1
perrkz,nickoone,3
xqcow,gweekgangx,2
xqcow,boshjaker,2
xqcow,rivelin_o,1
perrkz,scazmatar,5
perrkz,eddy_kr,1
perrkz,aconexofficial,1
perrkz,reesboo,1
bobross,snormiimickytv,3
perrkz,nerf0704,11
perrkz,armaann,7
perrkz,gatyesz,2
perrkz,apxshogun,2
perrkz,bloodreyna,1
perrkz,bizeeey,3
perrkz,juei,1
perrkz,ld392,1
perrkz,he_does_it_4_free,3
giantwaffle,notsosmartbahroo,2
perrkz,lukii9,7
perrkz,armourpiercing1,6
perrkz,na_less_semis_than_jankos,6
perrkz,stillboosted,2
perrkz,steamcancer,13
perrkz,widlywgnoju,2
perrkz,zulindra,7
perrkz,he_does_it_4_free,1
perrkz,ld392,6
xqcow,yugen_ow,1
disguisedtoast,shadowlink30,4
perrkz,gornji,3
perrkz,arturinho19,5
perrkz,bgen0edits,16
perrkz,lordkntt2,2
perrkz,adeptshinobi,1
perrkz,hazard32123,1
perrkz,eddy_kr,1
perrkz,bizeeey,1
perrkz,zarius_,1
perrkz,runescapefish,1
xqcow,vic1or,6
perrkz,azureee7,1
perrkz,entropier,1
perrkz,ld392,1
perrkz,sinmivak,4
perrkz,bgen0edits,5
perrkz,bgen0edits,1
bobross,coolcalcacol,2
perrkz,bgen0edits,6
perrkz,paradox176,1
disguisedtoast,ghostlytoxic68,6
xqcow,eaglestrike_ow,1
disguisedtoast,thenyanking,1
perrkz,azureee7,1
sodapoppin,drewskyy,6
perrkz,mundicivissum,2
perrkz,alexssnt,2
sodapoppin,the_pandough_pro,18
sodapoppin,chaos_infern0,0
perrkz,lordkntt2,2
perrkz,aconexofficial,2
perrkz,adeptshinobi,6
perrkz,adeptshinobi,1
perrkz,lordkntt2,1
perrkz,jaquesbonom,6
sodapoppin,martin3_3,1
perrkz,lordkntt2,2
sodapoppin,aydemirian,29
perrkz,jaquesbonom,1
sodapoppin,whale_vomit,1
perrkz,mrstrabb,4
sodapoppin,based_peppep,1
perrkz,prefermidlane,1
perrkz,soulsneeded,2
perrkz,lordkntt2,1
perrkz,khirsah6,15
perrkz,jaquesbonom,6
perrkz,crannytrap,8
perrkz,mundicivissum,12
perrkz,he_does_it_4_free,1
perrkz,philippak99,3
perrkz,reesboo,5
bobross,hazarduss,1
bobross,planiciesresiduais,1
perrkz,zathorius89,1
perrkz,shadowlunar,1
sodapoppin,ezganks,10
perrkz,aconexofficial,2
perrkz,khazixtoostronk,1
perrkz,ybivalllka161,4
perrkz,watmarco,1
perrkz,eddy_kr,1
xqcow,kingofsweats,29
perrkz,robin654,2
perrkz,mundicivissum,1
perrkz,jiqonix,1
perrkz,rileyreidfanboy,1
perrkz,blitszpt,3
perrkz,bizeeey,5
disguisedtoast,officialtony101,1
perrkz,lordkntt2,4
perrkz,widlywgnoju,2
perrkz,fhulgrim_,1
perrkz,lordkntt2,1
perrkz,koteczegx,1
perrkz,aconexofficial,3
perrkz,wilczur50,1
perrkz,reesboo,4
perrkz,lordkntt2,3
sodapoppin,spunjie,2
perrkz,juei,1
perrkz,hi_its_mad,8
sodapoppin,maxed_hd,1
perrkz,shadowlunar,1
perrkz,stevo719,4
perrkz,nickoone,2
perrkz,shadowlunar,2
perrkz,volta_huehue,5
perrkz,widlywgnoju,2
bobross,remockz,5
giantwaffle,humongouschungus,1
perrkz,camthug_,1
perrkz,bizeeey,2
perrkz,reesboo,4
perrkz,able16_,11
perrkz,volta_huehue,3
perrkz,nickoone,2
perrkz,momoseed124,1
perrkz,kingroders,2
sodapoppin,prac1ice,9
disguisedtoast,davezombarian,3
sodapoppin,jorjiitos,5
sodapoppin,captaincunk,15
perrkz,kerseon___,1
perrkz,passi1612,6
perrkz,juei,1
perrkz,lolvanha,1
perrkz,lordkntt2,10
perrkz,yejiki,1
disguisedtoast,reedweed,2
perrkz,soulsneeded,2
perrkz,widlywgnoju,3
perrkz,mundicivissum,2
xqcow,quote_when_xqc_goes_agane,1
perrkz,lordkntt2,1
bobross,wjung3660,1
sodapoppin,lethenar,2
perrkz,shadowlunar,3
perrkz,passi1612,8
perrkz,armourpiercing1,6
perrkz,creyoz,3
perrkz,diskibu,16
perrkz,shadowlunar,2
perrkz,daniel_toscan_seplante,4
perrkz,kingroders,4
giantwaffle,synodai1,4
perrkz,calenhir,1
perrkz,calenhir,1
perrkz,calenhir,1
disguisedtoast,mahvelman1n,4
perrkz,linuxr1,2
perrkz,entropier,1
perrkz,moss1998,1
perrkz,suitwo,1
perrkz,ld392,17
perrkz,stormyse1337,3
perrkz,eddy_kr,1
bobross,emilylovesfoodalot,1
disguisedtoast,arfus1,1
sodapoppin,deardez,1
sodapoppin,rigsychu,1
perrkz,gorkisope,2
perrkz,g2_maro,4
perrkz,valohrak,4
perrkz,rives5,9
perrkz,8eliever,2
giantwaffle,akswitch,1
perrkz,raccoonteur,4
perrkz,luxtossama,2
perrkz,g2_maro,5
perrkz,giorgiomastrota_,7
perrkz,valohrak,3
sodapoppin,its_mech,1
perrkz,nickoone,0
perrkz,k1m4n,11
sodapoppin,saunakarhu,1
sodapoppin,smgski3,1
perrkz,shadowlunar,1
perrkz,diskibu,5
xqcow,jdwarf500,2
perrkz,blitszpt,1
perrkz,call_me_febz,6
perrkz,kingroders,1
perrkz,hiddenlnthemistps3,1
disguisedtoast,redxvelvet,1
perrkz,stormyse1337,3
sodapoppin,energetic_sugar,2
xqcow,cha2ie,2
perrkz,noesis21,0
perrkz,manus_the_father,2
xqcow,drblackguard,1
disguisedtoast,turbantaj,3
perrkz,kingroders,1
perrkz,gorkisope,1
disguisedtoast,mmythus,2
perrkz,tingsker,2
perrkz,entropier,1
perrkz,rafaelul1,2
perrkz,shadowlunar,1
sodapoppin,gerjan_rs,1
perrkz,na_less_semis_than_jankos,4
giantwaffle,dragonmasterk,1
perrkz,giorgiomastrota_,6
perrkz,kamalaly11,8
perrkz,k1m4n,1
perrkz,k1m4n,1
perrkz,gatyesz,5
sodapoppin,turneetup,2
perrkz,hiddenlnthemistps3,14
perrkz,linuxr1,5
perrkz,master2hell,1
disguisedtoast,donpara_,1
disguisedtoast,hamlet727,3
sodapoppin,zomow,4
perrkz,creyoz,2
giantwaffle,d1d0k,2
sodapoppin,hionian,1
perrkz,appliedchain1,1
perrkz,raccoonteur,2
perrkz,diskibu,1
perrkz,appliedchain1,1
sodapoppin,krtex,5
perrkz,raccoonteur,1
perrkz,kesujo,1
disguisedtoast,nubjeh,8
perrkz,kesujo,1
giantwaffle,akswitch,1
perrkz,diskibu,2
sodapoppin,skyprime_,5
sodapoppin,outcast6969,1
perrkz,kingroders,4
perrkz,ceronity,1
perrkz,azureee7,1
perrkz,doctoryeilow,0
perrkz,gatyesz,1
perrkz,nomaxd,2
perrkz,raccoonteur,1
perrkz,carloking99,1
perrkz,teambosyy,4
perrkz,shadowlunar,2
xqcow,akihiko02,1
perrkz,linuxr1,1
perrkz,clgsaparach2,5
perrkz,aloneindoom3,0
perrkz,na_less_semis_than_jankos,6
perrkz,catchingyouirl,2
perrkz,bartas777,1
perrkz,armourpiercing1,3
sodapoppin,thafallenstar,3
perrkz,aconexofficial,1
sodapoppin,xardde,1
perrkz,patatouilla,4
perrkz,luxtossama,7
perrkz,doctoryeilow,1
perrkz,marren05,1
perrkz,selfleslol,1
perrkz,elraul1703,1
perrkz,k1m4n,7
perrkz,ld392,8
perrkz,elraul1703,1
xqcow,mildly_artistic,1
perrkz,g2_maro,1
perrkz,selfleslol,3
perrkz,nomaxd,4
perrkz,expento,2
perrkz,elraul1703,1
perrkz,elraul1703,1
perrkz,nickoone,3
perrkz,k1m4n,0
perrkz,k1m4n,1
perrkz,nightbot,6
sodapoppin,extazzy12,1
perrkz,na_less_semis_than_jankos,1
perrkz,kocunar1960,1
perrkz,ld392,1
perrkz,godlikenil,1
perrkz,msanxd,1
perrkz,hiitsberny,0
perrkz,nifftyyobro,12
sodapoppin,optimuskappa,1
perrkz,skenz_,1
perrkz,candyhell1,3
perrkz,poointheloo91,1
perrkz,call_me_febz,5
bobross,schizosmurf,5
perrkz,shadowlunar,1
perrkz,monsterkeks1,4
perrkz,lowzy_,8
perrkz,eddy_kr,1
perrkz,liz4rd0,1
perrkz,vencho7,4
perrkz,helferklein,2
perrkz,nickoone,1
sodapoppin,forezter,1
perrkz,blitszpt,1
perrkz,peppo24,6
perrkz,giorgiomastrota_,7
perrkz,selfleslol,4
perrkz,kingroders,1
perrkz,toiletvann,3
perrkz,blitszpt,1
perrkz,valohrak,1
perrkz,goaster__,1
perrkz,linuxr1,0
perrkz,teambosyy,1
perrkz,diskibu,1
perrkz,earegon,1
perrkz,raccoonteur,1
perrkz,emireduardo8,1
perrkz,xxbybdezxx,1
perrkz,appliedchain1,1
perrkz,rabanex,1
perrkz,kocunar1960,1
perrkz,andreysoas,1
perrkz,baron5te,1
perrkz,norbi003,2
perrkz,rafaelul1,1
perrkz,monsterkeks1,5
sodapoppin,4lex_kropp,1
perrkz,nomaxd,3
sodapoppin,ninet94,2
xqcow,wintergengar,1
perrkz,azureee7,1
perrkz,chiibibat,2
sodapoppin,paddycukor,1
perrkz,sannin500,5
sodapoppin,the_jewishjew,1
xqcow,joshuafromfe,1
disguisedtoast,leosound,1
giantwaffle,legendary_mastery,1
perrkz,teambosyy,1
perrkz,teambosyy,3
perrkz,na_why_so_fat_ha,6
perrkz,anekrot235,14
sodapoppin,420henti,11
perrkz,nomaxd,3
sodapoppin,apply_magz,19
perrkz,bloodreyna,3
sodapoppin,kil0tv,4
xqcow,resurrectandgotobed,1
perrkz,alexssnt,3
perrkz,zulindra,5
perrkz,armourpiercing1,2
perrkz,dyrusgod,1
perrkz,oxenia1111,4
perrkz,kocunar1960,2
perrkz,tsmfansrdelusional,12
perrkz,karol350,2
sodapoppin,xdream811,1
disguisedtoast,sounder_chain808,1
perrkz,tetritrux,3
perrkz,fldy,2
perrkz,candyhell1,1
perrkz,johog019,1
sodapoppin,alice_mayami,3
xqcow,oiyscoundrels,2
perrkz,dyrusgod,14
perrkz,na_less_semis_than_jankos,2
perrkz,kappachinoogg,1
perrkz,msanxd,3
perrkz,dyrusgod,6
perrkz,expento,1
perrkz,diskibu,4
perrkz,doctoryeilow,2
perrkz,azureee7,1
perrkz,juli_xx,4
perrkz,diskibu,1
perrkz,diskibu,1
perrkz,renerise,0
perrkz,8eliever,0
perrkz,appliedchain1,2
perrkz,selfleslol,13
perrkz,tsmfansrdelusional,13
perrkz,giorgiomastrota_,7
perrkz,godlikenil,12
disguisedtoast,kawaiidesuboy,1
xqcow,sno0l3y,1
sodapoppin,dr_fap,1
perrkz,blitszpt,1
perrkz,nickoone,1
perrkz,kingroders,1
perrkz,diskibu,1
perrkz,tormorn,1
perrkz,prothro,1
perrkz,kingroders,1
perrkz,vencho7,1
perrkz,lolvanha,1
perrkz,monsterkeks1,1
perrkz,kingroders,3
perrkz,brianwilliams2,1
perrkz,giugnolo98,1
sodapoppin,mrpeanutbutter42069,1
perrkz,appliedchain1,1
perrkz,lylopogo,1
perrkz,shadowlunar,4
perrkz,selfleslol,2
perrkz,shuchishin108,1
disguisedtoast,tev_curry,2
sodapoppin,ihatehipsters,54
perrkz,msanxd,2
disguisedtoast,tev_curry,2
disguisedtoast,dtkshadow88,2
perrkz,qiluklol,14
perrkz,tormorn,2
perrkz,selfleslol,1
perrkz,nifftyyobro,14
perrkz,rives5,4
perrkz,noatz,6
perrkz,qiluklol,9
perrkz,lolvanha,2
perrkz,expento,11
perrkz,nifftyyobro,10
perrkz,giugnolo98,3
xqcow,jdwarf500,2
perrkz,aloneindoom3,0
perrkz,vinszz,1
perrkz,diskibu,2
perrkz,nifftyyobro,4
perrkz,diskibu,3
sodapoppin,quote_if_not_winnable,6
sodapoppin,kil0tv,1
perrkz,tspp,3
perrkz,ld392,6
disguisedtoast,3ricdasianpandaa,1
perrkz,nickoone,2
perrkz,tsmfansrdelusional,15
sodapoppin,1zeeshan2,9
perrkz,nifftyyobro,2
perrkz,k1m4n,1
perrkz,shadowlunar,5
perrkz,ld392,12
bobross,ricknmorty1,7
perrkz,gatyesz,2
sodapoppin,meyern3,1
perrkz,tarrekgaming,4
perrkz,nomaxd,3
sodapoppin,varindra,6
perrkz,hallogen12345,11
xqcow,wolfiesword,1
perrkz,nifftyyobro,4
perrkz,tarrekgaming,1
perrkz,maverickys,8
perrkz,armaann,5
sodapoppin,sirmorthwyl,1
perrkz,expento,2
sodapoppin,paliasso,1
perrkz,diskibu,1
sodapoppin,booherroce,3
perrkz,bloodreyna,10
jbishere,tgm999,1
jbishere,jenna_tull4skin,1
perrkz,bloodreyna,3
disguisedtoast,wellzord,1
perrkz,tsmfansrdelusional,14
perrkz,noatz,10
perrkz,ld392,15
perrkz,bruceswainop,7
jbishere,jenna_tull4skin,1
jbishere,goldnpheonix,1
perrkz,tbozzt,1
perrkz,nifftyyobro,13
disguisedtoast,raydude4115,1
perrkz,nifftyyobro,4
perrkz,hallogen12345,8
perrkz,noatz,9
jbishere,gizzm01,10
disguisedtoast,jonotaku,1
perrkz,anekrot235,12
disguisedtoast,viathan_,1
jbishere,bladedaethking21,8
perrkz,armaann,1
disguisedtoast,tridexdecoy,1
perrkz,diskibu,1
perrkz,patatouilla,4
jbishere,stupidlol121,1
jbishere,gizzm01,1
jbishere,streamelements,8
perrkz,mooiemutsmann,5
perrkz,maverickys,7
perrkz,bloodreyna,2
perrkz,skenz_,9
perrkz,blitszpt,1
perrkz,shadowlunar,1
perrkz,maverickys,6
perrkz,bloodreyna,5
perrkz,tulkas_orome,2
jbishere,terdog,1
jbishere,goldnpheonix,8
jbishere,iamposs,1
perrkz,shadowlunar,1
perrkz,tsmfansrdelusional,16
jbishere,saosinn_,1
perrkz,giugnolo98,2
perrkz,bloodreyna,1
perrkz,nifftyyobro,1
jbishere,kapp06,1
disguisedtoast,gwompingturtle,11
perrkz,diskibu,2
giantwaffle,praetorian155,1
sodapoppin,snowdov_,1
sodapoppin,moneygrowsonsoil,3
sodapoppin,kaffemedfika,0
perrkz,ld392,6
perrkz,bloodreyna,3
disguisedtoast,lovelypleb,1
perrkz,unresolute,3
jbishere,cubbyty,1
perrkz,hallogen12345,14
jbishere,bigrudgaming,1
jbishere,dirty_dangles_,1
perrkz,raccoonteur,3
jbishere,chizbits,1
jbishere,reborn_na,1
jbishere,skrillex6977,1
jbishere,jaredcrue,1
sodapoppin,krakenjaws,1
jbishere,ninjasockmonkey,1
jbishere,jesuschristisplaying,1
jbishere,mabry_,1
jbishere,rs155,1
jbishere,phantomtrader88,1
jbishere,thundermatts,1
jbishere,tgm999,1
jbishere,newkemz,1
jbishere,moondaragon,1
jbishere,jenna_tull4skin,1
jbishere,eliosvanpizza,1
jbishere,goldnpheonix,1
jbishere,ladyvegan,1
perrkz,karol350,5
jbishere,spt083,1
jbishere,evil_bob_73,1
jbishere,terdog,1
jbishere,xxantarchyxx,1
sodapoppin,racsett,3
jbishere,kapp06,1
jbishere,valkata2200,1
jbishere,marbman13,3
perrkz,noatz,18
jbishere,newkemz,1
perrkz,diskibu,4
perrkz,nifftyyobro,4
jbishere,jackskun,1
jbishere,icobacca,1
jbishere,bugga420123,1
jbishere,stilesdr,1
jbishere,fresh__delivery,1
jbishere,szalke,1
perrkz,qiluklol,1
xqcow,we_g0_agane,1
jbishere,pm_me_your_nachos,1
jbishere,ojoooosh,1
jbishere,specialtater,20
perrkz,lars018,1
perrkz,dyrusgod,4
perrkz,tsmfansrdelusional,14
jbishere,streamelements,17
jbishere,ricketycat,1
perrkz,tspp,3
xqcow,burpy5,44
perrkz,kerseon___,1
perrkz,moppaaja,1
jbishere,twonyn,1
perrkz,rabanex,1
jbishere,arcsensor,2
perrkz,carloking99,3
sodapoppin,name_dot_name,9
perrkz,bastiannnnnnnnnnnnnnnn,2
perrkz,goaster__,4
perrkz,leechunso,3
perrkz,callelainen,1
bobross,bigbosswatches,11
perrkz,dyrusgod,4
perrkz,zulugallardo,9
perrkz,d10nx,4
perrkz,y__x,7
perrkz,tulkas_orome,2
perrkz,sirhenriper,1
perrkz,starvandal,0
perrkz,diskibu,3
perrkz,appliedchain1,2
perrkz,tspp,2
jbishere,ism07,1
jbishere,pixelbypixelstudios,2
perrkz,ceehope,5
perrkz,sirhenriper,4
perrkz,bastiannnnnnnnnnnnnnnn,4
jbishere,kapp06,1
perrkz,hazytheman,4
perrkz,n4m3lss,1
perrkz,dyrusgod,5
jbishere,bugga420123,1
perrkz,sirhenriper,2
jbishere,ogr3magi,11
jbishere,specialtater,2
jbishere,kapp06,1
jbishere,pixelbypixelstudios,8
perrkz,sweetdreammz,5
jbishere,nwonknu_x,1
sodapoppin,quiksy,6
perrkz,itaachu,9
jbishere,ogr3magi,16
jbishere,streamelements,11
jbishere,fail_ninja,1
jbishere,pixelbypixelstudios,2
perrkz,suikastxi,1
perrkz,chachopancho,3
perrkz,skinless_parrot,7
jbishere,tomasmares,1
jbishere,gizzm01,16
perrkz,fldy,1
perrkz,renerise,1
perrkz,juli_xx,1
perrkz,quarric,1
perrkz,g33k_0ut,1
jbishere,specialtater,4
perrkz,nifftyyobro,5
perrkz,rabanex,4
jbishere,ogr3magi,22
jbishere,slxthtblakkidtv,1
perrkz,alexssnt,5
perrkz,bastiannnnnnnnnnnnnnnn,5
perrkz,aloneindoom3,1
sodapoppin,aidenwallis,4
perrkz,suitwo,1
perrkz,selfleslol,3
jbishere,trpz,1
jbishere,bugga420123,1
perrkz,suitwo,1
perrkz,byfarbtw,6
jbishere,arcsensor,3
jbishere,xxantarchyxx,1
perrkz,bloodreyna,11
jbishere,nwonknu_x,2
jbishere,littlesippycup,1
jbishere,terdog,1
perrkz,na_less_semis_than_jankos,9
jbishere,xxantarchyxx,1
perrkz,tingsker,6
jbishere,tomasmares,1
jbishere,twonyn,1
perrkz,bastiannnnnnnnnnnnnnnn,13
perrkz,tingsker,2
sodapoppin,juggerrob,18
perrkz,nifftyyobro,15
jbishere,icobacca,28
perrkz,swagiane,17
jbishere,ogr3magi,6
perrkz,bruceswainop,3
jbishere,pm_me_your_nachos,32
perrkz,shadowlunar,1
perrkz,doctoryeilow,1
perrkz,tormorn,1
perrkz,fldy,1
perrkz,kesujo,3
disguisedtoast,guanfari,2
perrkz,gatyesz,2
perrkz,tictac_hs,0
jbishere,skrillex6977,4
perrkz,diskibu,3
perrkz,thebrinern,2
perrkz,rabanex,1
perrkz,moistquito,1
perrkz,diskibu,1
perrkz,linuxr1,1
perrkz,tbozzt,1
jbishere,terdog,18
perrkz,appliedchain1,0
perrkz,eddy_kr,0
perrkz,noatz,13
perrkz,nickoone,1
perrkz,diskibu,2
perrkz,azureee7,0
jbishere,terdog,2
perrkz,sveite,24
perrkz,starvandal,3
perrkz,brianwilliams2,2
perrkz,alexssnt,21
xqcow,riot_king11,1
perrkz,ardincur,2
jbishere,terdog,9
jbishere,nwonknu_x,5
jbishere,streamelements,11
perrkz,scumbagsorelio,9
jbishere,hfacta,4
jbishere,jenna_tull4skin,1
xqcow,poopyloopy1298,24
perrkz,tsmfansrdelusional,11
perrkz,shadowlunar,3
perrkz,bloodreyna,4
perrkz,appliedchain1,3
perrkz,suitwo,1
perrkz,azureee7,1
perrkz,khirsah6,1
perrkz,kerseon___,1
perrkz,bastiannnnnnnnnnnnnnnn,4
jbishere,pm_me_your_nachos,28
jbishere,gizzm01,3
sodapoppin,cobaltflames_,1
perrkz,dyrusgod,11
jbishere,moondaragon,2
disguisedtoast,mattsham,2
perrkz,tspp,3
perrkz,stiffdiq,3
perrkz,tsmfansrdelusional,11
jbishere,shaman71,1
perrkz,tingsker,6
jbishere,flaaaf,4
jbishere,streamelements,8
perrkz,tulkas_orome,3
disguisedtoast,dtkshadow88,5
perrkz,calenhir,3
perrkz,unresolute,7
perrkz,nickoone,1
perrkz,fldy,2
perrkz,kleinesberlin,2
perrkz,renerise,1
perrkz,diskibu,3
perrkz,azureee7,8
perrkz,doctoryeilow,3
perrkz,ceehope,4
perrkz,h3r0j,2
perrkz,melvindk,2
perrkz,daniel_toscan_seplante,2
perrkz,vintolk,1
perrkz,sikat01,2
perrkz,franky0986,3
perrkz,lucpham123,1
perrkz,dyrusgod,12
perrkz,rives5,5
perrkz,g33k_0ut,2
perrkz,zolcano,1
perrkz,bruceswainop,7
perrkz,renerise,5
perrkz,tbozzt,1
perrkz,evil_blobb,3
perrkz,tokyotrip,0
perrkz,thegaang,8
perrkz,sveite,3
perrkz,g33k_0ut,2
perrkz,noatz,11
jbishere,xxantarchyxx,1
perrkz,appliedchain1,3
perrkz,zeldoo,2
sodapoppin,laziruss,11
perrkz,khirsah6,3
perrkz,millstar_,3
perrkz,valohrak,2
perrkz,derekdownz,4
jbishere,flaaaf,1
perrkz,sori_for_bed_england,8
perrkz,creyoz,5
perrkz,kesujo,5
perrkz,yaking3,3
perrkz,bastiannnnnnnnnnnnnnnn,2
perrkz,dankapa98,2
perrkz,ld392,5
perrkz,akasha_18,3
perrkz,chiibibat,3
perrkz,vintolk,1
perrkz,000peter000,4
perrkz,tormorn,3
perrkz,master2hell,5
perrkz,alexssnt,14
disguisedtoast,beatusmymeatus69,31
disguisedtoast,dtkshadow88,6
perrkz,tw_fuze,7
perrkz,tspp,4
perrkz,nickoone,1
perrkz,vintolk,2
perrkz,helferklein,2
perrkz,patatouilla,1
jbishere,saosinn_,3
perrkz,heisenptar,2
perrkz,kerseon___,1
perrkz,fede_hest,10
jbishere,ladyvegan,3
perrkz,shadowlunar,1
perrkz,master2hell,1
perrkz,renerise,1
perrkz,appliedchain1,1
perrkz,giugnolo98,7
perrkz,kappachinoogg,7
perrkz,na_why_so_fat_ha,11
perrkz,zojaa,4
perrkz,christianclassic1,0
jbishere,ogr3magi,6
perrkz,tgchaoss,8
jbishere,chizbits,5
jbishere,bluedreamfiend,1
perrkz,qt3point14159,13
perrkz,thegaang,11
perrkz,kappachinoogg,0
perrkz,tsmfansrdelusional,17
perrkz,pr0tect0r922,7
perrkz,tsmfansrdelusional,4
perrkz,itaachu,4
perrkz,pwnyy_,1
jbishere,terdog,2
perrkz,pr0tect0r922,5
jbishere,419stream,1
perrkz,na_why_so_fat_ha,4
jbishere,dirty_dangles_,4
jbishere,ladyvegan,2
jbishere,saosinn_,2
jbishere,kagaminenerd,1
jbishere,turtle91199,1
jbishere,goldnpheonix,7
perrkz,tsmfansrdelusional,2
perrkz,alexssnt,16
jbishere,techbob_2002,28
jbishere,streamelements,11
jbishere,chickenbird,1
sodapoppin,jadno,1
jbishere,terdog,1
perrkz,hallrs,4
perrkz,tsmfansrdelusional,12
perrkz,tsmfansrdelusional,1
jbishere,shayanmulti,1
jbishere,jenna_tull4skin,5
jbishere,stuartgt,9
bobross,dannyvanhalen,1
perrkz,na_why_so_fat_ha,1
perrkz,tsmfansrdelusional,2
disguisedtoast,demigod85,1
jbishere,wipefronttoback,1
jbishere,suhayma38,1
bobross,straightfull,1
jbishere,phantomtrader88,4
jbishere,atze07,1
jbishere,nybblenaut,1
jbishere,gizzm01,1
jbishere,boxofrain1,1
jbishere,trpz,1
jbishere,ojoooosh,1
jbishere,ninjasockmonkey,1
jbishere,bossbanana02,1
jbishere,goldnpheonix,3
jbishere,hfacta,1
jbishere,vamppriest101,1
jbishere,caml0st,1
jbishere,dirty_dangles_,1
jbishere,ladyvegan,1
jbishere,marbman13,3
jbishere,nate433443,1
jbishere,justifyreality,1
jbishere,veryvonderful,0
sodapoppin,lchirhol,2
jbishere,chickenbird,1
jbishere,flightmode_kooler,1
jbishere,utu2tm,1
jbishere,pm_me_your_nachos,1
jbishere,mr4gr1n,1
sodapoppin,nutmonk,1
perrkz,tsmfansrdelusional,4
jbishere,mac10k,1
jbishere,makisashi,1
jbishere,drewzeedo5,1
jbishere,slxthtblakkidtv,1
jbishere,bluedreamfiend,1
jbishere,shayanmulti,1
jbishere,fusrahdo,1
jbishere,gigantorzz,1
jbishere,daddykid14,1
perrkz,toiletvann,6
perrkz,tsmfansrdelusional,6
jbishere,bobfish1290,1
jbishere,suhayma38,1
perrkz,expento,30
jbishere,iamtgb,1
jbishere,thad117,1
jbishere,suhayma38,1
jbishere,marbman13,5
jbishere,ism07,1
jbishere,bobfish1290,1
jbishere,jenna_tull4skin,1
jbishere,kapp06,1
jbishere,nate433443,1
jbishere,jimmmay,1
giantwaffle,vendiktuss,2
jbishere,specialtater,2
giantwaffle,cumali002,4
perrkz,tsmfansrdelusional,6
jbishere,pm_me_your_nachos,1
jbishere,untiorandom,1
jbishere,pixelbypixelstudios,1
jbishere,tabletopknight,1
jbishere,parreira137,1
jbishere,specialtater,2
jbishere,ladyvegan,2
jbishere,nate433443,1
disguisedtoast,pepeismyspiritanimal,1
jbishere,blaloco,1
jbishere,xxgamingxx_yt2,1
jbishere,racer9999,1
jbishere,suhayma38,1
jbishere,joshrod_,1
disguisedtoast,hahaa12btwhahaa,1
jbishere,flavortownphenom,1
jbishere,chickenbird,1
perrkz,tsmfansrdelusional,15
jbishere,marren05,1
jbishere,shaggyg721,1
jbishere,dfist45,1
jbishere,bossbanana02,1
jbishere,lyndies,1
jbishere,kagaminenerd,1
disguisedtoast,datrichardguy,5
jbishere,drewzeedo5,7
jbishere,blue_streak,1
jbishere,tgm999,1
jbishere,ogr3magi,14
jbishere,premiumbosscoffee,1
jbishere,saosinn_,1
jbishere,419stream,1
jbishere,techbob_2002,1
jbishere,xxgamingxx_yt2,23
sodapoppin,soulstorm_brew,15
jbishere,mcnutty88,9
jbishere,dfist45,1
jbishere,bigunclelee,1
jbishere,streamelements,11
jbishere,pm_me_your_nachos,32
jbishere,techbob_2002,1
perrkz,expento,9
jbishere,terdog,1
jbishere,streamelements,25
jbishere,gizzm01,1
disguisedtoast,pandagabe,2
jbishere,streamelements,53
jbishere,moondaragon,1
jbishere,shaman71,34
jbishere,streamelements,11
jbishere,moondaragon,1
jbishere,streamelements,41
jbishere,paddys_pub,13
jbishere,fahmay,9
sodapoppin,kilkyjohnson,1
jbishere,streamelements,55
jbishere,nipps6,1
jbishere,streamelements,11
jbishere,streamelements,8
jbishere,shaman71,20
jbishere,newkemz,6
jbishere,shaman71,2
jbishere,moondaragon,2
disguisedtoast,deltiee,1
jbishere,coolwust,5
jbishere,marbman13,1
jbishere,tgm999,3
jbishere,saosinn_,3
jbishere,shaman71,40
jbishere,drnoesis,2
sodapoppin,futanari_chan,2
jbishere,moondaragon,1
jbishere,streamelements,25
jbishere,djtruthsayer,1
jbishere,streamelements,11
jbishere,goldnpheonix,2
giantwaffle,quickbusiness,3
giantwaffle,lurkingzombie,2
jbishere,kagaminenerd,1
jbishere,tgm999,2
jbishere,ogr3magi,2
jbishere,ninjasockmonkey,2
jbishere,leysfort,2
jbishere,leysfort,1
jbishere,mellemony,6
jbishere,icobacca,2
jbishere,kagaminenerd,2
jbishere,moondaragon,1
jbishere,ladyvegan,3
sodapoppin,lepiyao,1
jbishere,parreira137,3
jbishere,bryanlolol,1
jbishere,drewzeedo5,1
jbishere,zexc_,1
jbishere,goldnpheonix,1
jbishere,4ipsikkk,1
jbishere,fahmay,1
jbishere,chizbits,1
jbishere,thewazapman,1
jbishere,drnoesis,1
jbishere,wipefronttoback,1
jbishere,kapp06,1
jbishere,fail_ninja,1
jbishere,hfacta,1
jbishere,downslidewi,1
jbishere,premiumbosscoffee,1
jbishere,luvbug1396,1
sodapoppin,lolmysterior,2
jbishere,l0053g0053,1
jbishere,ajamma16,1
jbishere,cpt_caleb,1
jbishere,hentailuver94,1
jbishere,chickenbird,1
jbishere,utu2tm,1
jbishere,veggieshark,1
jbishere,mcnutty88,1
jbishere,lovebutter,1
jbishere,igokylestyle,1
jbishere,jimmmay,1
jbishere,blue_streak,1
jbishere,maasneotekprototype,1
jbishere,shaggyg721,1
jbishere,lovebutter,1
jbishere,alphatrog,1
jbishere,bigunclelee,4
jbishere,archaegeo,1
jbishere,skrillex6977,1
jbishere,nateg78,1
jbishere,tripodunit,1
jbishere,mabry_,1
jbishere,shaman71,1
jbishere,kagaminenerd,1
jbishere,marvinducks,1
jbishere,randomrob,1
jbishere,pm_me_your_nachos,26
jbishere,marbman13,3
jbishere,untiorandom,1
jbishere,jimmmay,1
jbishere,leannmaia,2
bobross,despisetheirlies,6
jbishere,blue_streak,1
jbishere,nybblenaut,5
jbishere,lovebutter,1
jbishere,szalke,1
jbishere,bigunclelee,1
jbishere,millifrag,1
jbishere,fromnuno,1
jbishere,justified180,1
jbishere,bluezpz,1
jbishere,streamelements,26
jbishere,mr_effyouseekay,1
bobross,bigbosswatches,1
jbishere,ojoooosh,1
jbishere,fusrahdo,1
jbishere,norwoodtheronin,1
jbishere,thefirstkman,1
jbishere,fromnuno,1
jbishere,l0053g0053,1
jbishere,ism07,1
jbishere,wipefronttoback,1
jbishere,mr_effyouseekay,1
jbishere,kagaminenerd,1
jbishere,ogr3magi,8
jbishere,kilen97,1
jbishere,batasngdm,1
jbishere,djtruthsayer,1
sodapoppin,marsauce,1
jbishere,pastrami,1
jbishere,inf3ctor,1
bobross,smwwwwwwwwwwwwwwwwwwwwwms,6
jbishere,toxic_war_i,1
jbishere,snarkybeard,1
jbishere,flaaaf,1
jbishere,streamelements,8
jbishere,streamelements,11
jbishere,moondaragon,1
jbishere,jalvis10,1
jbishere,bitsymphony,4
jbishere,ladyvegan,5
jbishere,flaaaf,6
jbishere,bimmy_tv,1
jbishere,aetherweave,1
jbishere,norwoodtheronin,1
sodapoppin,verettv,2
jbishere,random4,1
jbishere,tgm999,3
jbishere,tabletopknight,1
xqcow,deinoe,31
jbishere,hfacta,3
jbishere,fresh__delivery,4
jbishere,yetionayacht,1
jbishere,chillywillies,6
jbishere,streamelements,8
sodapoppin,tp_gp_op,1
jbishere,streamelements,8
jbishere,eddiebny12,5
crayator,aakashd1993,4
crayator,jasamius,5
crayator,zesty_zelda,1
crayator,deniseisepic,5
crayator,gavin0016,1
jbishere,ellyinvideoland,1
jbishere,morgdatmonster,1
jbishere,oldafgamer,5
crayator,moyzy95,1
crayator,jaxbell217,2
crayator,fortniteawasome,1
xqcow,potateeeeees,2
crayator,cristian4ymt,1
crayator,cristian4ymt,1
crayator,saircat,14
jbishere,ligma_btw,4
crayator,jacksepticeye36020,8
jbishere,pm_me_your_nachos,35
jbishere,streamelements,10
jbishere,streamelements,25
crayator,ambear27,1
jbishere,ism07,1
jbishere,streamelements,8
jbishere,pm_me_your_nachos,42
crayator,cheif_dctj,3
jbishere,ligma_btw,3
disguisedtoast,toxick_waste,3
crayator,mellonhead97,3
sodapoppin,woods2323,4
sodapoppin,meyern3,42
crayator,realinfernomaster,5
crayator,alyssaar18,1
crayator,jasamius,3
jbishere,marbman13,3
jbishere,moondaragon,1
crayator,mellonhead97,3
sodapoppin,oddemperor,1
jbishere,streamelements,12
crayator,darthxgoldylox,8
jbishere,caml0st,1
jbishere,mokmo418,1
jbishere,morgdatmonster,1
jbishere,marren05,1
jbishere,streamelements,11
crayator,mellonhead97,1
jbishere,ninjasockmonkey,22
jbishere,streamelements,12
jbishere,moondaragon,8
jbishere,cubbyty,1
jbishere,chizbits,1
jbishere,parreira137,1
jbishere,snarkybeard,1
jbishere,harperjg,1
jbishere,downslidewi,24
jbishere,kapp06,1
jbishere,l0053g0053,1
jbishere,terdog,1
jbishere,fish_1771,1
jbishere,untiorandom,1
jbishere,ninjasockmonkey,1
jbishere,auokka,1
jbishere,jimmmay,1
jbishere,leetables,1
jbishere,guelph35,1
jbishere,tripodunit,1
jbishere,ellyinvideoland,1
jbishere,drnoesis,1
jbishere,downslidewi,1
jbishere,fail_ninja,1
jbishere,utu2tm,1
jbishere,jalvis10,1
jbishere,blackberrybear,1
jbishere,zomblies,1
jbishere,reprisal2323,1
jbishere,stuartgt,1
jbishere,blue_streak,1
jbishere,nirate,1
crayator,jedtaik5,4
crayator,elliotstark11,1
jbishere,yetionayacht,1
jbishere,supersandia,1
jbishere,ajamma16,1
jbishere,thedruce,1
jbishere,antigular,1
jbishere,ism07,1
jbishere,chickenbird,1
jbishere,randomrob,1
crayator,dmac134,2
jbishere,ricketycat,1
jbishere,presthole,1
crayator,supersahen1,3
crayator,gurmehar_s,1
jbishere,tastybites101,1
crayator,thickgirl,5
jbishere,jerloch,1
jbishere,kingjaeden,1
crayator,aussiemate69,3
disguisedtoast,3ricdasianpandaa,2
jbishere,loyalcrown,1
jbishere,ir0ku,1
jbishere,toxic_war_i,1
crayator,davidsnoodle,1
giantwaffle,garthorpa,7
jbishere,streamelements,55
crayator,flippers44,3
jbishere,alkavar_aka_alki,1
jbishere,specialtater,1
jbishere,bigunclelee,1
jbishere,pm_me_your_nachos,1
jbishere,drewzeedo5,1
crayator,twinklefoes,1
jbishere,racer9999,1
jbishere,someporkchop,1
jbishere,intense_demize,1
crayator,crofil,2
crayator,hemdan1,1
disguisedtoast,chipsmania,2
jbishere,pm_me_your_nachos,0
jbishere,hawk3o8,1
crayator,marc4492,4
jbishere,parreira137,5
disguisedtoast,numerrus,8
jbishere,damasteel,1
jbishere,intense_demize,1
crayator,colgur8843,1
jbishere,scop3r9,1
jbishere,mrlpoo,6
jbishere,kilen97,1
jbishere,possiblyameme27,1
crayator,vasavage,4
jbishere,igokylestyle,1
jbishere,goldnpheonix,1
crayator,saircat,6
jbishere,novaleevr,1
jbishere,chroniq,7
jbishere,goldnpheonix,2
jbishere,breakyourdisone,1
jbishere,streamelements,10
jbishere,hawk3o8,1
jbishere,someporkchop,1
sodapoppin,draxth3hyena,11
jbishere,boond0cks,1
jbishere,someporkchop,1
jbishere,skrillex6977,1
jbishere,thisnightwing,1
jbishere,pysteve,1
crayator,cole8765,12
jbishere,dolphinsunite,1
jbishere,nybblenaut,1
jbishere,specialtater,12
jbishere,gaming_that_counts,1
jbishere,chroniq,1
jbishere,chroniq,1
jbishere,atze07,1
jbishere,mauris875,1
jbishere,easykill42,1
jbishere,streamelements,25
jbishere,leetables,1
jbishere,justified180,1
crayator,jaxbell217,1
crayator,cole8765,1
jbishere,changename_,1
crayator,hemdan1,2
jbishere,bladedaethking21,7
jbishere,yetionayacht,1
jbishere,streamelements,8
crayator,lightlyshad0w,6
crayator,sheripai08,1
crayator,alphapixel6192,7
crayator,jasamius,14
crayator,bear24hs,2
crayator,mellonhead97,1
crayator,cole8765,1
crayator,jaxbell217,1
jbishere,atze07,1
jbishere,pm_me_your_nachos,28
crayator,cole8765,3
crayator,davidsnoodle,2
crayator,not_a_brinker14,5
jbishere,streamelements,11
crayator,bonniedoll,2
disguisedtoast,norcora,3
jbishere,specialtater,5
jbishere,goldmacaroon,1
jbishere,das9292,1
jbishere,gizzm01,4
jbishere,terdog,10
jbishere,streamelements,12
jbishere,papa_smurf4,3
jbishere,specialtater,6
crayator,jaxbell217,3
jbishere,streamelements,11
jbishere,papa_smurf4,4
jbishere,streamelements,11
jbishere,zel0sgaming,1
jbishere,streamelements,12
jbishere,terdog,3
jbishere,atze07,1
jbishere,flightmode_kooler,1
jbishere,downslidewi,13
jbishere,cubbyty,1
jbishere,zexc_,1
jbishere,chroniq,1
jbishere,jorrell1570,1
jbishere,kingjaeden,1
jbishere,djtruthsayer,1
jbishere,crusader1123,1
jbishere,marren05,1
jbishere,ricketycat,1
jbishere,magrath,1
jbishere,kapp06,1
jbishere,hinatorichan,1
jbishere,stuartgt,1
crayator,cole8765,3
jbishere,ladyvegan,1
jbishere,maasneotekprototype,1
jbishere,chizbits,1
crayator,deniseisepic,1
jbishere,leetables,1
jbishere,nateg78,1
jbishere,jalvis10,1
jbishere,fly4awifi,1
jbishere,ninjasockmonkey,1
jbishere,ganktakular,1
jbishere,tony23blast,1
jbishere,specialtater,1
jbishere,shyguy294,1
jbishere,batasngdm,1
jbishere,kagaminenerd,1
jbishere,fish_1771,1
jbishere,zomblies,1
jbishere,loyalcrown,1
jbishere,vezooy,1
jbishere,parreira137,1
jbishere,newkemz,1
jbishere,xxredcowxx,1
jbishere,iamtgb,1
jbishere,flavortownphenom,1
jbishere,alphatrog,1
jbishere,ex_raceworker,1
crayator,jedtaik5,2
jbishere,chickenbird,1
jbishere,changename_,1
jbishere,harperjg,1
crayator,genesis_1020,1
jbishere,downslidewi,1
jbishere,jb3798k,1
jbishere,miss_badger,1
jbishere,techbob_2002,1
jbishere,conterio,1
jbishere,jalvis10,1
jbishere,bigunclelee,1
jbishere,random4,1
jbishere,hawk3o8,1
jbishere,skrillex6977,1
jbishere,mkswampy,1
jbishere,nwonknu_x,1
crayator,marc4492,6
jbishere,moondaragon,16
crayator,jaxbell217,1
crayator,jasamius,3
jbishere,specialtater,1
crayator,soccermom222,2
crayator,zaaraaas,1
jbishere,qwertydamus,1
jbishere,inf3ctor,1
jbishere,ponquee,1
jbishere,novaleevr,1
crayator,mellonhead97,8
crayator,gurmehar_s,10
jbishere,kilen97,1
jbishere,flybyrdy,1
jbishere,terdog,1
crayator,m1tzyy,6
jbishere,yetionayacht,1
sodapoppin,oownixo,5
jbishere,ricketycat,1
crayator,marc4492,1
crayator,tomatoii,1
crayator,hemdan1,8
jbishere,arcsensor,4
jbishere,hisean,1
jbishere,untiorandom,1
sodapoppin,kimchii77,3
jbishere,habuen,1
crayator,thatmetalhead9000,1
jbishere,arcsensor,1
jbishere,itszachattack308,1
jbishere,dagrayman,1
crayator,akselbestinfornite,1
jbishere,radtkeed,1
crayator,emily_timmerman_,1
crayator,obviousbee23703,1
crayator,mellonhead97,8
jbishere,flaaaf,1
crayator,huntsmanfamily13,1
crayator,pandamc33,1
jbishere,moondaragon,2
jbishere,smellyfisherman,1
crayator,lightlyshad0w,11
crayator,croppedcrown440,6
crayator,zesty_zelda,6
jbishere,terdog,23
jbishere,mechagodzilllaa,1
jbishere,rootons,1
crayator,josephlma,1
crayator,kittensui,5
jbishere,pm_me_your_nachos,50
crayator,brockj09,1
crayator,elliotstark11,1
jbishere,joshuamikhael,3
crayator,leeeshaaaa,2
jbishere,mellemony,1
crayator,hemdan1,1
jbishere,loonyloomworks,1
crayator,gurmehar_s,8
crayator,gurmehar_s,10
crayator,iloveolo,1
crayator,marc4492,1
jbishere,terdog,6
disguisedtoast,jomilk,1
crayator,clevercolt10398,10
jbishere,shaman71,1
jbishere,hinatorichan,1
jbishere,streamelements,41
jbishere,atze07,1
jbishere,streamelements,8
crayator,kittensui,3
jbishere,streamelements,53
jbishere,bladedaethking21,16
disguisedtoast,oblivionsbane,6
jbishere,boond0cks,1
jbishere,streamelements,8
crayator,jaxbell217,1
jbishere,specialtater,1
crayator,samanthazep,4
crayator,gurmehar_s,8
jbishere,marbman13,1
jbishere,streamelements,25
jbishere,moondaragon,1
jbishere,someporkchop,1
crayator,cheif_dctj,23
jbishere,moondaragon,1
jbishere,streamelements,7
jbishere,papa_smurf4,9
xqcow,depressedbaboon,5
crayator,marc4492,6
jbishere,mkswampy,8
jbishere,flaaaf,4
jbishere,queenbeegames,1
crayator,laura5754,0
jbishere,papa_smurf4,1
jbishere,flaaaf,1
crayator,hemdan1,4
crayator,marleyg_,8
crayator,has2703,5
jbishere,skrillex6977,7
crayator,brothys_savage,5
crayator,gurmehar_s,2
jbishere,boond0cks,1
jbishere,overlorddavid,1
crayator,briguy_,1
crayator,hemdan1,1
jbishere,ism07,1
disguisedtoast,cranel_,1
crayator,kalise_queen,1
jbishere,leandrolplp,1
crayator,murdernation69,1
jbishere,streamelements,8
jbishere,bladedaethking21,6
crayator,athenah_16,1
crayator,caliconinja078,8
jbishere,cubbyty,3
crayator,camo1872,9
crayator,deniseisepic,3
jbishere,palmasaurus,1
crayator,mdfarr,14
giantwaffle,soullessss,1
crayator,hemdan1,5
bobross,wmwmwmwwmwmwmwmwmwmwmwmwn,6
crayator,mrayrain,2
crayator,cameron20081,3
crayator,marleyg_,8
crayator,solohawk9,9
crayator,bumnerd,2
crayator,hemdan1,8
jbishere,ghostrydr,1
giantwaffle,pizzabollo359,1
crayator,hemdan1,1
crayator,cole8765,8
crayator,tomatoii,1
jbishere,tacticaltux,7
crayator,jaxbell217,1
sodapoppin,f1zero_,2
jbishere,ladyvegan,1
jbishere,goldnpheonix,8
giantwaffle,the_bartt,7
crayator,jasamius,5
jbishere,someporkchop,5
crayator,hemdan1,3
jbishere,marbman13,3
crayator,tomicbard,1
crayator,hemdan1,8
sodapoppin,mrmcfrizzy1,1
crayator,fluffyunicorn314,8
crayator,memipark,6
crayator,deniseisepic,6
jbishere,brennaven,1
jbishere,streamelements,41
jbishere,streamelements,55
bobross,dannyvanhalen,4
jbishere,techbob_2002,3
crayator,dankslavboi64,2
jbishere,kyriapagan,1
crayator,misspluisje,2
jbishere,pm_me_your_nachos,32
crayator,haliquinn,1
bobross,schulers,3
jbishere,cubbyty,1
jbishere,nice_guy_josh,1
jbishere,nateg78,1
jbishere,zexc_,1
jbishere,drnoesis,1
jbishere,xdouglasmm,1
jbishere,alphatrog,1
jbishere,inf3ctor,1
jbishere,ism07,1
jbishere,pastrami,1
jbishere,paddys_pub,1
jbishere,nipps6,1
jbishere,tony23blast,1
jbishere,maasneotekprototype,1
jbishere,ajamma16,1
jbishere,mcnutty88,1
crayator,saircat,2
jbishere,thefour236,1
jbishere,jagermaier,1
jbishere,nmss_monspubis,1
jbishere,fail_ninja,1
jbishere,hisean,1
jbishere,cdog209,1
jbishere,stuartgt,1
jbishere,tacticaltux,1
jbishere,bc_here26,1
jbishere,morgdatmonster,1
jbishere,jb3798k,1
jbishere,mechacon403,1
jbishere,magrath,1
jbishere,xxredcowxx,1
jbishere,itszachattack308,1
jbishere,jaildoua,1
jbishere,kevinmo98,1
jbishere,techbob_2002,1
jbishere,ricketycat,1
crayator,gurmehar_s,3
jbishere,immovablelemon,1
jbishere,millifrag,1
jbishere,keensfate,1
jbishere,streamelements,11
jbishere,pm_me_your_nachos,1
jbishere,caml0st,1
jbishere,twisted_sprite,1
jbishere,renkasm,1
jbishere,untiorandom,1
jbishere,ilovebigbanana,1
jbishere,thedruce,1
jbishere,terdog,1
jbishere,jeanthegenie,1
jbishere,aravendantes,1
jbishere,drewzeedo5,1
jbishere,changename_,1
jbishere,papa_smurf4,1
jbishere,immovablelemon,1
jbishere,tabletopknight,1
jbishere,mokmo418,1
jbishere,puddinpak,1
jbishere,lesfight,1
jbishere,cineroo,1
jbishere,daddykid14,1
jbishere,squardo97,1
jbishere,hawk3o8,1
jbishere,lovdokken,1
crayator,bumnerd,1
jbishere,streamelements,11
jbishere,tazetrap,2
jbishere,streamelements,11
jbishere,antigular,1
crayator,elliotstark11,1
jbishere,immovablelemon,1
jbishere,tzeertv,1
jbishere,streamelements,12
jbishere,drnoesis,8
xqcow,iprofilecc,1
jbishere,jorrell1570,1
crayator,suddenthought22,2
jbishere,streamelements,11
disguisedtoast,pj831,2
jbishere,tspiggs,1
jbishere,kyriapagan,1
jbishere,spt083,1
jbishere,arcsensor,1
crayator,aakashd1993,1
crayator,nightmareghost75,1
jbishere,saladfork_,1
xqcow,riftlight,1
jbishere,sirlongshankzz,1
crayator,leatheryberry,1
jbishere,jcole_dad,1
crayator,samanthazep,7
jbishere,marbman13,1
jbishere,terdog,1
jbishere,streamelements,25
jbishere,utu2tm,5
crayator,soccermom222,1
disguisedtoast,godiee3,1
crayator,mdfarr,6
crayator,vasavage,4
jbishere,yetionayacht,1
jbishere,streamelements,11
jbishere,krjax,1
jbishere,tfa_liljimune,0
crayator,nickmackey81,1
crayator,elliotstark11,1
jbishere,legacyoflames,1
jbishere,saladfork_,1
jbishere,queenbeegames,1
disguisedtoast,coolboyman1,2
crayator,supersahen1,2
jbishere,shaman71,1
crayator,hemdan1,1
jbishere,mechagodzilllaa,1
jbishere,pl1sskensnake,1
crayator,realinfernomaster,1
jbishere,pm_me_your_nachos,1
jbishere,streamelements,7
jbishere,calicocidd,1
crayator,hopeandgames,2
crayator,wahrr,14
crayator,person0718,14
crayator,broputer,1
jbishere,mpbattista,1
crayator,supersahen1,4
crayator,hitm4n84,13
jbishere,pastrami,1
crayator,cole8765,3
jbishere,someporkchop,1
jbishere,streamelements,8
crayator,gamergeorge98,1
jbishere,mechagodzilllaa,1
jbishere,papa_smurf4,1
jbishere,marcopolodk,4
jbishere,boochief,1
jbishere,streamelements,8
crayator,rdplusm,3
crayator,saprokinesis,1
crayator,lintrolleronleg,1
disguisedtoast,pabloszz,3
jbishere,shaman71,1
jbishere,defstamina88,1
giantwaffle,curledfry,3
crayator,darkfrogrises,1
jbishere,moondaragon,1
jbishere,streamelements,25
jbishere,streamelements,14
jbishere,zram212,2
crayator,dmac134,2
jbishere,streamelements,11
jbishere,tony23blast,94
jbishere,someporkchop,12
crayator,gurmehar_s,1
jbishere,moondaragon,2
crayator,kevinmr415,1
crayator,benedictfro,1
jbishere,streamelements,11
jbishere,mechagodzilllaa,1
crayator,itsamilkyperson,1
crayator,roboman531,3
jbishere,alkavar_aka_alki,31
jbishere,pastrami,7
jbishere,tony23blast,84
xqcow,smug_bird,1
jbishere,streamelements,11
crayator,kortrice735,3
bobross,edmistja,5
jbishere,nice_guy_josh,1
jbishere,novaleevr,1
jbishere,cubbyty,1
jbishere,nebblet,1
jbishere,zexc_,1
jbishere,paddys_pub,1
jbishere,dragonfire88888,1
jbishere,racer9999,1
jbishere,jalvis10,1
jbishere,chroniq,1
jbishere,x_deezy,1
jbishere,krjax,1
jbishere,nateg78,1
jbishere,malifoe,1
jbishere,fail_ninja,1
jbishere,xdouglasmm,1
jbishere,tacticaltux,1
jbishere,harperjg,1
jbishere,giggidigoo,1
jbishere,calicocidd,1
jbishere,jcole_dad,1
jbishere,marcopolodk,6
jbishere,darksidereactions,1
jbishere,nmss_monspubis,1
jbishere,morgdatmonster,1
jbishere,thisnightwing,1
jbishere,wreckless101,1
jbishere,alphatrog,1
jbishere,lachendkakske,1
jbishere,newkemz,1
jbishere,tgm999,1
jbishere,yetionayacht,1
jbishere,brennaven,1
jbishere,marbman13,3
jbishere,flybyrdy,1
jbishere,tony23blast,1
jbishere,crazybob83,1
jbishere,zram212,1
jbishere,scop3r9,1
jbishere,thedruce,1
crayator,dougthebug1872,1
crayator,hemdan1,10
jbishere,bajamajatm,1
jbishere,marcopolodk,1
jbishere,breakyourdisone,1
jbishere,aravendantes,1
jbishere,ladyvegan,4
jbishere,l0053g0053,1
jbishere,hyperadhd,1
jbishere,defstamina88,1
jbishere,justified180,1
giantwaffle,huuskes,6
jbishere,utu2tm,1
jbishere,drnoesis,22
jbishere,drewzeedo5,1
jbishere,maasneotekprototype,1
crayator,mellonhead97,2
jbishere,hinatorichan,1
disguisedtoast,puyshpii4,20
jbishere,queenbeegames,1
xqcow,zanderly,0
jbishere,cazenn,11
jbishere,tspiggs,1
jbishere,specialtater,1
jbishere,amazing_mrred,1
jbishere,kapp06,1
crayator,gid202000,2
jbishere,streamelements,11
jbishere,rottenpimple,1
jbishere,dolphinsunite,1
crayator,itsseki_,2
jbishere,gimlisgdk,1
jbishere,habuen,1
jbishere,streamelements,11
jbishere,moondaragon,1
crayator,nateinator23,1
jbishere,streamelements,46
crayator,marissas019,1
crayator,benedictfro,1
crayator,xxliqmidiq,1
crayator,cole8765,2
crayator,hemdan1,2
crayator,nightmareghost75,2
crayator,realinfernomaster,1
disguisedtoast,nickzhang,5
jbishere,changename_,10
jbishere,jcole_dad,5
jbishere,streamelements,8
jbishere,jaildoua,1
crayator,chxsus,6
jbishere,arcsensor,1
sodapoppin,byanrragg,14
jbishere,kagaminenerd,1
disguisedtoast,drancosqui,7
jbishere,stuartgt,1
jbishere,streamelements,53
jbishere,pm_me_your_nachos,1
jbishere,streamelements,16
sodapoppin,baldless,1
disguisedtoast,kelemrian,11
crayator,strangename1,2
disguisedtoast,enfrederik,1
jbishere,streamelements,41
crayator,majorwolf18,7
crayator,misspluisje,1
crayator,marc4492,6
sodapoppin,obnor,2
bobross,snojetsst,1
crayator,mark1107m,5
jbishere,moondaragon,1
jbishere,n00dlecomprodigy,2
jbishere,darksidereactions,10
crayator,nic4life,1
jbishere,overlorddavid,9
jbishere,tacticaltux,6
crayator,zesty_zelda,1
crayator,mellonhead97,1
crayator,corruptdragons,1
crayator,thisisakuaku,3
crayator,gurmehar_s,1
jbishere,marbman13,5
jbishere,streamelements,14
disguisedtoast,0megaimpact,6
sodapoppin,baldless,1
jbishere,overlorddavid,2
xqcow,maldo1,2
jbishere,marbman13,3
crayator,kidcourchene7,2
crayator,elliotstark11,1
jbishere,mokmo418,7
jbishere,papa_smurf4,16
sodapoppin,coolbeanies,3
sodapoppin,nexttimesweetie,1
jbishere,pm_me_your_nachos,30
crayator,hunterwalter20,2
jbishere,tony23blast,3
crayator,vasavage,3
xqcow,trihard_viewer,1
crayator,thatmetalhead9000,1
crayator,tomatoii,1
crayator,evemis,3
sodapoppin,zeoxsys,2
jbishere,mechacon403,4
jbishere,mechagodzilllaa,1
sodapoppin,enlarged_gaming,1
crayator,vasavage,1
crayator,tacofury2,6
crayator,t_rev21,2
crayator,nightbot,15
disguisedtoast,kloumb1a,1
crayator,jshwynx3,3
jbishere,tfa_liljimune,6
crayator,supersahen1,4
bobross,fishtrocity,3
crayator,arbosmak,3
jbishere,cubbyty,2
jbishere,kagaminenerd,7
crayator,nathniel205,1
jbishere,racer9999,1
jbishere,alphatrog,1
jbishere,krucixlive,1
jbishere,wreckless101,1
jbishere,paddys_pub,1
jbishere,drnoesis,1
jbishere,boochief,1
crayator,ultra_lint,8
jbishere,ghostrydr,1
jbishere,batasngdm,1
jbishere,harperjg,1
jbishere,ninjasockmonkey,1
jbishere,fail_ninja,1
jbishere,gamingcoolguyalexyt,1
jbishere,stuartgt,1
jbishere,tripodunit,1
jbishere,cubbyty,1
jbishere,overlorddavid,1
jbishere,pm_me_your_nachos,1
jbishere,mechacon403,1
jbishere,ogr3magi,1
jbishere,tacticaltux,1
jbishere,xdouglasmm,1
jbishere,bc_here26,1
jbishere,defstamina88,1
jbishere,twonyn,1
crayator,treveal,3
jbishere,ivelyebor1,1
jbishere,aravendantes,1
jbishere,therollingtide,1
jbishere,tspiggs,1
jbishere,jeanthegenie,1
jbishere,n00dlecomprodigy,1
jbishere,redsnake8911,1
jbishere,tfa_liljimune,1
jbishere,kagaminenerd,1
jbishere,habuen,1
jbishere,changename_,1
jbishere,brennaven,1
jbishere,renkasm,1
jbishere,puddinpak,1
jbishere,scop3r9,1
jbishere,cineroo,1
jbishere,jaildoua,1
jbishere,datboigee,1
jbishere,mauris875,1
jbishere,sm1tty,1
jbishere,n00dlecomprodigy,2
jbishere,raf0,1
disguisedtoast,fanvasnyggmankanva9,1
jbishere,shaman71,1
jbishere,alanco_tx,1
jbishere,ladyvegan,1
jbishere,jcole_dad,1
jbishere,macsen,1
jbishere,art3misjdh,1
jbishere,raf0,1
jbishere,tzeertv,1
crayator,clevercolt10398,1
jbishere,cheeseismeat,4
jbishere,dinkybtw,1
jbishere,streamelements,12
crayator,themasterboss31,1
jbishere,gamingcoolguyalexyt,1
jbishere,untiorandom,1
crayator,mistryman_tv,1
crayator,mariehartleyjones,4
crayator,martina432,1
jbishere,wickedella,1
crayator,soccermom222,2
crayator,voldemine,1
crayator,emily_timmerman_,1
crayator,hemdan1,1
crayator,kidcourchene7,2
crayator,squidlynn13,1
jbishere,streamelements,11
crayator,wolllfff,1
crayator,huntsmanfamily13,4
crayator,ftfjammer21,2
crayator,coolok01,1
crayator,smarcey,1
crayator,ijikegaming,1
crayator,jessicspurdy,1
crayator,graysonbarker,1
crayator,mellonhead97,10
jbishere,spiritous,1
jbishere,ladyvegan,2
jbishere,wickedella,1
jbishere,streamelements,14
crayator,chasher6,1
jbishere,random4,1
crayator,kuruptb,2
jbishere,ttvxtra,1
jbishere,palmasaurus,1
xqcow,pop_ow,2
crayator,mariehartleyjones,3
crayator,jamesgoobs,3
jbishere,streamelements,12
jbishere,twonyn,1
jbishere,hyper_galax,1
jbishere,newkemz,1
crayator,zesty_zelda,3
jbishere,streamelements,10
jbishere,wreckless101,1
jbishere,tripodunit,1
jbishere,moondaragon,1
jbishere,streamelements,10
jbishere,shaman71,14
jbishere,szalke,1
jbishere,jcole_dad,10
crayator,mellonhead97,21
crayator,cole8765,12
jbishere,pm_me_your_nachos,1
jbishere,bladedaethking21,1
jbishere,newkemz,1
jbishere,streamelements,10
jbishere,mechagodzilllaa,1
crayator,deniseisepic,3
crayator,emily_timmerman_,1
crayator,gurmehar_s,1
crayator,tacofury2,9
jbishere,kenbekirp,2
jbishere,tripodunit,3
jbishere,joeybkc,24
jbishere,streamelements,10
crayator,imdramm,9
jbishere,dollypuddn,0
xqcow,subwayruner,6
jbishere,streamelements,12
crayator,coolboy82593,1
crayator,reevesy95,7
jbishere,streamelements,8
crayator,ya_boi_kuchi_kopi,1
jbishere,bladedaethking21,1
crayator,mariehartleyjones,1
jbishere,tgm999,2
jbishere,streamelements,13
crayator,hemdan1,3
crayator,jamesgoobs,1
crayator,ellemmkay,1
crayator,zesty_zelda,2
xqcow,forhelenkellerseyesonly,22
jbishere,streamelements,11
jbishere,redsnake8911,2
jbishere,dollypuddn,4
crayator,wyrose17,1
jbishere,darksidereactions,1
crayator,lightlyshad0w,2
jbishere,jorrell1570,1
jbishere,specialtater,8
jbishere,streamelements,10
jbishere,batasngdm,1
jbishere,leandrolplp,1
jbishere,streamelements,10
jbishere,tony23blast,1
jbishere,streamelements,12
xqcow,lostsentry,32
sodapoppin,zexc_,2
jbishere,specialtater,1
jbishere,utu2tm,1
jbishere,mechacon403,1
jbishere,streamelements,10
disguisedtoast,devoker7,7
jbishere,hyper_galax,1
jbishere,pm_me_your_nachos,20
bobross,pagan_revival,1
jbishere,streamelements,10
crayator,msmester1000,1
jbishere,ganktakular,1
jbishere,ghostrydr,1
crayator,scholes1111,12
sodapoppin,schoooooo,1
jbishere,crazybob83,1
jbishere,zexc_,1
jbishere,mechagodzilllaa,1
crayator,tjcheney,5
jbishere,therollingtide,1
jbishere,tripodunit,1
jbishere,leandrolplp,1
jbishere,drnoesis,1
jbishere,malifoe,1
jbishere,nmss_monspubis,1
jbishere,aravendantes,1
jbishere,utu2tm,1
jbishere,mechacon403,1
jbishere,racer9999,1
jbishere,ninjasockmonkey,1
jbishere,pm_me_your_nachos,1
jbishere,keensfate,1
jbishere,drewzeedo5,1
jbishere,glucocorticoidlloyd,1
jbishere,macsen,4
jbishere,scop3r9,1
jbishere,twisted_sprite,1
jbishere,random4,1
jbishere,jalvis10,1
jbishere,x_deezy,1
jbishere,kodakarhu,1
jbishere,ogr3magi,1
jbishere,redsnake8911,1
jbishere,aquariosdragon,1
jbishere,newkemz,1
crayator,sinisternightmare11,16
jbishere,pudmoron,1
jbishere,tryggmeisterr,1
jbishere,puddinpak,1
jbishere,streamelements,17
jbishere,supermanheroboy,1
jbishere,papa_smurf4,1
jbishere,cranjismcbasketball66,1
jbishere,gimlisgdk,1
jbishere,thefour236,1
jbishere,ccdirt,1
jbishere,chroniq,1
jbishere,specialtater,1
crayator,mellonhead97,6
jbishere,ajamma16,1
crayator,zesty_zelda,3
jbishere,utu2tm,2
jbishere,someporkchop,1
xqcow,pokkan,4
jbishere,vulcr0n,1
crayator,timpa0606,3
jbishere,marbman13,3
crayator,coolty10000,3
jbishere,glucocorticoidlloyd,1
crayator,theliebz,1
crayator,mellonhead97,1
crayator,misspluisje,2
jbishere,someporkchop,1
crayator,nic4life,1
crayator,marc4492,1
crayator,timpa0606,1
crayator,tcon20,1
jbishere,nebblet,1
jbishere,flybyrdy,1
jbishere,datboigee,1
jbishere,joeybkc,1
jbishere,edouken,1
jbishere,djtruthsayer,1
jbishere,wickedella,1
jbishere,ru1ns_tv,1
disguisedtoast,alfalafel,2
jbishere,leandrolplp,3
sodapoppin,morganfreefarm7,2
jbishere,shaman71,1
jbishere,untiorandom,1
disguisedtoast,fadzahullo,8
sodapoppin,croutonxd,1
xqcow,borjomiman,52
xqcow,confy_rs,0
sodapoppin,tecq,10
crayator,ompg999,1
crayator,marc4492,4
crayator,elliotstark11,1
crayator,camo1872,2
crayator,novoj002,3
crayator,maddie_hannah3,3
crayator,treveal,4
crayator,trihard_black_magic,1
crayator,hemdan1,5
crayator,eliseparkman,1
crayator,chris98373,3
crayator,lcelestino1,8
disguisedtoast,edgysqueeker420,6
xqcow,ilkat06,2
crayator,elliotstark11,2
sodapoppin,loyall,1
crayator,sinx_troll,3
crayator,chris98373,5
sodapoppin,musicatfadi,1
crayator,roboman531,16
sodapoppin,goochie,3
crayator,roseemary,1
crayator,chris98373,2
crayator,real_panoramic,1
crayator,eme916,1
disguisedtoast,munak20,3
crayator,hemdan1,1
crayator,yagirldestiny,1
disguisedtoast,cheesejerky,9
crayator,jaxonnc,2
sodapoppin,julian_s,1
crayator,natsuuftw,1
crayator,mellonhead97,1
crayator,redshipley,6
crayator,bentheeagle,6
crayator,watevauthink,14
crayator,treveal,14
crayator,squidlynn13,3
crayator,nightbot,13
crayator,dominicousra,1
crayator,courtneychar,1
crayator,theonlynotorious_rider_,2
crayator,kade23k,1
crayator,theliebz,1
crayator,drpotato2u,5
crayator,bluebunny345,1
crayator,elliotstark11,2
giantwaffle,flusterycluck,3
bobross,ikkit,3
bobross,try_another_time,5
bobross,straightfull,2
crayator,wolfyslayer16,1
crayator,kkac30,3
sodapoppin,hetfop,13
crayator,shaanzan,3
crayator,hemdan1,2
crayator,vasavage,3
crayator,meandmyman,2
disguisedtoast,bakabreak,1
sodapoppin,hetfop,13
crayator,bednak,24
crayator,lleomon,1
crayator,hemdan1,6
crayator,jamesgoobs,1
crayator,nebulae_52,3
sodapoppin,frostpastel,1
crayator,sierramarie9,2
crayator,icyou2bro,2
crayator,fromy,1
giantwaffle,jesterbrymstone,0
crayator,meandmyman,2
disguisedtoast,theskelem,1
crayator,m1tzyy,2
crayator,coolok01,16
crayator,gor1lla_waffl3s,6
crayator,hemdan1,6
crayator,adamperillo,2
crayator,sinisternightmare11,12
crayator,fr0stbird,14
crayator,kkac30,1
crayator,cranfillups,4
sodapoppin,themrwhale,1
crayator,hemdan1,3
sodapoppin,pigggy,4
crayator,a_s_h_e_r_,4
disguisedtoast,mo0n_l,3
bobross,waddlydoo,10
disguisedtoast,crotiger11,6
sodapoppin,moon23,1
crayator,mcbett129,3
disguisedtoast,shortyizrippin,1
sodapoppin,topsalsa,1
xqcow,aethergg,1
crayator,pelican_sam,1
crayator,disane124,1
bobross,logicalpineapple,1
crayator,heyjuice03,1
crayator,sauceman33,1
crayator,simplyemilyb,1
crayator,brody001123,2
crayator,haeunie99,2
crayator,reevesy95,2
crayator,purpleyoo1,1
crayator,has2703,1
crayator,msmester1000,1
disguisedtoast,braveliltoast3r,2
crayator,cole8765,1
disguisedtoast,fadzahullo,2
disguisedtoast,bestthehomie,3
disguisedtoast,dread90,4
giantwaffle,crusnik004,1
disguisedtoast,koffiekoekje,4
sodapoppin,sczesny,1
crayator,ragnarokberserk,8
crayator,supersmashboss1,4
crayator,reevesy95,8
crayator,mrwookie03,9
giantwaffle,rodolas,0
disguisedtoast,erathan,2
sodapoppin,vulpeshd,1
crayator,cole8765,1
sodapoppin,eviscc,2
crayator,nic4life,4
crayator,shaanzan,1
sodapoppin,ezio_1501,14
crayator,jspuryear,6
crayator,sophadams25,1
crayator,jack17g,1
crayator,davidsnoodle,1
crayator,deniseisepic,4
crayator,nomesie,1
crayator,chris98373,2
sodapoppin,scullomaniac87,8
crayator,jessiesanchh,1
crayator,supersahen1,2
crayator,croppedcrown440,1
crayator,chxsus,1
crayator,drpotato2u,8
crayator,difficultfan,2
crayator,willowg,1
crayator,ratg0d010,1
crayator,brody001123,4
crayator,brokencrest11,4
crayator,bornar10,1
crayator,ragnarokberserk,1
crayator,moyzy95,2
disguisedtoast,macejando,2
crayator,aranza_10,4
crayator,jamesgoobs,1
sodapoppin,helsinggames,1
crayator,nightbot,15
crayator,natsuuftw,2
sodapoppin,bamboo52,5
crayator,yeet77777,0
crayator,theliebz,1
crayator,camcordz7,0
crayator,elliotstark11,0
crayator,crumblingoutfit,0
crayator,crumblingoutfit,0
crayator,justplainnuts,6
bobross,moobot,4
crayator,davidsnoodle,1
crayator,jay30jay,0
crayator,montea_python,6
crayator,tomatoii,1
crayator,haeunie99,1
crayator,clique_crew,8
crayator,crackonyospot,4
crayator,hemdan1,1
sodapoppin,fellvex,1
crayator,fox_blitz,6
crayator,kade23k,1
crayator,boommigboom,0
crayator,kidcourchene7,0
crayator,kidcourchene7,0
crayator,aglamers,1
crayator,kidcourchene7,0
disguisedtoast,serphiros,1
crayator,dantefire214,0
crayator,kidcourchene7,0
crayator,dragonsl12,1
sodapoppin,vitito1123,7
giantwaffle,the_bartt,0
disguisedtoast,ibluex3,1
crayator,djm0202,0
crayator,crumblingoutfit,0
crayator,o_xtian,0
crayator,soccerpuppy8,2
crayator,drpotato2u,0
crayator,hamzshort,2
crayator,brokencrest11,1
crayator,licomrperfect,3
crayator,theliebz,3
crayator,dantefire214,0
crayator,jay30jay,0
crayator,69bagelbites,1
crayator,iwatchyouandufriemds,0
crayator,jay30jay,0
crayator,fox_blitz,1
crayator,recklessart3560,0
crayator,boommigboom,0
crayator,benhor05,9
crayator,roseemary,0
crayator,drpotato2u,0
crayator,camcordz7,1
xqcow,hashyobrowns,2
crayator,soccermom222,1
crayator,flurrtwitch,0
crayator,mamanico7,0
crayator,pimejuan,0
crayator,itzbooted,0
crayator,finnroou,0
crayator,colerussell_05,1
crayator,cameronlowry22,0
crayator,jovan26422,1
crayator,xxcool_kidx,0
crayator,lightlyshad0w,1
crayator,eliseparkman,0
crayator,mattiees,0
crayator,clique_crew,0
crayator,hemdan1,10
crayator,benbekk,0
disguisedtoast,sm0kingwolf,3
crayator,nebulae_52,1
crayator,lleomon,2
crayator,o_xtian,1
crayator,beautygamer19,2
crayator,slattsx24,7
crayator,clique_crew,0
crayator,tacofury2,6
crayator,tylerwannie,1
crayator,razoryan99,7
crayator,c0_o,1
crayator,marissas019,1
crayator,misspluisje,3
crayator,lydlod,1
crayator,slattsx24,3
disguisedtoast,blazinghelixer,1
bobross,naginii,1
crayator,drpotato2u,3
crayator,prox_toxic,3
xqcow,adrianzotheops,1
crayator,nebulae_52,1
sodapoppin,david_ngb,4
crayator,lleomon,7
crayator,mwayne,2
seucreysonreborn,jungjeijei,5
seucreysonreborn,rafa_thekidd,2
seucreysonreborn,broca11,5
seucreysonreborn,aldroyd,1
seucreysonreborn,shamanlordi,1
crayator,slattsx24,2
seucreysonreborn,leom0ura,0
seucreysonreborn,patrickalmirante,1
seucreysonreborn,juicerphilipswalita,3
seucreysonreborn,windpowerdt2,1
seucreysonreborn,leom0ura,0
seucreysonreborn,skl_xd,1
seucreysonreborn,cauabarros,36
seucreysonreborn,yyusei,8
seucreysonreborn,ptclagringa,88
seucreysonreborn,juniior22,1
seucreysonreborn,giovs11,2
crayator,soccermom222,1
seucreysonreborn,aldroyd,1
seucreysonreborn,rafaelpassos,3
seucreysonreborn,facebookdajurema,1
disguisedtoast,thesilveraura,1
seucreysonreborn,brnd_777,1
seucreysonreborn,linguissa1987,36
seucreysonreborn,eidematsumoto,1
seucreysonreborn,jungjeijei,5
seucreysonreborn,morfhlingbr2,1
crayator,lets_go_champ_no1,4
seucreysonreborn,shiftpenes,4
crayator,nightbot,8
disguisedtoast,necroleafe,3
seucreysonreborn,shiftpenes,1
seucreysonreborn,eduardo_bruno10,1
seucreysonreborn,arkir14,1
seucreysonreborn,123eko,30
seucreysonreborn,seucreyssom,3
seucreysonreborn,shiftpenes,1
seucreysonreborn,gabriel_linkin,9
crayator,carl51505150,4
crayator,jay30jay,0
bobross,iorost,4
disguisedtoast,leandrolplp,1
seucreysonreborn,bolsomito4sup,2
disguisedtoast,friendlyfeller,4
seucreysonreborn,pauloheavymetal,2
seucreysonreborn,tetaderone,91
crayator,prox_toxic,1
seucreysonreborn,artonez01,2
crayator,lleomon,3
crayator,ragnarokberserk,1
seucreysonreborn,bl4ckb3lt,1
seucreysonreborn,seucreyssom,5
crayator,eldoggo123111,1
crayator,mwayne,4
crayator,kereiv_,0
crayator,benbekk,0
seucreysonreborn,bolsomito4sup,1
seucreysonreborn,seucreyssom,4
crayator,cooperstrawn,1
seucreysonreborn,wallace6253213,3
crayator,alexbryceee,0
seucreysonreborn,bolsomito4sup,1
crayator,hemdan1,10
xqcow,mshari98,1
seucreysonreborn,artonez01,1
seucreysonreborn,seucreyssom,3
crayator,aya1717,1
xqcow,starstreamzer0,1
sodapoppin,rushtoball,3
crayator,thebeast31212_,1
crayator,hemdan1,10
crayator,boommigboom,0
crayator,eldoggo123111,1
crayator,ambear27,2
seucreysonreborn,123eko,20
crayator,mattiees,5
crayator,tiddler84,1
crayator,elliotstark11,1
crayator,cole8765,1
seucreysonreborn,artonez01,1
crayator,jerkface1978,0
crayator,nickmackey81,1
crayator,difficultfan,1
crayator,hemdan1,3
crayator,alexbryceee,1
crayator,soccer192003,1
crayator,marionwatson123,1
seucreysonreborn,rafa_thekidd,1
crayator,elkayrlive,1
crayator,fox_blitz,1
crayator,aswdfittt,1
xqcow,pokkan,48
seucreysonreborn,lobo_amig0,1
seucreysonreborn,jeferson_fs,4
crayator,flatter_bubbles,1
crayator,alex_lavier,0
seucreysonreborn,mrbrngod,2
seucreysonreborn,thorinnn1,2
seucreysonreborn,brolio008,2
seucreysonreborn,thorinnn1,1
crayator,saircat,12
seucreysonreborn,spartacusdoto,3
seucreysonreborn,yyusei,8
seucreysonreborn,123eko,10
disguisedtoast,darkreplive,3
seucreysonreborn,spartacusdoto,1
seucreysonreborn,blxx,1
crayator,queen_asia8,1
seucreysonreborn,mrbrngod,1
seucreysonreborn,michel2203,2
seucreysonreborn,thx99999,1
seucreysonreborn,lobowne,1
seucreysonreborn,tormentedemon,1
seucreysonreborn,seucreyssom,3
seucreysonreborn,joninha11sadida,2
seucreysonreborn,skl_xd,6
seucreysonreborn,higordoom,1
seucreysonreborn,erickwinchester,1
seucreysonreborn,brolio008,1
crayator,gurmehar_s,15
sodapoppin,superfight10,2
seucreysonreborn,razordiestv,1
seucreysonreborn,mrbrngod,2
seucreysonreborn,rdrigo,1
seucreysonreborn,parmera7,1
crayator,kevinmr415,1
seucreysonreborn,danieltagliatti,1
seucreysonreborn,123eko,35
seucreysonreborn,zaoldyaeck,6
seucreysonreborn,daysetsu,1
seucreysonreborn,michel2203,1
seucreysonreborn,seucreyssom,3
seucreysonreborn,windpowerdt2,4
crayator,mariehartleyjones,4
seucreysonreborn,gabriel_linkin,1
seucreysonreborn,kilvarte,1
seucreysonreborn,tormentedemon,1
crayator,thomasspoelstra2003,5
seucreysonreborn,navidead22,1
seucreysonreborn,gabriel_linkin,1
seucreysonreborn,senariubr,6
seucreysonreborn,s7venzinho_seu_amiguinho,1
seucreysonreborn,aldroyd,2
crayator,cloudsangel9,13
seucreysonreborn,daysetsu,2
seucreysonreborn,maiabio,1
seucreysonreborn,chama_quando_ele_der_rage,0
seucreysonreborn,dinaarth,45
seucreysonreborn,g__black,3
seucreysonreborn,tormentedemon,1
seucreysonreborn,seucreyssom,3
seucreysonreborn,spartacusdoto,2
seucreysonreborn,garanhaodabalinha,2
seucreysonreborn,xoverxkill,8
seucreysonreborn,matheusfontinele,2
seucreysonreborn,luizcarlos157357,0
seucreysonreborn,chama_quando_ele_der_rage,1
seucreysonreborn,eduardo_bruno10,3
seucreysonreborn,lobo_amig0,1
seucreysonreborn,otaviobarcelos,1
seucreysonreborn,sum_day,1
seucreysonreborn,mochila_bot2k,8
seucreysonreborn,facebookdajurema,11
sodapoppin,decklunnn,1
seucreysonreborn,lourolopes,4
seucreysonreborn,seucreyssom,3
seucreysonreborn,rodmartir,1
seucreysonreborn,g__black,6
seucreysonreborn,michel2203,2
seucreysonreborn,zyxtr,1
seucreysonreborn,brolio008,1
seucreysonreborn,rodmartir,1
seucreysonreborn,matheusfontinele,3
seucreysonreborn,luizcarlos157357,1
seucreysonreborn,tetaderone,91
seucreysonreborn,chalkerr,1
seucreysonreborn,rafaelpassos,89
seucreysonreborn,rodmartir,1
seucreysonreborn,seucreyssom,35
seucreysonreborn,yyusei,8
seucreysonreborn,lunatic_s,7
crayator,rasimmemmedli,2
seucreysonreborn,natanbento,1
seucreysonreborn,eidematsumoto,1
seucreysonreborn,joze2dedo,1
seucreysonreborn,rodmartir,1
seucreysonreborn,danieltagliatti,1
seucreysonreborn,lourolopes,5
seucreysonreborn,senariubr,4
seucreysonreborn,fireroad,1
seucreysonreborn,sapeca77,1
seucreysonreborn,jcprats,6
seucreysonreborn,ragnarlord1000,4
seucreysonreborn,eveoz,1
seucreysonreborn,daysetsu,1
seucreysonreborn,ariellima4,0
seucreysonreborn,zyxtr,1
seucreysonreborn,seucreyssom,3
seucreysonreborn,wilsonfj,1
disguisedtoast,madmagz,1
seucreysonreborn,razordiestv,2
seucreysonreborn,is4nto,1
seucreysonreborn,y0sh111,1
seucreysonreborn,michel2203,1
seucreysonreborn,aldroyd,1
xqcow,codexcloud,1
seucreysonreborn,chama_quando_ele_der_rage,2
seucreysonreborn,hugo_siviero,4
seucreysonreborn,giovs11,3
crayator,eldoggo123111,4
seucreysonreborn,chainsfield,51
seucreysonreborn,sum_day,6
seucreysonreborn,tetaderone,55
seucreysonreborn,malluslecarder,1
seucreysonreborn,joze2dedo,3
seucreysonreborn,seucreyssom,3
seucreysonreborn,pauloheavymetal,2
seucreysonreborn,lourolopes,25
seucreysonreborn,ragnarlord1000,3
seucreysonreborn,rdrigo,2
seucreysonreborn,natanbento,1
seucreysonreborn,caiovoker,72
seucreysonreborn,lourolopes,30
seucreysonreborn,zyxtr,73
crayator,putdemhandzonya,2
seucreysonreborn,shiftpenes,2
seucreysonreborn,lourolopes,20
seucreysonreborn,raphaelhmv,2
seucreysonreborn,eveoz,2
seucreysonreborn,bolsomito4sup,2
seucreysonreborn,arthurdots,6
crayator,chaoticgood331,1
seucreysonreborn,ptclagringa,92
crayator,gamergirlom,1
seucreysonreborn,caiovoker,116
seucreysonreborn,lourolopes,50
seucreysonreborn,cauabarros,60
seucreysonreborn,razordiestv,6
seucreysonreborn,caiovoker,72
crayator,thisispaigec,6
crayator,jasamius,4
seucreysonreborn,lourolopes,45
seucreysonreborn,pain_rj,102
seucreysonreborn,caiovoker,80
seucreysonreborn,alllba,46
seucreysonreborn,sadboyfrv,5
seucreysonreborn,caiovoker,96
seucreysonreborn,alllba,46
seucreysonreborn,caiovoker,88
seucreysonreborn,lourolopes,50
seucreysonreborn,caiovoker,104
seucreysonreborn,alllba,46
seucreysonreborn,caiovoker,88
seucreysonreborn,alllba,46
disguisedtoast,calesitavoladora,0
seucreysonreborn,dinaarth,73
seucreysonreborn,alllba,46
crayator,network_error_1224,0
seucreysonreborn,caiovoker,116
crayator,chaoticgood331,4
seucreysonreborn,wallace6253213,3
seucreysonreborn,chama_quando_ele_der_rage,2
seucreysonreborn,linguissa1987,4
seucreysonreborn,windpowerdt2,2
seucreysonreborn,zaoldyaeck,4
seucreysonreborn,dinaarth,54
seucreysonreborn,alllba,46
seucreysonreborn,dinaarth,51
seucreysonreborn,yyusei,8
seucreysonreborn,wallace6253213,3
seucreysonreborn,dinaarth,45
seucreysonreborn,shiftpenes,3
seucreysonreborn,dinaarth,69
seucreysonreborn,chama_quando_ele_der_rage,3
seucreysonreborn,itzawp,3
seucreysonreborn,alllba,46
seucreysonreborn,dinaarth,48
xqcow,vyroxas,1
seucreysonreborn,artonez01,3
crayator,mrwookie03,6
disguisedtoast,mixbot,0
seucreysonreborn,123eko,3
seucreysonreborn,alendadoheroi,3
seucreysonreborn,juniior22,3
seucreysonreborn,caiovoker,40
seucreysonreborn,bolsomito4sup,4
seucreysonreborn,joninha11sadida,2
seucreysonreborn,caiovoker,96
crayator,jay30jay,0
crayator,ambear27,2
crayator,chris98373,4
crayator,loopsylayla,6
crayator,jrp050304,2
crayator,hemdan1,1
crayator,hemdan1,10
crayator,squidlynn13,4
disguisedtoast,lordzen1,7
crayator,katiet904,3
crayator,aidenxross,6
crayator,doctor_chicken11,2
giantwaffle,mdoc_,0
disguisedtoast,spatatrack,1
crayator,badddddie,3
crayator,thegrandtam,11
crayator,hemdan1,25
crayator,clique_crew,2
crayator,mellonhead97,3
crayator,jrp050304,2
crayator,dtrillion,4
xqcow,nicklovesrl,5
giantwaffle,pyrospectre242,1
crayator,dragondylan10,1
crayator,saircat,7
crayator,mwg2431,2
disguisedtoast,tressly,2
crayator,mariehartleyjones,4
crayator,clique_crew,2
crayator,msmester1000,3
xqcow,reef_blastbody,36
crayator,jaya678765,1
crayator,jerkface1978,5
crayator,bear24hs,1
crayator,okmanigso,2
crayator,nomesie,1
crayator,mariehartleyjones,4
crayator,deniseisepic,3
crayator,msmester1000,4
crayator,kimmymoree,3
crayator,silveahvm,4
crayator,cutterodst,2
crayator,nebulae_52,2
crayator,gurmehar_s,8
crayator,has2703,5
crayator,wyrose17,1
crayator,m1tzyy,3
bobross,loukangbang,1
crayator,firefly64,5
crayator,disane124,1
crayator,elliotstark11,1
crayator,nightmareghost75,4
crayator,katiet904,3
crayator,gurmehar_s,8
crayator,aya1717,2
disguisedtoast,xchip0,0
crayator,cheif_dctj,2
crayator,jasamius,5
crayator,dantefire214,6
crayator,hemdan1,5
crayator,uhhonelargecoke,4
crayator,aidenxross,3
disguisedtoast,meadwag,0
crayator,ghostcat2000,1
crayator,wyvernfins,1
crayator,elliotstark11,1
crayator,wylde_kyle,1
crayator,badddddie,3
crayator,beesting15,7
crayator,emily_timmerman_,1
crayator,gin_wyvern,1
crayator,thezestykebab,1
crayator,partyhard99,10
crayator,juliarae04,1
crayator,itjaze,7
crayator,sauceman33,1
crayator,jamescrof,1
crayator,lizze_the_gnome,7
crayator,muybienlul,1
giantwaffle,paffell,2
crayator,isaachogue2017,1
crayator,uhhonelargecoke,6
crayator,network_error_1224,16
crayator,ya_boi_kuchi_kopi,4
crayator,misspluisje,3
crayator,punyempress,6
crayator,jasamius,9
crayator,rachelj96,7
crayator,gurmehar_s,30
crayator,tamys98,6
crayator,hemdan1,24
crayator,hemdan1,3
crayator,tayl4302,9
crayator,mamanico7,1
crayator,logwan27,1
crayator,hemdan1,12
disguisedtoast,quote_if_not_winnable,16
crayator,has2703,6
crayator,lilzpeepxz,1
crayator,mellonhead97,6
crayator,timthetatmanisbetter,12
crayator,mariehartleyjones,6
crayator,hazardhayley,6
crayator,katiet904,4
crayator,jamesgoobs,11
disguisedtoast,azndragon47,1
crayator,cameroneccles,1
crayator,beautygamer19,1
crayator,network_error_1224,20
crayator,mightyequis,2
crayator,suddenthought22,0
crayator,rihanna_a,0
crayator,ttv_cutoffnick,0
bobross,datdoritokid,10
crayator,jasamius,12
bobross,tawj1996,2
crayator,109364756,2
crayator,ov76,3
crayator,hayden_hp,4
crayator,randomsunshine2,21
crayator,ssk1920,1
crayator,shockwaves_,1
crayator,dankibio,1
crayator,fatfingers46,1
crayator,izzayyyyyy,16
crayator,jl598,1
crayator,flatter_bubbles,4
crayator,supertannman,4
crayator,mitzmitz_,2
bobross,aurorarose425,2
crayator,heresgingy,1
crayator,dmac134,7
crayator,thedrakosgod,3
crayator,stormy__2,1
xqcow,fwzfwz,1
crayator,babofraser,1
disguisedtoast,lordzen1,1
crayator,randomsunshine2,1
disguisedtoast,sickpuppiez,2
crayator,ffasfaadanasd,1
crayator,gurmehar_s,4
bobross,alex1barra,4
crayator,nightbot,10
disguisedtoast,wolf_pacc72,3
disguisedtoast,reille,4
crayator,maria_akimomo,1
disguisedtoast,greycrown_gg,4
crayator,soccermom222,1
crayator,drpotato2u,6
disguisedtoast,thebralgames,3
crayator,smarcey,5
crayator,maria_akimomo,5
crayator,gurmehar_s,102
crayator,hickups1012,3
disguisedtoast,moreo,1
crayator,rdplusm,66
crayator,nomesie,3
crayator,solohawk9,88
crayator,dantefire214,1
crayator,bennyboy1534,1
disguisedtoast,will_leicesterfc,1
disguisedtoast,bentleycooper,4
crayator,jasamius,1
crayator,dboraa,4
crayator,sauceman33,4
crayator,ghostcat2000,39
crayator,fuzzysnugglekitty,1
crayator,ssk1920,104
crayator,ijikegaming,4
disguisedtoast,revolutionhs,5
crayator,tomatoii,2
crayator,fatfingers46,4
crayator,amaritagames,1
crayator,rihanna_a,9
crayator,rage_king_master,9
crayator,yergplayz,12
crayator,crustydemon10,1
crayator,supersahen1,2
crayator,jocelyn330,3
crayator,ogwaughlord,1
crayator,ijikegaming,4
crayator,hemdan1,6
crayator,jasamius,1
crayator,jasamius,8
crayator,jerkface1978,8
crayator,hemdan1,1
crayator,jadarious65,10
crayator,tinyteej33,2
crayator,sammytops,8
disguisedtoast,templarre,3
crayator,tinyteej33,2
crayator,tinyteej33,3
giantwaffle,dutrockbridge,1
crayator,jasamius,7
disguisedtoast,lorcaxiii,2
crayator,legitnass,36
crayator,recklessart3560,0
crayator,jboyswatz,2
crayator,jessiesanchh,1
crayator,jasamius,4
crayator,ragnarokberserk,3
disguisedtoast,imashi1,0
disguisedtoast,fearlessmagician,0
crayator,mamanico7,4
crayator,frostay_the_snowman,1
crayator,frostay_the_snowman,1
crayator,sauceman33,2
crayator,its_a_fluke5506,4
crayator,tayjayz,1
crayator,im_mong,1
crayator,stuartwynne,5
crayator,hannah_penn22,2
crayator,harrythehuman,3
crayator,chris98373,18
giantwaffle,logical_fallacy_,1
crayator,lilzpeepxz,2
crayator,amaritagames,1
giantwaffle,zyno,0
disguisedtoast,wonderbuster,9
crayator,ijikegaming,17
crayator,yhhuhnihn,1
crayator,jboyswatz,1
crayator,souperm00se,5
crayator,chris98373,6
crayator,heyturtlemane,41
crayator,ragechihuahua,1
crayator,solohawk9,27
crayator,mrwookie03,2
crayator,wylde_kyle,3
crayator,tayjayz,3
crayator,jerkface1978,3
crayator,yergplayz,1
crayator,christian40199,7
crayator,amaritagames,1
crayator,smarcey,1
crayator,calderari17,1
crayator,has2703,6
crayator,kill_all_tyrez,1
crayator,thewanderer2314,1
crayator,haeunie99,1
crayator,gurmehar_s,1
crayator,gurmehar_s,1
crayator,ayeitskill,1
crayator,aniyamoon,1
crayator,calderari17,1
crayator,imlitandyournot6,1
crayator,hickups1012,5
crayator,wyrose17,3
disguisedtoast,deltiee,1
crayator,c0_o,1
crayator,yaboyfreshmanasian,3
crayator,ilee2413,5
crayator,nomesie,5
crayator,daph_hockey,3
crayator,alanawhitexx,1
crayator,muddypandaguy,4
crayator,deabesh,4
crayator,mysticunderscore,4
crayator,trihard_black_magic,4
crayator,sircjbat,2
crayator,kristi24,1
crayator,beautygamer19,3
crayator,im_jenny,2
crayator,iamlukevice,1
crayator,wylde_kyle,1
crayator,spug2bug,3
crayator,mysticunderscore,4
crayator,sneezysw,1
crayator,drpotato2u,6
crayator,btm1972,3
crayator,mysticunderscore,5
crayator,nickmackey81,4
crayator,dabbing_taco,4
crayator,muddypandaguy,4
giantwaffle,sleepyslice,1
crayator,wafflethebun,6
crayator,darknite130,1
crayator,lintrolleronleg,1
crayator,has2703,1
crayator,streamerwtb,1
crayator,thezestykebab,19
crayator,muddypandaguy,1
bobross,litbill11,5
crayator,awesomeness2727,3
crayator,gurmehar_s,24
crayator,faketwitch123456,4
crayator,goongiegunganathan,3
crayator,kopite991,7
xqcow,huyx,25
crayator,hunterisarookie,5
disguisedtoast,wassup_bubs,1
crayator,blazestar62,5
crayator,wyrose17,1
crayator,sorio_zach,2
bobross,theravenrose,1
crayator,hickups1012,2
crayator,cole8765,3
crayator,heresgingy,2
crayator,radiantskylight,8
crayator,fortnite_lt,4
crayator,geckoman376,3
xqcow,yaaag,14
crayator,phantomjuice_,3
xqcow,opmercury,3
crayator,wolllfff,7
crayator,gurmehar_s,1
crayator,soccermom222,3
crayator,alkybadger1820,5
crayator,courtneychar,15
crayator,myyvcardnow,1
crayator,usa17007,4
disguisedtoast,nigoli01,2
disguisedtoast,parkwoo,2
disguisedtoast,bestthehomie,1
crayator,soccermom222,10
crayator,therealdefts,4
crayator,cole8765,10
crayator,gurmehar_s,25
crayator,phanflustered,3
xqcow,solominomio,44
crayator,jennaash12,4
crayator,novoj002,2
crayator,jasamius,12
crayator,novoj002,1
crayator,germanhyperion,1
disguisedtoast,moonbyulbias,1
disguisedtoast,flaminglasso,1
disguisedtoast,animaxist2,1
crayator,manxguru,10
disguisedtoast,ekahs_hs,2
crayator,adamperillo,4
xqcow,hisham4879,2
crayator,churros_9271936,2
crayator,smarcey,1
disguisedtoast,kawaiiasphuck,1
crayator,atlasmaze4,17
crayator,arkwarrior314,3
crayator,badddddie,1
crayator,krisnufc88,11
xqcow,skydogg5555,1
crayator,luigi_dubs,1
crayator,jasamius,14
xqcow,pippin159,2
crayator,novoj002,3
crayator,nebulae_52,14
crayator,gurmehar_s,14
crayator,itsseki_,1
crayator,noctis734,2
crayator,ram3nk1ng,1
crayator,squidlynn13,1
crayator,jokerkiller6110,1
crayator,myyvcardnow,1
crayator,has2703,1
crayator,beautygamer19,1
crayator,n0_name8,6
crayator,kill_all_tyrez,1
crayator,lightlyshad0w,3
crayator,dee_jay_boo,25
crayator,kidcourchene7,1
disguisedtoast,therealchaitea,1
xqcow,tylersuxdix,16
crayator,tyrsquared,1
crayator,myyvcardnow,4
crayator,ram3nk1ng,3
bobross,sovieticferomics,3
crayator,hitm4n84,3
crayator,skystrike25,7
crayator,hunterisarookie,2
crayator,hunterisarookie,3
bobross,oginric3,6
giantwaffle,zerodonuts13,3
crayator,finnegankaitlyn,12
crayator,samanthazep,1
crayator,teemenz,1
crayator,kevinmr415,1
crayator,teemenz,2
crayator,mak30uth111,4
crayator,niccoleannn,15
crayator,jasamius,1
crayator,dgr8east,1
crayator,spectrrz,1
crayator,niccoleannn,13
crayator,vasavage,1
crayator,mcsavagenapkin,1
giantwaffle,derek83fau,1
giantwaffle,brozach1,4
crayator,xxkingodxx577,2
crayator,shadowshark24,1
giantwaffle,i_am_davis,1
giantwaffle,ashbringah,2
xqcow,jv195,0
xqcow,octavarium5858,8
crayator,n0_name8,3
crayator,elisco1,12
crayator,geckoman376,6
crayator,elksiesta,1
crayator,marionwatson1,3
crayator,yrafique13,1
crayator,charbelyam,6
crayator,hunterisarookie,1
crayator,hawkes_420,5
crayator,sepxjoe1,5
crayator,nightbot,13
crayator,gathercabbige1234,1
crayator,tiernan015,8
crayator,leafshinobi360,5
crayator,leafshinobi360,1
crayator,elpapichurro_9,4
crayator,n0_name8,1
crayator,yrafique13,1
crayator,hunterisarookie,2
crayator,wa1kin9disaster,1
crayator,spectrrz,3
crayator,wylde_kyle,1
crayator,dee_jay_boo,1
crayator,acecaponslugger,3
xqcow,frostytheblizz,1
crayator,kingtortilla33,1
giantwaffle,upgradedbobby,1
crayator,nerrdica,2
crayator,kevinmr415,1
crayator,firestormace8288,1
crayator,mellonhead97,1
crayator,noctois,4
crayator,cjp2005,1
crayator,n0_name8,3
crayator,kevinmr415,1
crayator,elpapichurro_9,5
xqcow,nymphayugo,1
crayator,kill_all_tyrez,3
crayator,elpapichurro_9,8
xqcow,kahkoa,48
crayator,nomesie,1
bobross,theravenrose,1
crayator,nottanaka,1
crayator,breaktheglass92,1
crayator,stremere123,1
crayator,livvvvvvvvvvvvvvvvvvvvv,6
crayator,jfoley,22
crayator,jasamius,12
crayator,jaxbell217,2
crayator,pureturkeys,2
crayator,tiernan015,2
crayator,killerquagmire,12
crayator,10hands5faces,1
crayator,yayosama611,4
xqcow,kyyie,1
crayator,gabegamer43211,14
crayator,batttski,5
bobross,hgee100,6
crayator,neoflame2004,4
crayator,manxguru,6
crayator,aurylu,16
crayator,yrafique13,1
crayator,dominick081904,5
crayator,tiernan015,2
crayator,rainbowsanddarkness,8
crayator,glaceon554,1
crayator,yayosama611,10
crayator,mrweirdo317,6
crayator,killerquagmire,6
crayator,htz_marshall,2
crayator,tiernan015,4
disguisedtoast,nixrim,1
crayator,me1onfortnite,4
crayator,courtneychar,1
giantwaffle,overshottae,1
crayator,jaxbell217,1
crayator,niccoleannn,15
crayator,me1onfortnite,1
crayator,kalise_queen,3
disguisedtoast,munccino,1
crayator,doodlesokok,5
crayator,rbrickman,3
disguisedtoast,limecon,1
crayator,curtisnewb,29
disguisedtoast,newcizer,13
disguisedtoast,hahaa12btwhahaa,1
crayator,has2703,1
giantwaffle,the_bartt,3
crayator,tsg_timbo,10
crayator,oneupgamer1,10
crayator,zach_bash,7
crayator,leafshinobi360,5
crayator,sethro516,3
crayator,elpapichurro_9,7
xqcow,brandon_castelo,24
crayator,mellonhead97,15
xqcow,et3c,8
crayator,wps941,1
crayator,mellonhead97,1
crayator,haeunie99,1
crayator,natethebeast2330,1
crayator,calderari17,1
crayator,coolok01,1
crayator,wylde_kyle,1
crayator,jongfer,1
crayator,jaxbell217,5
crayator,tsg_timbo,16
crayator,ricedanielle,0
crayator,colgur8843,1
crayator,ricedanielle,1
crayator,jasamius,3
crayator,mike197823,2
crayator,elpapichurro_9,4
crayator,elpapichurro_9,6
crayator,johannsenbubbaj,8
disguisedtoast,trigginfypo,2
crayator,jasamius,11
crayator,kingtoby1732,3
disguisedtoast,transcenddino,1
crayator,kpmoney102,8
crayator,dc_diesel,6
crayator,dominick081904,3
crayator,steeler2334,5
crayator,treveal,2
xqcow,ggx_gang_gang__,48
crayator,nerrdica,4
crayator,ghostcat2000,1
crayator,dgr8east,1
crayator,gurmehar_s,2
crayator,claykiller250,13
crayator,6piecenuggetyt,6
crayator,lacrossekid9132,1
crayator,wiestthebeas,1
disguisedtoast,shinybushybrow,1
crayator,coolok01,3
crayator,nightbot,13
crayator,kpmoney102,3
crayator,kingtoby1732,5
xqcow,aquaphorus,39
xqcow,wawagon,1
crayator,mellonhead97,1
crayator,samanthazep,3
bobross,jdoggs61213,1
crayator,purpleyoo1,3
crayator,hemdan1,3
crayator,mellonhead97,6
crayator,conman0217,3
crayator,killerquagmire,7
crayator,ram_pge,4
crayator,lil_ng,1
crayator,nyieon,1
crayator,bigd_112,5
crayator,katiet904,3
crayator,wiestthebeas,9
crayator,purpleyoo1,6
crayator,conman0217,4
crayator,me1onfortnite,3
crayator,lvgisaac,4
xqcow,snorkel_,1
crayator,dragonwolfe_369,5
crayator,conman0217,5
crayator,nonobut123,6
crayator,kleetus,1
crayator,wiestthebeas,18
crayator,cole8765,1
crayator,jasamius,3
crayator,ali_a12134,3
crayator,tzgamwatcher,9
crayator,hemdan1,1
crayator,uncrown123,1
crayator,mellonhead97,3
crayator,haithemkar,1
crayator,treveal,1
crayator,ali_a12134,3
crayator,missroguejaguar,1
crayator,jasamius,1
crayator,soccermom222,1
crayator,grizlybomb,1
crayator,gurmehar_s,36
crayator,knightbqm,1
crayator,jasamius,4
crayator,maxu1234567,1
crayator,maxu1234567,2
crayator,blocboy_parmesan,1
crayator,maxu1234567,1
crayator,maxu1234567,1
crayator,maxu1234567,2
giantwaffle,gaffa_truls,7
xqcow,dokkarlsefni,26
giantwaffle,vindrnewtrl,1
xqcow,frozenwaffle_,1
bobross,woupalae,2
xqcow,diqqdiq,1
xqcow,flippytheboy,2
giantwaffle,nat1um,1
xqcow,the_real_thicc_daddy,1
bobross,ninuh03,1
xqcow,badusernamee,2
xqcow,itinerary,32
giantwaffle,lechigga,2
xqcow,fatkittiies,1
xqcow,chubbseal,1
xqcow,ch_fox,1
xqcow,quote_when_xqc_plays_dps,1
giantwaffle,reece_cortes,3
xqcow,wubba_ow,1
bobross,edmistja,1
giantwaffle,nick_venture,4
xqcow,mith_nsnl,2
xqcow,junsaurusrex,1
xqcow,castrosproduction,2
xqcow,xqcmonkaw,1
xqcow,axo__,4
xqcow,luca1888,4
bobross,flaminhotcheetopuff,1
xqcow,eddiermerin,1
xqcow,thelogan109,1
bobross,edmistja,11
giantwaffle,ss_trustee,6
xqcow,eaturanus,1
bobross,lb12047,3
bobross,theactualrealhyperion,1
xqcow,theacadapter,1
xqcow,se_bastian,1
giantwaffle,panzerjaggger,2
bobross,dutchessam,5
xqcow,sayhitomepleasee,1
xqcow,adamister25,1
giantwaffle,dendeson,1
xqcow,ghoulhan,1
xqcow,livestock_,35
giantwaffle,astraeus2,19
giantwaffle,noxix_uk,3
xqcow,adarkally,1
xqcow,fossabot,25
xqcow,alexmd_ow,2
xqcow,brndenv1,1
xqcow,nycro_,4
giantwaffle,boudrinsky,3
xqcow,adrianzotheops,1
xqcow,tyler1_fanboy,78
xqcow,diexode,36
xqcow,cafelux,1
xqcow,midgey,2
giantwaffle,ragohb,2
xqcow,madzee,2
xqcow,mlitfalcon,1
giantwaffle,zerofstogive,6
xqcow,thresh_adc,1
giantwaffle,javed971,15
giantwaffle,astraeus2,10
xqcow,abyssofcurses,4
xqcow,diqqdiq,33
disguisedtoast,hasele,1
giantwaffle,drewthunder,5
xqcow,basicscaboose,1
disguisedtoast,zeemock,1
xqcow,cucumberdesu,1
xqcow,somisoup,2
disguisedtoast,neonpeni,2
disguisedtoast,locy77,2
giantwaffle,syn__,9
disguisedtoast,templarre,1
disguisedtoast,bigdabsss,2
xqcow,lightstream,2
disguisedtoast,gdsbandit,1
disguisedtoast,rj7000,1
disguisedtoast,corenith,5
disguisedtoast,gohan727,0
xqcow,game_36,18
disguisedtoast,neonpeni,1
disguisedtoast,warmasterg,2
disguisedtoast,tuishinqr,3
xqcow,wrathkw,13
disguisedtoast,bigdabsss,5
disguisedtoast,frichickenishaaa,1
disguisedtoast,rzrzrzrz,1
disguisedtoast,halfheart_,1
disguisedtoast,cpl_cuddlez,2
bobross,codenamepotato12,6
xqcow,kareemachine,1
disguisedtoast,lilboat9,0
xqcow,dino_ttv,1
disguisedtoast,azndragon47,0
disguisedtoast,itsrooster1000,1
disguisedtoast,richsanity,1
xqcow,cynicalll,1
giantwaffle,retsulk,10
disguisedtoast,realhzj,1
xqcow,ironlc,0
disguisedtoast,andycandyc,1
disguisedtoast,kingsayblue,1
xqcow,potateeeeees,1
giantwaffle,daponemhaters,3
disguisedtoast,lagizilla,1
xqcow,cjm85204,1
xqcow,muruci,1
disguisedtoast,ad80t,1
xqcow,raytehswag,1
disguisedtoast,oswaldrs,1
disguisedtoast,ami1011,0
disguisedtoast,lolcarop,0
disguisedtoast,starfish575,2
disguisedtoast,axolllotll,1
disguisedtoast,findablecash345,3
xqcow,the_real_animechibi,30
disguisedtoast,hugo0701,1
disguisedtoast,icesicle,6
giantwaffle,scoops__,2
disguisedtoast,ld100_stat,2
disguisedtoast,swingingjungler,1
xqcow,supremepotato0,1
disguisedtoast,onlytobe,1
disguisedtoast,ichigo_gyunyu_,1
xqcow,thewilzzu,1
disguisedtoast,mhuang18,1
disguisedtoast,changbinnie,2
disguisedtoast,night_fire,8
disguisedtoast,templarre,1
disguisedtoast,salamenmax04,4
clintstevens,jollypiratedonut,3
clintstevens,fubbzy,8
clintstevens,mattklanks,1
clintstevens,thewolfcode,2
clintstevens,ricoo08,1
clintstevens,aw1442,1
xqcow,terminus345,8
disguisedtoast,komm935,2
disguisedtoast,imabeddytear,5
clintstevens,toneus,4
disguisedtoast,deplete_,1
clintstevens,fartsnort,3
xqcow,manspiderman,2
giantwaffle,kykellermann,4
clintstevens,imthatoneguy64,4
clintstevens,tsukigo,2
disguisedtoast,wraithlord98,1
disguisedtoast,benjamindanklin01,4
disguisedtoast,1vindex,1
clintstevens,firemanzz,1
disguisedtoast,sciencemon,2
disguisedtoast,kingsayblue,1
giantwaffle,showelbowspls,7
clintstevens,tsukigo,2
clintstevens,efluonidel,7
clintstevens,kaladinstormblest,1
giantwaffle,fingergames,2
clintstevens,imthatoneguy64,3
clintstevens,deepestdrip53,1
clintstevens,sellsoranges,7
clintstevens,sellsoranges,4
clintstevens,o_circles,3
clintstevens,residrew,1
clintstevens,chronocrossfaded,1
clintstevens,cruxis87,4
clintstevens,jedibrothers,2
clintstevens,soundroshi,1
clintstevens,chuckthegypsy,3
clintstevens,theno9,14
clintstevens,shmowen,4
clintstevens,gen_n0mana,1
giantwaffle,moobot,6
clintstevens,riggedi,1
clintstevens,drib_,1
clintstevens,mcmilo,39
disguisedtoast,mcmasterpwnz,3
disguisedtoast,galios1,6
xqcow,droidi_,1
xqcow,emulator13,1
clintstevens,sirdallas,2
clintstevens,tehspoderman54,1
clintstevens,erjt_,6
clintstevens,imthatoneguy64,2
giantwaffle,mattdanielj,6
clintstevens,theimmortalcapo,7
clintstevens,hush18,6
clintstevens,firemanzz,1
xqcow,inglorious_ramirez,2
clintstevens,goosetogeese,1
xqcow,silverpike4,6
clintstevens,dallasevertts,2
clintstevens,bigtimetalks,24
disguisedtoast,benjamindanklin01,1
clintstevens,mmmtacos,2
clintstevens,the_kiji,7
disguisedtoast,huntikgo,3
xqcow,itscelestiall,2
xqcow,reeeeeeeeeeeeeeeeeeeeeese,45
disguisedtoast,intercrus,8
xqcow,comitatvs,1
xqcow,ironlc,75
clintstevens,aw1442,1
clintstevens,grediann,7
clintstevens,rigidpillow,2
clintstevens,josedude,73
disguisedtoast,bbanjjak,5
clintstevens,feelingneishh,4
clintstevens,bater88,5
giantwaffle,torzar,8
clintstevens,flawlessrhyme07,8
clintstevens,imthatoneguy64,2
clintstevens,mr0nkr,1
clintstevens,trutoob,1
clintstevens,elkones,4
disguisedtoast,complexthought,1
clintstevens,unusualtoast,1
clintstevens,marioplusluigi69,3
disguisedtoast,thrwback,1
clintstevens,andehtee,1
giantwaffle,creyze,1
clintstevens,nilesly,3
clintstevens,clintluvsballz,5
disguisedtoast,ardubyu,8
clintstevens,martin477,0
clintstevens,imthatoneguy64,1
clintstevens,bob123beans,2
clintstevens,nowi0,1
clintstevens,angel00,1
clintstevens,nuns0ndrugs,1
giantwaffle,exterminator48,2
clintstevens,awsumpwner27,1
disguisedtoast,careychan,15
giantwaffle,dutrockbridge,7
clintstevens,paul5,5
disguisedtoast,retired_from_life,8
clintstevens,jeremiah_scrode,2
clintstevens,kanekiz__,7
disguisedtoast,setun1993,1
clintstevens,ragexxius,1
clintstevens,zhiel__,1
disguisedtoast,soundablemammal,1
giantwaffle,ninopanda,6
giantwaffle,bananabrea,1
disguisedtoast,bonniethekidd,1
clintstevens,dantheman_2746,2
disguisedtoast,bigdabsss,2
disguisedtoast,fabushki,2
clintstevens,ragexxius,1
clintstevens,chuckthegypsy,1
clintstevens,pandapoploin,1
clintstevens,bob123beans,3
clintstevens,shinagens,1
clintstevens,unusualtoast,3
clintstevens,ukurse,2
clintstevens,deadlyflower58,5
clintstevens,zenislev_,1
disguisedtoast,dembangers,3
clintstevens,cyndarie,1
clintstevens,lizardwizard_1,1
clintstevens,matsy77,7
clintstevens,ghostyisme,1
disguisedtoast,itshecs_,1
disguisedtoast,rocosmdrnlive,5
clintstevens,monkeyofdaharctic,5
giantwaffle,coloneljack1234,1
clintstevens,nicholastsonis,3
clintstevens,morryd,1
clintstevens,markyooks,1
clintstevens,markyooks,1
clintstevens,chocosoplon696969,3
disguisedtoast,apataker,5
clintstevens,tiltlad,2
clintstevens,oaty96,2
disguisedtoast,rekk0nn,3
clintstevens,therusecruise,1
clintstevens,i_am_sofa_king_,2
clintstevens,liamgsshaw,5
clintstevens,poppi,1
clintstevens,2haki,3
clintstevens,zhiel__,1
clintstevens,fluxayy,1
clintstevens,liamgsshaw,1
clintstevens,gubop12,2
clintstevens,1_overdrive,1
disguisedtoast,cellxero,3
disguisedtoast,taengoos_,1
clintstevens,ramontep,1
disguisedtoast,xershiro,1
clintstevens,majestic_rhino,2
disguisedtoast,hayslayer5,1
disguisedtoast,froyodonut,1
clintstevens,orcboi,2
disguisedtoast,hachibe,1
disguisedtoast,datpuipui,3
clintstevens,christinnee,1
clintstevens,therealfinaltaco,1
disguisedtoast,geicogaming,3
clintstevens,zhiel__,2
clintstevens,punchygames,0
clintstevens,thewolfcode,1
clintstevens,fatshortquickks,3
clintstevens,peculiarherb,1
disguisedtoast,dark_caligma,1
clintstevens,gigantoise,2
disguisedtoast,its_kress,1
clintstevens,flipper1617,4
clintstevens,yobanashii_,1
clintstevens,aipata,3
bobross,jdh2901,9
clintstevens,hunter_plz,3
giantwaffle,thegoldenkappakappa,1
disguisedtoast,salamenmax04,2
disguisedtoast,hayslayer5,1
disguisedtoast,ceet89,2
disguisedtoast,lynnesty,1
clintstevens,chuckfabulous,1
disguisedtoast,sereey,5
clintstevens,quote_me_if_u_r_sad,1
disguisedtoast,swankymilk,1
bobross,dylanthepickledy,2
disguisedtoast,vaultb0y,0
disguisedtoast,drfiend,3
loltyler1,kumakx,0
kalashnikovmediatv,artem_mayorr,0
kalashnikovmediatv,whitily7,2
loltyler1,scotsman_07,1
giantwaffle,funtcase,4
kalashnikovmediatv,visman21,0
forsen,lauwild,2
kalashnikovmediatv,taga9,0
kalashnikovmediatv,zeusnavimolotov,1
kalashnikovmediatv,visman21,0
forsen,darkfigment,2
kalashnikovmediatv,1_devil,0
giantwaffle,sevpaii,2
loltyler1,hogsquezer,35
kalashnikovmediatv,babaika228qwe,0
forsen,martblni,10
giantwaffle,turbologic,3
kalashnikovmediatv,fr4yz_,0
kalashnikovmediatv,fr4yz_,0
forsen,rafalface,16
forsen,bandos333,15
forsen,nark0punk,11
forsen,xmilktea,1
forsen,sebastian_monka,4
forsen,ay0d,1
loltyler1,sworushu,1
loltyler1,x_art_of_life_x,3
loltyler1,plechovka1996,1
loltyler1,blcked69,3
forsen,badmanners_,3
forsen,afjell,3
loltyler1,stop_using_xd,4
giantwaffle,duckylmnop,11
giantwaffle,mightexe,6
loltyler1,dekisus,1
forsen,doubletqm,5
forsen,massive_pidas,1
loltyler1,puggles64,4
giantwaffle,mintyrainforest,3
giantwaffle,aftermathgam3r,4
giantwaffle,sniperboss321,1
bobross,nasaan,2
giantwaffle,chaz_man,1
kalashnikovmediatv,derezzed642,0
kalashnikovmediatv,bigdaddyvlados,0
kalashnikovmediatv,derezzed642,0
bobross,nasaan,1
loltyler1,paracusia,1
loltyler1,crypto_key_,12
giantwaffle,slide1,1
forsen,monkahard,7
giantwaffle,kippythekoala,2
loltyler1,uniqueubique,3
giantwaffle,tater2tot,1
kalashnikovmediatv,neyronoffv2,0
giantwaffle,sabess97,2
bobross,pyromancer,1
loltyler1,theeswaggiest,1
loltyler1,yegx,1
kalashnikovmediatv,cassel_de,1
kalashnikovmediatv,kisel2000,0
kalashnikovmediatv,justfckndoit,0
loltyler1,t1_banned_me,3
kalashnikovmediatv,taga9,0
loltyler1,obliteratetm,3
loltyler1,namalll,11
loltyler1,marblesoda7,1
forsen,rootoo2,1
kalashnikovmediatv,pashok2290,0
loltyler1,shesuccm3,1
forsen,ondrvaakkk,1
kalashnikovmediatv,moobot,4
giantwaffle,slide1,1
loltyler1,regaliat,4
loltyler1,pekkazil,3
loltyler1,slowlyyyyy,11
forsen,corruptedfox_,1
forsen,blacklimba,1
forsen,gand0lf,1
giantwaffle,seaway,3
kalashnikovmediatv,hate_valikos,0
loltyler1,mrd3vii,14
bobross,errlee,1
forsen,finner31,3
giantwaffle,enlightenedmint,5
forsen,brandobanando,12
giantwaffle,silcrows,5
kalashnikovmediatv,moobot,4
kalashnikovmediatv,cassel_de,3
loltyler1,zynogree,1
loltyler1,bananatypical,1
kalashnikovmediatv,ig0_0rrr,0
kalashnikovmediatv,romaxa35ru,0
kalashnikovmediatv,yorimaruffles,0
loltyler1,drdaft4,6
loltyler1,xyernoz,2
loltyler1,thisguydante,1
bobross,botball,2
forsen,kontrpiye,1
forsen,unbiddenarachnid,1
loltyler1,aalumina,3
giantwaffle,moistestofboiz,1
loltyler1,qwqwhatsthis,1
kalashnikovmediatv,visman21,1
kalashnikovmediatv,pewpew322x,2
kalashnikovmediatv,moobot,5
bobross,doctajonesx,1
kalashnikovmediatv,cehb4a,0
forsen,b3nkei,1
forsen,kurokochii12,1
asmongold,rhiawow,1
loltyler1,gilgameshg59,2
loltyler1,godk1tra,1
forsen,actionhaank,7
asmongold,mikeydlove,6
loltyler1,shinosbae_,1
loltyler1,donuteatingbear,1
forsen,giraffeking,1
bobross,abissfn,4
forsen,ripa27,1
kalashnikovmediatv,pashok2290,1
forsen,steven_senegal_,1
bobross,szabika513,12
kalashnikovmediatv,hate_valikos,0
kalashnikovmediatv,simonsraf,1
loltyler1,professor_midge,2
kalashnikovmediatv,romaxa35ru,6
loltyler1,kiriya_dei,2
loltyler1,kc_man34,1
loltyler1,limpsausageforone,6
kalashnikovmediatv,green_16,0
kalashnikovmediatv,demanleq,1
kalashnikovmediatv,irashok,0
forsen,misty_man,2
asmongold,heakers,5
kalashnikovmediatv,windows6,0
giantwaffle,mightexe,2
bobross,soso0475,2
loltyler1,raa_fam,1
asmongold,bubbibear2236,1
asmongold,alonzo_carlo,1
asmongold,stiflers_mom_6969_allnite,13
asmongold,o_r_a_s,2
asmongold,dakkroth1,5
kalashnikovmediatv,butulkus,2
asmongold,iroiro,11
kalashnikovmediatv,cs_dz,1
asmongold,xthorinhdx,2
forsen,begongoy,2
forsen,rexdexion,1
kalashnikovmediatv,mcp0x,0
kalashnikovmediatv,crespsss,1
bobross,s_t_e_f_a_a_n,1
loltyler1,lolfab7,2
loltyler1,zzepi,2
kalashnikovmediatv,mcp0x,0
asmongold,thelastgraywarden,3
asmongold,delta_g,1
kalashnikovmediatv,wazaperud,0
asmongold,czeryk,6
kalashnikovmediatv,dstabakov,0
asmongold,nille_tv,4
asmongold,daggerhowl,1
kalashnikovmediatv,whitily7,0
asmongold,puzzlepappa,1
bobross,omny66,4
giantwaffle,jatii,1
asmongold,xrorri_sempai,3
asmongold,templarknight7777,5
asmongold,blastoise89x,5
kalashnikovmediatv,piecat13371,0
kalashnikovmediatv,alexander_bk,0
loltyler1,pleiadians_emissary,38
kalashnikovmediatv,qqq_spirin,0
kalashnikovmediatv,temat17,0
asmongold,reborn1562,2
kalashnikovmediatv,irashok,0
kalashnikovmediatv,alertbro,0
asmongold,joshsongrequest,1
kalashnikovmediatv,pushkinzed,0
asmongold,mrdangerwaffles,10
asmongold,the_human_element,1
kalashnikovmediatv,thancle,0
loltyler1,weirdfeelsman,4
kalashnikovmediatv,ricardoins,0
loltyler1,pelagius_hipbone_,6
kalashnikovmediatv,igor1337200322,0
kalashnikovmediatv,zzzserega,0
loltyler1,dalight,5
forsen,iamporkins,1
kalashnikovmediatv,mcp0x,0
loltyler1,rrboss95,2
kalashnikovmediatv,cassel_de,0
kalashnikovmediatv,solya143,0
asmongold,dougalss,1
kalashnikovmediatv,prncat,1
bobross,special_officer_goofy,3
asmongold,raikez,1
asmongold,higgsypigsy,1
bobross,applesauce7,1
bobross,legendaddy10,1
loltyler1,mmmonkas,1
kalashnikovmediatv,simonsraf,1
asmongold,kaaiman,6
asmongold,krez7,19
kalashnikovmediatv,sosokgayba,0
loltyler1,wildtyphlosionn,20
asmongold,fritzthedog,5
kalashnikovmediatv,xanzsolo,0
kalashnikovmediatv,belaruskii_kolhoznik,0
kalashnikovmediatv,loo00r,0
asmongold,torhian,13
asmongold,ihomeiscool,1
bobross,knighs_0,1
loltyler1,iburgo,1
kalashnikovmediatv,visman21,0
kalashnikovmediatv,sopov_dast_case,0
forsen,haxzorlive,2
bobross,xodaniellex,2
forsen,xplayerlol,1
asmongold,zaluten,4
kalashnikovmediatv,saxalinec94,1
asmongold,vertsi,2
forsen,kryml,1
loltyler1,ttruesalmonking,4
kalashnikovmediatv,shurik_sw,0
kalashnikovmediatv,greenfintiko,0
loltyler1,zaany,2
kalashnikovmediatv,moobot,4
asmongold,bleedingfish,11
giantwaffle,andyt53,4
asmongold,miggymcmiggy,1
giantwaffle,cfischer,1
loltyler1,filip1207,2
loltyler1,ahti__,37
asmongold,roblight,4
asmongold,i__i__i__i__i__i__i__i__i,1
giantwaffle,dooops,2
asmongold,korupcija_,1
kalashnikovmediatv,th3suspecttv,1
asmongold,degeneratekiddo,1
forsen,raines__,4
asmongold,aaeda,5
kalashnikovmediatv,coolcapperaaa,0
asmongold,sak757keli,1
asmongold,brutal_foe,1
giantwaffle,wooli,1
giantwaffle,dbqp,3
giantwaffle,emwedk,22
bobross,dinoblubber,1
giantwaffle,ipwn3r,10
kalashnikovmediatv,jay_gatsby_777,0
kalashnikovmediatv,ig0_0rrr,0
loltyler1,breadtruck2,1
kalashnikovmediatv,helehuinir,0
asmongold,destinyisawesome,1
loltyler1,babylons_finest,1
loltyler1,simonbtw,10
asmongold,azur_ahai,8
asmongold,roflcopterdownsendaid,1
asmongold,mrdwarf92,1
loltyler1,oderen,4
forsen,jellomoto_,1
giantwaffle,kazeyuu,5
asmongold,tseidon1475,2
kalashnikovmediatv,r4_f1_k,33
forsen,biomankunn,1
chemicaldragoon,natural2x,2
loltyler1,trihard_from_pieskipatiro,2
forsen,1quisher,4
bobross,otusgoddess,8
asmongold,nerdyeuros,1
asmongold,backinthegym93,3
kalashnikovmediatv,oves322,0
asmongold,jensen06,1
kalashnikovmediatv,14blaschuchoknik88,0
kalashnikovmediatv,leitan855,1
loltyler1,tommynotommie,2
loltyler1,trippylift,10
bobross,lordtatertot73,2
asmongold,mayushii_desu,6
asmongold,babyneek,1
kalashnikovmediatv,qqq_spirin,1
asmongold,sillyxo,0
asmongold,gnomaahh,0
kalashnikovmediatv,oves322,0
kalashnikovmediatv,solya143,0
kalashnikovmediatv,stulchik228,0
loltyler1,nejakejarky,2
kalashnikovmediatv,oves322,0
asmongold,snailcrab,0
kalashnikovmediatv,wazaperud,0
asmongold,angeroth,1
asmongold,bathezid,1
forsen,drekt,21
kalashnikovmediatv,oves322,0
asmongold,voymid,3
forsen,khorne69,1
kalashnikovmediatv,oves322,0
kalashnikovmediatv,oves322,0
kalashnikovmediatv,chervin3,0
kalashnikovmediatv,tim_ply,0
bobross,sudium,3
asmongold,topdickedeu,4
asmongold,teemo22222,1
asmongold,primotivegeth,1
asmongold,meshoxkiller,14
kalashnikovmediatv,moobot,4
chemicaldragoon,whiteoutiii,39
bobross,lordtachancka,1
kalashnikovmediatv,oves322,0
chemicaldragoon,mateinozaur,5
kalashnikovmediatv,youngshooter1337,0
kalashnikovmediatv,oves322,0
forsen,whisper_me_zulul,4
kalashnikovmediatv,fanboy_faze_clun,0
kalashnikovmediatv,oves322,0
loltyler1,maxoplay,1
kalashnikovmediatv,artem_mayorr,0
chemicaldragoon,bloodtre,22
loltyler1,hideous101,6
bobross,brewbreaux,1
asmongold,bubbibear2236,1
asmongold,meteogold,3
chemicaldragoon,whiteoutiii,39
bobross,lordtatertot73,1
kalashnikovmediatv,oves322,0
chemicaldragoon,kinetic_magz2310,9
forsen,s4tisfaction_,1
kalashnikovmediatv,betra_sile,1
bobross,spuddy240,1
kalashnikovmediatv,jay_gatsby_777,1
asmongold,yaftal,1
giantwaffle,sypheron,1
asmongold,chaselton87,1
asmongold,rawls4,1
kalashnikovmediatv,artem_200358,0
kalashnikovmediatv,kirumba228,1
kalashnikovmediatv,fukushima_sony,2
loltyler1,b4b5s,2
loltyler1,imsobroken1,1
kalashnikovmediatv,oves322,0
asmongold,zonothene_v1200,1
kalashnikovmediatv,vel_syka_man,0
kalashnikovmediatv,mahiyanov1997,0
kalashnikovmediatv,oves322,1
kalashnikovmediatv,chervin3,0
kalashnikovmediatv,monster833,1
loltyler1,react_tf2,1
asmongold,hugveldt,1
chemicaldragoon,bloodtre,11
asmongold,theapso,1
asmongold,summerbat,1
asmongold,deadskin85,7
kalashnikovmediatv,unbxrn,0
asmongold,xnonamehero,5
asmongold,nixi93,13
asmongold,angeroth,1
asmongold,tomcizzzle,2
chemicaldragoon,lukasss_ttv,9
kalashnikovmediatv,playwithnik,0
kalashnikovmediatv,monster833,0
asmongold,adlarn_,2
bobross,emeraldworldlp,1
asmongold,draestv,3
forsen,fade1314,12
kalashnikovmediatv,tonoyans,0
loltyler1,professor_midge,1
kalashnikovmediatv,jeiler_1337,1
forsen,woah777,2
asmongold,p5ou,2
forsen,toan905,1
kalashnikovmediatv,jay_gatsby_777,1
kalashnikovmediatv,armyanello,0
kalashnikovmediatv,dimascale1337,1
forsen,dizles,4
kalashnikovmediatv,moobot,4
kalashnikovmediatv,soulwish,0
kalashnikovmediatv,monster833,0
kalashnikovmediatv,oves322,0
asmongold,praxxen,0
loltyler1,bzfk_kzdunczyk,2
forsen,guestofriendo,4
loltyler1,smixthe1,2
loltyler1,bigvegito,1
kalashnikovmediatv,igorvarban,0
loltyler1,c10snacky,6
kalashnikovmediatv,jay_gatsby_777,3
kalashnikovmediatv,arkage_off,0
kalashnikovmediatv,oves322,0
asmongold,unilluminated,0
bobross,galahadiv,2
kalashnikovmediatv,v1ncen7z,2
forsen,ripa27,11
forsen,zihuatamayo,6
bobross,moonfall1991,9
kalashnikovmediatv,oves322,0
loltyler1,shigsbtw,14
kalashnikovmediatv,oves322,0
loltyler1,friedhamburger,5
loltyler1,zwiirek,7
kalashnikovmediatv,sosokgayba,0
loltyler1,attackdamagefadi,5
asmongold,atmeares,1
asmongold,lynexlive,4
asmongold,lysergiccat,24
kalashnikovmediatv,monster833,0
kalashnikovmediatv,nismo03,0
kalashnikovmediatv,dstabakov,0
kalashnikovmediatv,oves322,0
bobross,slayerikk,2
bobross,fabriyo98,1
bobross,kushylife,1
bobross,arianna_gaming,3
asmongold,edge__cs,1
asmongold,shiazz,2
kalashnikovmediatv,vasyafrost,0
asmongold,joolakus,3
kalashnikovmediatv,romaxa35ru,1
forsen,minimartinii,11
asmongold,oamerec,2
asmongold,noctis114,3
kalashnikovmediatv,oves322,0
asmongold,guitar_freek369,1
kalashnikovmediatv,1w8me,0
asmongold,yepsbu,1
loltyler1,brianwillbe,2
asmongold,mrclutchya,5
kalashnikovmediatv,oves322,0
chemicaldragoon,natural2x,3
asmongold,medyns,2
chemicaldragoon,thelastsamuraiisback,6
asmongold,lysergiccat,2
asmongold,ario___,1
asmongold,thenarutardd,2
kalashnikovmediatv,oves322,0
asmongold,flarisic,3
loltyler1,tofutown24,8
bobross,redxap,1
kalashnikovmediatv,oves322,0
loltyler1,flasklight,5
bobross,jeffthrow,1
asmongold,jadafacer,1
asmongold,dlwlrmasnsk,1
chemicaldragoon,notklaw,3
asmongold,ssjphantom,1
asmongold,reznr,0
asmongold,187thesehoes,0
chemicaldragoon,ttl_cashouttv,4
asmongold,jimasly,1
chemicaldragoon,strangebleu,5
asmongold,raggimagga,1
asmongold,smallmatt12,1
bobross,hagg3n,1
asmongold,chad2192,6
loltyler1,professor_midge,1
chemicaldragoon,lmn_waterzhd,7
chemicaldragoon,notklaw,3
chemicaldragoon,lmn_waterzhd,2
chemicaldragoon,natelane3698,4
chemicaldragoon,notklaw,5
asmongold,rikzoo,4
chemicaldragoon,notklaw,2
kalashnikovmediatv,moobot,4
asmongold,spiler333,1
kalashnikovmediatv,vel_syka_man,0
asmongold,domofgc,1
chemicaldragoon,notklaw,4
asmongold,mattgenaro,1
chemicaldragoon,notklaw,12
chemicaldragoon,lmn_waterzhd,7
chemicaldragoon,notklaw,4
chemicaldragoon,twitch_henry_j,3
giantwaffle,w4ffle_bot,3
asmongold,outcast6969,1
chemicaldragoon,lmn_waterzhd,7
asmongold,soulbld,14
asmongold,jordencoco,2
asmongold,epicpega,1
loltyler1,raisactk,1
bobross,dagto,4
chemicaldragoon,notklaw,2
giantwaffle,haxorsnake,0
forsen,caranteen,1
giantwaffle,mendiremen,7
forsen,daza846,12
giantwaffle,jokezorr,1
chemicaldragoon,notklaw,4
chemicaldragoon,notklaw,5
chemicaldragoon,lmn_waterzhd,5
chemicaldragoon,ttl_cashouttv,4
kalashnikovmediatv,1w8me,1
chemicaldragoon,strangebleu,5
forsen,duardo1,2
giantwaffle,gaudia,1
chemicaldragoon,mateinozaur,8
asmongold,draestv,2
forsen,sebbern1,1
kalashnikovmediatv,kyzmabolshieyaica,1
forsen,bruno079,1
loltyler1,norbi4500,0
loltyler1,praqxx,3
kalashnikovmediatv,pomg,0
giantwaffle,mastroid11,2
loltyler1,aslaksisku,1
asmongold,kaptaintg,1
chemicaldragoon,itsspartanttv,23
kalashnikovmediatv,viarko,4
forsen,wolftf2,2
kalashnikovmediatv,vova_ozhiganov,0
asmongold,ecarrillo1072k,1
giantwaffle,fishbone21,5
loltyler1,emptyhand0,2
loltyler1,blakcrock,18
forsen,lolyn,1
asmongold,curse_eminc,1
asmongold,zirikki,1
kalashnikovmediatv,somebodyknow,0
kalashnikovmediatv,igor1337200322,0
asmongold,straubbi,8
asmongold,sspurgu,2
asmongold,draestv,1
chemicaldragoon,enderesg,20
bobross,ligma_bofadeez,3
loltyler1,613days,1
kalashnikovmediatv,aksel_vegas,0
kalashnikovmediatv,vardanmu,0
kalashnikovmediatv,moobot,3
asmongold,kingeelbee,4
loltyler1,mashy611,1
forsen,ciaz,1
asmongold,shadowhaxxor,1
loltyler1,vreplay17,3
bobross,jzei1072,7
forsen,ahkimi_,2
loltyler1,simpleton_,26
forsen,tobajaz,1
bobross,ligma_bofadeez,6
kalashnikovmediatv,takeiteasy44,0
forsen,garrythemod,2
loltyler1,pleckike,6
forsen,stupid_man_costumes,14
forsen,uraniumumbreon,3
forsen,serolinosanos,1
kalashnikovmediatv,moobot,5
asmongold,dotctori,4
kalashnikovmediatv,cassel_de,0
chemicaldragoon,nightbot,9
kalashnikovmediatv,rumtheholy,0
loltyler1,iuntrus,4
bobross,sarahkae12,1
giantwaffle,crispy53,14
chemicaldragoon,asianjeff,21
kalashnikovmediatv,v1ncen7z,0
forsen,hobomania,1
kalashnikovmediatv,oves322,0
bobross,chew297,3
chemicaldragoon,thelastsamuraiisback,6
kalashnikovmediatv,kyzmabolshieyaica,1
kalashnikovmediatv,demon1010,0
loltyler1,dasneakyasian,19
forsen,themilkm4n,4
kalashnikovmediatv,kotyara0401,0
kalashnikovmediatv,blacklist111,0
kalashnikovmediatv,oves322,0
kalashnikovmediatv,mcp0x,0
chemicaldragoon,thesanch,2
kalashnikovmediatv,abnormalstream,1
forsen,budgetsolaire,1
bobross,r17411n,19
kalashnikovmediatv,sent124,0
asmongold,fireonmytarget,1
asmongold,animio,2
chemicaldragoon,darkerassassin0_o,4
asmongold,nuggsz,6
loltyler1,aphromoo_trihard,4
loltyler1,aphromoo_trihard,6
kalashnikovmediatv,v1ncen7z,1
asmongold,fellishbeast,1
asmongold,avantgg,3
kalashnikovmediatv,atsterk,0
asmongold,reith__,5
asmongold,hadeway,5
loltyler1,stormysoxx,3
kalashnikovmediatv,youngshooter1337,0
kalashnikovmediatv,mcp0x,0
loltyler1,lacazrie,1
chemicaldragoon,theraven1760,2
kalashnikovmediatv,oves322,0
asmongold,maliciousbert,1
kalashnikovmediatv,zhitnikov_38,2
kalashnikovmediatv,oves322,0
kalashnikovmediatv,vlad321501,0
bobross,nodramajustpizzas,3
kalashnikovmediatv,loo00r,0
forsen,randers00,1
bobross,yayo41,3
kalashnikovmediatv,sleshcybergamer,0
kalashnikovmediatv,ez4stechkin,0
bobross,brotze,2
bobross,descadeirado,5
kalashnikovmediatv,oves322,0
asmongold,jason_stribz,4
loltyler1,0zero_two,4
asmongold,aqua12,1
bobross,crazyyella,8
kalashnikovmediatv,zhitnikov_38,1
giantwaffle,tsironi,10
kalashnikovmediatv,butulkus,0
loltyler1,evolcg,5
asmongold,skyrow4,1
kalashnikovmediatv,butulkus,0
forsen,asdasfasfxcx,2
kalashnikovmediatv,dellviks,0
asmongold,claritycraft,2
asmongold,pooglemcbots,4
kalashnikovmediatv,belaruskii_kolhoznik,0
kalashnikovmediatv,dellviks,0
asmongold,yikesfinslave,2
kalashnikovmediatv,zeusnavimolotov,0
loltyler1,saharagames001,1
kalashnikovmediatv,kefirchik_007,0
bobross,metazoancrane,8
kalashnikovmediatv,inkvizitor303,0
kalashnikovmediatv,zeusnavimolotov,0
chemicaldragoon,mantz2312,2
asmongold,harok9,3
asmongold,subjugation,4
kalashnikovmediatv,jorsh_nagibator,3
kalashnikovmediatv,visman21,0
bobross,tf2scoutftw,1
kalashnikovmediatv,sasha2004m,0
sodapoppin,idontlikejava,8
sodapoppin,itsjer,3
sodapoppin,kappaozi,3
asmongold,slugerne,1
asmongold,reach27,1
asmongold,ywinx,11
chemicaldragoon,asianjeff,4
loltyler1,ll_sid_ll,2
chemicaldragoon,neojaron,3
kalashnikovmediatv,asved001,0
chemicaldragoon,reality_gaming123,2
loltyler1,platoom,1
chemicaldragoon,reality_gaming123,3
asmongold,ailurion,3
chemicaldragoon,asianjeff,26
sodapoppin,iamthrive,21
loltyler1,iroc2637,1
bobross,cga4colors,9
chemicaldragoon,thesanch,6
forsen,itreek,3
forsen,baddoge,8
chemicaldragoon,dw0nji,8
loltyler1,seizure_lights,2
forsen,dxcxskyton,4
sodapoppin,austin372,0
sodapoppin,henrik_dk,35
giantwaffle,shvm,2
asmongold,jsizzles36,1
kalashnikovmediatv,oves322,0
loltyler1,rikozhin,1
chemicaldragoon,strangelevel,2
loltyler1,urch_,1
asmongold,jeeeberzzz,2
kalashnikovmediatv,taga9,1
chemicaldragoon,vapourlegend,3
kalashnikovmediatv,moobot,4
sodapoppin,peppermintbutler01,1
loltyler1,galicizer,1
giantwaffle,rapidfuryy,2
asmongold,kobbz,1
sodapoppin,mvxcm,7
asmongold,forsenfeelsweirdman,5
sodapoppin,akiyoshiyuki,4
asmongold,ziffon,9
kalashnikovmediatv,dendelo,0
giantwaffle,lionprideftw,1
sodapoppin,dimitriwastaken,6
kalashnikovmediatv,1w8me,1
loltyler1,kielbosa,1
sodapoppin,whitesedanlights,4
sodapoppin,elprofeselacometoda,1
forsen,ciaz,1
kalashnikovmediatv,archieaka,0
kalashnikovmediatv,moobot,3
bobross,hydra_lisk,1
kalashnikovmediatv,jeiler_1337,1
asmongold,slickelf,6
asmongold,kelti04,0
loltyler1,miller57,3
loltyler1,w0lfyb,3
giantwaffle,dagmoo,2
forsen,hartofthecards,1
sodapoppin,dg2rs,1
asmongold,berserkzodd,5
asmongold,slizard93,15
kalashnikovmediatv,moobot,3
chemicaldragoon,vapourlegend,7
loltyler1,stompdaroach,4
chemicaldragoon,asianjeff,25
asmongold,therealdreggz,0
chemicaldragoon,oneofuschoked,1
asmongold,silkwyrmm,2
kalashnikovmediatv,ivan170000000,0
asmongold,churr_,1
kalashnikovmediatv,mynameisstalker,0
loltyler1,sloth_face,1
loltyler1,the_cryptic,1
kalashnikovmediatv,ez4stechkin,0
asmongold,kingofthetrololo,1
forsen,randers00,4
sodapoppin,mickeygrandia,1
loltyler1,satexam_,1
asmongold,94blond,1
sodapoppin,lkrythrexl,3
kalashnikovmediatv,taga9,0
asmongold,jamyo,1
asmongold,zerofkgiven,1
kalashnikovmediatv,solya143,1
sodapoppin,thnks_,4
kalashnikovmediatv,taga9,0
asmongold,tannder,1
asmongold,churr_,2
asmongold,i_made_that,3
sodapoppin,skyrius,2
forsen,xxx420litmaster_uw0tm8xxx,0
asmongold,0_ralpherz,1
asmongold,maxxxtreem,4
sodapoppin,ciomka202,5
kalashnikovmediatv,andreygreg777,0
bobross,magetea,4
forsen,gemartisan,5
loltyler1,howmuchmoneyisthis,1
forsen,justicerevival,3
sodapoppin,trymgh,2
asmongold,awakune,3
sodapoppin,akumagaminghd,1
asmongold,brengaming_,2
sodapoppin,harryblubber,2
bobross,kehbs,1
kalashnikovmediatv,bern1ng,0
sodapoppin,rubber_ducky__,2
asmongold,whaleblast,6
sodapoppin,onecoldtru,4
sodapoppin,peepopleb,2
forsen,some_kind_of_god_of_lolis,2
giantwaffle,drizzlmanizzl,60
chemicaldragoon,asianjeff,10
kalashnikovmediatv,taga9,0
sodapoppin,jadafacer,1
kalashnikovmediatv,mavalalalal,1
kalashnikovmediatv,oves322,2
chemicaldragoon,onlysjaden,9
sodapoppin,lymanmaze,3
sodapoppin,trymgh,1
chemicaldragoon,nightbot,12
sodapoppin,nerdblogio,2
asmongold,neoszdk,2
asmongold,angry_inuk,14
forsen,miseri20,1
asmongold,vershantis,1
kalashnikovmediatv,rurhdbbdeh,0
sodapoppin,mardante,3
giantwaffle,aaken22,1
asmongold,f0rbest,2
sodapoppin,xershiro,1
sodapoppin,eynahl,1
sodapoppin,daku866,1
kalashnikovmediatv,moobot,5
asmongold,awdme1524,2
sodapoppin,sagiroth,1
forsen,seibmoz,1
sodapoppin,ninj4z__,18
asmongold,comrad_ql,1
asmongold,tauruslul,2
bobross,stielow_fi,3
asmongold,zwankbawz,1
loltyler1,remes12,1
giantwaffle,ajttv,4
sodapoppin,klixor1,5
bobross,zanto21,5
chemicaldragoon,asianjeff,25
kalashnikovmediatv,rurhdbbdeh,0
chemicaldragoon,blxzettv,8
forsen,maxmil,10
forsen,thepiter333,2
sodapoppin,lemonkidd,2
chemicaldragoon,xxgetwreckedboixx,44
kalashnikovmediatv,romaxa35ru,0
loltyler1,munchthatcrunch,5
kalashnikovmediatv,mario2033,0
asmongold,allieskiller,1
sodapoppin,kirisaite,7
asmongold,bl4nkk,2
sodapoppin,peepopleb,3
bobross,imkyleexx,5
asmongold,squidghost,3
chemicaldragoon,onlysjaden,14
bobross,sunnnyftw,3
sodapoppin,ciazak,3
bobross,shotkiller438,1
forsen,imagine_being_triggered,9
kalashnikovmediatv,zevs088,0
loltyler1,pr0ff2,6
asmongold,ilovekababs,3
forsen,fawcantv,8
loltyler1,lethalbees,4
loltyler1,dan_kweed,2
asmongold,sapp95h,3
sodapoppin,zergsecs,6
kalashnikovmediatv,mikail_0101,0
sodapoppin,veldspartan,8
asmongold,ninekoo,3
loltyler1,icy_wyvern,2
sodapoppin,houldida,1
kalashnikovmediatv,neosnk19,0
loltyler1,myfaceisapotato,8
giantwaffle,vig1lance,12
sodapoppin,epiknuke,1
sodapoppin,nightredd_,1
kalashnikovmediatv,taga9,0
kalashnikovmediatv,artemakbar,0
asmongold,immortalsoul4,3
asmongold,i_made_that,1
loltyler1,bigtittycatgirlgf,1
sodapoppin,gin_and_tonic,1
loltyler1,dasneakyasian,1
kalashnikovmediatv,mestnayatvar,1
kalashnikovmediatv,leron3x,0
kalashnikovmediatv,komandor186,1
kalashnikovmediatv,rinichka,1
chemicaldragoon,mattweil,7
chemicaldragoon,asianjeff,20
kalashnikovmediatv,niwp_faust,0
kalashnikovmediatv,taga9,0
kalashnikovmediatv,lustrafford3,0
kalashnikovmediatv,leron3x,0
kalashnikovmediatv,zevs088,0
bobross,leavey3,8
kalashnikovmediatv,kotyara0401,0
kalashnikovmediatv,fallmons,0
asmongold,draestv,1
sodapoppin,samme1g,7
kalashnikovmediatv,neosnk19,0
asmongold,unstoppableforce,4
sodapoppin,dnyoon,3
sodapoppin,r1saype,1
sodapoppin,sorryoyster,3
kalashnikovmediatv,windows6,0
sodapoppin,tinybuckshot,3
kalashnikovmediatv,kotyara0401,0
sodapoppin,konexion,3
chemicaldragoon,asianjeff,20
asmongold,karkas09,2
loltyler1,woooooooooooooohooo,4
kalashnikovmediatv,windows6,1
sodapoppin,lemonsquezee,30
bobross,termpentstreams,3
asmongold,0legend0,2
asmongold,stefan2494,3
giantwaffle,ch3dd,12
kalashnikovmediatv,windows6,0
forsen,junglebroys,6
forsen,thepiter333,4
bobross,jennian,2
sodapoppin,mrcheezemonkey,2
sodapoppin,skyprime_,16
asmongold,torasamu,8
sodapoppin,deluxeseries,1
asmongold,edgedsword,1
sodapoppin,vissx,1
sodapoppin,anthonyjoshua7,0
sodapoppin,ninjaclog,1
asmongold,twitchfizzle,9
sodapoppin,b3ka,6
sodapoppin,ventus_1337,2
bobross,peachy_vxr,7
sodapoppin,homelessbaby,1
asmongold,xsoupsoapx,17
asmongold,elmuck,5
asmongold,casspion16,14
asmongold,jucobii,1
asmongold,everos12,3
asmongold,ken_sar,4
asmongold,sharpbladez,3
asmongold,lolislayer,1
sodapoppin,kb1prototype,1
sodapoppin,lawanhermees,5
sodapoppin,roachmain69,1
asmongold,magifek,19
loltyler1,joshk1213,2
loltyler1,frupp,20
giantwaffle,mayonnaise,0
loltyler1,riptonn,15
sodapoppin,ch_fox,1
sodapoppin,b3ka,0
loltyler1,skenz_,4
sodapoppin,samme1g,4
asmongold,hostagefour,8
sodapoppin,n1kotinniko,6
loltyler1,badfizzq,1
asmongold,kinosjourney,1
loltyler1,pootanghunter,1
loltyler1,thecontracted,1
sodapoppin,toweringthunderfist,6
loltyler1,ahagazelle,6
sodapoppin,dasgauck,1
loltyler1,m4d_ph03nix,1
loltyler1,xebulin,4
giantwaffle,tekkium,4
asmongold,biohazard1041,2
sodapoppin,fossabot,18
sodapoppin,mrhmod44,1
asmongold,andreas_smile,5
sodapoppin,ravenhoney,1
sodapoppin,jonksjonkson,5
sodapoppin,chzoo,3
loltyler1,rayzorsan,28
sodapoppin,prunella,4
sodapoppin,lymanmaze,2
loltyler1,trihardmylove,1
loltyler1,boyinawell,1
sodapoppin,ch_fox,0
loltyler1,wiktor7219,1
sodapoppin,darkeykurwa,1
asmongold,shoctopusik,1
sodapoppin,samme1g,0
asmongold,melodieous,3
sodapoppin,japeyee,1
asmongold,azer918,1
asmongold,seeiamdead,1
sodapoppin,f1zero_,2
asmongold,smoking_barrel,1
asmongold,noxix_uk,1
giantwaffle,biff72ol,5
asmongold,kebab_de_porro,2
asmongold,npxlive,3
sodapoppin,toni077,1
loltyler1,boyl,3
loltyler1,remes12,1
asmongold,megamanfreakinx1,2
loltyler1,bebrylune,1
asmongold,nomainer,1
disguisedtoast,not_xgml,1
loltyler1,perseph0nefish,5
loltyler1,groveciz,2
disguisedtoast,noakesy21,5
asmongold,raziel_dk,3
asmongold,loooooooool,1
asmongold,clocktree22,2
sodapoppin,olith1234,1
sodapoppin,stevenbale_,1
asmongold,gogizka,24
sodapoppin,aardman_,1
sodapoppin,jdxl,1
asmongold,graveag,1
asmongold,adonhit1,3
loltyler1,noch1frage,1
asmongold,claver123,1
disguisedtoast,xazaxus,1
disguisedtoast,sanjith17,54
asmongold,killakletty,1
sodapoppin,danisaname,1
disguisedtoast,ujascurl,1
asmongold,pawzhs,2
asmongold,pathora31,1
disguisedtoast,muybienlul,1
sodapoppin,antvenom,1
asmongold,blissard_ok,3
asmongold,jucobii,2
asmongold,jesusteaa,4
asmongold,von_haine,2
sodapoppin,stinkfoot34,0
asmongold,thefireisalie,4
loltyler1,opiq,0
asmongold,wortrax,1
asmongold,lel3owski,2
asmongold,moltherion_,1
asmongold,mursin1221,4
sodapoppin,mlitfalcon,1
giantwaffle,iotku,1
sodapoppin,woh_______,1
sodapoppin,ohshidwutup,1
bobross,alexnation,1
disguisedtoast,esoterror,7
asmongold,septicstraw,2
asmongold,pralko,6
giantwaffle,wontdisappoint,2
asmongold,ijormu,2
asmongold,sparic,1
loltyler1,nakb0m,1
sodapoppin,ibluna,3
disguisedtoast,turbantaj,3
loltyler1,nightbot,23
sodapoppin,f1zero_,3
loltyler1,ihatethem7,1
sodapoppin,cuda,2
asmongold,khomagb,1
disguisedtoast,kaiuthia,4
sodapoppin,cringedtomato,1
sodapoppin,whatthewillus,1
bobross,endin,2
asmongold,kurosaki_ichigo329,2
loltyler1,valfren,2
sodapoppin,micaiahhh,1
asmongold,miles022,1
asmongold,theshadock,0
asmongold,kirshoft,4
asmongold,playdanksouls,1
asmongold,sh1ft__,1
chemicaldragoon,ttl_cashouttv,6
loltyler1,mrdioman,4
sodapoppin,hoovepz,1
asmongold,ambassadude,2
loltyler1,mlgb_,1
disguisedtoast,xxazgulxx,6
bobross,toto_g2,3
disguisedtoast,goodbyesleep,9
asmongold,karadhras_rave,2
asmongold,meerita,4
sodapoppin,snorkel_,1
sodapoppin,40forte,4
sodapoppin,peppers777,0
loltyler1,vurderlak,1
loltyler1,juudailol,2
sodapoppin,camblack9211,5
giantwaffle,ziri,3
bobross,johnny2pipes,1
xqcow,sam_fn,84
sodapoppin,peep_the_frog,1
asmongold,raii21,4
bobross,ciderspy,6
xqcow,dashthetrashh,1
asmongold,buttsoap,5
asmongold,tonderz,4
sodapoppin,fossabot,19
asmongold,carro_z,3
asmongold,dazrotv,1
asmongold,grekain1,5
loltyler1,m0ment,1
disguisedtoast,dyinginsidexd,1
sodapoppin,assau1tandvinegar,1
xqcow,borgab,1
loltyler1,aklaio,1
asmongold,blacklimba,1
giantwaffle,lordbreeze_,5
xqcow,georgethenymph,21
xqcow,pickle_hairs,3
loltyler1,lukasbraad,1
chemicaldragoon,strangelevel,3
chemicaldragoon,coolrobloxman112,2
disguisedtoast,kirklandkim,14
chemicaldragoon,ttl_cashouttv,4
bobross,johnny2pipes,1
sodapoppin,trillionair3,1
sodapoppin,yuyuyuna_,1
sodapoppin,mahkrn,1
sodapoppin,grizzlyhead,1
asmongold,luckyminten,2
asmongold,rulexop,1
asmongold,inriot,1
disguisedtoast,gustavmka,3
asmongold,cadencesc,1
loltyler1,l1lpumpbo1,1
xqcow,lixo_ow,1
asmongold,the_great_lord_walden,3
bobross,toasteddotexe,1
loltyler1,i_am_joro,2
xqcow,cleopatraow,30
sodapoppin,depressionatedgamer,3
sodapoppin,playtime4zetro,3
loltyler1,shiny_chocobo,1
xqcow,subscroof,1
disguisedtoast,juanpi_tsm,3
loltyler1,benloh1997,3
asmongold,oldraiden,3
asmongold,jokseli,3
xqcow,toastermcbath,4
bobross,sugarglazedunicorn,1
chemicaldragoon,asianjeff,20
asmongold,luckyminten,2
asmongold,drmk1ng,1
bobross,fundip_on_the_fly,8
sodapoppin,mrplatinum,1
asmongold,theshadock,1
asmongold,omgacow,1
asmongold,yaftal,1
chemicaldragoon,bloodtre,22
chemicaldragoon,garretts911,11
loltyler1,kitkomaa,2
loltyler1,notcocksuhfloppin,1
asmongold,aklaio,1
asmongold,thattoastyghost,7
asmongold,darksidedearth,2
loltyler1,attunelol,2
xqcow,macho_camachooo,6
disguisedtoast,buitragosoft,1
asmongold,syciun,1
asmongold,zulul_h4h4,1
asmongold,niandra,3
asmongold,zynarch,12
chemicaldragoon,garretts911,11
loltyler1,prekazi65,3
asmongold,possiblyhippie,1
asmongold,tew_latte,3
disguisedtoast,madbman,5
sodapoppin,grizzlyhead,1
xqcow,fcz_ow,1
loltyler1,zulul_7,5
disguisedtoast,monkeydetective,15
asmongold,papashango74,3
xqcow,oscar1710,4
chemicaldragoon,garretts911,9
asmongold,zevegas,1
sodapoppin,rheno142,1
xqcow,scraak,1
xqcow,blowmymnd,2
asmongold,gorbachoph,3
disguisedtoast,coolrome1,1
asmongold,eduardlaser95,22
disguisedtoast,dyinginsidexd,4
xqcow,twitchslaps,2
sodapoppin,crymsong,1
giantwaffle,gachi_is_anime,4
asmongold,ragenaanners,1
sodapoppin,karmaincognito,3
xqcow,12btw_exe,4
sodapoppin,rockerr94,2
disguisedtoast,kneelman,11
disguisedtoast,bluetocho13,5
loltyler1,blackpantherlv2,6
asmongold,awakune,1
asmongold,mue0,1
sodapoppin,pechodepalomo,1
disguisedtoast,marshatothedimes,1
asmongold,queefity,1
sodapoppin,setilix,3
loltyler1,roy_____,3
xqcow,nymphayugo,1
asmongold,deepinthots,1
disguisedtoast,neonpeni,1
asmongold,temayte,3
sodapoppin,greenzangue,1
disguisedtoast,zubsero,8
chemicaldragoon,maze_misty,3
asmongold,shridevi,7
loltyler1,picklethebot,1
giantwaffle,swallowfirst,1
bobross,ericrodreeeguez,8
xqcow,cphandelman,1
sodapoppin,derpykray,1
asmongold,mitnaa,5
bobross,flthynrmi,2
bobross,qpau,4
chemicaldragoon,schnozzola,19
sodapoppin,sweatygiraffe,1
xqcow,zebulousthefabulous,1
asmongold,shwarr2112,3
asmongold,og_kawngi,1
asmongold,retrieeved,4
xqcow,exclamemes,1
asmongold,nexo34,0
giantwaffle,crobertsjr,6
sodapoppin,maxfriedmar,3
xqcow,questionswillbeanswered,1
asmongold,magifek,1
giantwaffle,risefoxix,4
chemicaldragoon,dazzlettv,2
disguisedtoast,monopolyman001,5
disguisedtoast,daekwons,0
chemicaldragoon,asianjeff,20
asmongold,blazky16,2
disguisedtoast,bryannov,3
loltyler1,eleven92,1
sodapoppin,ranhsa,4
sodapoppin,pytor1,1
disguisedtoast,kransekrigeren,1
loltyler1,jhanorwegian,7
asmongold,brasa95,1
asmongold,fankupanci,1
xqcow,jdxl,1
asmongold,mmo_player,1
bobross,heinz1991,2
asmongold,magifek,2
disguisedtoast,still_seth,5
disguisedtoast,newwave8,0
loltyler1,grace_rozaryex,2
asmongold,enhance37,1
asmongold,fawcantv,6
sodapoppin,peep_the_frog,1
disguisedtoast,heroinheinz1,0
asmongold,moltherion_,1
xqcow,siryjak,1
sodapoppin,dev10101,1
bobross,sithlordbill,1
asmongold,grizzlyadams_dfw,9
asmongold,officer_lime,4
giantwaffle,gaffa_truls,6
sodapoppin,miko0219,3
xqcow,kranklt,1
sodapoppin,nasxi94,1
xqcow,growl,1
giantwaffle,dragonslayerrai,1
loltyler1,nuthouuuse,2
bobross,nightskuil,1
asmongold,vampshroom,3
asmongold,d_vadiesfirst,2
bobross,stoshmoney14,21
loltyler1,redinkaddicted,3
giantwaffle,charliedontsiff,7
asmongold,whisdra,2
bobross,mrandyp,3
loltyler1,aidanlee3,0
disguisedtoast,nialish20,1
sodapoppin,progaz,2
bobross,erkin016,3
sodapoppin,walrus999,1
chemicaldragoon,strangelevel,4
disguisedtoast,dinodude,1
giantwaffle,jdsstroud,2
sodapoppin,rezay66,0
disguisedtoast,manfi95,1
disguisedtoast,prismweapon,1
giantwaffle,nefat,10
loltyler1,lilvegas,1
loltyler1,scrotumless,3
asmongold,ripvanwinkler,1
asmongold,unslaught89,1
sodapoppin,beauxgnar,1
giantwaffle,totesjelly,8
disguisedtoast,theskelem,1
asmongold,partklepto,1
asmongold,gaginni626,2
xqcow,nglitchy,1
giantwaffle,aktikus,1
sodapoppin,wamlab,1
sodapoppin,gauss_8,1
giantwaffle,gaffa_truls,1
asmongold,voketv,1
sodapoppin,prosebudd,1
xqcow,ugandan_hobo,1
sodapoppin,im_linq,8
asmongold,mashuux,6
giantwaffle,2flip,5
xqcow,tenshihs,1
xqcow,taylor_swifts_legs,1
disguisedtoast,erosicarus,6
disguisedtoast,petal_rain,2
disguisedtoast,mr_bunnykins,1
xqcow,meawa,1
sodapoppin,retalxc,4
disguisedtoast,mlam,5
giantwaffle,dx_plates,14
xqcow,octaviuslikesdisco,10
sodapoppin,anerty2349,4
disguisedtoast,hatinthematt,3
xqcow,lovelyuwu,2
sodapoppin,anerty2349,3
sodapoppin,theonlyuilly,8
disguisedtoast,ajwme,10
sodapoppin,selinen,1
disguisedtoast,kikoookamiii,2
xqcow,questionswillbeanswered,1
disguisedtoast,amirnasekhian,5
sodapoppin,planaproject,1
disguisedtoast,flawlessfinkog,1
disguisedtoast,rosememories,1
giantwaffle,megahero890,1
sodapoppin,ggidiot,1
sodapoppin,gauss_8,1
sodapoppin,mister__watermelon,5
xqcow,gattz_,1
xqcow,ndamuk0ng_tb,1
asmongold,salsafrog,1
sodapoppin,unoriginal_username20,1
sodapoppin,kaj_k,1
loltyler1,zatuaan,11
asmongold,mattgenaro,1
loltyler1,riley03456,2
bobross,one_saucy_boi,5
sodapoppin,eu_is_insecure,7
loltyler1,profkas_,5
sodapoppin,alfa21,1
disguisedtoast,locknoz,48
asmongold,cosmonautasaurus,7
asmongold,blob8,6
sodapoppin,electronicblade,1
disguisedtoast,nightmare3203,80
loltyler1,bigtittycatgirlgf,5
disguisedtoast,ludiajoe,2
asmongold,gnarl09,6
disguisedtoast,louiskkkkkkkkk,3
loltyler1,skiiptomylou,2
sodapoppin,boybiue,1
asmongold,notgerms,7
xqcow,pixelgeckko,1
asmongold,cmdrkipansel,7
chemicaldragoon,asianjeff,20
disguisedtoast,kawaiiasphuck,6
loltyler1,almightygod4,2
sodapoppin,peepopleb,1
chemicaldragoon,obese_camel,6
giantwaffle,showtimeatylers88,4
asmongold,janaparks,3
disguisedtoast,bocatadtortilla,1
giantwaffle,kohta_sama,9
sodapoppin,buhnahsee,4
xqcow,sapodillaa,1
xqcow,lmao0,1
disguisedtoast,maeander96,4
loltyler1,smilefaceeee,1
xqcow,genozi,3
asmongold,nisseyoo,4
asmongold,mipa,1
asmongold,beuchor,1
asmongold,poondog,3
asmongold,bazontwitch,1
sodapoppin,a35p,1
xqcow,mccreepow,1
xqcow,aromirose,1
disguisedtoast,ricchkidswan,1
chemicaldragoon,pilotmonkey0,1
loltyler1,kickdel,6
sodapoppin,giovsd,2
bobross,huckleberry_,2
bobross,soszcny,1
bobross,thesirmontypython,6
giantwaffle,moobot,14
disguisedtoast,spinat930,1
sodapoppin,mayushii_desu,1
chemicaldragoon,asianjeff,20
sodapoppin,apocalypseknight,1
disguisedtoast,laserflamingo,5
xqcow,yedbuck,1
loltyler1,thalmorjusticiar69,2
asmongold,kampos,4
sodapoppin,marshallbg,3
asmongold,krumbers,2
giantwaffle,luko27,3
asmongold,yabu,3
asmongold,dyrathion,1
sodapoppin,getoffurcheeksndoit,5
sodapoppin,shikafrecko,1
sodapoppin,stonedwa11,2
sodapoppin,korn5979,1
chemicaldragoon,etzbatschts,14
sodapoppin,caletto,2
asmongold,poondog,2
chemicaldragoon,oneofuschoked,10
chemicaldragoon,trollaplayer,1
giantwaffle,marvellousz,1
giantwaffle,still_faster,2
disguisedtoast,superfroober,1
bobross,d3tin_tv,1
disguisedtoast,iwantoj,4
disguisedtoast,jokilomo1,4
asmongold,dyrathion,2
sodapoppin,reinkaosnl,12
disguisedtoast,pcmaster365,3
asmongold,loolz_stream,1
disguisedtoast,sebastianng,3
giantwaffle,teezy_ez,6
giantwaffle,tomwyr_,1
giantwaffle,cypherdrone,5
disguisedtoast,cupsare4losers,1
giantwaffle,pureharddancer,2
disguisedtoast,naruto789789,1
giantwaffle,miidved,3
sodapoppin,lemonsquezee,1
chemicaldragoon,steven_maca01,23
asmongold,rightjab,1
loltyler1,remes12,1
bobross,covercrop,22
disguisedtoast,fireal5,6
asmongold,theebbel,15
giantwaffle,thetanil,8
asmongold,mancey690,1
disguisedtoast,jokilomo1,10
chemicaldragoon,trollaplayer,4
chemicaldragoon,ttl_cashouttv,6
sodapoppin,fossabot,22
sodapoppin,spookydonger,3
disguisedtoast,wonhyukdo,6
sodapoppin,theonlyuilly,1
disguisedtoast,harsch1,10
loltyler1,arcteren,1
giantwaffle,futilewarrior,2
disguisedtoast,theskelem,0
sodapoppin,vanpercy09xd,1
sodapoppin,wreckled,3
chemicaldragoon,nightbot,13
giantwaffle,wicklord23,7
sodapoppin,ironisironic,1
disguisedtoast,zuzu_630,3
giantwaffle,uaenalove,1
giantwaffle,loqrin,2
xqcow,mccreepow,12
sodapoppin,sordiway,5
sodapoppin,mariusz_psikuta,3
sodapoppin,sep___,2
xqcow,2timers,2
disguisedtoast,ulucokur,0
sodapoppin,siryjak,1
xqcow,kiwikid_was_the_problem,1
sodapoppin,lx_zander,2
sodapoppin,zarlach,3
xqcow,kumoxd,2
sodapoppin,takethatback,4
disguisedtoast,awkwardshark25,9
bobross,jmcintosh,3
loltyler1,dasneakyasian,2
sodapoppin,yaaag,2
disguisedtoast,sethbruv,3
xqcow,azumajae,57
disguisedtoast,harusuzumiya,1
giantwaffle,evsir,3
sodapoppin,paddi18,1
sodapoppin,madzee,1
disguisedtoast,nelordrialin,3
loltyler1,millerslays,1
chemicaldragoon,ttvfilinava,6
sodapoppin,chaos_infern0,1
chemicaldragoon,ttl_cashouttv,6
loltyler1,bria37,1
sodapoppin,beerro,1
bobross,therealponnx,1
disguisedtoast,yosox8,3
giantwaffle,grodzki444,3
disguisedtoast,lordoblivium,1
giantwaffle,pogyou,4
chemicaldragoon,twhip2,13
xqcow,diqqdiq,1
chemicaldragoon,imockingsxcto,2
disguisedtoast,xzaveid,16
disguisedtoast,noicelogin,1
xqcow,omghisky,1
bobross,sgf108,1
loltyler1,nitano_,2
disguisedtoast,davezombarian,1
bobross,paulmcpaulesen,3
xqcow,bumzoid,1
sodapoppin,oonaaa,3
sodapoppin,warf1sh,6
sodapoppin,mariusz_psikuta,8
sodapoppin,tacticalchaz,1
xqcow,benziezz,0
sodapoppin,rosezj,1
sodapoppin,zynarch,1
xqcow,m_a_n,1
xqcow,zorm05,1
xqcow,belugaboi,1
sodapoppin,edukill,1
sodapoppin,madzee,1
loltyler1,impnu,1
disguisedtoast,naruto789789,1
disguisedtoast,retsi21,1
bobross,br00oooooo00,6
xqcow,pretty_krazy,2
disguisedtoast,ghuts77,6
xqcow,yedbuck,1
xqcow,emelichen,7
sodapoppin,condensedstar,1
sodapoppin,koulla,3
disguisedtoast,carathir,2
sodapoppin,hoomuns,1
disguisedtoast,takyn,1
disguisedtoast,spazime,1
disguisedtoast,bboyazk,9
bobross,x_dude,7
loltyler1,haztro,0
chemicaldragoon,ttl_cashouttv,6
xqcow,jdxl,1
bobross,jbreun77,5
disguisedtoast,boouats,2
disguisedtoast,damianjob,1
xqcow,wonderlelele,1
xqcow,s1lasg,1
bobross,capnmoonlite,1
sodapoppin,yogib,1
xqcow,aseyace,8
sodapoppin,feelsgoodmydude,2
sodapoppin,johnqc_,1
sodapoppin,cpt_morph,4
disguisedtoast,bruno079,5
disguisedtoast,brian_rad_,4
disguisedtoast,metalgos,1
disguisedtoast,obersinyo,1
disguisedtoast,itsbel3nos,2
xqcow,icastellari,2
loltyler1,halodudette,3
disguisedtoast,kkon,4
chemicaldragoon,ttl_cashouttv,6
disguisedtoast,jlovesmusic,1
loltyler1,veryrudeguy,26
bobross,ghostcamer,24
sodapoppin,picoegallo_cl,2
sodapoppin,carter,7
sodapoppin,dragonmorcilla,1
disguisedtoast,bastixiii,1
disguisedtoast,brian_rad_,1
disguisedtoast,loyalm,2
xqcow,jdxl,1
sodapoppin,vaxxaz,1
sodapoppin,xershiro,1
disguisedtoast,marcuslemarquez,9
disguisedtoast,dyinginsidexd,0
loltyler1,arcteren,1
sodapoppin,spyduh,2
chemicaldragoon,swaggernaught11,13
bobross,greatseth,9
giantwaffle,arby_52,1
disguisedtoast,iqueque,1
chemicaldragoon,skydaddyy5,21
giantwaffle,sypheron,2
loltyler1,dobblee,6
loltyler1,prothro,1
chemicaldragoon,asianjeff,24
bobross,frieeedaaa,1
bobross,mevarit,2
loltyler1,stevestreamssht,13
loltyler1,killuaken,1
loltyler1,hauzuki,1
giantwaffle,tmd429,1
disguisedtoast,ramaya00,5
disguisedtoast,robo_hobo,1
disguisedtoast,louisxivo,2
bobross,chefyaboy,1
bobross,edmistja,10
loltyler1,neppo,4
sodapoppin,zexc_,2
giantwaffle,thafrenchguy,3
disguisedtoast,jacksoncool69,2
bobross,vampz_v2,5
sodapoppin,the_brave_usopp,0
sodapoppin,snaqs1,1
disguisedtoast,koretex_,1
loltyler1,wii2g,3
sodapoppin,getoffurcheeksndoit,4
disguisedtoast,enlightnd_wolf,1
disguisedtoast,wolksnz,1
chemicaldragoon,ttl_cashouttv,6
loltyler1,bratwurstz,1
giantwaffle,eldiablogato,1
chemicaldragoon,ttl_cashouttv,2
chemicaldragoon,schnozzola,19
xqcow,matty_flynn,2
chemicaldragoon,sharpsboyz,6
bobross,bigfuzzysiberianbear,5
chemicaldragoon,lockgenerator,3
disguisedtoast,carlosh_00,1
disguisedtoast,templarre,1
disguisedtoast,saphirshroom,1
sodapoppin,sonkyuubi,2
sodapoppin,droneboy_,1
sodapoppin,zexc_,15
chemicaldragoon,drdassani,4
chemicaldragoon,drdassani,2
chemicaldragoon,drdassani,2
loltyler1,jazzypunk88,1
disguisedtoast,nogoodmeaning,1
loltyler1,mokzmil,9
disguisedtoast,khorne2111,0
disguisedtoast,xcorpion13,1
giantwaffle,matrimog,5
chemicaldragoon,ttl_cashouttv,6
sodapoppin,stoff_und_schnaps_,1
disguisedtoast,theangrymango,1
disguisedtoast,boouats,1
disguisedtoast,haremking,1
disguisedtoast,jonney_moon,2
sodapoppin,fluxresto,0
xqcow,bkid1070,2
disguisedtoast,theels6,2
disguisedtoast,fernylol,1
chemicaldragoon,dyzblackout100,30
disguisedtoast,fasnitro,1
bobross,erock1231,1
disguisedtoast,blubblubblublub,1
sodapoppin,yaftal,1
chemicaldragoon,animedia,2
disguisedtoast,umadbro1000,1
chemicaldragoon,dyzblackout100,30
chemicaldragoon,eposure_zeus,10
sodapoppin,jazzykat,1
disguisedtoast,clipbait,3
chemicaldragoon,thenanonoob,4
disguisedtoast,diazulito,1
disguisedtoast,vnla_,2
disguisedtoast,xvxhanyouxvx,3
disguisedtoast,dyinginsidexd,1
sodapoppin,denim_chicken22,3
disguisedtoast,equinox_fall,6
disguisedtoast,geicogaming,4
disguisedtoast,krolian,5
sodapoppin,astralrejection,4
xqcow,ch_fox,1
sodapoppin,itreek,1
disguisedtoast,harleyboi02,6
loltyler1,dewku,3
loltyler1,dewku,1
bobross,stielow_fi,1
bobross,bluemethjungler,4
xqcow,funnydankmaymays,2
sodapoppin,luked0,1
loltyler1,derozan93,2
disguisedtoast,kumekito,1
giantwaffle,tackler52,12
loltyler1,furisado_,1
xqcow,jriu9,0
sodapoppin,dualclown,0
sodapoppin,nosuuddo,2
sodapoppin,kebabster,1
loltyler1,shikwave,1
loltyler1,gertzzell,0
loltyler1,spprocenn,0
loltyler1,doublek25,1
disguisedtoast,uprightrogue,1
disguisedtoast,hei_jman,2
disguisedtoast,rocketeer501,1
disguisedtoast,idtaggedcow,1
disguisedtoast,liquifiedx,1
disguisedtoast,globburt,0
disguisedtoast,eye_yam_stew_peeed,1
sodapoppin,lintela,2
sodapoppin,luxarx,1
giantwaffle,lennysl5,8
xqcow,azumajae,2
disguisedtoast,berzthebeast,0
disguisedtoast,25pieces,2
sodapoppin,catboatz,1
loltyler1,4ktoz4,1
disguisedtoast,cmarstonblunt,3
xqcow,big_moe,2
loltyler1,cabstero,1
disguisedtoast,burningdemise,2
disguisedtoast,kidcorgi,4
bobross,codbo2rgm2_gaming,1
sodapoppin,epiknuke,2
sodapoppin,drakenking,1
loltyler1,stonerox,2
sodapoppin,peepopleb,1
loltyler1,silentmann,1
loltyler1,woopster_,0
xqcow,kb_override,1
disguisedtoast,reedweed,1
disguisedtoast,loyalm,1
disguisedtoast,jhonnathanjl,2
sodapoppin,biiroman,1
sodapoppin,dumbodumbosecsdumbodu,1
sodapoppin,jopskydopsky,2
disguisedtoast,blcowboy6,1
xqcow,tiger_reborn,2
sodapoppin,maddlife1,1
sodapoppin,susz_,1
loltyler1,103937595a,2
sodapoppin,themsk61,1
sodapoppin,axl_low,1
disguisedtoast,animaxist2,0
disguisedtoast,sergorom,0
xqcow,xibu22,6
bobross,fl1pfx,2
disguisedtoast,finnickodaire,0
sodapoppin,schnotzzn,5
sodapoppin,raizer56,3
disguisedtoast,kingsayblue,2
disguisedtoast,sebaba1234,4
loltyler1,yondaime1722,7
disguisedtoast,sebaba1234,1
loltyler1,im_neige,1
sodapoppin,mustangdoughnut,2
disguisedtoast,pricelessy,1
loltyler1,samzoidx,1
sodapoppin,dab_goon,1
disguisedtoast,tato_gc97,1
disguisedtoast,bestwithrice,0
sodapoppin,jaydenrs,10
sodapoppin,mustangdoughnut,3
disguisedtoast,icytoggles,0
disguisedtoast,techmaster11,0
disguisedtoast,sopherim,0
disguisedtoast,shinobiofentropy,1
disguisedtoast,trigginfypo,0
disguisedtoast,chiaki_bestgirl,0
disguisedtoast,yellowneck848,1
disguisedtoast,labonal,1
loltyler1,ripvanwinkler,4
disguisedtoast,botosaka_tv,16
disguisedtoast,ggswienstag,0
disguisedtoast,lokmenbh,0
xqcow,codyjincka,1
disguisedtoast,yufukas01,1
disguisedtoast,potatosol,2
disguisedtoast,shokkeri,1
loltyler1,quitnn,1
disguisedtoast,alphabeater123,0
disguisedtoast,thesilveraura,1
giantwaffle,rickybk,2
loltyler1,skillet777,1
disguisedtoast,5hoofd,0
disguisedtoast,fdgnightmare,1
disguisedtoast,antiherodiaz,1
disguisedtoast,kushdaddy121,3
loltyler1,alovingayaya,2
sodapoppin,idisasterous,3
loltyler1,zcalig4000,1
disguisedtoast,sunleonlion,3
loltyler1,iamposs,2
disguisedtoast,mattsham,5
disguisedtoast,captianburger,4
loltyler1,catalystcs,4
disguisedtoast,graicho,1
disguisedtoast,dynamic59,4
disguisedtoast,kingsayblue,2
disguisedtoast,kaptainkoji,4
bobross,zenjion,5
sodapoppin,xhuunt,2
loltyler1,weewooweewooo,2
disguisedtoast,mareon58,1
sodapoppin,peterlikespie88,2
disguisedtoast,azinacehd,1
bobross,parotaur,0
sodapoppin,paffkata1914,2
disguisedtoast,cpl_cuddlez,1
loltyler1,caitbest,1
disguisedtoast,kingsayblue,2
loltyler1,lolintra,4
disguisedtoast,pooplar,1
disguisedtoast,poughphtheightteeau,4
sodapoppin,fuzentrix,3
loltyler1,jesse6975,3
disguisedtoast,thelifeofivan,5
giantwaffle,rickybk,5
sodapoppin,matrix603,1
loltyler1,imsudowoodo,0
xqcow,gainscity_f,0
disguisedtoast,phantomwaffle7,2
sodapoppin,random_viewer_55,1
sodapoppin,narat,1
sodapoppin,reset_qt,3
disguisedtoast,katanaslash,14
disguisedtoast,roeq,1
bobross,solarath,0
loltyler1,kyooyeal12,7
disguisedtoast,azndragon47,4
xqcow,ariiisato,60
disguisedtoast,jayson_d33,8
disguisedtoast,carrytron_,2
xqcow,zelusion_5,2
sodapoppin,iflaske,5
loltyler1,atdeadly,8
giantwaffle,coastalcarolina,5
xqcow,kernnit,2
disguisedtoast,azndragon47,1
bobross,bowman86si,2
disguisedtoast,nomad_kane,10
loltyler1,papistalinkgb,1
loltyler1,kingogames07,12
bobross,pine_x2,5
disguisedtoast,porguin,1
disguisedtoast,nogoodmeaning,1
xqcow,alrightythen_,1
bobross,bluemethjungler,2
sodapoppin,illadelphiah,1
giantwaffle,luk_2288,11
sodapoppin,itslikeabaws,6
sodapoppin,flinwe95,3
disguisedtoast,fearlessmagician,1
loltyler1,firefistace2,1
giantwaffle,onetonsoup,6
loltyler1,venusgillette,1
disguisedtoast,azidstorm,5
loltyler1,fatfat664,1
loltyler1,blindguardianos,1
sodapoppin,lryroth,1
loltyler1,mr_fleshlight,1
loltyler1,vrad13,2
xqcow,actovion,1
loltyler1,hell_ninja,2
sodapoppin,shy00,5
sodapoppin,rearinjection,2
bobross,bippoernesti,10
sodapoppin,chanceadvance,2
sodapoppin,fish_sauce,1
sodapoppin,iciiii,2
sodapoppin,mrpojo,1
sodapoppin,alice_mayami,1
sodapoppin,reximus1,1
giantwaffle,dieversionn,8
bobross,xpag0406,2
sodapoppin,reximus1,3
sodapoppin,michaeltwitcher,4
giantwaffle,essjie,12
sodapoppin,clocktree22,2
loltyler1,emptyhand0,1
sodapoppin,eclipsemn,2
sodapoppin,bunnai,1
sodapoppin,keltarax,2
xqcow,pyrohhhh,48
giantwaffle,djt111,12
sodapoppin,igocrazyatnight,2
disguisedtoast,an_slenderman,1
bobross,crowofdetroit,2
sodapoppin,nichismic,2
sodapoppin,mercykiller48,3
sodapoppin,raceoplasma,3
sodapoppin,cuda,2
sodapoppin,holusontwitch,5
disguisedtoast,ayeitskron,1
disguisedtoast,taken_login,2
disguisedtoast,coolboyman1,2
disguisedtoast,imneverwrong,5
sodapoppin,paffkata1914,60
disguisedtoast,bubble_tea_vampire,3
giantwaffle,potetopotato,2
xqcow,jhumps28,57
disguisedtoast,d_dynamus,1
sodapoppin,xmeps,1
bobross,m_douglas,8
giantwaffle,avengedaaron,4
giantwaffle,duckie__,4
xqcow,eeeeeeeeeeeeeeeeee,51
disguisedtoast,ujascurl,1
disguisedtoast,pineappleyou1,7
bobross,robathari,2
disguisedtoast,lonleyloofah,2
bobross,astrid_inc,13
xqcow,cabbeats,30
sodapoppin,hera_ayase_inaba,1
giantwaffle,ii_basednova_ii,30
bobross,edmistja,4
disguisedtoast,b0kch0i,2
sodapoppin,peculiarherb,1
giantwaffle,oli26,2
sodapoppin,postmanpappy,1
disguisedtoast,coinxx,9
bobross,kiscolol,5
sodapoppin,neluchog,3
disguisedtoast,aeronfaust,1
disguisedtoast,ghoatheads,1
chemicaldragoon,skydaddyy5,21
xqcow,jannelou,1
sodapoppin,bigchickenlegg,1
sodapoppin,zeoxsys,1
sodapoppin,chevazchan,2
disguisedtoast,kevoutward,1
disguisedtoast,angster123,1
sodapoppin,loyall,1
disguisedtoast,d_dynamus,9
xqcow,alfredxfactor,1
bobross,romarook,2
sodapoppin,r_e_n_x,2
sodapoppin,castiel_eexdee,2
chemicaldragoon,legiontitan333,1
sodapoppin,dairyhong,1
xqcow,fossabot,25
sodapoppin,thechemgeek18,1
sodapoppin,tomi_1988,0
disguisedtoast,narrow101,1
disguisedtoast,clutchf0rce,1
disguisedtoast,qwertyward,10
chemicaldragoon,legiontitan333,9
chemicaldragoon,bannedscout,5
chemicaldragoon,ytry_bishh,62
chemicaldragoon,bannedscout,3
xqcow,pigi5,6
sodapoppin,nyanmeh,1
chemicaldragoon,tktripple,27
sodapoppin,clambrewery,1
xqcow,zolax,4
sodapoppin,bicboiilul,2
disguisedtoast,arc_insanity,1
disguisedtoast,enemi,1
sodapoppin,quote_me_if_you_are_cute,9
disguisedtoast,chyandlah,5
sodapoppin,possiblysyl,1
chemicaldragoon,amazingstewie12,7
chemicaldragoon,skydaddyy5,21
chemicaldragoon,animedia,1
sodapoppin,mallory1337,4
chemicaldragoon,swaggernaught11,13
disguisedtoast,mavdak,84
disguisedtoast,uincy_d,1
disguisedtoast,fiaugusto,3
disguisedtoast,empty_headedl,1
sodapoppin,ventureblob42,1
disguisedtoast,supersuper,4
disguisedtoast,kaptainkoji,4
disguisedtoast,jzenmaster,4
disguisedtoast,howie_rp,3
sodapoppin,alice_mayami,6
disguisedtoast,vixiypixie,4
disguisedtoast,sionnnara,3
sodapoppin,seraphimbey,1
disguisedtoast,jellson21,2
disguisedtoast,shadowreformed,4
disguisedtoast,pinapple_on_piza,3
disguisedtoast,gameproforever,3
disguisedtoast,thtguyoverther,1
sodapoppin,thatawkwardude,2
disguisedtoast,natherz,1
disguisedtoast,lyssza,2
disguisedtoast,khoa159,1
sodapoppin,meowzers7,5
disguisedtoast,lootinhs,2
disguisedtoast,reptar,1
disguisedtoast,monty_19,4
disguisedtoast,diego1497,1
disguisedtoast,poubellle,2
disguisedtoast,gmann45,4
disguisedtoast,mcgingy998,4
sodapoppin,e_rex_shawn69,14
disguisedtoast,trulylegit80,4
chemicaldragoon,clxx,4
xqcow,streamelements,15
sodapoppin,clambrewery,1
chemicaldragoon,lxal,2
chemicaldragoon,fuzeaspirecms,4
sodapoppin,jamjacjoe,1
disguisedtoast,thesneakymane,3
chemicaldragoon,lxal,3
disguisedtoast,whosthatcrow,1
bobross,bluemethjungler,6
disguisedtoast,ffasfaadanasd,1
disguisedtoast,youfighter,2
chemicaldragoon,nate7705,3
disguisedtoast,unboundl,5
chemicaldragoon,darkerassassin0_o,4
disguisedtoast,thatcrazyviking,1
disguisedtoast,dyinginsidexd,2
sodapoppin,gredo890,1
disguisedtoast,igorpd_,2
bobross,occuitist,1
giantwaffle,colt_44_magnum,3
giantwaffle,techprod1gy,1
sodapoppin,dr_fap,5
bobross,thanksenjoy,2
bobross,thanksenjoy,2
giantwaffle,skitha,5
disguisedtoast,melondrops,1
giantwaffle,cpt_fubar,6
giantwaffle,ct_legacy,4
chemicaldragoon,dossezhome,3
sodapoppin,ca9is,1
sodapoppin,shuzure,2
giantwaffle,nick43087,5
giantwaffle,skillzaka09,7
sodapoppin,eu_why_so_quiet_lul,1
giantwaffle,tmucha09,2
sodapoppin,puptarts_,1
chemicaldragoon,fusionbiscuit63,4
bobross,theworldisatoilet,1
chemicaldragoon,itzdrifts,7
sodapoppin,serrakry,1
chemicaldragoon,fusionbiscuit63,17
giantwaffle,pipeman1221,9
disguisedtoast,larryberryy,1
chemicaldragoon,nate7705,3
sodapoppin,dem_oli_sher,1
chemicaldragoon,fuzeaspirecms,4
disguisedtoast,loyalm,1
disguisedtoast,signaturr,1
sodapoppin,dem_oli_sher,1
chemicaldragoon,colinworsley1234,5
xqcow,imlostlowkey,40
chemicaldragoon,animedia,2
sodapoppin,kaldar1s,1
xqcow,actovion,1
sodapoppin,abaeterno,3
chemicaldragoon,clxx,12
chemicaldragoon,sdoob,18
disguisedtoast,karrarmac,1
sodapoppin,sinlessmoon,1
chemicaldragoon,clxx,12
sodapoppin,derekthehobo,6
chemicaldragoon,clxx,12
xqcow,der5imi97,1
chemicaldragoon,clxx,12
disguisedtoast,chewyangel,1
giantwaffle,jinrai__,9
chemicaldragoon,clxx,12
sodapoppin,noelle1520,4
chemicaldragoon,itzdrifts,2
chemicaldragoon,clxx,12
bobross,5ebas,6
sodapoppin,niphera01,1
disguisedtoast,xxotbxx,1
disguisedtoast,sindancetv,5
chemicaldragoon,clxx,12
chemicaldragoon,clxx,12
disguisedtoast,timingisreal,2
chemicaldragoon,clxx,12
chemicaldragoon,clxx,12
chemicaldragoon,clxx,12
giantwaffle,macodez,5
chemicaldragoon,itzdrifts,7
giantwaffle,elwood3,4
chemicaldragoon,clxx,12
chemicaldragoon,clxx,12
disguisedtoast,bearloh,3
chemicaldragoon,clxx,12
giantwaffle,cobaltgaming5,1
sodapoppin,xibbas,6
sodapoppin,rendersettings,1
sodapoppin,corfish67,2
sodapoppin,whitelight94,1
disguisedtoast,taken_login,1
bobross,xedreasx,17
disguisedtoast,kylecastro905,1
sodapoppin,dem_oli_sher,5
disguisedtoast,magnaflorious,42
xqcow,omegalul7_,50
xqcow,12btw_exe,2
xqcow,calibraso,1
disguisedtoast,weluv2luv,3
giantwaffle,jinrai__,7
chemicaldragoon,justdylanyt,11
xqcow,we_g0_agane,2
sodapoppin,olivieri,1
sodapoppin,rr00,1
sodapoppin,emufass,1
chemicaldragoon,strangelevel,2
sodapoppin,bingiildak,2
disguisedtoast,pastlivesz,1
chemicaldragoon,killacrozz,5
giantwaffle,colt_44_magnum,5
chemicaldragoon,killacrozz,5
disguisedtoast,mlam,2
disguisedtoast,trainerc7,1
sodapoppin,r1c3f13ld,1
xqcow,viztions,1
giantwaffle,shanomac99,1
disguisedtoast,themlgfailure,18
disguisedtoast,fezace,3
chemicaldragoon,infamousgemini3,23
disguisedtoast,chunkymonkey42,4
disguisedtoast,portwine,1
disguisedtoast,keviroo,1
chemicaldragoon,dyzblackout100,30
disguisedtoast,lordoblivium,1
xqcow,diqqdiq,36
disguisedtoast,jwsharky,3
chemicaldragoon,justingep_,8
giantwaffle,kkman96,1
giantwaffle,enigma_z,2
sodapoppin,marsauce,1
sodapoppin,exposedcheese13,3
sodapoppin,winniethepiglet,4
chemicaldragoon,justdylanyt,11
chemicaldragoon,justdylanyt,2
disguisedtoast,ghostygh0ul,3
disguisedtoast,lyfless,4
disguisedtoast,itscloudk,1
sodapoppin,vengarrr,1
disguisedtoast,samiam1113,3
disguisedtoast,frauleinn,3
disguisedtoast,ob_izzy23,4
disguisedtoast,dylangee,1
giantwaffle,colt_44_magnum,12
disguisedtoast,bbanjjak,3
disguisedtoast,sendish11,4
disguisedtoast,kingsayblue,4
disguisedtoast,dafourthh,64
disguisedtoast,emimilia,3
disguisedtoast,parthvader,1
chemicaldragoon,cucrimson,14
chemicaldragoon,swaggernaught11,26
giantwaffle,logicalforce,3
disguisedtoast,ryuutsuu,2
disguisedtoast,oswaldrs,5
sodapoppin,vengarrr,1
disguisedtoast,kammekasu,5
chemicaldragoon,t_wow,48
disguisedtoast,dafourthh,1
disguisedtoast,lucas_straps,1
disguisedtoast,tigerzz1,1
sodapoppin,drago1uk2000,4
disguisedtoast,peorawr,0
disguisedtoast,frostbite83,1
disguisedtoast,xenzat,0
disguisedtoast,porguin,4
disguisedtoast,ffasfaadanasd,3
chemicaldragoon,justdylanyt,11
disguisedtoast,peasantrose,1
giantwaffle,dashdasher,1
disguisedtoast,whitecharisma,1
chemicaldragoon,dyzblackout100,30
disguisedtoast,skizmatic,1
giantwaffle,tackler52,6
xqcow,nachostretchy,2
disguisedtoast,dannyxohhaiyou,3
disguisedtoast,mythiology,3
disguisedtoast,mewnic,24
disguisedtoast,trickthepirate,1
disguisedtoast,mrfishbowl0g,1
disguisedtoast,norio1025,1
disguisedtoast,da_gurg,1
disguisedtoast,xmagnetized,1
disguisedtoast,senorlobowwz,1
sodapoppin,x_elucidator_x,1
sodapoppin,wittyjojokehere,1
disguisedtoast,davidsaito_,1
disguisedtoast,neerkat,2
giantwaffle,ogrebc,4
disguisedtoast,flaminglasso,1
giantwaffle,tilting_o7,1
disguisedtoast,diaeroib,1
disguisedtoast,ned1225,1
disguisedtoast,icyfighter,1
disguisedtoast,sh0m4rr1,1
disguisedtoast,kekehaha,1
chemicaldragoon,backw00d,4
xqcow,insanified_ow,1
disguisedtoast,asakaplay,1
sodapoppin,hecktic119,1
sodapoppin,metsetsu,1
disguisedtoast,mixbot,1
xqcow,high_vortex,1
sodapoppin,zombiestain,1
giantwaffle,sayianwizard,9
xqcow,toastedm0nkey,1
disguisedtoast,theonlytoeknee,3
chemicaldragoon,skydaddyy5,21
disguisedtoast,tony1340464,1
sodapoppin,incantum,1
giantwaffle,krystialkitten,3
chemicaldragoon,skydaddyy5,21
sodapoppin,qnhp,2
giantwaffle,malogoss,3
chemicaldragoon,t_wow,48
sodapoppin,reallycantsleep,1
nflredzone_1,laycboy1,1
nflredzone_1,hanieri21,4
nflredzone_1,str8ommy,5
nflredzone_1,eskodas,10
nflredzone_1,lordvaak0,1
disguisedtoast,longlivemao,1
bobross,ctray8,7
xqcow,jriu9,0
sodapoppin,clambrewery,1
nflredzone_1,lordvaak0,1
sodapoppin,raritas,0
nflredzone_1,str8ommy,6
disguisedtoast,something6996,7
sodapoppin,abaeterno,0
nflredzone_1,scuba3rd,8
sodapoppin,lx_zander,5
nflredzone_1,dragonsteel9,10
nflredzone_1,y34vip,8
disguisedtoast,kikoookamiii,1
nflredzone_1,artantt,0
nflredzone_1,lordvaak0,1
nflredzone_1,2inchpeters,8
nflredzone_1,lordvaak0,2
nflredzone_1,dayzzedtv,2
giantwaffle,hockeytom418,2
nflredzone_1,scuba3rd,2
nflredzone_1,imaxbeastx360,7
nflredzone_1,y34vip,2
nflredzone_1,lordvaak0,7
disguisedtoast,sammgoo,1
nflredzone_1,imnotpurified,7
nflredzone_1,jarlofsaigon,2
nflredzone_1,imaxbeastx360,3
nflredzone_1,lordvaak0,4
nflredzone_1,2inchpeters,1
nflredzone_1,str8ommy,6
nflredzone_1,lestergaming_,12
nflredzone_1,2inchpeters,2
nflredzone_1,thatjagsfan904,7
nflredzone_1,rpsee3,3
nflredzone_1,xxmrtechknowxx,3
nflredzone_1,jarlofsaigon,9
nflredzone_1,str8ommy,5
nflredzone_1,dragonsteel9,6
nflredzone_1,lordvaak0,0
giantwaffle,sarneezy,4
disguisedtoast,waterbirdz,1
nflredzone_1,imnotpurified,7
nflredzone_1,2inchpeters,10
nflredzone_1,braeden8989,8
nflredzone_1,xxmrtechknowxx,5
nflredzone_1,rpsee3,8
nflredzone_1,lordvaak0,1
nflredzone_1,lestergaming_,11
nflredzone_1,scuba3rd,15
nflredzone_1,rpsee3,4
nflredzone_1,shunhooter,4
xqcow,shadeis,1
nflredzone_1,d007rknob,5
nflredzone_1,lestergaming_,12
nflredzone_1,rpsee3,5
nflredzone_1,topscum,7
nflredzone_1,braeden8989,2
nflredzone_1,swiggs1234,2
nflredzone_1,jarlofsaigon,1
nflredzone_1,xxmrtechknowxx,3
nflredzone_1,topscum,3
nflredzone_1,lordvaak0,13
nflredzone_1,lestergaming_,2
nflredzone_1,imaxbeastx360,6
nflredzone_1,rypada,6
nflredzone_1,rpsee3,4
nflredzone_1,xxmrtechknowxx,2
nflredzone_1,scuba3rd,13
nflredzone_1,braeden8989,4
nflredzone_1,str8ommy,7
chemicaldragoon,justdylanyt,11
nflredzone_1,lestergaming_,1
chemicaldragoon,justdylanyt,11
nflredzone_1,jarlofsaigon,7
nflredzone_1,jarlofsaigon,7
nflredzone_1,topscum,2
nflredzone_1,braeden8989,2
nflredzone_1,futhds,1
nflredzone_1,xxmrtechknowxx,5
nflredzone_1,imaxbeastx360,1
nflredzone_1,futhds,1
nflredzone_1,raw310,1
nflredzone_1,lordvaak0,1
nflredzone_1,downit92,1
nflredzone_1,rainsdon,2
nflredzone_1,jarlofsaigon,1
nflredzone_1,lordvaak0,1
nflredzone_1,rypada,3
nflredzone_1,russtough,2
nflredzone_1,p4n0pt1c0n,1
nflredzone_1,xxmrtechknowxx,1
nflredzone_1,scuba3rd,6
nflredzone_1,rypada,2
nflredzone_1,vchaotix,2
nflredzone_1,ooopolkhk,3
nflredzone_1,danoob30,5
nflredzone_1,rpsee3,5
nflredzone_1,shunhooter,1
nflredzone_1,braeden8989,9
nflredzone_1,unkrownedking,1
nflredzone_1,rpsee3,3
nflredzone_1,xxmrtechknowxx,4
nflredzone_1,str8ommy,7
disguisedtoast,exienochill,1
nflredzone_1,lordvaak0,9
nflredzone_1,crokar,3
nflredzone_1,lordvaak0,2
nflredzone_1,p4n0pt1c0n,2
nflredzone_1,lestergaming_,6
nflredzone_1,str8ommy,3
nflredzone_1,chewyhots24,4
nflredzone_1,ea_maddendailydrops,2
nflredzone_1,russtough,8
nflredzone_1,rpsee3,1
nflredzone_1,y34vip,3
nflredzone_1,scuba3rd,6
nflredzone_1,topscum,5
chemicaldragoon,infamousgemini3,23
nflredzone_1,str8ommy,6
nflredzone_1,hotdog_jones,14
nflredzone_1,xxmrtechknowxx,3
nflredzone_1,chewyhots24,14
nflredzone_1,braeden8989,19
nflredzone_1,russtough,3
xqcow,ver1fied,1
nflredzone_1,jarlofsaigon,3
nflredzone_1,muku11,2
nflredzone_1,artantt,6
nflredzone_1,itzspeedyx,7
nflredzone_1,rpsee3,22
nflredzone_1,hotdog_jones,3
nflredzone_1,str8ommy,13
nflredzone_1,xxmrtechknowxx,4
nflredzone_1,braeden8989,1
xqcow,icarlos,1
nflredzone_1,xxfreshcoxx,6
nflredzone_1,hotdog_jones,6
nflredzone_1,p4n0pt1c0n,1
nflredzone_1,str8ommy,2
nflredzone_1,scuba3rd,4
nflredzone_1,p4n0pt1c0n,2
nflredzone_1,russtough,8
nflredzone_1,gmrtagxxdukexx,6
chemicaldragoon,chefzain,11
nflredzone_1,shunhooter,2
nflredzone_1,rypada,7
nflredzone_1,vdnt,3
nflredzone_1,drewsart24,12
nflredzone_1,str8ommy,3
nflredzone_1,rpsee3,13
nflredzone_1,xxmrtechknowxx,3
sodapoppin,eu_why_so_quiet_lul,1
nflredzone_1,braeden8989,2
nflredzone_1,hotdog_jones,7
nflredzone_1,swiggs1234,4
nflredzone_1,lordvaak0,7
nflredzone_1,xxmrtechknowxx,6
nflredzone_1,hotdog_jones,1
nflredzone_1,dragonsteel9,4
nflredzone_1,hotdog_jones,9
nflredzone_1,crokar,2
nflredzone_1,y34vip,6
nflredzone_1,str8ommy,9
nflredzone_1,xplosiveray,4
nflredzone_1,xplosiveray,3
nflredzone_1,lordvaak0,15
nflredzone_1,jdbeisk,5
nflredzone_1,itzspeedyx,24
nflredzone_1,2inchpeters,11
nflredzone_1,russtough,10
nflredzone_1,rypada,5
chemicaldragoon,jaydxwg,3
nflredzone_1,rypada,3
nflredzone_1,hotdog_jones,12
nflredzone_1,xxmrtechknowxx,7
nflredzone_1,lordvaak0,6
nflredzone_1,jarlofsaigon,13
nflredzone_1,tbannister21,5
sodapoppin,loyall,1
nflredzone_1,russtough,13
nflredzone_1,threeballz9,5
nflredzone_1,raw310,1
sodapoppin,lolitriggered,2
nflredzone_1,lordvaak0,1
nflredzone_1,str8ommy,2
nflredzone_1,curiouscreeper2,1
nflredzone_1,lordvaak0,1
nflredzone_1,futhds,7
nflredzone_1,p4n0pt1c0n,1
nflredzone_1,2inchpeters,1
nflredzone_1,kiedril,2
nflredzone_1,dmk9090,1
nflredzone_1,tethered_raven,2
nflredzone_1,braeden8989,1
nflredzone_1,sniperez_,2
nflredzone_1,tiger144144,1
nflredzone_1,hotdog_jones,3
nflredzone_1,escoboominn,4
nflredzone_1,5en5ational,1
nflredzone_1,sniperez_,1
nflredzone_1,mrspencerrecor,1
nflredzone_1,xxmrtechknowxx,4
nflredzone_1,jaymoore92,16
nflredzone_1,2inchpeters,4
nflredzone_1,russtough,1
nflredzone_1,bbyrd_92,5
nflredzone_1,hotdog_jones,6
nflredzone_1,dmk9090,2
nflredzone_1,braeden8989,3
nflredzone_1,unkrownedking,0
nflredzone_1,lordvaak0,4
nflredzone_1,vchaotix,2
nflredzone_1,2inchpeters,5
nflredzone_1,jarlofsaigon,1
nflredzone_1,fatherogtreybone,1
nflredzone_1,jaymoore92,1
sodapoppin,ltrlplel,1
nflredzone_1,2na22,3
nflredzone_1,mellohhh,3
nflredzone_1,2inchpeters,2
nflredzone_1,tiger144144,1
nflredzone_1,xplosiveray,5
nflredzone_1,drewsart24,8
nflredzone_1,str8ommy,5
nflredzone_1,muckndanutz,2
nflredzone_1,jarlofsaigon,2
sodapoppin,mackcub,4
nflredzone_1,jarlofsaigon,1
nflredzone_1,fatherogtreybone,2
nflredzone_1,darrienbort,8
nflredzone_1,lordvaak0,1
nflredzone_1,str8ommy,2
nflredzone_1,lcceyy,5
nflredzone_1,lcceyy,1
nflredzone_1,tiger144144,1
nflredzone_1,lordvaak0,4
nflredzone_1,scuba3rd,4
nflredzone_1,danoob30,7
nflredzone_1,itzspeedyx,1
nflredzone_1,vchaotix,10
nflredzone_1,swiggs1234,4
nflredzone_1,jarlofsaigon,7
nflredzone_1,braeden8989,7
nflredzone_1,lordvaak0,2
nflredzone_1,jarlofsaigon,3
nflredzone_1,itzspeedyx,3
nflredzone_1,russtough,13
nflredzone_1,braeden8989,5
nflredzone_1,loggylivinlife,5
nflredzone_1,brentbrent18,3
nflredzone_1,darrienbort,15
nflredzone_1,tiger144144,3
nflredzone_1,scuba3rd,3
nflredzone_1,lcceyy,7
nflredzone_1,charweb,5
nflredzone_1,str8ommy,6
nflredzone_1,2inchpeters,4
nflredzone_1,xxmrtechknowxx,3
nflredzone_1,russtough,2
nflredzone_1,y34vip,2
nflredzone_1,rypada,25
nflredzone_1,raw310,2
nflredzone_1,drewsart24,4
nflredzone_1,robszzzz,2
chemicaldragoon,chefzain,11
disguisedtoast,bluevortex323,5
disguisedtoast,gixl,6
xqcow,theoryow,32
sodapoppin,frostytits12,1
sodapoppin,mrmangasm,1
xqcow,out_fishin,2
disguisedtoast,itsgiven,1
disguisedtoast,spacevalor,1
xqcow,insanified_ow,1
disguisedtoast,larryberryy,4
giantwaffle,maitrehuitien,2
sodapoppin,filliamworbes,2
xqcow,2cutelord,1
disguisedtoast,mandarinduck1,1
disguisedtoast,weabooswag,1
disguisedtoast,lucasingame,1
disguisedtoast,meowarino,1
sodapoppin,vitaprima,1
sodapoppin,treyhax,1
xqcow,mistersizzles,2
chemicaldragoon,999_omar,12
sodapoppin,harryd23,1
sodapoppin,justkate,1
disguisedtoast,archangeloflife,8
sodapoppin,redpls,2
leonblack,usamedic68,16
giantwaffle,futilewarrior,1
sodapoppin,qrazyboi5,2
sodapoppin,gtkraazy,0
sodapoppin,pour_grammar,1
sodapoppin,link_en,3
disguisedtoast,morethan3,3
disguisedtoast,saltlordxd,4
chemicaldragoon,pulse_kam,1
chemicaldragoon,pulse_kam,6
leonblack,carrotking,3
disguisedtoast,droek,1
sodapoppin,mattklanks,2
disguisedtoast,soraix,1
chemicaldragoon,xevioc,11
sodapoppin,ukro72,1
sodapoppin,global_taunting,1
sodapoppin,rosezj,1
disguisedtoast,mysttake,2
disguisedtoast,gregcanela,1
disguisedtoast,johnny10181,1
giantwaffle,bajonsmondo,1
disguisedtoast,macara1g,1
sodapoppin,twost,2
disguisedtoast,constructionworker,4
chemicaldragoon,animedia,2
xqcow,gtchimppoggers,4
disguisedtoast,trigginfypo,1
sodapoppin,code8,2
sodapoppin,camren83,2
xqcow,winngg,2
xqcow,yhw_,2
disguisedtoast,washedupstream,20
xqcow,c0m3tt,16
leonblack,specialkidmiles,6
disguisedtoast,templarre,1
leonblack,eloquentbambi,3
sodapoppin,mashti228,1
sodapoppin,jannitor,1
chemicaldragoon,skydaddyy5,21
sodapoppin,eterna1ice,3
sodapoppin,charmed131,4
sodapoppin,treyhax,3
sodapoppin,ijigga_,1
disguisedtoast,remilinayy,5
sodapoppin,its_mech,2
giantwaffle,clickso,1
sodapoppin,maltazar16,1
disguisedtoast,tr0ubl3s0m3,2
chemicaldragoon,notuplinkk,12
xqcow,mal_hoy,1
disguisedtoast,yoshifus,2
sodapoppin,blvdman,6
disguisedtoast,yellowned,11
xqcow,j0hnny,1
disguisedtoast,flixt,8
disguisedtoast,snowyknight11,1
xqcow,nickarc19,12
sodapoppin,whale_vomit,1
sodapoppin,username_430,3
sodapoppin,cardhikey,1
sodapoppin,skadoosh4,1
sodapoppin,onecoldtru,4
chemicaldragoon,tycoonmarq,9
sodapoppin,zall15,2
sodapoppin,kentaro777,1
chemicaldragoon,skydaddyy5,21
sodapoppin,brucedeleeuw,4
xqcow,yashiizy,1
xqcow,georgetown19,4
xqcow,my_lung_now_yoink,0
chemicaldragoon,roaiyal,4
disguisedtoast,sunsetgodess5261994,23
chemicaldragoon,alexcheetos,2
chemicaldragoon,sniper4win,5
sodapoppin,clifford602,1
sodapoppin,gwydios,2
chemicaldragoon,roaiyal,3
chemicaldragoon,t_wow,48
giantwaffle,tree_tchoper21,5
chemicaldragoon,drax_101,9
sodapoppin,ukro72,2
disguisedtoast,waterbirdz,1
disguisedtoast,merssene557,1
sodapoppin,matrix603,2
disguisedtoast,burtmacklin69,2
disguisedtoast,gmanchoi,1
sodapoppin,lifeoflari,0
chemicaldragoon,legiontitan333,3
sodapoppin,rhayne,37
chemicaldragoon,ttl_cashouttv,1
giantwaffle,leeter1337,12
chemicaldragoon,chefzain,11
sodapoppin,xitwounds,1
sodapoppin,paulthecat,1
disguisedtoast,poporine1,1
xqcow,ayyleme0w,78
giantwaffle,finnsaulter,15
sodapoppin,randwr367,2
disguisedtoast,ob_izzy23,3
sodapoppin,oddeyesmage,4
sodapoppin,6renjiro6,3
sodapoppin,wholesomeplayer,4
sodapoppin,randwr367,3
sodapoppin,murathehunter,3
sodapoppin,craftypeter,2
sodapoppin,wave_2k16,3
xqcow,muckscott,1
sodapoppin,qnhp,1
sodapoppin,jellybee85,4
xqcow,masen68,1
chemicaldragoon,ttl_cashouttv,2
disguisedtoast,trainerc7,1
giantwaffle,synthetiksoul,1
sodapoppin,ghostblade95,1
sodapoppin,yhungm0,1
sodapoppin,lynixgames,1
chemicaldragoon,physgaming,29
sodapoppin,fourpunchman,1
disguisedtoast,eschnil99,6
sodapoppin,mike43012,1
disguisedtoast,natewooo,30
xqcow,joey385,1
xqcow,maslt,2
sodapoppin,ticcaboo,1
sodapoppin,ariiescs,1
sodapoppin,detox_now,1
xqcow,buzzd24,1
chemicaldragoon,cheungd,3
sodapoppin,croscin,1
xqcow,arionsigil,5
sodapoppin,klemard,0
disguisedtoast,andsoitgoes,1
giantwaffle,clickso,1
disguisedtoast,almerith,2
disguisedtoast,vuyyoltas,1
sodapoppin,clambrewery,12
sodapoppin,nasko235,1
sodapoppin,hrninja,6
sodapoppin,alicesyn,2
sodapoppin,znods,0
sodapoppin,vuccappella,2
sodapoppin,ablator15,1
sodapoppin,qrazyboi5,1
disguisedtoast,emotesloots,1
giantwaffle,cheka_,3
disguisedtoast,shengar,1
xqcow,arrrrc,1
giantwaffle,stroganoff_city,7
disguisedtoast,shippidi,5
sodapoppin,scorian,1
xqcow,shadula,1
sodapoppin,pandaswede,22
disguisedtoast,broom2100,1
sodapoppin,zexc_,18
giantwaffle,driguer,1
xqcow,sticks_,3
sodapoppin,elf6,1
sodapoppin,1twertle2002,1
sodapoppin,swiftparrot417,1
sodapoppin,no_clou,3
xqcow,dexter_0002,51
sodapoppin,vmini_,1
sodapoppin,darkone66,2
sodapoppin,lynixgames,2
disguisedtoast,bibbysnupe,4
sodapoppin,edrinaline,1
sodapoppin,bandohunom,1
disguisedtoast,babofraser,3
disguisedtoast,apporto,1
giantwaffle,connymarcy919,4
disguisedtoast,ragamuffen,1
giantwaffle,tinselear,1
disguisedtoast,eswariii,6
sodapoppin,bull_run284,1
chemicaldragoon,dyzblackout100,30
sodapoppin,redpls,7
disguisedtoast,omarzed,6
leonblack,theshinma,6
leonblack,manlydicsizzle,3
sodapoppin,ragna13ird,2
disguisedtoast,marioplusluigi69,6
xqcow,friendlyknife,1
leonblack,dr_dragonninja,2
leonblack,missmalice86,9
sodapoppin,zorphon,1
disguisedtoast,cyferpol,3
leonblack,theshinma,16
sodapoppin,tuuhoo,3
xqcow,boji_chunsa,2
sodapoppin,weeb_potato,1
sodapoppin,treyhax,4
sodapoppin,shihuiy,0
disguisedtoast,false_9ine,8
giantwaffle,619srt,3
chemicaldragoon,steroids_lil_bish,20
giantwaffle,chackler_,5
sodapoppin,bariumjones,2
disguisedtoast,darcijunior25,5
bobross,amasheen,3
leonblack,dr_dragonninja,9
giantwaffle,omnirowdy,1
sodapoppin,krystal94,1
xqcow,gurra,1
disguisedtoast,dadirtycu,6
disguisedtoast,kidpow,1
disguisedtoast,halfheart_,1
sodapoppin,ghostblade95,2
sodapoppin,koepo,1
disguisedtoast,limecon,1
disguisedtoast,cyndaine,4
disguisedtoast,limecon,2
sodapoppin,asmurfinmypants,2
giantwaffle,roundingerror,1
leonblack,cyber_dev,3
sodapoppin,siryjak,1
leonblack,combat_blaze,1
disguisedtoast,heatcheck_,4
xqcow,ktpnd,2
sodapoppin,wholesomeplayer,5
sodapoppin,tywrel,1
xqcow,sutoroberikurimu,6
sodapoppin,kylethechampionbrah,2
xqcow,elevatorgoblin,1
xqcow,ramen_909,95
disguisedtoast,kingsayblue,47
chemicaldragoon,thermicbasil,8
chemicaldragoon,crasian0414,13
disguisedtoast,tacos96_ftw,1
disguisedtoast,sebeke64,7
sodapoppin,decklunnn,1
disguisedtoast,itaeharu,5
leonblack,abacaxxi,2
sodapoppin,reebro3,12
leonblack,delasoul1316,1
chemicaldragoon,thermicbasil,0
disguisedtoast,aeronfaust,4
sodapoppin,you_stole_my_tacos,1
disguisedtoast,thesilveraura,1
sodapoppin,firesagi,1
xqcow,eat_beast,1
xqcow,kortexxxxx,1
disguisedtoast,acayea3,1
sodapoppin,triggs27,1
sodapoppin,sonicbrandyn,14
sodapoppin,scoundrel09,3
leonblack,gladbane88,2
giantwaffle,opheliacrat,1
sodapoppin,drunkenbatman,5
giantwaffle,jimmyshadow1,7
leonblack,gladbane88,2
sodapoppin,lobstercake,1
chemicaldragoon,sniper4win,21
chemicaldragoon,kaneglover08,2
chemicaldragoon,dyzblackout100,30
chemicaldragoon,neojaron,22
chemicaldragoon,highqplayz,6
sodapoppin,cybersauce19,1
leonblack,thebaldingpuma,40
leonblack,thebaldingpuma,10
disguisedtoast,regirob,2
sodapoppin,ca9is,2
disguisedtoast,jomilk,2
leonblack,cyber_dev,6
chemicaldragoon,oskorbitx,3
leonblack,gladbane88,7
giantwaffle,exalterego,17
chemicaldragoon,ttvfilinava,2
chemicaldragoon,ttv_eye,31
disguisedtoast,sygenhyr,1
xqcow,investigations_,1
sodapoppin,wrigley_yow,2
disguisedtoast,misteras3,1
leonblack,ssundead,6
leonblack,cyber_dev,2
sodapoppin,2b2v,2
leonblack,gladbane88,14
sodapoppin,trigginfypo,3
chemicaldragoon,ttv_eye,31
disguisedtoast,hs_sirsalty,5
sodapoppin,andbu,1
sodapoppin,groool,2
leonblack,darkendead,5
leonblack,cyber_dev,7
leonblack,combat_blaze,4
disguisedtoast,fruitflyingfox,1
sodapoppin,relflow,2
sodapoppin,emufass,1
sodapoppin,linecounter,2
sodapoppin,zexc_,10
leonblack,kirby1239,1
sodapoppin,sweattygos,1
disguisedtoast,buny4n,1
disguisedtoast,mackenziefrenzy,1
leonblack,nightbot,24
leonblack,combat_blaze,5
sodapoppin,edrinaline,2
disguisedtoast,stewbee,1
sodapoppin,winbros_xp,1
disguisedtoast,devoker7,1
sodapoppin,tactica1turt1e,1
chemicaldragoon,crasian0414,13
disguisedtoast,thesilveraura,1
disguisedtoast,fruitflyingfox,1
disguisedtoast,chris_ichi,4
disguisedtoast,hoccus_,1
chemicaldragoon,ttv_eye,31
xqcow,azumajae,2
sodapoppin,bull_run284,1
disguisedtoast,gooberhead84,5
chemicaldragoon,vaquazx,4
disguisedtoast,gotsomecash1,1
leonblack,cyber_dev,2
bobross,fishtrocity,6
leonblack,hodin,0
chemicaldragoon,31lijah500,1
disguisedtoast,flamerinoq,3
chemicaldragoon,31lijah500,5
chemicaldragoon,31lijah500,9
disguisedtoast,unsleeping_,1
chemicaldragoon,31lijah500,5
disguisedtoast,buttbuttbuttbuttbutt,7
disguisedtoast,xophertee,0
disguisedtoast,limecon,0
leonblack,cyber_dev,3
chemicaldragoon,khaiman14,6
disguisedtoast,jonotaku,0
disguisedtoast,xpandemonium,10
leonblack,hskillah,1
xqcow,aldo_leon,4
disguisedtoast,jgtopman,5
disguisedtoast,hoccus_,3
sodapoppin,elf6,2
leonblack,combat_blaze,1
disguisedtoast,gmanchoi,1
sodapoppin,veryspecialleftbo0b,5
sodapoppin,matleenagod,0
xqcow,knightisbad,1
sodapoppin,zslipp1n,10
disguisedtoast,wingsofspirits,1
disguisedtoast,overflowingtaco,1
leonblack,cyber_dev,1
xqcow,skashroudle,1
xqcow,v2_cloudz,16
sodapoppin,jaxcosmos,1
disguisedtoast,jemshking,0
sodapoppin,someguynamed,2
sodapoppin,macawilly,1
bobross,knowlin,3
leonblack,cyber_dev,6
chemicaldragoon,crasian0414,16
sodapoppin,jarco7657,1
leonblack,combat_blaze,7
leonblack,dallassooner87,9
leonblack,combat_blaze,1
sodapoppin,dylandouchebag,2
leonblack,civviebeard,1
leonblack,kildud3,1
disguisedtoast,purphazed,6
chemicaldragoon,mightypony19,8
leonblack,combat_blaze,1
bobross,fishtrocity,3
bobross,chiefmanypipes,3
chemicaldragoon,onlytraelz,2
disguisedtoast,edowez,12
leonblack,zombertredshirt,5
leonblack,zombertredshirt,2
chemicaldragoon,xxdarkar26,1
chemicaldragoon,beastanova,30
chemicaldragoon,mightypony19,8
disguisedtoast,luffyoppa,8
bobross,itssformal,11
bobross,lord_lamb,12
leonblack,bigguns1989,1
disguisedtoast,oceanitz,5
disguisedtoast,sircodicia,6
disguisedtoast,freakinbuttons,2
leonblack,combat_blaze,11
chemicaldragoon,ksixxrysmittyxx,3
disguisedtoast,worstperformance,1
leonblack,drkbef,10
leonblack,kildud3,1
leonblack,jondarawr,4
leonblack,combat_blaze,7
bobross,finntastictheturtle,1
leonblack,drkbef,8
leonblack,flockahots,7
leonblack,bighead_104,2
leonblack,durinthedeathless,5
leonblack,missmalice86,29
leonblack,007crumbface,1
leonblack,wolvos,1
leonblack,nightbot,40
bobross,cosmictea,1
bobross,darkwaves_50,3
disguisedtoast,ashgreninjax,4
disguisedtoast,eralyne,3
disguisedtoast,lolyandy,4
disguisedtoast,a_o1,1
disguisedtoast,ca9is,1
disguisedtoast,apoxuponthee,5
disguisedtoast,thedoxle,3
disguisedtoast,flyingbison_,7
disguisedtoast,ramyion_,1
disguisedtoast,umadbro1000,1
disguisedtoast,kelvinzora,1
disguisedtoast,cloutboytarantino,1
bobross,somestreamerguy1,3
disguisedtoast,darkcow,1
disguisedtoast,bl3hxd,1
disguisedtoast,tyrro117,1
disguisedtoast,mhuang18,1
disguisedtoast,oswaldrs,1
leonblack,wlejon,1
disguisedtoast,saintverard,7
leonblack,god_kera94,3
leonblack,xxkilomikexx,4
disguisedtoast,yufukas01,1
leonblack,racknarock97,6
disguisedtoast,flaminglasso,4
disguisedtoast,ricchkidswan,4
disguisedtoast,derbreaky,0
disguisedtoast,rioe,2
disguisedtoast,daemonslayre,1
disguisedtoast,jshenpai,1
disguisedtoast,ravnim,20
leonblack,realmanataurus,5
disguisedtoast,hadokenx20,3
disguisedtoast,heatjr,3
disguisedtoast,netyrsama,3
leonblack,serbonx,11
disguisedtoast,erinusagi,5
disguisedtoast,luckynatalit,4
disguisedtoast,sashablam,1
disguisedtoast,jramos42,5
leonblack,sirakain,3
leonblack,acmacmicpc,30
leonblack,dynamitezeddy,7
leonblack,bookwyrm84,2
disguisedtoast,cute_weiner,2
disguisedtoast,jgtopman,1
disguisedtoast,another_summerofsleep,1
bobross,gamwrbio,21
disguisedtoast,infinite_clarity,1
disguisedtoast,si1entcr0w,3
leonblack,kildud3,13
bobross,duccquacc,5
disguisedtoast,mrpaulwaall,1
disguisedtoast,dwellingintrash,1
disguisedtoast,hellszonetv,1
disguisedtoast,fruitflyingfox,1
disguisedtoast,zechris,1
leonblack,gladbane88,5
disguisedtoast,equinox_fall,18
disguisedtoast,chunkychunkchuck,3
leonblack,tastylean,5
leonblack,kildud3,4
leonblack,sirakain,1
leonblack,kildud3,7
leonblack,entertainme_imbored,2
dakotaz,mattf14,6
dakotaz,blatantaura420,6
dakotaz,gr4ym8,1
clintstevens,setakoon,5
dakotaz,ryanriley15,5
dakotaz,saman_ayub,3
clintstevens,bobombbob,2
leonblack,jondarawr,4
dakotaz,thedarklordy,4
dakotaz,daxface11,8
clintstevens,jhor7,2
clintstevens,lexobernik,4
clintstevens,ohmyachingtentacles,5
dakotaz,infinint_score,2
dakotaz,ignitablecoma,2
leonblack,kildud3,29
dakotaz,denberley,1
clintstevens,isabelle_main,1
dakotaz,wwertgn,1
clintstevens,pikachew31,3
leonblack,kildud3,16
clintstevens,tiltlad,2
dakotaz,idlesi,3
leonblack,kildud3,6
dakotaz,alphonzo420,17
dakotaz,luau559,2
dakotaz,cheezegod7,16
dakotaz,darkrayz3,12
dakotaz,xshadieb,7
leonblack,jondarawr,3
dakotaz,ibextyi,11
leonblack,missmalice86,31
dakotaz,jaay0821,1
dakotaz,ibextyi,12
dakotaz,kyzeh98,4
dakotaz,gizer_89,2
dakotaz,setherso,23
leonblack,thewretchedna,1
dakotaz,cj_bizzy23,1
dakotaz,midonasser22,12
dakotaz,smartboiiiii,3
dakotaz,smartboiiiii,3
dakotaz,sebastianxd56,1
dakotaz,luau559,12
dakotaz,nightbot,8
dakotaz,tgscommander,2
dakotaz,m8a1iskey,7
dakotaz,luau559,15
dakotaz,the_major_monkey,11
dakotaz,imjustmeeeee,4
bobross,r17411n,3
clintstevens,dmglol,10
dakotaz,dra0519,1
leonblack,cyber_dev,10
dakotaz,ilhami90,4
bobross,monjorboske1,1
dakotaz,xx760sergioxx,13
dakotaz,hyper_snarka,1
dakotaz,blue_zombie_blood,18
leonblack,cyber_dev,1
dakotaz,ashtonjack34,3
dakotaz,venusbaby333,1
dakotaz,jacobschnetter,1
dakotaz,nursefern,6
leonblack,jondarawr,11
leonblack,cyber_dev,22
bobross,jdoerrerstl1977,1
bobross,anziety_pubgm,5
rallied,conroidz,1
dakotaz,nursefern,7
rallied,vauntly,3
rallied,vauntly,5
leonblack,hoxxton69,5
rallied,jakecypher,1
rallied,conroidz,1
bobross,mikehoncho1x,3
rallied,jonnyblingg,5
rallied,vauntly,1
rallied,vauntly,1
rallied,g_hatch,10
rallied,tbecharm,2
rallied,slayi1,1
rallied,jakecypher,1
rallied,g_hatch,11
rallied,tbecharm,3
dakotaz,sonic729,3
dakotaz,datboielmer,4
bobross,buttbuddylove2,5
bobross,remynamem,1
bobross,5pik3_5pi3g31,7
rallied,vauntly,1
bobross,aboatloadofcats,8
dakotaz,horsechange,3
rallied,jagwyar,5
rallied,g_hatch,2
clintstevens,xenoda,2
leonblack,omgerksoop,1
dakotaz,nightbot,25
clintstevens,2ndlawl,1
rallied,jagwyar,2
leonblack,drkbef,34
rallied,ohvata,1
rallied,zachaye,4
clintstevens,kvnl0l,5
clintstevens,nawtypaticake,3
bobross,eightysevenx,5
leonblack,nightbot,24
dakotaz,stoop962,5
clintstevens,vilazu,1
rallied,godengage,5
dakotaz,juicexnimbus,9
clintstevens,thepackeddaffodil,1
rallied,trilogyi,4
clintstevens,wiredserenity,5
rallied,noiseybrycey,12
clintstevens,mirramon,1
rallied,exiaal,4
clintstevens,headcoldsneezeaustin,1
leonblack,trashlordnikita,11
rallied,h0wln,4
dakotaz,datboielmer,1
leonblack,nightbot,8
bobross,snap_crackle_popular,1
rallied,g_hatch,4
bobross,hostle_gatto,3
rallied,crandall1527,6
rallied,pureifex,4
rallied,vauntly,3
rallied,jojoansu,2
leonblack,jondarawr,6
clintstevens,bigguynate,4
rallied,flyclasss5,8
clintstevens,crowno2,7
dakotaz,edwardconway4,1
bobross,butts___mcgee,2
clintstevens,bigguynate,3
clintstevens,bisnispinguin,1
rallied,atdeadly,4
dakotaz,doctorrclutch,14
clintstevens,ifknlovecoryinthehouse,3
rallied,noiseybrycey,7
clintstevens,mr_saturn94,2
rallied,noiseybrycey,4
rallied,ofelonies,3
clintstevens,nathan4673,1
dakotaz,mocha_mic,1
clintstevens,rhythmblue,1
rallied,ttv_mj,10
rallied,g_hatch,2
bobross,dang_it_mario,2
clintstevens,farouche,3
bobross,minasealexeich,2
leonblack,jondarawr,6
clintstevens,ossirian,2
clintstevens,kynlee23,15
clintstevens,wyfyne,1
clintstevens,andospandos,2
clintstevens,zcompensate,1
rallied,nightbot,6
clintstevens,ldesofmarch,0
clintstevens,catempleton,1
leonblack,zombertredshirt,1
rallied,exiaal,19
rallied,owizard,2
leonblack,notquid,1
rallied,24chances,2
dakotaz,colecastle_,5
dakotaz,overdrive3344,1
rallied,jakecypher,1
dakotaz,yungharambe69,4
rallied,shnogler,2
dakotaz,bamaboi1417,2
rallied,nightbot,6
bobross,hostle_gatto,0
clintstevens,meggie_,1
rallied,g_hatch,2
dakotaz,gm_starlord,3
dakotaz,xxchronicals3gxx,3
bobross,mincerbaby,4
clintstevens,angel00,1
dakotaz,chef_couch,12
rallied,remarkbie,6
rallied,jagwyar,5
clintstevens,orfacu99,2
rallied,kacj1234567,27
dakotaz,logo_thebozo,4
rallied,h0wln,8
clintstevens,yobanashii_,13
clintstevens,kingwilk,1
bobross,tealaeves,6
rallied,nitro_3,4
clintstevens,stockton120,1
leonblack,zoure,1
leonblack,magicturtl31,1
dakotaz,controllered,6
clintstevens,adventos,1
leonblack,rockhopper964,1
dakotaz,fad1225,1
rallied,guzablzin_,8
clintstevens,spektral_ow,1
rallied,elvvyy,37
rallied,steezylab,2
dakotaz,lenabobenaa,3
rallied,ezmerks,5
clintstevens,rislear,2
leonblack,easyaray,4
clintstevens,ifknlovecoryinthehouse,7
clintstevens,xsyra_,3
clintstevens,cateman,2
clintstevens,nirav,3
dakotaz,yourmomplays2,8
dakotaz,overuled23,2
clintstevens,stockton120,2
leonblack,flockahots,7
leonblack,omgerksoop,6
bobross,fellowhashbrown,1
leonblack,nightbot,24
dakotaz,julsc1230,3
leonblack,keisenberg1983,3
leonblack,es0teric,12
dakotaz,aych_hzs,1
dakotaz,millbertz,1
leonblack,flockahots,4
dakotaz,jesse_hargis_,5
clintstevens,sczesny,1
dakotaz,assafhz,8
dakotaz,doccsmiley,1
dakotaz,ricksobe,1
dakotaz,awesomedld,5
dakotaz,adnalderajnivri,23
dakotaz,roronoazoro1531,3
rallied,g_hatch,10
rallied,davatoluna,28
bobross,newsburger,2
dakotaz,dr_hunter10,4
clintstevens,ldesofmarch,5
clintstevens,sangria_,6
dakotaz,pilgrim_02,4
rallied,shaun1092,1
dakotaz,kingben1,2
rallied,davatoluna,8
dakotaz,tibblestj,2
rallied,shaun1092,9
rallied,youngrob22,7
dakotaz,fad1225,1
dakotaz,roncole324,1
rallied,leroyv2,2
rallied,davatoluna,33
dakotaz,rufiospartan88,1
rallied,davatoluna,4
bobross,jenkaigaming,1
dakotaz,bradcarver,3
rallied,davatoluna,9
rallied,davatoluna,6
leonblack,es0teric,11
dakotaz,diehardz88,1
dakotaz,brybry65094,9
clintstevens,alamoramos,11
dakotaz,izzyt10g,2
dakotaz,zurcneac,5
dakotaz,theloudfarmer710,1
dakotaz,olivermartino11,1
clintstevens,kaziru,6
dakotaz,midonasser22,0
dakotaz,reks328,4
dakotaz,rentogg,6
dakotaz,xtwofaced,1
dakotaz,mitch9605,1
dakotaz,kingcarlos2121,7
rallied,smoakful,22
dakotaz,pachogish,1
dakotaz,pablotrapallday,7
dakotaz,ag3nthawk,1
dakotaz,amiraomar,3
dakotaz,devinlovesfortnite,1
leonblack,ar_wubwub,1
dakotaz,luissanchez7734,14
rallied,h0wln,4
leonblack,entertainme_imbored,5
dakotaz,glassburgh_412,1
dakotaz,cheezits_,2
dakotaz,caith5,2
clintstevens,kryticzeuz,7
dakotaz,fossilrs,1
clintstevens,ldesofmarch,1
dakotaz,shiftypeat,2
bobross,shadowoverwatch,2
rallied,ttv_mj,6
rallied,nightbot,0
clintstevens,likas_666,1
rallied,leroyv2,2
dakotaz,ndnbibster,1
dakotaz,foamp,2
leonblack,nickysantoro,1
dakotaz,dra0519,1
clintstevens,chodeodile,1
dakotaz,lukziii,1
dakotaz,pexosaurus,7
leonblack,sirakain,4
clintstevens,mirramon,1
rallied,xstunzz,13
bobross,karoshi06,3
clintstevens,zenislev_,1
dakotaz,jamzy1,1
rallied,nightbot,0
rallied,clearrus,6
leonblack,graywolves,6
leonblack,es0teric,24
leonblack,iris777,21
rallied,nastradomustv,20
clintstevens,mikehobi,1
bobross,henryandgames,6
bobross,ralphus,1
clintstevens,whitestallionssb,2
clintstevens,roofiedtiger,1
leonblack,sirakain,3
rallied,sneepes,1
leonblack,es0teric,14
dakotaz,noahsgood,9
rallied,sneepes,1
rallied,adi_originalss,2
leonblack,zombertredshirt,1
clintstevens,blutduscher,2
rallied,clearrus,1
leonblack,vatius,3
dakotaz,datboielmer,2
clintstevens,etherealkagari,1
clintstevens,noytaxz,1
rallied,moliwops,2
clintstevens,adventos,1
bobross,1coolguy11,1
clintstevens,rhysdog,6
rallied,clearrus,3
dakotaz,nursefern,6
bobross,extrathiccnick,12
rallied,elvvyy,1
rallied,moliwops,1
rallied,leroyv2,6
rallied,leroyv2,2
clintstevens,reynon,2
rallied,straps,2
rallied,heatball,4
rallied,heatball,1
rallied,straps,1
dakotaz,sharpshooter946,6
rallied,nightbot,1
rallied,atdeadly,4
rallied,elvvyy,1
rallied,teepzus810,1
rallied,no_whey,2
rallied,leroyv2,2
rallied,moliwops,5
clintstevens,misterbudlo,1
clintstevens,seriouscatt,0
clintstevens,ondancetron,1
rallied,rsgphantom,1
clintstevens,batctv,20
clintstevens,misterbudlo,1
dakotaz,therutt303,6
clintstevens,moozzcow,3
rallied,greenbrokenheart,1
rallied,moliwops,1
dakotaz,davidmc0,4
bobross,edwrh,5
rallied,helmerssix,3
rallied,helmerssix,7
rallied,d1bound_kyle,5
leonblack,nightbot,12
rallied,rsgphantom,5
clintstevens,jordanvdxx,1
rallied,ponzyy,19
rallied,helmerssix,12
rallied,monkpapi,2
rallied,rsgphantom,8
bobross,cubemario1,5
leonblack,amberheard,2
rallied,dorogi15,14
leonblack,eloquentbambi,3
leonblack,nightbot,24
clintstevens,compactsun,2
rallied,blazinforce,4
rallied,rsgphantom,5
rallied,guzablzin_,1
rallied,nitro_3,6
leonblack,notquid,1
rallied,jukxie,12
rallied,rsgphantom,4
rallied,jukxie,3
clintstevens,imthatoneguy64,3
dakotaz,aleciaslayz,7
leonblack,magicturtl31,1
leonblack,denzelukass,4
dakotaz,aleciaslayz,4
dakotaz,obiwanrollmewan,9
clintstevens,randomguy4629,8
leonblack,eloquentbambi,3
rallied,jameshackerdd,7
bobross,dogsofwikihow,3
bobross,cosmobubba,12
leonblack,franzburg,11
rallied,rsgphantom,1
leonblack,garbagemanz,5
clintstevens,dj_riboflavin,2
clintstevens,green_japanese_name,1
clintstevens,pour_grammar,1
rallied,demented_,1
rallied,nightbot,6
rallied,crandall1527,5
leonblack,kevinsphallus,3
rallied,monkpapi,8
rallied,monkpapi,4
clintstevens,stockton120,2
clintstevens,onetruespam,4
rallied,jaymikeway,9
rallied,jaymikeway,6
clintstevens,ricultima,2
rallied,rsgphantom,5
dakotaz,jmc2112,16
rallied,rsgphantom,1
bobross,gareth1723,5
rallied,monkpapi,3
bobross,xvenomous_,4
leonblack,kolst,5
rallied,crandall1527,6
clintstevens,feelsgoodlooksbad,1
clintstevens,stockton120,2
bobross,goddamn_jinjiro,5
dakotaz,plottingrunt,1
rallied,eminaa,4
clintstevens,kwilly,2
clintstevens,dankies,2
rallied,toxicxsnipes1,13
clintstevens,ldesofmarch,3
rallied,eminaa,5
leonblack,deathandtaxes816,8
rallied,jaymikeway,1
rallied,denveys,1
rallied,ryshiv,3
leonblack,eloquentbambi,1
rallied,denveys,7
clintstevens,dantheman_2746,3
clintstevens,ldesofmarch,7
rallied,mrpoman,7
rallied,ponzyy,7
leonblack,purposefull,4
rallied,exulants,2
rallied,callmeday,3
leonblack,dykinz,7
clintstevens,haleinelives,1
dakotaz,daltontown,4
dakotaz,unknwnfever,8
clintstevens,arrr0w,4
clintstevens,satchel____paige,6
rallied,jaymikeway,10
leonblack,purposefull,1
bobross,iltrickortreat69il,2
clintstevens,jordanvdxx,2
rallied,jaymikeway,6
rallied,jaymikeway,6
clintstevens,moobot,3
rallied,ssaxter,2
dakotaz,obiwanrollmewan,4
clintstevens,bananadorf94,37
rallied,itshiko,3
rallied,cfors28,1
clintstevens,azncoffee,1
rallied,cynicalhc,9
rallied,no_whey,8
leonblack,deathandtaxes816,5
clintstevens,a35p,0
leonblack,neffi1988,2
bobross,newsburger,2
rallied,braedenls1,2
bobross,mocedek,3
clintstevens,justcallmethelionheart,1
clintstevens,losido,1
clintstevens,compactsun,1
rallied,jaymikeway,5
rallied,jaymikeway,8
rallied,no_whey,5
clintstevens,haleinelives,2
clintstevens,notmakingit,1
bobross,fxr_tv,4
rallied,cfors28,14
clintstevens,dateclint,5
clintstevens,nonova,1
leonblack,charles941226,1
leonblack,sirakain,2
bobross,pumpfrit,1
rallied,nightbot,3
rallied,ponzyy,1
rallied,nightbot,3
rallied,exulants,1
rallied,ponzyy,1
clintstevens,imthatoneguy64,5
rallied,halospartankiller,2
clintstevens,garliced,3
dakotaz,jennc,8
rallied,jukxie,4
clintstevens,nonova,3
rallied,prox314,11
bobross,exjoria,2
leonblack,eloquentbambi,8
bobross,dunkoss,3
bobross,sycocell,1
rallied,jaymikeway,18
rallied,theafroz,9
clintstevens,jsmartee23,4
leonblack,ztarb0x,1
clintstevens,thwoomp,1
bobross,newsburger,5
clintstevens,mirramon,3
clintstevens,martin477,3
rallied,doggpound29,3
rallied,toxxicpig909,1
rallied,internethacks,3
leonblack,bighead_104,3
bobross,old_tony,0
rallied,kelstin,4
dakotaz,la_flame7,8
bobross,exjoria,4
dakotaz,aleciaslayz,4
clintstevens,xenoda,9
bobross,greenz_,5
clintstevens,neo_soul,10
rallied,smalls_,1
leonblack,graywolves,4
rallied,straps,8
rallied,smalls_,3
rallied,nightbot,11
rallied,sinzzx,7
bobross,camille_god,3
rallied,smalls_,4
rallied,rallied,6
dakotaz,piinchhh,6
leonblack,realbren10,3
clintstevens,groovybaggins,0
rallied,cynicalhc,8
leonblack,skeptical_reptile,23
leonblack,turk_,5
dakotaz,lezbhnst,2
animeilluminati,moobot,7
clintstevens,zundelle,2
animeilluminati,n0pants,6
animeilluminati,adol1991,1
rallied,rallied,2
animeilluminati,valvatoze,5
dakotaz,gunzgobang819,12
animeilluminati,webros,1
animeilluminati,baf0,8
animeilluminati,moobot,24
animeilluminati,striderkeni,9
animeilluminati,thedrksd,1
leonblack,xisandohs,9
animeilluminati,striderkeni,5
dakotaz,ballisticnik,11
clintstevens,joni____,5
dakotaz,gxngsta_kidda,5
animeilluminati,runitblacktk,11
leonblack,trashlordnikita,12
clintstevens,stockton120,1
leonblack,night_ronin,22
animeilluminati,n0pants,6
dakotaz,nasstyxgooch,9
rallied,imlurki,1
rallied,no_whey,6
animeilluminati,jeonddingus,3
rallied,braedenls1,12
animeilluminati,baf0,13
rallied,smalls_,7
rallied,carlossince99,3
leonblack,xisandohs,12
rallied,no_whey,2
dakotaz,aidancauthorn22,3
clintstevens,zuryci,3
clintstevens,bretonpoualu,3
animeilluminati,gilgameshishere,5
animeilluminati,themuzztv,9
leonblack,trashlordnikita,8
animeilluminati,thedrksd,5
animeilluminati,thedrksd,2
clintstevens,chuckthegypsy,5
animeilluminati,n0pants,1
animeilluminati,dream__center,3
animeilluminati,mindonair,9
leonblack,graywolves,7
animeilluminati,medo567,7
dakotaz,pritchard_91,5
dakotaz,helraiser419,2
rallied,toxxicpig909,1
leonblack,reaperyouapart,3
rallied,cuebun,2
clintstevens,angrypunch,3
rallied,xdanny93_,14
animeilluminati,cactuscommando,5
animeilluminati,valvatoze,1
animeilluminati,jethuty,4
animeilluminati,jethuty,2
rallied,rallied,1
dakotaz,icemanlive1,4
animeilluminati,mindonair,3
rallied,thenerdfactor3,8
animeilluminati,n0pants,2
animeilluminati,jeonddingus,11
bobross,thiicc_booty,1
animeilluminati,baf0,4
rallied,soh_board,1
animeilluminati,baf0,3
animeilluminati,klashincore,1
leonblack,redking365_,6
animeilluminati,squishypig,3
dakotaz,chappy710,36
rallied,thenerdfactor3,2
rallied,cynicalhc,4
dakotaz,lonesum,5
animeilluminati,n0pants,3
animeilluminati,guapsama,1
dakotaz,lonesum,6
rallied,smalls_,3
animeilluminati,hanatani_,1
clintstevens,simonsgi,1
rallied,bxldy_,3
clintstevens,joni____,1
leonblack,kingpogger,21
bobross,mtnndeww1,2
rallied,cynicalhc,6
animeilluminati,platoom,8
animeilluminati,gigaturok,1
rallied,cynicalhc,6
animeilluminati,jethuty,11
animeilluminati,gilgameshishere,0
animeilluminati,jethuty,3
dakotaz,lonesum,14
rallied,cynicalhc,1
animeilluminati,gigaturok,13
rallied,cynicalhc,2
leonblack,reaperyouapart,1
leonblack,trashlordnikita,7
animeilluminati,themuzztv,4
animeilluminati,hursh191,10
rallied,blazinforce,7
clintstevens,cerberus_nv,2
animeilluminati,dabrownie,3
animeilluminati,hanatani_,2
leonblack,trashlordnikita,21
animeilluminati,jethuty,7
animeilluminati,dream__center,11
bobross,1red_ruby1,3
animeilluminati,kar4sukch,5
animeilluminati,dabrownie,3
leonblack,purposefull,6
animeilluminati,themuzztv,5
animeilluminati,hajimenogunko,2
animeilluminati,tryitagain,3
rallied,imiam_avils,11
clintstevens,pidgeontoad,12
animeilluminati,nicholas0123,7
rallied,thenerdfactor3,1
animeilluminati,romeo_nyc,2
animeilluminati,flying_foxdk,5
animeilluminati,flying_foxdk,2
animeilluminati,mechzdeus,13
animeilluminati,dream__center,11
rallied,carlossince99,10
rallied,smalls_,1
animeilluminati,dream__center,8
dakotaz,aleciaslayz,7
leonblack,trashlordnikita,12
animeilluminati,gilgameshishere,8
leonblack,trashlordnikita,2
animeilluminati,thedrksd,14
clintstevens,mchamy,1
animeilluminati,dream__center,11
animeilluminati,kdl306,9
clintstevens,keeeeeeeeeeeee,7
dakotaz,fox_news_at_7,2
animeilluminati,cgramens,4
animeilluminati,dream__center,5
clintstevens,xenoda,1
rallied,xiairmax23ix,3
animeilluminati,honzo_gonzo,10
animeilluminati,gilgameshishere,6
animeilluminati,dream__center,15
animeilluminati,jethuty,13
animeilluminati,dream__center,9
animeilluminati,thedrksd,7
animeilluminati,kar4sukch,5
rallied,nightbot,17
clintstevens,alphaquail,2
animeilluminati,jeonddingus,1
animeilluminati,dream__center,3
animeilluminati,triplicat,2
rallied,imlurki,3
animeilluminati,n0pants,7
leonblack,kildud3,1
animeilluminati,baf0,1
animeilluminati,jethuty,3
leonblack,tamma,1
animeilluminati,jethuty,4
animeilluminati,honzo_gonzo,8
animeilluminati,platoom,7
clintstevens,sanctuar,1
animeilluminati,jeonddingus,2
animeilluminati,triplicat,2
animeilluminati,kar4sukch,3
animeilluminati,platoom,4
animeilluminati,dream__center,5
animeilluminati,dream__center,2
animeilluminati,triplicat,3
rallied,smalls_,4
animeilluminati,tryitagain,10
clintstevens,ergonomics9,7
dakotaz,yoboyquagmire,5
rallied,basevlonee,4
animeilluminati,jeonddingus,4
rallied,rallied,4
animeilluminati,jethuty,4
clintstevens,tbrown47,16
bobross,lazylegend27,1
animeilluminati,jeonddingus,4
animeilluminati,jethuty,17
animeilluminati,easyprey,2
animeilluminati,konanza,8
clintstevens,bel_,1
animeilluminati,n0pants,8
animeilluminati,cgramens,5
rallied,nakyd,10
rallied,smalls_,2
animeilluminati,dream__center,1
rallied,cynicalhc,4
dakotaz,sp3cialforce21,15
rallied,cynicalhc,1
leonblack,amberheard,7
rallied,cynicalhc,0
rallied,eod_,4
dakotaz,aleciaslayz,7
rallied,cynicalhc,4
rallied,yeezydadon,4
rallied,tanaco1,2
leonblack,night_ronin,1
dakotaz,kingkielio,1
rallied,no_whey,9
dakotaz,ipsychotis,1
rallied,jeremiahkujo,9
clintstevens,bluuberrypancake,4
animeilluminati,jeonddingus,3
animeilluminati,tryitagain,7
clintstevens,ilovesmok,4
animeilluminati,rpd_chambers,1
animeilluminati,jethuty,8
animeilluminati,triplicat,1
animeilluminati,honzo_gonzo,5
clintstevens,ilovesmok,5
animeilluminati,stroperjules,4
rallied,jeremiahkujo,4
animeilluminati,stroperjules,3
animeilluminati,konanza,5
rallied,cynicalhc,5
animeilluminati,metal_the_hero,8
animeilluminati,hanatani_,5
dakotaz,icemanlive1,14
animeilluminati,jethuty,10
animeilluminati,624pt2,1
animeilluminati,mercisajerk,10
animeilluminati,konanza,5
chapo,t_w33zy_92,1
chapo,streamelements,11
animeilluminati,jethuty,4
chapo,extremespeed01,3
chapo,justapavlovdog,2
chapo,maddawg138,17
chapo,extremespeed01,1
chapo,streamelements,23
animeilluminati,n0pants,4
chapo,stoaontwitch,6
chapo,astendos,20
chapo,hoyle04,15
chapo,chibinyanna,2
rallied,no_whey,8
chapo,iblamethehost,2
rallied,cynicalhc,5
chapo,god_instinctz,4
leonblack,kildud3,5
leonblack,angryviking17,7
animeilluminati,jeonddingus,9
animeilluminati,jethuty,3
animeilluminati,gilgameshishere,7
animeilluminati,jethuty,8
animeilluminati,valvatoze,5
animeilluminati,jethuty,4
animeilluminati,platoom,7
animeilluminati,zaft223,1
animeilluminati,jethuty,10
clintstevens,trueself,8
rallied,no_whey,13
animeilluminati,n0pants,9
animeilluminati,tharseone,17
dakotaz,infact_,1
animeilluminati,n0pants,8
dakotaz,dasnorkopsgang,4
rallied,no_whey,19
bobross,planiciesresiduais,0
animeilluminati,n0pants,4
animeilluminati,jethuty,4
leonblack,bitterbarno,1
animeilluminati,kdl306,8
animeilluminati,animeilluminati,3
rallied,nightbot,17
animeilluminati,gilgameshishere,3
rallied,icasey,1
animeilluminati,jethuty,3
rallied,kelstin,5
leonblack,xyoungstallion,1
rallied,no_whey,4
clintstevens,scipioad,1
rallied,no_whey,6
animeilluminati,dabrownie,2
animeilluminati,kdl306,1
rallied,sinzzx,8
rallied,no_whey,7
leonblack,graywolves,16
leonblack,graywolves,1
leonblack,libecze,1
animeilluminati,honzo_gonzo,1
rallied,icasey,4
clintstevens,dateclint,3
dakotaz,nightbot,14
animeilluminati,gilgameshishere,9
animeilluminati,tryitagain,4
clintstevens,caslty,1
animeilluminati,outstrafe,5
animeilluminati,cgramens,3
dakotaz,eyereen,3
bobross,forinade,3
dakotaz,spartanking63,33
animeilluminati,tryitagain,3
dakotaz,divinelegacies,6
animeilluminati,valvatoze,2
dakotaz,forrestshrubry,7
animeilluminati,outstrafe,2
animeilluminati,tryitagain,2
animeilluminati,hanatani_,1
animeilluminati,gilgameshishere,0
clintstevens,shiroly,20
clintstevens,jtman007,4
dakotaz,dwave__,6
animeilluminati,gilgameshishere,5
clintstevens,reckle_the_rock,19
animeilluminati,gilgameshishere,8
clintstevens,pidgeontoad,4
animeilluminati,kdl306,6
rallied,k1ngtaine,5
animeilluminati,tryitagain,4
clintstevens,aiding,3
clintstevens,1mxj,4
dakotaz,mikke022,1
animeilluminati,jethuty,6
animeilluminati,n0pants,4
rallied,wawa_518,6
dakotaz,kiryojo,1
clintstevens,grammis,8
clintstevens,mirramon,1
clintstevens,quote_me_if_u_r_sad,1
animeilluminati,n0pants,5
leonblack,kevinsphallus,3
animeilluminati,regsip,2
clintstevens,303devilfish,3
bobross,metahumvn,6
rallied,kelstin,1
rallied,no_whey,5
clintstevens,quote_me_if_whomps,1
dakotaz,chaboibenny,18
animeilluminati,jethuty,3
rallied,d4nnyj,4
animeilluminati,mindonair,3
dakotaz,jennc,5
animeilluminati,ef_cookie,7
animeilluminati,xisaac,6
leonblack,chalupabatmannnnn,4
rallied,imlurki,7
rallied,kelstin,6
dakotaz,vorzyd,7
animeilluminati,ef_cookie,4
animeilluminati,konanza,13
animeilluminati,tokustreamah,5
animeilluminati,ef_cookie,9
rallied,zcappa,1
animeilluminati,dream__center,1
animeilluminati,ilovemennotgirls,6
clintstevens,mchamy,1
animeilluminati,squishypig,1
animeilluminati,konanza,3
animeilluminati,ef_cookie,9
animeilluminati,kar4sukch,7
animeilluminati,ef_cookie,8
animeilluminati,tryitagain,9
animeilluminati,bgc_commander,4
animeilluminati,gilgameshishere,6
animeilluminati,moobot,16
leonblack,libecze,4
animeilluminati,mindonair,8
animeilluminati,ilovemennotgirls,5
animeilluminati,jethuty,2
animeilluminati,gilgameshishere,4
clintstevens,endz_nz,2
animeilluminati,dream__center,7
animeilluminati,garry_,6
dakotaz,micmaller,1
clintstevens,freerefills,4
animeilluminati,jethuty,5
clintstevens,simonsgi,11
animeilluminati,regsip,3
animeilluminati,fearside5,4
animeilluminati,dream__center,1
bobross,chiefmanypipes,1
animeilluminati,jeonddingus,5
animeilluminati,noky8,4
animeilluminati,klashincore,1
animeilluminati,ef_cookie,3
animeilluminati,mercisajerk,3
animeilluminati,alrightfriend,9
animeilluminati,dream__center,7
animeilluminati,hajimenogunko,5
animeilluminati,gilgameshishere,2
animeilluminati,squishypig,6
animeilluminati,xisaac,3
animeilluminati,garry_,7
animeilluminati,nadeusx,9
animeilluminati,ef_cookie,12
animeilluminati,gilgameshishere,9
rallied,generalgreek,1
bobross,darlingcakes,6
animeilluminati,hajimenogunko,5
animeilluminati,cgramens,6
animeilluminati,gucci_clone,2
animeilluminati,jeonddingus,5
animeilluminati,dream__center,7
bobross,fellowhashbrown,1
animeilluminati,valvatoze,1
animeilluminati,freelptv,1
animeilluminati,ef_cookie,2
animeilluminati,cgramens,7
clintstevens,7arry,2
animeilluminati,cgramens,1
dakotaz,21__average,9
clintstevens,stonerox,3
animeilluminati,bakespam,2
animeilluminati,mercisajerk,9
animeilluminati,ravennknight,1
animeilluminati,ef_cookie,2
animeilluminati,garry_,4
animeilluminati,ackerbacker,2
animeilluminati,kar4sukch,3
animeilluminati,garry_,3
animeilluminati,freelptv,5
clintstevens,nukejello,3
animeilluminati,mindonair,3
animeilluminati,dream__center,13
dakotaz,meereaux,5
animeilluminati,valvatoze,6
animeilluminati,garry_,13
dakotaz,micmaller,6
animeilluminati,jethuty,1
animeilluminati,n0pants,2
bobross,zeroskillguy,4
animeilluminati,lark0,15
animeilluminati,jeonddingus,4
animeilluminati,jonrobtom,9
leonblack,nightbot,8
animeilluminati,unrankedpro2,1
animeilluminati,moobot,19
dakotaz,divinelegacies,21
animeilluminati,astralabstraction,1
animeilluminati,dream__center,4
animeilluminati,ragnaxbl,8
animeilluminati,honzo_gonzo,1
animeilluminati,squishypig,3
animeilluminati,cgramens,1
animeilluminati,dream__center,3
animeilluminati,gilgameshishere,3
animeilluminati,garry_,1
bobross,lazylegend27,5
animeilluminati,jethuty,6
animeilluminati,squishypig,6
animeilluminati,jethuty,1
bobross,skylinez33,1
animeilluminati,jeonddingus,1
animeilluminati,ef_cookie,8
animeilluminati,garry_,8
animeilluminati,unrankedpro2,10
clintstevens,compactsun,1
bobross,skylinez33,2
animeilluminati,tokustreamah,19
animeilluminati,jethuty,4
animeilluminati,bgc_commander,2
animeilluminati,n0pants,4
leonblack,trashlordnikita,12
clintstevens,303devilfish,2
bobross,chronogear,2
animeilluminati,spec__,6
animeilluminati,spec__,8
animeilluminati,garry_,5
animeilluminati,n0pants,2
animeilluminati,myoverworld,8
skiddlerrs,flumeye,6
animeilluminati,darhkie,2
bobross,scrublord__,1
bobross,forinade,3
leonblack,hinastorm,21
animeilluminati,playgamespaddy,8
skiddlerrs,xydennn,7
animeilluminati,ef_cookie,3
animeilluminati,ef_cookie,7
animeilluminati,jethuty,9
animeilluminati,jeonddingus,3
skiddlerrs,mrchii,9
animeilluminati,dream__center,3
animeilluminati,eternallyfaded,1
leonblack,swankysushi,5
animeilluminati,n0pants,5
skiddlerrs,lukeeboiiii,7
animeilluminati,gilgameshishere,8
animeilluminati,bannified,4
animeilluminati,ef_cookie,4
animeilluminati,valvatoze,1
skiddlerrs,youwantmychode,14
clintstevens,7arry,1
animeilluminati,moobot,24
bobross,triviumchamp,4
animeilluminati,eternallyfaded,3
animeilluminati,jonrobtom,2
leonblack,kevinsphallus,2
leonblack,wolvos,2
animeilluminati,gilgameshishere,10
skiddlerrs,jessicaonrs,9
skiddlerrs,hmphaow,6
skiddlerrs,youwantmychode,6
animeilluminati,myoverworld,2
leonblack,nightbot,24
animeilluminati,myoverworld,4
skiddlerrs,jessicaonrs,6
animeilluminati,mindonair,8
skiddlerrs,doobey1231,1
skiddlerrs,miniking,5
skiddlerrs,lukeeboiiii,11
skiddlerrs,gainscapev1,9
animeilluminati,gilgameshishere,3
animeilluminati,dream__center,6
skiddlerrs,doobey1231,14
animeilluminati,kar4sukch,18
animeilluminati,moobot,8
skiddlerrs,gainscapev1,1
skiddlerrs,farlow95,1
skiddlerrs,manjimuttrs,1
animeilluminati,garry_,3
skiddlerrs,therealsickshot,3
clintstevens,mchamy,6
animeilluminati,jeonddingus,5
skiddlerrs,bruhscape,2
skiddlerrs,gokillanoob,2
skiddlerrs,youwantmychode,3
clintstevens,atlantisdarts,3
dakotaz,tripp_tank,0
clintstevens,dreamt_of,4
skiddlerrs,youwantmychode,1
skiddlerrs,jessicaonrs,2
clintstevens,martin477,1
animeilluminati,dream__center,10
skiddlerrs,xsorrow,3
skiddlerrs,sameeee,2
bobross,monjorboske1,3
dakotaz,lenabobenaa,3
leonblack,dykinz,12
animeilluminati,aragyan,2
leonblack,jediwomprat,1
clintstevens,lpzeldagamer,4
animeilluminati,ravennknight,1
animeilluminati,moobot,9
animeilluminati,n0pants,2
leonblack,dykinz,2
skiddlerrs,jessicaonrs,4
skiddlerrs,cow_toungs,14
skiddlerrs,cow_toungs,1
skiddlerrs,addybuyore,2
animeilluminati,sonyknight100,2
leonblack,nightbot,6
animeilluminati,420sasuke69,4
leonblack,bazontwitch,2
skiddlerrs,randywalrus69,2
skiddlerrs,randywalrus69,6
clintstevens,chuckthegypsy,6
animeilluminati,hiikiiko,5
animeilluminati,jethuty,4
skiddlerrs,varcia,6
skiddlerrs,walrus03,2
skiddlerrs,sameeee,6
leonblack,trashlordnikita,4
skiddlerrs,ecko3o6,2
skiddlerrs,wadesc,9
animeilluminati,dream__center,13
dakotaz,nightbot,15
animeilluminati,ef_cookie,23
animeilluminati,topids,6
animeilluminati,garry_,1
animeilluminati,420sasuke69,7
bobross,kev1n_og,2
animeilluminati,draughtknight,7
clintstevens,snokey_,11
animeilluminati,624pt2,2
skiddlerrs,chipsandgravyoce,10
animeilluminati,triplicat,1
animeilluminati,n0pants,4
animeilluminati,triplicat,1
skiddlerrs,synq,1
bobross,lazylegend27,2
animeilluminati,cgramens,5
dakotaz,bennywiseeee,1
animeilluminati,draughtknight,8
bobross,gamewolf62,16
animeilluminati,lucas__cs,1
animeilluminati,dream__center,3
animeilluminati,unrankedpro2,1
skiddlerrs,vyters,2
animeilluminati,distantcloud,3
animeilluminati,distantcloud,2
animeilluminati,tetsujack,3
skiddlerrs,leseeee,2
animeilluminati,jethuty,4
skiddlerrs,rickytaterz,1
animeilluminati,hgee100,3
forsen,sunki,6
animeilluminati,arfenhouse_,5
animeilluminati,generaltaox,1
animeilluminati,murry,1
animeilluminati,blakkheim__,5
animeilluminati,bgc_commander,1
animeilluminati,platinumlain,1
animeilluminati,624pt2,2
animeilluminati,aragyan,1
animeilluminati,squishypig,1
animeilluminati,dream__center,3
animeilluminati,gilgameshishere,1
animeilluminati,jethuty,5
animeilluminati,platoom,4
animeilluminati,sr388x,5
animeilluminati,saprol,1
skiddlerrs,xelysii,6
leonblack,kilotone,3
skiddlerrs,ryd3r_07,1
animeilluminati,hajimenogunko,2
skiddlerrs,nxtplzrs,1
animeilluminati,wormyjester8,2
animeilluminati,myoverworld,1
skiddlerrs,cow_toungs,1
animeilluminati,unrankedpro2,2
animeilluminati,kyros01,5
animeilluminati,distantcloud,2
clintstevens,astrel_solinea,1
skiddlerrs,gokillanoob,1
animeilluminati,hgee100,6
skiddlerrs,manjimuttrs,1
skiddlerrs,bonepvm,1
clintstevens,akumanism,1
animeilluminati,adrenaline444,1
skiddlerrs,xelysii,8
skiddlerrs,nxtplzrs,13
skiddlerrs,jet_ski,2
leonblack,skeptical_reptile,9
animeilluminati,sr388x,8
dakotaz,hydroap,7
clintstevens,miasma22,1
skiddlerrs,dodga93,2
dakotaz,burrufas,3
dakotaz,telonawhite,4
leonblack,eloquentbambi,24
animeilluminati,platoom,3
clintstevens,kingofthebrocean,1
leonblack,posister,2
animeilluminati,cuttingtendons,9
animeilluminati,cuttingtendons,1
animeilluminati,bgc_commander,3
skiddlerrs,synq,3
animeilluminati,ten_or_10,5
animeilluminati,ef_cookie,1
animeilluminati,cgramens,6
animeilluminati,sr388x,4
animeilluminati,jeonddingus,10
clintstevens,its_mech,3
forsen,demancend,6
animeilluminati,garry_,1
animeilluminati,sr388x,2
clintstevens,captain_plant,1
skiddlerrs,mathiascf,0
animeilluminati,nordaenn,1
animeilluminati,outstrafe,6
animeilluminati,professormaven,5
animeilluminati,squishypig,1
skiddlerrs,textiicle,1
forsen,beerro,4
dakotaz,rouwey,5
animeilluminati,ef_cookie,6
animeilluminati,garry_,11
animeilluminati,bgc_commander,3
animeilluminati,n0pants,7
skiddlerrs,bbrs92,1
animeilluminati,mercisajerk,18
skiddlerrs,tagelconarxd,3
animeilluminati,garry_,5
animeilluminati,ef_cookie,3
animeilluminati,distantcloud,7
leonblack,kevinsphallus,11
animeilluminati,garry_,1
animeilluminati,sr388x,3
animeilluminati,jethuty,1
leonblack,eloquentbambi,2
skiddlerrs,i_like_kebabs,12
dakotaz,pritchard_91,8
animeilluminati,moobot,16
animeilluminati,n0pants,4
animeilluminati,jethuty,6
animeilluminati,triplicat,8
forsen,xmlgblaze,2
skiddlerrs,youwantmychode,0
skiddlerrs,bruhscape,6
skiddlerrs,youwantmychode,12
leonblack,eloquentbambi,4
skiddlerrs,aoaagoldbot,8
leonblack,swinefoxy,4
animeilluminati,bgc_commander,3
leonblack,eloquentbambi,5
animeilluminati,seagrass_,8
forsen,guikuza,3
skiddlerrs,xelysii,3
skiddlerrs,wadesc,1
dakotaz,michealehret,1
dakotaz,pilgrim_02,4
animeilluminati,topids,7
clintstevens,firemanzz,2
animeilluminati,ppr1987,8
animeilluminati,tldzzkek,2
animeilluminati,kaiserj,8
animeilluminati,garry_,1
skiddlerrs,ceemilly,13
skiddlerrs,synq,1
forsen,artifact_waiting_room,1
animeilluminati,seriousmiley,1
animeilluminati,tldzzkek,6
animeilluminati,distantcloud,1
forsen,lacazrie,0
animeilluminati,yoh001,5
skiddlerrs,leafyshade,8
skiddlerrs,high_on_ranarr,3
skiddlerrs,gokillanoob,1
skiddlerrs,razielnr,9
animeilluminati,kinetix_,9
animeilluminati,dominance113,2
skiddlerrs,i_like_kebabs,3
animeilluminati,n0pants,3
leonblack,amberheard,6
animeilluminati,gilgameshishere,5
forsen,ppabq,1
skiddlerrs,mfshrimp,7
dakotaz,caeana,3
animeilluminati,garry_,4
animeilluminati,johnny819,4
skiddlerrs,diplamatrs,2
skiddlerrs,james_c,3
animeilluminati,n0pants,2
dakotaz,chebezrs,3
animeilluminati,jethuty,8
forsen,arky1003,5
dakotaz,pritchard_91,6
animeilluminati,bgc_commander,12
clintstevens,firemanzz,1
skiddlerrs,synq,5
animeilluminati,azetheos,4
animeilluminati,n0pants,3
dakotaz,unprotecteds3x,1
animeilluminati,lorvi,4
forsen,jimmmyrustles,1
skiddlerrs,irbib,13
dakotaz,ozzglo,1
skiddlerrs,jessicaonrs,4
bobross,thebinaryson,8
skiddlerrs,synq,4
forsen,zypnyxx,1
animeilluminati,azetheos,3
skiddlerrs,dmnc_diaz,13
skiddlerrs,camrinosandino,1
animeilluminati,bgc_commander,2
animeilluminati,deepdarkwater,3
skiddlerrs,aoaagoldbot,2
clintstevens,meowguy2,1
leonblack,behaved,10
clintstevens,compactsun,6
animeilluminati,moobot,8
clintstevens,senipo,1
skiddlerrs,bigbootymixvol14,5
dakotaz,blameextra,1
animeilluminati,grim_whimsy,8
dakotaz,3d_doodles,1
dakotaz,niekanixx,1
animeilluminati,klashincore,9
forsen,peek4f,4
dakotaz,hytggrdew,1
dakotaz,kasra__km,0
dakotaz,frozenwolfes,1
dakotaz,winslowstatemod,1
skiddlerrs,ineedmatss,1
animeilluminati,bread_74,2
leonblack,behaved,4
skiddlerrs,kerel11,1
leonblack,wolvos,1
skiddlerrs,ava_skiller,1
skiddlerrs,odinsgodsword,7
bobross,notic,1
clintstevens,epicapx,1
chapo,jeromboe,1
animeilluminati,firemine,9
forsen,4house,6
forsen,agrodon01,5
skiddlerrs,bigbootymixvol14,12
leonblack,chilly7699,3
skiddlerrs,wangkebab,4
skiddlerrs,bobbybigbaloney,5
chapo,chibinyanna,2
animeilluminati,moobot,8
chapo,emanfman,13
animeilluminati,sr388x,4
skiddlerrs,pvmandchill,8
chapo,ledouxme8,9
chapo,awesomeandy9,9
animeilluminati,firemine,4
skiddlerrs,iping,4
chapo,spaceman952,11
chapo,thegodcesar,6
clintstevens,meowguy2,3
leonblack,wolvos,6
leonblack,szash,6
chapo,chibinyanna,6
skiddlerrs,jessicaonrs,3
chapo,chibinyanna,3
animeilluminati,callmevexed,4
skiddlerrs,xerxes1210,5
chapo,thegodcesar,16
forsen,guikuza,2
chapo,streamelements,10
animeilluminati,bgc_commander,7
chapo,jeromboe,7
chapo,thegodcesar,7
animeilluminati,sheriockhoimesjr,0
animeilluminati,ef_cookie,1
animeilluminati,firemine,13
skiddlerrs,diplamatrs,1
animeilluminati,animeilluminati,1
bobross,anyodyssey,4
clintstevens,trueterroroftalos,1
chapo,amonkira42,9
animeilluminati,oda16,2
clintstevens,trueterroroftalos,3
chapo,bewareofspatula,9
chapo,lolzjj,1
chapo,beeandwin,1
chapo,astendos,1
chapo,epilepticnips,9
chapo,chibinyanna,2
chapo,super_reliable_advice,1
animeilluminati,liloandkevin,5
animeilluminati,deepdarkwater,8
chapo,siyaarr,1
animeilluminati,saidypoo,3
chapo,thegodcesar,1
chapo,chibinyanna,5
chapo,prestige_gaming,2
skiddlerrs,leagueproplays,15
chapo,thegodcesar,23
animeilluminati,ef_cookie,1
leonblack,ozzyrampage,1
animeilluminati,ragnaxbl,1
chapo,lolzjj,14
chapo,chibinyanna,4
animeilluminati,callmevexed,2
chapo,chibinyanna,1
chapo,epilepticnips,2
chapo,t_w33zy_92,1
chapo,chibinyanna,1
chapo,streamelements,22
skiddlerrs,diplamatrs,1
clintstevens,lamedon86,1
skiddlerrs,gokillanoob,1
skiddlerrs,lounyaz,1
animeilluminati,dream__center,1
chapo,miraukon,9
skiddlerrs,jessicaonrs,5
chapo,amonkira42,6
animeilluminati,cgramens,11
skiddlerrs,gokillanoob,10
skiddlerrs,doobey1231,5
chapo,chibinyanna,6
chapo,miraukon,2
chapo,lolzjj,4
chapo,amonkira42,13
chapo,streamelements,10
chapo,chibinyanna,3
animeilluminati,awkwarddogboner,8
skiddlerrs,ayyjayy1996,1
skiddlerrs,leagueproplays,1
animeilluminati,garry_,2
animeilluminati,klashincore,1
chapo,streamelements,20
skiddlerrs,calumz0r,3
skiddlerrs,leparc,1
chapo,amonkira42,12
skiddlerrs,leparc,2
chapo,epilepticnips,16
chapo,chibinyanna,1
chapo,streamelements,42
leonblack,f1yingv,6
animeilluminati,moobot,19
chapo,lolzjj,3
animeilluminati,distantcloud,6
animeilluminati,garry_,7
chapo,whoamarkyy,12
chapo,amonkira42,2
animeilluminati,dominance113,1
animeilluminati,gmcustom,8
animeilluminati,dream__center,6
chapo,streamelements,10
chapo,t_w33zy_92,15
animeilluminati,sr388x,6
chapo,chibinyanna,3
animeilluminati,grewenth,9
skiddlerrs,leparc,7
chapo,lolzjj,1
chapo,chibinyanna,4
animeilluminati,yaminegira13,6
chapo,t_w33zy_92,5
skiddlerrs,calumz0r,5
chapo,lolzjj,2
animeilluminati,jethuty,5
chapo,amonkira42,18
leonblack,skeptical_reptile,1
chapo,chibinyanna,4
skiddlerrs,centrelinko,0
chapo,ghost_hyperhex,1
leonblack,contsi,8
animeilluminati,cgramens,0
animeilluminati,callmevexed,1
leonblack,deadbolts,5
skiddlerrs,cal_ki,1
skiddlerrs,leparc,4
forsen,randers00,10
animeilluminati,cgramens,2
animeilluminati,ragnaxbl,5
animeilluminati,dream__center,8
skiddlerrs,leparc,10
animeilluminati,ka1r1,14
leonblack,eloquentbambi,2
skiddlerrs,calumz0r,4
skiddlerrs,squiddle__,21
animeilluminati,tldzzkek,9
animeilluminati,distantcloud,3
clintstevens,ryyuuz,3
animeilluminati,n0pants,4
clintstevens,drizzydrake,1
skiddlerrs,hexceptional,1
animeilluminati,420sasuke69,4
animeilluminati,distantcloud,11
animeilluminati,moobot,19
animeilluminati,distantcloud,4
clintstevens,rasonic,3
clintstevens,tokeei,1
dakotaz,tillybaby_22,3
animeilluminati,klashincore,1
leonblack,rjdoute,9
skiddlerrs,etnnnn,3
animeilluminati,jethuty,14
skiddlerrs,pur3gh0st99,3
skiddlerrs,zirexnumbers,7
animeilluminati,n0pants,10
skiddlerrs,gainscapev1,2
animeilluminati,callmevexed,6
animeilluminati,n0pants,10
animeilluminati,tldzzkek,7
skiddlerrs,xelysii,3
skiddlerrs,skolly14_1,5
skiddlerrs,razielnr,6
skiddlerrs,j4m2g0,8
skiddlerrs,brown_________,1
skiddlerrs,bobbybigbaloney,10
animeilluminati,lark0,14
clintstevens,dateclint,1
clintstevens,moobot,3
skiddlerrs,wadesc,1
skiddlerrs,xelysii,22
skiddlerrs,bigbootymixvol14,15
skiddlerrs,xelysii,17
animeilluminati,octopimp,6
animeilluminati,moobot,7
skiddlerrs,mortensenn,1
skiddlerrs,doobey1231,14
skiddlerrs,hcenforcer,4
skiddlerrs,humpabunch,7
dakotaz,belv_,1
animeilluminati,ka1r1,2
skiddlerrs,starteditm9,5
skiddlerrs,bigbootymixvol14,3
clintstevens,timoteh,7
skiddlerrs,blackanddoubledecker,6
skiddlerrs,doobey1231,13
skiddlerrs,dmnc_diaz,1
skiddlerrs,totalvoid,4
clintstevens,shinylunatone,2
skiddlerrs,shents,2
skiddlerrs,eatdrinkgame,1
skiddlerrs,hazezorr,1
skiddlerrs,prim__,1
forsen,i_am_just_black_guy,1
animeilluminati,viusi,1
animeilluminati,jasonjtran,1
skiddlerrs,vb__longneck,14
skiddlerrs,monster_x,1
leonblack,deadbolts,3
skiddlerrs,aoaagoldbot,11
animeilluminati,gilgameshishere,5
skiddlerrs,monster_x,8
animeilluminati,yoghurtflinger,20
animeilluminati,moobot,8
leonblack,leopz_,1
leonblack,pzychowar,1
animeilluminati,fabiozwei,3
skiddlerrs,aoaagoldbot,2
skiddlerrs,bitesizedkiran,1
skiddlerrs,leagueproplays,14
clintstevens,lord_stokes,1
skiddlerrs,vb__longneck,5
animeilluminati,fearside5,9
forsen,mahark4,1
skiddlerrs,jessicaonrs,4
animeilluminati,kinetix_,4
animeilluminati,gmatellan,4
dakotaz,pritchard_91,2
animeilluminati,soulsilver11,7
animeilluminati,ka1r1,1
animeilluminati,fgdcg,1
animeilluminati,streakz_100,3
animeilluminati,cpuuuh,17
bobross,gamewolf62,1
animeilluminati,darhkie,7
skiddlerrs,daburritoben,6
animeilluminati,fabiozwei,1
skiddlerrs,knarfers,9
animeilluminati,naomism,1
animeilluminati,viusi,3
animeilluminati,fgdcg,1
skiddlerrs,knarfers,1
animeilluminati,ka1r1,1
clintstevens,qazwet,2
animeilluminati,theivid,5
bobross,jamothebest,3
forsen,white_male20,4
animeilluminati,valvatoze,3
animeilluminati,djeeta777,4
forsen,fahad_789,2
skiddlerrs,kiwimacj,1
skiddlerrs,jessicaonrs,5
clintstevens,hello2030,1
forsen,matyske,1
clintstevens,ukurse,1
dakotaz,envikaos,7
skiddlerrs,korps3,3
clintstevens,elderbooks,1
clintstevens,nuozi,3
clintstevens,warlord_,5
leonblack,pzychowar,2
forsen,fahad_789,3
skiddlerrs,94nearlyold,1
animeilluminati,toast9,1
animeilluminati,loremasher,3
animeilluminati,kinetix_,12
forsen,randers00,6
animeilluminati,moobot,9
skiddlerrs,superconedestroyer,6
animeilluminati,loremasher,5
skiddlerrs,kiwimacj,6
clintstevens,wraf,0
skiddlerrs,gainscapev1,3
animeilluminati,valvatoze,4
dakotaz,nickjaccz,5
forsen,hobyx,5
skiddlerrs,vb__longneck,4
animeilluminati,baiken__,7
animeilluminati,vespriim,13
skiddlerrs,xelysii,3
skiddlerrs,desssoe,10
clintstevens,mccannon,21
skiddlerrs,superconedestroyer,20
forsen,serolinosanos,10
clintstevens,cluntbotstovens,6
skiddlerrs,harryronhermione,10
clintstevens,xiaoanaxing,1
skiddlerrs,totalvoid,6
animeilluminati,koaster97,4
leonblack,deadbolts,7
skiddlerrs,yrrah,1
animeilluminati,klashincore,3
animeilluminati,valvatoze,5
animeilluminati,valvatoze,7
animeilluminati,ka1r1,2
animeilluminati,loremasher,3
animeilluminati,tekken_5_king,10
dakotaz,thoernvall,6
animeilluminati,lumpy501,2
animeilluminati,valvatoze,8
animeilluminati,ka1r1,2
animeilluminati,bda01,2
skiddlerrs,aoaagoldbot,11
clintstevens,dylantonn,1
leonblack,trashlordnikita,1
clintstevens,compactsun,1
skiddlerrs,xelysii,2
skiddlerrs,richiemacgames,5
leonblack,supercheeseball,2
skiddlerrs,harry_rsuk,14
clintstevens,bigtimetalks,20
skiddlerrs,spitty1569,10
forsen,the_hunk,6
skiddlerrs,only_stress,3
leonblack,trashlordnikita,4
animeilluminati,ka1r1,1
skiddlerrs,cryinglittlenoob,4
skiddlerrs,joel_btw,5
skiddlerrs,aoaagoldbot,10
animeilluminati,klashincore,1
animeilluminati,tuck359,7
dakotaz,socialclubreject,7
bobross,lemm1ngg,2
clintstevens,a_r_t_e_a,1
animeilluminati,baiken__,1
animeilluminati,ka1r1,1
animeilluminati,triplicat,9
skiddlerrs,richiemacgames,3
skiddlerrs,osrsjonny,1
animeilluminati,loremasher,2
animeilluminati,gilgameshishere,1
animeilluminati,furyrage,4
skiddlerrs,gokillanoob,7
animeilluminati,supernoon,1
skiddlerrs,loosh,5
skiddlerrs,hexceptional,21
leonblack,bestgodinezlas,0
animeilluminati,ragnaxbl,3
skiddlerrs,totalvoid,14
animeilluminati,its_ripto,8
leonblack,legend_killer79,1
skiddlerrs,giinnge,5
clintstevens,ineedthisforgiveaways,12
leonblack,raider_unkindled,7
animeilluminati,ka1r1,1
clintstevens,darksoulswithcontroller,1
skiddlerrs,totalvoid,6
dakotaz,charmanderisthebestpokemo,1
clintstevens,drizzydrake,1
animeilluminati,valvatoze,9
leonblack,legend_killer79,12
animeilluminati,jasonjtran,5
skiddlerrs,smilk2,1
animeilluminati,jonrobtom,14
animeilluminati,dmking77,6
animeilluminati,gmatellan,1
skiddlerrs,spicy_buns,5
skiddlerrs,lekkyyy,11
animeilluminati,gilgameshishere,2
skiddlerrs,senken,14
skiddlerrs,jonmarc,1
animeilluminati,valvatoze,4
animeilluminati,kaiserj,5
animeilluminati,luminouslunar,6
dakotaz,scoobyadirty,4
animeilluminati,sr388x,3
animeilluminati,gorgovitchvonsmashthings,4
leonblack,legend_killer79,2
skiddlerrs,lounyaz,5
animeilluminati,reggierice,1
animeilluminati,valvatoze,2
animeilluminati,luminouslunar,1
skiddlerrs,jessicaonrs,3
bobross,alfhien,1
clintstevens,fapnapz,3
animeilluminati,shroomyd,6
animeilluminati,n0pants,9
animeilluminati,dave__,1
animeilluminati,teepo11,5
animeilluminati,cradle_n,2
skiddlerrs,dioninsanity,1
animeilluminati,kappahal0,7
leonblack,cesar_master10,1
skiddlerrs,jessicaonrs,1
animeilluminati,valvatoze,4
skiddlerrs,gokillanoob,2
animeilluminati,fearside5,6
skiddlerrs,ethannnx,3
animeilluminati,themuzztv,3
animeilluminati,gilgameshishere,3
bobross,bbags,2
animeilluminati,gorgovitchvonsmashthings,11
animeilluminati,cactuscommando,4
animeilluminati,furyrage,4
animeilluminati,lawless,5
animeilluminati,jonrobtom,7
animeilluminati,dora2212,0
animeilluminati,dmking77,4
animeilluminati,ando_is_dabes,6
skiddlerrs,skolly14_1,3
animeilluminati,66akira,4
skiddlerrs,jonmarc,1
leonblack,ssbkk,4
skiddlerrs,bruhscape,1
skiddlerrs,ethannnx,1
animeilluminati,dmking77,3
bobross,irelandiscool,3
animeilluminati,jonrobtom,3
skiddlerrs,wadesc,1
animeilluminati,acidrapture,13
animeilluminati,thatscricri,1
animeilluminati,luminouslunar,2
leonblack,legend_killer79,1
animeilluminati,66akira,2
skiddlerrs,ogdabking,9
animeilluminati,gilgameshishere,3
animeilluminati,n0pants,11
animeilluminati,moobot,8
clintstevens,xiaoanaxing,1
leonblack,varrick1786,1
leonblack,camabunta,2
clintstevens,perdey,2
leonblack,eloquentbambi,1
animeilluminati,acrael,1
skiddlerrs,jonmarc,1
animeilluminati,n0pants,5
skiddlerrs,jasonakatj,1
animeilluminati,n0pants,1
forsen,tetyys,8
dakotaz,willdotu,4
animeilluminati,acidrapture,17
forsen,tetyys,8
animeilluminati,tacopander,9
skiddlerrs,addybuyore,9
forsen,profileterol,1
animeilluminati,poonaniest,8
skiddlerrs,mighthavegames,11
skiddlerrs,osrs_darkness,14
animeilluminati,its_ripto,3
skiddlerrs,jonmarc,10
skiddlerrs,odinsgodsword,1
bobross,gamewolf62,14
skiddlerrs,danielosrs,1
skiddlerrs,hexceptional,1
leonblack,eloquentbambi,28
clintstevens,minstrelmalphas,1
animeilluminati,lawless,2
animeilluminati,loremasher,6
animeilluminati,blastboys123,12
animeilluminati,acrael,1
skiddlerrs,senken,1
clintstevens,inspectredc,1
clintstevens,twimtho,1
dakotaz,didistillwin,3
forsen,tetyys,6
skiddlerrs,harmatchis_rs,4
clintstevens,fapnapz,1
forsen,notheowner,6
skiddlerrs,slimylemon,2
skiddlerrs,aresident,12
clintstevens,evillute,2
animeilluminati,kaiserj,7
clintstevens,zantera,5
forsen,lucif3r_009,12
animeilluminati,valvatoze,4
forsen,randers00,6
animeilluminati,blastboys123,6
animeilluminati,gilgameshishere,12
animeilluminati,viusi,5
animeilluminati,bgc_commander,3
skiddlerrs,senken,4
skiddlerrs,keiserr_,1
dakotaz,canelothebeast19,8
skiddlerrs,addybuyore,2
animeilluminati,blastboys123,2
leonblack,legend_killer79,5
animeilluminati,cleedow,5
bobross,barnesismine,3
skiddlerrs,jasonakatj,4
dakotaz,unknwnfever,6
animeilluminati,themuzztv,2
leonblack,gojin,2
animeilluminati,valvatoze,7
animeilluminati,624pt2,1
animeilluminati,striderkeni,1
forsen,excellentxd,6
animeilluminati,jonrobtom,2
animeilluminati,justim0,3
animeilluminati,themuzztv,11
skiddlerrs,penguinfication,2
animeilluminati,vfall96,5
animeilluminati,justim0,7
animeilluminati,66akira,4
animeilluminati,valvatoze,4
animeilluminati,gilgameshishere,4
skiddlerrs,oriiginal_,2
animeilluminati,luda13600,2
clintstevens,pomless,3
animeilluminati,gilgameshishere,4
animeilluminati,gilgameshishere,6
clintstevens,hello2030,1
skiddlerrs,pakiladd,1
skiddlerrs,pounder94,2
clintstevens,kingofthebrocean,1
clintstevens,bigtimetalks,1
animeilluminati,valvatoze,2
clintstevens,paperkev175,1
clintstevens,eygrr,6
animeilluminati,valvatoze,1
animeilluminati,gilgameshishere,3
animeilluminati,66akira,3
animeilluminati,valvatoze,1
animeilluminati,luda13600,1
animeilluminati,blastboys123,1
skiddlerrs,wingyy,1
skiddlerrs,aoaagoldbot,2
animeilluminati,66akira,1
animeilluminati,luda13600,2
animeilluminati,gilgameshishere,2
animeilluminati,valvatoze,1
animeilluminati,jonrobtom,2
animeilluminati,beautifulhair,2
animeilluminati,fgdcg,0
leonblack,nightbot,1
animeilluminati,jaqatt4ck,5
animeilluminati,gilgameshishere,1
animeilluminati,kaiserj,3
skiddlerrs,n__10,8
clintstevens,inspectredc,7
animeilluminati,monani,2
animeilluminati,farpenoodle,1
animeilluminati,dragonic8,4
animeilluminati,platoom,2
skiddlerrs,gainscapev1,0
animeilluminati,blastboys123,4
animeilluminati,66akira,8
animeilluminati,weeblord_neeto,6
animeilluminati,mrdiggles437,6
animeilluminati,gilgameshishere,3
skiddlerrs,ethannnx,1
skiddlerrs,put_whales_in_the_bin,2
skiddlerrs,odinsgodsword,2
clintstevens,loyall,1
animeilluminati,weeblord_neeto,11
leonblack,sirakain,2
dakotaz,yourangel21,1
animeilluminati,ichigeki1,3
animeilluminati,luda13600,6
animeilluminati,serchlight,1
dakotaz,blayzem365,13
skiddlerrs,420snipesbruh,1
clintstevens,phluffyhead,1
skiddlerrs,qwinnyosrs,2
skiddlerrs,yaboyaiex,5
skiddlerrs,aquaticslayer,6
bobross,plaague,3
skiddlerrs,richiemacgames,3
skiddlerrs,slurpyjones,2
skiddlerrs,n__10,19
animeilluminati,blastboys123,4
animeilluminati,hit4ch1,4
skiddlerrs,addybuyore,3
animeilluminati,hajimenogunko,2
leonblack,mertiger,15
animeilluminati,hit4ch1,10
animeilluminati,valvatoze,4
skiddlerrs,bigfoot1,5
animeilluminati,monani,6
animeilluminati,blastboys123,1
animeilluminati,valvatoze,1
animeilluminati,gilgameshishere,1
animeilluminati,gifas,2
animeilluminati,nikolas_cmx,6
animeilluminati,66akira,1
leonblack,gingerbreadjosh,3
leonblack,gingerbreadjosh,1
animeilluminati,fgdcg,2
animeilluminati,murry,2
animeilluminati,fenou,1
animeilluminati,valvatoze,9
animeilluminati,lorddarkkn,3
animeilluminati,el_tro,7
animeilluminati,liloandkevin,8
animeilluminati,gilgameshishere,1
skiddlerrs,skolly14_1,1
animeilluminati,gifas,7
skiddlerrs,undeadgray23,5
forsen,notheowner,6
animeilluminati,el_tro,6
animeilluminati,lorddarkkn,4
animeilluminati,loremasher,10
forsen,heliumdrag,9
animeilluminati,gilgameshishere,3
leonblack,mertiger,14
clintstevens,bigtimetalks,1
skiddlerrs,blackanddoubledecker,2
animeilluminati,valvatoze,10
leonblack,cashlessrain,5
leonblack,thepuhk,4
clintstevens,cultistx,2
animeilluminati,moobot,24
animeilluminati,gilgameshishere,12
leonblack,nightbot,9
animeilluminati,johnny819,2
animeilluminati,monani,3
animeilluminati,monani,15
animeilluminati,n0pants,1
skiddlerrs,noxaine,2
bobross,xenarift,7
leonblack,nightbot,6
skiddlerrs,richiemacgames,2
animeilluminati,dragonic8,1
animeilluminati,ileso,2
animeilluminati,nerdjosh,3
animeilluminati,klashincore,1
animeilluminati,vartill,8
leonblack,drjoker86,2
animeilluminati,tatomagix,16
animeilluminati,bgc_commander,3
animeilluminati,acrael,3
animeilluminati,andrevsworld,2
clintstevens,minusgn,2
skiddlerrs,penguinfication,13
leonblack,klingeryo,1
animeilluminati,marnorz,10
animeilluminati,johnny819,2
clintstevens,leafghost64,3
clintstevens,sandstormss,1
animeilluminati,farpenoodle,6
animeilluminati,mashido1,1
forsen,00000red00000,3
animeilluminati,murry,5
animeilluminati,gilgameshishere,4
animeilluminati,darugax,2
skiddlerrs,skolly14_1,14
clintstevens,trigginfypo,1
skiddlerrs,a_dam,1
skiddlerrs,joshstrefff,2
skiddlerrs,iamluckeh,16
animeilluminati,soren85,4
skiddlerrs,richiemacgames,2
skiddlerrs,jasslehoff,14
skiddlerrs,intimidating_canadian,1
skiddlerrs,senken,10
skiddlerrs,mrpoopybutthole17,6
skiddlerrs,rhyseee,3
skiddlerrs,ractorxa,10
animeilluminati,n0pants,6
clintstevens,arclight_,1
clintstevens,orfacu99,1
skiddlerrs,shents,2
forsen,acrylx,8
animeilluminati,valvatoze,1
skiddlerrs,seblaw,13
animeilluminati,farpenoodle,6
animeilluminati,valvatoze,3
forsen,tetyys,13
animeilluminati,devoidelite,4
dakotaz,iqwikzy,2
animeilluminati,hit4ch1,7
skiddlerrs,hennerys,8
skiddlerrs,hiihtopipa,1
animeilluminati,spec__,5
clintstevens,pro_xx_gamer_02,1
animeilluminati,dave__,6
animeilluminati,81malice,3
animeilluminati,farpenoodle,5
skiddlerrs,senken,14
animeilluminati,hit4ch1,1
animeilluminati,dragonplayer32,5
dakotaz,dancrampton,1
skiddlerrs,yeejj,23
animeilluminati,mikeand1kefgc,2
skiddlerrs,metatank,1
animeilluminati,hit4ch1,1
animeilluminati,farpenoodle,7
skiddlerrs,razielnr,0
dakotaz,harts_,1
animeilluminati,hit4ch1,8
skiddlerrs,gainscapev1,5
dakotaz,scythearmy,1
skiddlerrs,jesusbro24,1
forsen,cdmegalul,2
animeilluminati,spec__,5
animeilluminati,spec__,3
animeilluminati,fenou,0
skiddlerrs,intimidating_canadian,4
dakotaz,infact_,4
animeilluminati,valvatoze,2
animeilluminati,chick3n_w4ffles,7
dakotaz,dongoelzi,6
animeilluminati,chusansg,1
clintstevens,doctorfuji,1
animeilluminati,gilgameshishere,1
skiddlerrs,blackanddoubledecker,4
animeilluminati,justicesoultuna,2
skiddlerrs,lesseffort,8
animeilluminati,valvatoze,3
dakotaz,mrwessa,5
animeilluminati,mrdiggles437,6
skiddlerrs,plastikpudel,5
animeilluminati,dynamite_pete,2
dakotaz,vhrick,10
dakotaz,ipsychotis,2
animeilluminati,mrdiggles437,2
skiddlerrs,bikelessrs,1
animeilluminati,farpenoodle,4
animeilluminati,valvatoze,5
animeilluminati,bgc_commander,4
animeilluminati,platoom,1
dakotaz,booteebandit,13
animeilluminati,wytpony,1
skiddlerrs,blackanddoubledecker,4
animeilluminati,muenshter,4
animeilluminati,bgc_commander,2
dakotaz,shubaby23,2
animeilluminati,farpenoodle,6
animeilluminati,toffelpuffer1,9
animeilluminati,mrdiggles437,6
animeilluminati,valvatoze,12
animeilluminati,81malice,5
animeilluminati,wytpony,2
animeilluminati,kitsune_jones,7
animeilluminati,dreamyrobot,10
skiddlerrs,aethuall,6
skiddlerrs,fartmancer69,9
skiddlerrs,sekuria,1
animeilluminati,gilgameshishere,3
animeilluminati,farpenoodle,1
dakotaz,theboymarco,3
animeilluminati,devoidelite,1
animeilluminati,spec__,6
dakotaz,tawfar,4
animeilluminati,bruthicus,2
clintstevens,slasher1621,3
animeilluminati,hajimenogunko,3
animeilluminati,platoom,3
animeilluminati,kaiserj,4
animeilluminati,beautifulhair,3
animeilluminati,nas_alsalem,4
animeilluminati,fabiozwei,3
clintstevens,ryzerb,1
skiddlerrs,peeksallstars,6
skiddlerrs,therealmajortv,15
clintstevens,ktothepop,3
clintstevens,hello2030,8
animeilluminati,bread_74,2
animeilluminati,kurusu7,1
animeilluminati,muenshter,1
animeilluminati,cpuuuh,11
animeilluminati,dragonplayer32,9
forsen,demetriusu,2
skiddlerrs,giinnge,2
forsen,ehmby,1
animeilluminati,farpenoodle,2
animeilluminati,cactuscommando,4
animeilluminati,vexnya,5
skiddlerrs,hennerys,3
animeilluminati,dreamyrobot,9
animeilluminati,mutedmimic,1
dakotaz,akerlime,1
animeilluminati,fabiozwei,4
animeilluminati,valvatoze,2
animeilluminati,cpuuuh,7
skiddlerrs,wanqer,1
skiddlerrs,xnfcarbon,15
skiddlerrs,ludiimalii,1
skiddlerrs,cow_toungs,1
skiddlerrs,razielnr,4
skiddlerrs,fishcowdog,1
skiddlerrs,jesusbro24,1
skiddlerrs,gainscapev1,1
skiddlerrs,hennerys,1
skiddlerrs,plastikpudel,1
animeilluminati,erranta_s,4
skiddlerrs,morrisq_q,9
skiddlerrs,bjorntakill,2
animeilluminati,jethuty,2
dakotaz,foxtheastronaut7,6
animeilluminati,moobot,8
skiddlerrs,ludiimalii,2
animeilluminati,king9999,6
clintstevens,theinversegame,2
skiddlerrs,moonermoon1,10
skiddlerrs,levernuckyrs,4
animeilluminati,valvatoze,5
skiddlerrs,peped_,13
animeilluminati,jethuty,6
animeilluminati,gilgameshishere,3
animeilluminati,justicesoultuna,2
skiddlerrs,theperplexedone,1
clintstevens,derkarus,1
animeilluminati,justicesoultuna,1
animeilluminati,justicesoultuna,3
animeilluminati,gilgameshishere,2
dakotaz,ruskie9,4
animeilluminati,bgc_commander,6
animeilluminati,81malice,8
animeilluminati,gilgameshishere,2
animeilluminati,king9999,1
animeilluminati,justicesoultuna,1
animeilluminati,cpuuuh,1
animeilluminati,jethuty,7
animeilluminati,nordaenn,3
clintstevens,biiiy_herrington,1
bobross,onji,3
animeilluminati,81malice,7
animeilluminati,justicesoultuna,3
dakotaz,therealgoodspeed,13
bobross,responseok,2
animeilluminati,nas_alsalem,4
animeilluminati,fearside5,5
animeilluminati,nas_alsalem,5
forsen,n_888,9
animeilluminati,justicesoultuna,1
animeilluminati,muenshter,5
animeilluminati,hajimenogunko,5
animeilluminati,casualremarks,16
animeilluminati,nikolas_cmx,4
animeilluminati,81malice,4
animeilluminati,yaminegira13,6
animeilluminati,gilgameshishere,2
animeilluminati,big4lil,3
animeilluminati,billyunchained,6
forsen,huni4president,6
skiddlerrs,brawrs,5
forsen,klubbah,1
animeilluminati,cpuuuh,11
animeilluminati,yaminegira13,5
clintstevens,jovi76,1
bobross,olson_roughx,8
clintstevens,bel_,1
forsen,acrylx,3
animeilluminati,borris_ow,1
animeilluminati,maithecutiepie,7
animeilluminati,erranta_s,1
animeilluminati,acrael,1
animeilluminati,justicesoultuna,2
dakotaz,trxsta_,3
clintstevens,miasma22,3
animeilluminati,acrael,4
dakotaz,jakeprince19,19
animeilluminati,n0pants,5
skiddlerrs,ogdabking,4
clintstevens,despacitoroyale,27
animeilluminati,cpuuuh,1
dakotaz,ceald,3
clintstevens,trigginfypo,2
clintstevens,cowcium,1
skiddlerrs,sekuria,10
clintstevens,romeogiggletoess,1
animeilluminati,big4lil,1
bobross,pgbair,13
animeilluminati,king9999,9
animeilluminati,king9999,3
animeilluminati,greaverz,8
animeilluminati,n0pants,3
clintstevens,cook__7,1
animeilluminati,luminouslunar,1
animeilluminati,farpenoodle,2
animeilluminati,cpuuuh,3
animeilluminati,big4lil,2
animeilluminati,jethuty,6
animeilluminati,pothos__,1
animeilluminati,kitsune_jones,3
animeilluminati,justicesoultuna,2
animeilluminati,kitsune_jones,5
animeilluminati,justicesoultuna,2
animeilluminati,acrael,2
animeilluminati,kurusu7,1
animeilluminati,acrael,1
animeilluminati,farpenoodle,1
animeilluminati,snobblen,1
clintstevens,sweetnapalm,6
animeilluminati,waffleheart,1
animeilluminati,624pt2,1
dakotaz,akerlime,1
skiddlerrs,slimylemon,1
animeilluminati,waffleheart,8
animeilluminati,king9999,7
forsen,artek17xx,1
animeilluminati,moobot,8
skiddlerrs,maxthemantis,19
dakotaz,ajing10,8
skiddlerrs,fin_mmi,1
bobross,2klogic,3
skiddlerrs,jasonakatj,8
bobross,qu4dratus,3
clintstevens,puffybutrbiscts,4
dakotaz,jonnyk,3
animeilluminati,farpenoodle,7
animeilluminati,vahallen,33
animeilluminati,nas_alsalem,2
animeilluminati,kurusu7,2
skiddlerrs,daburritoben,1
animeilluminati,gilgameshishere,1
animeilluminati,moobot,9
skiddlerrs,razielnr,1
skiddlerrs,slimylemon,2
clintstevens,bananadorf94,6
dakotaz,ramukamii,22
animeilluminati,acrael,1
dakotaz,shijfrost,1
skiddlerrs,skolly14_1,2
animeilluminati,yoghurtflinger,18
dakotaz,mistuh_aob,1
animeilluminati,624pt2,4
animeilluminati,coollguana,2
animeilluminati,bacon_in_the_air,1
forsen,cozoo,10
skiddlerrs,aoaagoldbot,1
animeilluminati,624pt2,1
animeilluminati,yoghurtflinger,4
dakotaz,patrick3337,6
animeilluminati,coollguana,2
animeilluminati,king9999,5
dakotaz,chris6601,3
skiddlerrs,shrimpp,3
skiddlerrs,senken,13
skiddlerrs,aoaagoldbot,11
dakotaz,xxcrazeekillaxx,3
animeilluminati,bgc_commander,1
dakotaz,sideburns107,8
skiddlerrs,joshstrefff,6
dakotaz,sideshowjoe_13,7
dakotaz,sarimodo99,2
forsen,tinylittlebaby2,13
animeilluminati,nas_alsalem,6
forsen,randers00,7
dakotaz,someonematt,21
animeilluminati,bgc_commander,2
dakotaz,natanelelik,5
dakotaz,braideng14,2
animeilluminati,gilgameshishere,5
dakotaz,ipsychotis,3
forsen,sanyalitvyak,8
clintstevens,subr,1
dakotaz,powrie_05,2
clintstevens,thediscomole,3
animeilluminati,kurusu7,1
animeilluminati,dragonplayer32,4
animeilluminati,nas_alsalem,13
dakotaz,dr_o,1
forsen,nad_blackra1n,1
animeilluminati,acrael,2
animeilluminati,justicesoultuna,1
dakotaz,sever_iv,7
animeilluminati,gilgameshishere,3
animeilluminati,cleedow,3
clintstevens,drizzydrake,1
forsen,psn_fan,1
animeilluminati,nikolas_cmx,4
clintstevens,kai_den,2
skiddlerrs,a_dam,1
animeilluminati,phantomexdeath,7
skiddlerrs,smilk2,2
dakotaz,chihuahua09,3
dakotaz,ilayobregnad,3
animeilluminati,acrael,5
dakotaz,ambrussandor,2
animeilluminati,gilgameshishere,1
skiddlerrs,dan_t__,12
dakotaz,thmz_,3
dakotaz,mohamed_addedx92,5
dakotaz,callumstonee,5
dakotaz,qaislohsar1,2
skiddlerrs,xelysii,3
animeilluminati,gilgameshishere,5
skiddlerrs,yungtriggere,1
dakotaz,maineventt,2
forsen,corruptedfox_,1
clintstevens,etherthegod,9
animeilluminati,justicesoultuna,4
forsen,snusbot,20
animeilluminati,farpenoodle,4
animeilluminati,firemine,5
animeilluminati,gilgameshishere,4
animeilluminati,awkwarddogboner,4
animeilluminati,gilgameshishere,2
skiddlerrs,aoaagoldbot,2
clintstevens,misintent,1
clintstevens,orfacu99,1
animeilluminati,justicesoultuna,1
animeilluminati,klashincore,1
animeilluminati,dragonplayer32,6
animeilluminati,moobot,8
skiddlerrs,brawrs,1
clintstevens,orfacu99,2
dakotaz,omarbalam7,1
animeilluminati,bgc_commander,4
skiddlerrs,iamluckeh,13
animeilluminati,voked,2
skiddlerrs,qwinnyosrs,9
skiddlerrs,poweraids,5
animeilluminati,cushryukleoucheuge0z,97
dakotaz,third3yegeminiii,1
animeilluminati,wytpony,1
dakotaz,xxcrazeekillaxx,2
animeilluminati,gilgameshishere,11
clintstevens,tanmanrules,3
clintstevens,songgohan,1
clintstevens,iknowwhattotypeinhere,2
animeilluminati,gilgameshishere,1
skiddlerrs,thechaffin,6
animeilluminati,cpuuuh,9
clintstevens,pomless,2
dakotaz,toxicrogerz,1
forsen,cyterzzhd,7
animeilluminati,fearside5,12
bobross,siebzehndesign,1
clintstevens,subr,1
animeilluminati,i_complain_al0t,3
animeilluminati,gilgameshishere,4
animeilluminati,bgc_commander,3
animeilluminati,fearside5,17
animeilluminati,azetheos,2
animeilluminati,moobot,7
animeilluminati,lrkr85,7
animeilluminati,azetheos,2
dakotaz,hetrology,6
animeilluminati,barkley_tv,2
animeilluminati,yolomaister,1
clintstevens,andlen,2
animeilluminati,kaiserj,2
animeilluminati,jabugz07,5
animeilluminati,jabugz07,1
clintstevens,trutoob,1
animeilluminati,nikolas_cmx,3
animeilluminati,nikolas_cmx,1
forsen,xfennek,14
dakotaz,hockeyboi9909,3
animeilluminati,higesama59,4
animeilluminati,jabugz07,6
dakotaz,trillgio,2
animeilluminati,bgc_commander,7
skiddlerrs,cluckin__bell,1
dakotaz,zombies338,7
animeilluminati,azetheos,1
skiddlerrs,bigbootymixvol14,1
dakotaz,swang_lid,2
dakotaz,alebander_07,3
clintstevens,nukle,4
animeilluminati,jabugz07,9
skiddlerrs,daburritoben,1
forsen,fawcantv,1
dakotaz,indro_bagh,1
skiddlerrs,jordytommo,7
clintstevens,bobcat1993,7
dakotaz,jeromeronaldo,1
dakotaz,cnmi_kame,8
animeilluminati,reokie_t7,1
dakotaz,figgyy02,3
dakotaz,180621,4
animeilluminati,dave__,1
animeilluminati,mrdiggles437,2
forsen,zebron4k8,4
dakotaz,mack_n_chesses,4
animeilluminati,kdl306,10
skiddlerrs,carabu,23
forsen,parakeetproduct,3
skiddlerrs,sir_lurkington,1
clintstevens,hwkish,3
skiddlerrs,cllould,4
skiddlerrs,sekuria,1
skiddlerrs,harryronhermione,2
animeilluminati,cactuscommando,5
animeilluminati,moobot,16
forsen,n_888,8
dakotaz,therealgoodspeed,10
clintstevens,motorjam,1
skiddlerrs,aoaagoldbot,3
clintstevens,redneckbeard,0
dakotaz,levant72,1
forsen,tizzit,3
clintstevens,ggthekiller,7
animeilluminati,n0pants,5
skiddlerrs,shents,2
skiddlerrs,aynjelz,1
animeilluminati,billyunchained,4
skiddlerrs,crbn_monoxide,1
animeilluminati,dooms_daisy,15
skiddlerrs,joshstrefff,2
animeilluminati,jclight234,3
animeilluminati,cactuscommando,5
forsen,randers00,4
forsen,anonymous_nobody_,6
animeilluminati,bgc_commander,2
animeilluminati,minimaster3600,4
animeilluminati,farpenoodle,6
animeilluminati,moobot,24
skiddlerrs,joshstrefff,2
skiddlerrs,daejarvoe,6
skiddlerrs,lekkyyy,3
animeilluminati,jethuty,5
forsen,anonymous_nobody_,6
animeilluminati,n0pants,6
skiddlerrs,knarfers,8
animeilluminati,mtlxspider,2
animeilluminati,distantcloud,5
animeilluminati,subwaywang,7
skiddlerrs,drocks,8
animeilluminati,kdl306,5
skiddlerrs,normyy,1
skiddlerrs,blackanddoubledecker,1
animeilluminati,moobot,8
skiddlerrs,maxthemantis,1
animeilluminati,bgc_commander,4
animeilluminati,platoom,1
animeilluminati,distantcloud,19
animeilluminati,fearside5,19
skiddlerrs,joto,3
skiddlerrs,gainscapev1,1
skiddlerrs,moonermoon1,5
animeilluminati,minimaster3600,8
animeilluminati,nikolas_cmx,5
clintstevens,curs3dfox,5
forsen,hionian,1
dakotaz,scythearmy,2
animeilluminati,kurusu7,2
skiddlerrs,daejarvoe,1
animeilluminati,mtlxspider,4
animeilluminati,framar601,5
skiddlerrs,dazzledgold,4
skiddlerrs,shents,1
skiddlerrs,shents,0
animeilluminati,minimaster3600,1
animeilluminati,nikolas_cmx,2
animeilluminati,billyunchained,2
dakotaz,ipsychotis,1
animeilluminati,briancapxd,7
animeilluminati,nikolas_cmx,7
animeilluminati,nikolas_cmx,2
skiddlerrs,lekkyyy,7
animeilluminati,framar601,8
animeilluminati,distantcloud,10
skiddlerrs,slimylemon,8
clintstevens,motorjam,2
dakotaz,ooohleo,13
skiddlerrs,thyjuicebox,10
animeilluminati,framar601,16
animeilluminati,distantcloud,5
animeilluminati,johnny819,5
skiddlerrs,jeggelo,6
skiddlerrs,xelysii,6
forsen,jeiplague,2
animeilluminati,kdl306,13
animeilluminati,fearside5,30
skiddlerrs,thyjuicebox,3
animeilluminati,distantcloud,6
animeilluminati,jabugz07,6
animeilluminati,higesama59,2
animeilluminati,neo_mg90,1
skiddlerrs,hexceptional,2
skiddlerrs,crbn_monoxide,1
skiddlerrs,shents,0
animeilluminati,jabugz07,7
skiddlerrs,daejarvoe,1
skiddlerrs,daejarvoe,4
animeilluminati,framar601,23
bobross,willeverettjr,2
hitch,whiteberry1972,2
hitch,theflanimal,1
hitch,lerevffxiv,2
hitch,looiqihui,5
hitch,xilften,6
hitch,o0o0o0o0o0o0o0o0o0o0o0o01,4
skiddlerrs,daejarvoe,1
hitch,theflanimal,1
dakotaz,xd_myxtic,1
skiddlerrs,bunnard,2
hitch,anzio71,2
hitch,icrittmypants,3
hitch,takeoff19,1
animeilluminati,kdl306,8
hitch,nicolecldwl,2
hitch,xilften,2
skiddlerrs,joshshikari,4
hitch,datdudethomas,1
hitch,wazool,0
hitch,okidokiman,2
hitch,xena_,1
hitch,yo_adriaaaan,4
hitch,totzire1,2
hitch,w00dzieallen,2
animeilluminati,jopelix7,4
hitch,zedzys,9
skiddlerrs,roe2_,1
hitch,wulpa,2
animeilluminati,jopelix7,5
hitch,looiqihui,6
hitch,okidokiman,3
animeilluminati,distantcloud,1
animeilluminati,noobiept,1
hitch,sheckter_,8
hitch,theflanimal,3
animeilluminati,grinchculaso,11
animeilluminati,cactuscommando,16
hitch,dangertater,2
hitch,butnik55,4
hitch,yo_adriaaaan,2
hitch,w00dzieallen,1
skiddlerrs,jopez_97,1
animeilluminati,dooms_daisy,5
animeilluminati,kdl306,4
hitch,trident3,2
skiddlerrs,unskileed,1
animeilluminati,farpenoodle,2
skiddlerrs,knarfers,5
animeilluminati,jopelix7,1
hitch,pazzwerdz,2
animeilluminati,jopelix7,6
hitch,chill_returns,12
hitch,theflanimal,5
hitch,qrbz,5
hitch,takeoff19,2
animeilluminati,jopelix7,2
hitch,okidokiman,5
hitch,ladyteardrop,4
hitch,o0o0o0o0o0o0o0o0o0o0o0o01,11
hitch,thefeelskappaman,1
hitch,yo_adriaaaan,2
animeilluminati,powerfulantwone,8
animeilluminati,distantcloud,8
animeilluminati,jopelix7,2
hitch,qrbz,1
hitch,yo_adriaaaan,9
animeilluminati,platoom,1
animeilluminati,powerfulantwone,4
clintstevens,schwing_it_up,4
skiddlerrs,therealmajortv,30
skiddlerrs,chocolatethong,4
skiddlerrs,gainscapev1,0
skiddlerrs,minieggs,16
skiddlerrs,mortensenn,1
animeilluminati,624pt2,1
hitch,w00dzieallen,2
skiddlerrs,squiddle__,1
hitch,thecompcop,7
animeilluminati,briancapxd,1
hitch,o0o0o0o0o0o0o0o0o0o0o0o01,9
forsen,fawcantv,7
animeilluminati,jethuty,4
skiddlerrs,therealmajortv,1
animeilluminati,fearside5,3
clintstevens,yax____,1
animeilluminati,guantz_killer,2
animeilluminati,distantcloud,3
animeilluminati,cactuscommando,5
skiddlerrs,jeggelo,1
animeilluminati,grinchculaso,2
skiddlerrs,daejarvoe,4
skiddlerrs,daejarvoe,1
animeilluminati,mtlxspider,4
animeilluminati,624pt2,2
forsen,dontkiiime,12
dakotaz,jordot91,5
animeilluminati,cpuuuh,2
animeilluminati,kdl306,4
animeilluminati,distantcloud,6
animeilluminati,bgc_commander,4
animeilluminati,valvatoze,1
skiddlerrs,daejarvoe,1
skiddlerrs,blacky_the_met_alt,5
clintstevens,donpara_,6
animeilluminati,phantomexdeath,2
animeilluminati,pandasforsale,1
animeilluminati,farpenoodle,10
animeilluminati,jabugz07,7
animeilluminati,funtrader,3
animeilluminati,bgc_commander,3
forsen,fudae,5
animeilluminati,ryukenchi,3
animeilluminati,baiken__,5
animeilluminati,briancapxd,1
animeilluminati,iomlugund1,4
animeilluminati,briancapxd,4
animeilluminati,distantcloud,9
skiddlerrs,nai_rs,4
animeilluminati,naruto___uzumaki,5
skiddlerrs,joshshikari,2
skiddlerrs,shrimpp,1
animeilluminati,kdl306,15
clintstevens,holdyourfire,8
animeilluminati,mtlxspider,2
animeilluminati,distantcloud,6
animeilluminati,bgc_commander,4
skiddlerrs,sinnsykspiller,20
forsen,kurrekts,1
clintstevens,smooth_keys,3
skiddlerrs,giinnge,9
forsen,thepiter333,3
dakotaz,ipsychotis,5
bobross,moobot,4
skiddlerrs,aoaagoldbot,1
skiddlerrs,shents,4
animeilluminati,distantcloud,14
forsen,mento___,9
skiddlerrs,grorge,3
bobross,jimlul,5
bobross,anyeonhasaoebat,3
animeilluminati,distantcloud,3
animeilluminati,kurusu7,2
skiddlerrs,fenryrrtv,5
forsen,tw38,1
animeilluminati,kdl306,7
animeilluminati,jabugz07,1
animeilluminati,tryitagain,2
clintstevens,a_r_t_e_a,3
forsen,eill,2
animeilluminati,624pt2,4
animeilluminati,seriousmiley,1
animeilluminati,yoghurtflinger,1
animeilluminati,mateo0518,1
animeilluminati,grewenth,5
animeilluminati,thedrikke,2
clintstevens,kozze___,1
animeilluminati,distantcloud,1
animeilluminati,beautifulhair,3
animeilluminati,yaminegira13,4
animeilluminati,baiken__,1
animeilluminati,sweetykupo,2
animeilluminati,tryitagain,2
animeilluminati,minimaster3600,2
animeilluminati,pahchi,1
animeilluminati,ameumehara,1
animeilluminati,voked,1
animeilluminati,chaotix641,1
animeilluminati,bebopaloobop,3
animeilluminati,farpenoodle,1
animeilluminati,self_pity,1
animeilluminati,624pt2,1
animeilluminati,klashincore,1
animeilluminati,farpenoodle,7
animeilluminati,billyunchained,7
animeilluminati,platoom,2
skiddlerrs,tlick,10
animeilluminati,axle_bro,1
animeilluminati,phantomexdeath,3
animeilluminati,voked,3
skiddlerrs,knarfers,19
clintstevens,thethinur,0
animeilluminati,itsfairyfloss,4
forsen,booomerzoom,1
skiddlerrs,gainscapev1,5
animeilluminati,cr8zcam,4
bobross,eighthzeus,1
animeilluminati,dave__,3
clintstevens,jerryrun23,3
forsen,jontoi,6
clintstevens,jtman007,1
forsen,sanyalitvyak,8
clintstevens,chuckthegypsy,0
skiddlerrs,intimidating_canadian,6
skiddlerrs,gainscapev1,2
skiddlerrs,mrpoopybutthole17,6
skiddlerrs,allaboardthekappatrain,7
skiddlerrs,ogdabking,1
skiddlerrs,arsenal835,1
skiddlerrs,kadi1288,6
clintstevens,imsobardrightnow,3
dakotaz,dafinn57,1
skiddlerrs,roe2_,1
skiddlerrs,intimidating_canadian,6
skiddlerrs,traxsuit,5
skiddlerrs,russiandude212,1
skiddlerrs,conanrs,12
dakotaz,envikaos,4
skiddlerrs,mrpoopybutthole17,11
skiddlerrs,novascotia,1
skiddlerrs,thechaffin,1
skiddlerrs,blackanddoubledecker,2
skiddlerrs,xelysii,11
skiddlerrs,blackanddoubledecker,3
skiddlerrs,rsn_gbh,9
skiddlerrs,smilk2,1
skiddlerrs,daejarvoe,1
clintstevens,hello2030,0
forsen,n0tturno,1
forsen,hmhmh6532,1
forsen,azorex,1
skiddlerrs,shrimpp,4
skiddlerrs,shents,1
skiddlerrs,mackster,1
forsen,waterpirate,2
bobross,spacebearthepizzabear,7
skiddlerrs,shents,1
forsen,andreasmfenzl,1
skiddlerrs,russiandude212,6
forsen,mr_nobodo,6
skiddlerrs,blacky_the_met_alt,1
hitch,w00dzieallen,4
hitch,hiro18,2
rdulive,foodog98,6
hitch,coreytries,6
hitch,ih8spyders,17
rdulive,carldrog0,4
hitch,chemicalbilly,1
hitch,jimjonesisgod,4
rdulive,yenxa,5
hitch,vapersbaking,10
rdulive,ijustneedatwitchaccountxd,6
hitch,vapersbaking,1
hitch,twitch_destroyed_my_life,6
hitch,zebead,8
skiddlerrs,ecko3o6,2
hitch,twitch_destroyed_my_life,1
skiddlerrs,intimidating_canadian,3
hitch,theflanimal,16
hitch,twitch_destroyed_my_life,1
skiddlerrs,sinnsykspiller,5
hitch,chemicalbilly,2
hitch,vapersbaking,7
hitch,icrittmypants,2
dakotaz,hooperflash,8
hitch,ih8spyders,27
clintstevens,baclex,37
hitch,mad5820,5
hitch,o0o0o0o0o0o0o0o0o0o0o0o01,1
rdulive,alialexalia,1
hitch,donkey_dressed_asaunicorn,6
hitch,thatgirlissohoticeland,8
hitch,jeeroz,14
skiddlerrs,willknow,2
hitch,flamer8,6
hitch,badluck4u,7
hitch,w00dzieallen,4
skiddlerrs,willknow,2
hitch,hankmardukiss,10
hitch,njfan2018,12
hitch,fenriswoof,9
hitch,jackee42o,3
hitch,hitch__bot,5
skiddlerrs,the_olive,1
hitch,a_eyahaa,2
skiddlerrs,intimidating_canadian,1
hitch,vapersbaking,3
forsen,azuro116,2
hitch,david_sanders,8
dakotaz,nightbot,8
hitch,jeeroz,6
hitch,karezza,4
hitch,dubbstomp,4
skiddlerrs,baconeffect_enthusiast,0
forsen,quote_me_if_chat_von,9
hitch,woterluluped,5
hitch,torebatitan,2
hitch,theflanimal,6
hitch,epicsaapas,5
hitch,bandbro,3
hitch,penpusher,14
hitch,theflanimal,2
hitch,yo_adriaaaan,8
hitch,badluck4u,16
clintstevens,babynorthwest,2
kalashnikovmediatv,stell_228,1
bobross,gottamakeanamefast,4
hitch,yo_adriaaaan,4
skiddlerrs,gokillanoob,2
hitch,xilften,6
hitch,mad5820,10
hitch,jackee42o,11
hitch,nose_of_sauron,11
skiddlerrs,bunnard,2
kalashnikovmediatv,i__ilyya,0
hitch,twitch_destroyed_my_life,19
hitch,lerevffxiv,1
hitch,dreamingindogyears,16
hitch,yo_adriaaaan,6
dakotaz,papabear,4
hitch,oscillate,9
hitch,sheckter_,13
hitch,icelandic_polar_bear,8
dakotaz,nizuya_,4
hitch,thatgirlissohoticeland,10
hitch,michaeltth,10
hitch,theflanimal,5
kalashnikovmediatv,prncat,1
rdulive,donkeydeuce,12
hitch,yo_adriaaaan,1
hitch,flamer8,2
hitch,ih8spyders,6
hitch,yo_adriaaaan,3
rdulive,krystall2,9
hitch,runawaytrain,2
hitch,lerevffxiv,3
bobross,smwwwwwwwwwwwwwwwwwwwwwms,1
hitch,antikaon,2
hitch,yo_adriaaaan,2
hitch,pdxmounthood,3
kalashnikovmediatv,maxum007,1
dakotaz,poisonmarket,6
rdulive,theivasyl,7
hitch,badluck4u,6
hitch,twitch_destroyed_my_life,6
kalashnikovmediatv,prncat,2
hitch,thatgirlissohoticeland,6
skiddlerrs,ram07,6
hitch,antikaon,2
rdulive,lapinas2229,7
hitch,jackee42o,2
hitch,jimjonesisgod,9
hitch,xisedogbrah,3
hitch,twitch_destroyed_my_life,3
clintstevens,frewp,1
hitch,jackee42o,5
hitch,jonaldinho92,4
clintstevens,fanex0,3
hitch,twitch_destroyed_my_life,1
hitch,k1lmo,7
kalashnikovmediatv,apt_63,0
hitch,theflanimal,1
clintstevens,cluntbotstovens,11
hitch,twitch_destroyed_my_life,3
hitch,turntablistb,2
hitch,jimjonesisgod,5
hitch,nose_of_sauron,4
hitch,xilften,1
hitch,jackee42o,1
kalashnikovmediatv,sheinsasasa,0
hitch,david_sanders,1
hitch,trident3,1
clintstevens,picklemate,5
hitch,seriousfamilytv,6
hitch,thefeelskappaman,2
hitch,xilften,1
hitch,anzio71,2
hitch,baneglory,3
hitch,stoenr,4
hitch,jeeroz,2
hitch,xilften,3
hitch,andrefalken,3
hitch,icelandic_polar_bear,1
hitch,ginasno1,1
hitch,hankmardukiss,2
hitch,mehighl0ve,0
kalashnikovmediatv,moobot,4
hitch,oinke,1
hitch,trident3,2
hitch,xilften,1
hitch,bandbro,3
kalashnikovmediatv,mrblock_mvp_avp,0
hitch,doncorleone007,1
hitch,wulpa,4
hitch,lerevffxiv,3
hitch,stoenr,7
hitch,xilften,3
hitch,k1lmo,4
dakotaz,ewounded,5
hitch,jackee42o,6
hitch,twitch_destroyed_my_life,4
hitch,i_am_grumpy,6
hitch,penpusher,9
hitch,mehighl0ve,9
hitch,lerevffxiv,2
hitch,jonaldinho92,3
hitch,stoenr,10
hitch,o0o0o0o0o0o0o0o0o0o0o0o01,6
hitch,twitch_destroyed_my_life,9
hitch,badluck4u,5
rdulive,xolphor,13
hitch,bike_night,4
hitch,sheckter_,5
hitch,jeeroz,6
hitch,w00dzieallen,1
hitch,icelandic_polar_bear,6
rdulive,theogritzi,11
hitch,jackee42o,9
hitch,baneglory,4
hitch,fowhatrlyworths,10
skiddlerrs,tsdaniel123,3
kalashnikovmediatv,normtema,0
hitch,lerevffxiv,6
hitch,jeeroz,7
rdulive,mmelancholy,14
kalashnikovmediatv,igor_with_awp,0
hitch,ace_high999,7
hitch,david_sanders,10
hitch,thatgirlissohoticeland,7
hitch,antikaon,5
skiddlerrs,crusadefluxo,5
forsen,cyberpig,3
hitch,baneglory,9
kalashnikovmediatv,shpilivou,0
hitch,jackee42o,2
hitch,fowhatrlyworths,6
clintstevens,jtman007,1
hitch,donkey_dressed_asaunicorn,10
hitch,yo_adriaaaan,5
hitch,theflanimal,6
clintstevens,hello2030,8
hitch,doncorleone007,4
clintstevens,aeronix,1
hitch,thefeelskappaman,6
skiddlerrs,rickytaterz,1
hitch,michaeltth,8
hitch,antikaon,3
hitch,fowhatrlyworths,10
hitch,twitch_destroyed_my_life,10
hitch,thatgirlissohoticeland,3
hitch,flamer8,7
hitch,twitch_destroyed_my_life,4
forsen,calamitouschrislive,8
hitch,twitch_destroyed_my_life,1
hitch,jeeroz,5
hitch,xilften,3
hitch,jonesnbones,1
hitch,aloonatic,5
hitch,bandbro,1
hitch,yo_adriaaaan,1
hitch,jackee42o,7
hitch,fyreflywhispr,7
hitch,theflanimal,0
hitch,twitch_destroyed_my_life,3
kalashnikovmediatv,k1po_,0
hitch,flamer8,8
hitch,bandbro,1
clintstevens,jtman007,2
hitch,lerevffxiv,2
skiddlerrs,intimidating_canadian,13
hitch,badluck4u,4
hitch,yo_adriaaaan,1
hitch,aloonatic,8
hitch,yo_adriaaaan,6
clintstevens,aquaphile,1
hitch,runawaytrain,5
hitch,jonathan_rose11,6
hitch,jonaldinho92,4
hitch,xilften,5
hitch,epicsaapas,1
hitch,spider_66,9
hitch,epicsaapas,1
hitch,fyreflywhispr,3
hitch,leonidov2,2
hitch,theflanimal,2
hitch,badluck4u,3
kalashnikovmediatv,matzubete,2
clintstevens,lpebony,2
hitch,fyreflywhispr,6
hitch,pdxmounthood,3
clintstevens,h0tsauce,1
hitch,theflanimal,3
hitch,runawaytrain,2
hitch,aloonatic,8
hitch,jackee42o,14
hitch,nose_of_sauron,8
hitch,icelandic_polar_bear,5
hitch,yo_adriaaaan,2
rdulive,gedehamster,1
hitch,flamer8,10
hitch,fenriswoof,1
rdulive,theivasyl,1
rdulive,hamishmc25,4
skiddlerrs,sidthedevil,6
forsen,fgtmania,6
rdulive,yenxa,7
hitch,fenriswoof,2
hitch,reedog117,10
rdulive,nazzahs,1
hitch,pdxmounthood,3
hitch,whiteberry1972,6
hitch,yo_adriaaaan,3
kalashnikovmediatv,dogdars,1
rdulive,ballou,3
hitch,fyreflywhispr,34
hitch,xisedogbrah,6
hitch,xisedogbrah,6
hitch,twitch_destroyed_my_life,1
rdulive,everything_is_relative,1
hitch,yo_adriaaaan,1
hitch,thefeelskappaman,4
rdulive,alialexalia,3
rdulive,yenxa,10
hitch,lerevffxiv,2
clintstevens,coke_zero,1
rdulive,siriussqt,4
rdulive,hs_dyer,11
rdulive,yobimapi,4
kalashnikovmediatv,yorimaruffles,0
kalashnikovmediatv,prognozzz,0
hitch,w00dzieallen,1
hitch,jackee42o,8
rdulive,pepye,3
hitch,theflanimal,0
hitch,badluck4u,7
hitch,fowhatrlyworths,6
hitch,pdxmounthood,5
hitch,islandmandem,4
forsen,emeeya,1
forsen,fahad_789,1
hitch,smooth_dog,1
skiddlerrs,patches668,6
rdulive,jays1622,13
hitch,xisedogbrah,7
hitch,donkey_dressed_asaunicorn,2
hitch,theflanimal,8
kalashnikovmediatv,superdedal,0
hitch,thefeelskappaman,2
hitch,icelandic_polar_bear,12
hitch,xilften,1
hitch,twitch_destroyed_my_life,3
rdulive,yenxa,11
hitch,nose_of_sauron,4
hitch,s3phtv,4
hitch,fenriswoof,2
skiddlerrs,maxthemantis,1
bobross,k1m11,2
hitch,tahj___,5
kalashnikovmediatv,nickjagger1903,0
skiddlerrs,sidthedevil,2
hitch,aloonatic,2
skiddlerrs,intimidating_canadian,2
hitch,yo_adriaaaan,9
skiddlerrs,crusadefluxo,11
hitch,jordancruzzzz,4
hitch,smooth_dog,14
hitch,biackphoenix,19
dakotaz,slimjeezus69,3
skiddlerrs,baregrilz,6
skiddlerrs,baregrilz,4
hitch,baneglory,13
clintstevens,miasma22,1
hitch,epicsaapas,19
hitch,yo_adriaaaan,2
clintstevens,sarcastic_friend,2
hitch,theflanimal,1
rdulive,calmon_,21
forsen,taddy27,8
kalashnikovmediatv,kand1scsgo,0
hitch,islandmandem,2
hitch,pdxmounthood,23
rdulive,carldrog0,12
hitch,stashzbot,5
hitch,donkey_dressed_asaunicorn,8
hitch,smooth_dog,5
clintstevens,baosilisk,1
kalashnikovmediatv,knockingongaming,2
rdulive,nil_s_dias,1
hitch,whiteberry1972,10
hitch,yo_adriaaaan,7
hitch,jonaldinho92,2
hitch,i_am_grumpy,3
hitch,erock5852,6
hitch,baneglory,6
rdulive,jcraiden,8
rdulive,oskurok,1
hitch,david_sanders,7
hitch,donkey_dressed_asaunicorn,4
rdulive,royal_hobo,1
hitch,islandmandem,5
hitch,baneglory,3
hitch,zedzys,8
hitch,baneglory,2
rdulive,mordras,1
skiddlerrs,titanicpvm,1
hitch,david_sanders,6
rdulive,stoki1,4
hitch,erock5852,10
rdulive,oskurok,1
rdulive,portable_head,3
forsen,paranoidandroidq,8
clintstevens,hexarift,1
rdulive,jcraiden,12
kalashnikovmediatv,kood,1
rdulive,luckynumberz,9
skiddlerrs,mortensenn,1
hitch,yolosw4g420jesusyolo,14
hitch,butnik55,5
dakotaz,doomhead85,14
rdulive,chugachuuga,11
hitch,thefeelskappaman,5
skiddlerrs,t_ontwitch,5
rdulive,themacshane,4
hitch,stashzbot,6
kalashnikovmediatv,amir4ee,0
hitch,pdxmounthood,7
hitch,szary94,11
skiddlerrs,purespam,16
hitch,baneglory,3
hitch,thefeelskappaman,4
hitch,jeeroz,9
hitch,badluck4u,3
hitch,jimjonesisgod,8
kalashnikovmediatv,h3ll0_kitty,1
hitch,doncorleone007,5
rdulive,west4u2,4
skiddlerrs,efcjamie8,9
hitch,hitch__bot,42
hitch,mr_apple_juice_91,5
hitch,twitch_destroyed_my_life,5
hitch,baneglory,3
skiddlerrs,buffalo_wrap,4
kalashnikovmediatv,grisha1235,0
forsen,randers00,12
hitch,thecompcop,1
hitch,turntablistb,18
kalashnikovmediatv,knockingongaming,4
kalashnikovmediatv,xnjeee1337,0
hitch,stashzbot,5
hitch,david_sanders,5
hitch,anglo_arms,3
skiddlerrs,intimidating_canadian,3
hitch,david_sanders,0
hitch,twitch_destroyed_my_life,10
hitch,butnik55,0
hitch,icelandic_polar_bear,5
hitch,jimjonesisgod,14
hitch,smooth_dog,2
hitch,majidlionheart,9
skiddlerrs,so_irony,1
hitch,thefeelskappaman,7
clintstevens,biohazard181,3
skiddlerrs,jesusbro24,1
skiddlerrs,hodamtv,1
kalashnikovmediatv,moobot,4
skiddlerrs,hydepark,0
hitch,theflanimal,1
hitch,fubar27,9
skiddlerrs,aoaagoldbot,3
rdulive,luckynumberz,23
hitch,majidlionheart,4
hitch,aloonatic,8
kalashnikovmediatv,lirickx,0
kalashnikovmediatv,tuyfn,2
hitch,turntablistb,8
hitch,whiteberry1972,7
hitch,majidlionheart,4
kalashnikovmediatv,dm3nxgod,3
forsen,randers00,1
hitch,jimjonesisgod,32
hitch,donkey_dressed_asaunicorn,6
kalashnikovmediatv,alenzgamechannel,0
hitch,aloonatic,2
hitch,badluck4u,9
hitch,jeeroz,7
skiddlerrs,ltscube,3
clintstevens,ilovesmok,2
kalashnikovmediatv,yapi_doras2,0
clintstevens,bossaruu_,2
hitch,reedog117,19
forsen,schoolist,23
skiddlerrs,fr0zenz0ne1,4
kalashnikovmediatv,qq243,0
skiddlerrs,richiemacgames,14
rdulive,themightypcxz,11
hitch,jimjonesisgod,3
rdulive,yobimapi,2
hitch,mr_apple_juice_91,3
skiddlerrs,novascotia,2
kalashnikovmediatv,moobot,3
kalashnikovmediatv,pipall,0
clintstevens,uplm,4
skiddlerrs,novascotia,2
clintstevens,hustiiii,1
hitch,jeeroz,10
hitch,grizzlytdi,1
clintstevens,kewlan,10
hitch,butnik55,5
forsen,masterp0tato,2
hitch,badluck4u,9
hitch,theflanimal,1
hitch,vapersbaking,4
hitch,heroineb0b,5
hitch,robaroo_wallafox,8
hitch,heroineb0b,7
forsen,phahman,1
skiddlerrs,nettos,7
chemicaldragoon,chemicaldragoon,2
dakotaz,ipsychotis,1
skiddlerrs,aoaagoldbot,11
rdulive,notshift,4
rdulive,boldric1,3
hitch,zedzys,3
rdulive,peaceling8,2
hitch,david_sanders,5
kalashnikovmediatv,vovadol1,0
forsen,cappucc1nos,6
hitch,david_sanders,1
hitch,stashzbot,5
skiddlerrs,helldiverrs,4
hitch,smooth_dog,4
kalashnikovmediatv,motar2h,0
hitch,jeeroz,5
dakotaz,ipsychotis,2
hitch,grizzlytdi,3
hitch,david_sanders,2
hitch,yo_adriaaaan,3
hitch,theflanimal,2
hitch,smooth_dog,4
hitch,0zzy,10
hitch,baneglory,5
hitch,zedzys,10
rdulive,mmelancholy,9
rdulive,themacshane,5
hitch,robaroo_wallafox,14
kalashnikovmediatv,butulkus,0
forsen,cozoo,12
skiddlerrs,nismo1284,9
hitch,tuttifruzzi,9
forsen,discorecord1,9
hitch,zebead,7
forsen,cozoo,12
rdulive,univaccine,1
rdulive,yobimapi,2
kalashnikovmediatv,leavgod10,0
rdulive,deprinse,2
rdulive,jcraiden,23
hitch,twitch_destroyed_my_life,13
skiddlerrs,jasonakatj,5
rdulive,bravevegan,4
hitch,theflanimal,2
kalashnikovmediatv,alertbro,1
hitch,david_sanders,1
hitch,biackphoenix,2
kalashnikovmediatv,gazhilredfox01,0
rdulive,ultima_21,1
rdulive,streamelements,32
hitch,yo_adriaaaan,4
hitch,twitch_destroyed_my_life,3
kalashnikovmediatv,mivan35,0
kalashnikovmediatv,butulkus,1
kalashnikovmediatv,we1l_mad,2
skiddlerrs,olympicotter,1
hitch,juan_deu,7
hitch,smooth_dog,2
skiddlerrs,jonmarc,4
skiddlerrs,bassdropcx,2
rdulive,deprinse,3
clintstevens,ranef3,10
skiddlerrs,intimidating_canadian,19
skiddlerrs,mortensenn,1
kalashnikovmediatv,butulkus,1
hitch,mechalp,1
rdulive,ajax2854,3
hitch,thedamianishow,1
forsen,woodhero,7
hitch,thedamianishow,6
kalashnikovmediatv,astouter,2
hitch,jonaldinho92,9
kalashnikovmediatv,krnikita,0
hitch,thedamianishow,1
rdulive,mmelancholy,7
hitch,theflanimal,0
rdulive,inspiredbygreen,2
hitch,baneglory,3
hitch,baneglory,1
hitch,baneglory,1
hitch,twitch_destroyed_my_life,5
hitch,str8hype,3
hitch,a_eyahaa,4
kalashnikovmediatv,krnikita,0
kalashnikovmediatv,brazen_cs,0
rdulive,o_tis,3
dakotaz,xitzwizx,9
hitch,afflict_tv,4
skiddlerrs,jopez_97,1
hitch,twitch_destroyed_my_life,2
hitch,theflanimal,4
hitch,baneglory,2
hitch,thefeelskappaman,2
hitch,twitch_destroyed_my_life,1
skiddlerrs,simplesynax,11
hitch,thedamianishow,8
hitch,twitch_destroyed_my_life,1
hitch,yo_adriaaaan,1
hitch,theflanimal,4
dakotaz,toastmelone_,2
clintstevens,hustiiii,2
hitch,widowmacher1,1
skiddlerrs,huskilol,1
hitch,yo_adriaaaan,1
dakotaz,tenboom_nz,2
rdulive,twitch_viewerer,4
hitch,thedamianishow,3
forsen,spectre155,12
hitch,widowmacher1,5
skiddlerrs,mackster,4
hitch,fathead_4a,5
forsen,gachiascii,12
hitch,sverigelotto,2
kalashnikovmediatv,dol3n_yt,2
hitch,baneglory,1
hitch,jeeroz,2
clintstevens,paulmb6,2
rdulive,yobimapi,9
hitch,twitch_destroyed_my_life,1
hitch,jeeroz,8
hitch,majidlionheart,1
hitch,ladyteardrop,2
skiddlerrs,aoaagoldbot,1
hitch,rsmuspaludan,7
hitch,stashzbot,2
hitch,baneglory,8
skiddlerrs,xelysii,2
skiddlerrs,luigogg,1
skiddlerrs,ractorxa,5
hitch,totzire1,3
hitch,drivewaycam,5
hitch,baneglory,1
skiddlerrs,nettos,5
rdulive,deprinse,6
rdulive,euryon,6
hitch,xilften,3
skiddlerrs,ramranch1869,1
hitch,baneglory,4
hitch,thedamianishow,5
rdulive,paparoodaz1234,8
hitch,theflanimal,1
hitch,jeeroz,1
rdulive,fingerflickinggood,7
hitch,godblessallhuman,0
skiddlerrs,rolig07,3
hitch,grizzlytdi,12
hitch,jeeroz,5
clintstevens,aginagi,1
hitch,xilften,0
hitch,baneglory,0
skiddlerrs,johnomatewbu,5
hitch,majidlionheart,1
hitch,icelandic_polar_bear,9
hitch,0zzy,0
rdulive,lollolzz1996,1
hitch,sekuharades,13
hitch,epicsaapas,18
hitch,majidlionheart,4
hitch,llama69man,3
hitch,jonaldinho92,2
skiddlerrs,addybuyore,2
hitch,twitch_destroyed_my_life,15
forsen,zugren,3
hitch,smooth_dog,1
skiddlerrs,outreachfx,2
hitch,skydrift2020,5
forsen,n_888,8
dakotaz,pushdatkushog,39
rdulive,greaterspirit,4
rdulive,liusslo,3
hitch,woolfoobr,1
rdulive,streamelements,23
chemicaldragoon,uncle_louyt,4
rdulive,mmelancholy,2
hitch,smooth_dog,7
hitch,vanxietyy,1
hitch,woolfoobr,1
clintstevens,feelskimochiiman,2
skiddlerrs,bounterosrs,1
hitch,shakenbakehd,1
hitch,hitch__bot,11
rdulive,johnfromacounting,1
hitch,islandmandem,5
hitch,llama69man,1
hitch,hitch__bot,8
hitch,twitch_destroyed_my_life,1
hitch,rsmuspaludan,8
hitch,zedzys,1
rdulive,heeiyyoo,1
hitch,biackphoenix,14
rdulive,komatozko,4
hitch,smooth_dog,1
hitch,thedamianishow,1
rdulive,yobimapi,3
hitch,baneglory,9
rdulive,ahmetdrsy,1
skiddlerrs,weaponsupplier,14
hitch,donkey_dressed_asaunicorn,1
hitch,skinnysurvivor,1
hitch,xilften,1
skiddlerrs,lsdonny,1
chemicaldragoon,uncle_louyt,12
hitch,jonaldinho92,1
hitch,smooth_dog,1
hitch,llama69man,3
bobross,tahathenotorious,7
hitch,nyqgames,10
hitch,drivewaycam,1
rdulive,framesjanc0,1
hitch,baneglory,0
hitch,xilften,1
hitch,cuckoldxo,4
hitch,smooth_dog,1
rdulive,ilyu575,13
hitch,drivewaycam,4
hitch,david_haller,2
rdulive,liusslo,2
hitch,godblessallhuman,1
hitch,donkey_dressed_asaunicorn,3
hitch,desultorytwitch,8
hitch,jonesnbones,3
hitch,totzire1,3
hitch,theflanimal,5
dakotaz,trplaysgames,1
hitch,rsmuspaludan,9
hitch,vince_is_here,3
hitch,icelandic_polar_bear,5
rdulive,univaccine,5
hitch,jimjonesisgod,6
hitch,david_haller,2
hitch,biackphoenix,2
hitch,zebead,3
hitch,david_sanders,7
hitch,epicsaapas,12
rdulive,oskurok,1
hitch,0zzy,8
bobross,offbeatbunny,2
hitch,twitch_destroyed_my_life,1
hitch,oinke,1
rdulive,daonlytimmeh,2
hitch,shakenbakehd,3
hitch,godblessallhuman,2
hitch,twitch_destroyed_my_life,1
hitch,icelandic_polar_bear,3
hitch,baneglory,14
hitch,donkey_dressed_asaunicorn,1
hitch,thedamianishow,4
hitch,twitch_destroyed_my_life,1
hitch,majidlionheart,4
hitch,xilften,1
hitch,badluck4u,3
hitch,dreamingindogyears,2
hitch,twitch_destroyed_my_life,4
hitch,nose_of_sauron,3
hitch,s3phtv,8
clintstevens,leuse,1
clintstevens,l_lis,1
hitch,skinnysurvivor,4
hitch,jordancruzzzz,5
bobross,wendyclears,3
forsen,notheowner,6
hitch,theflanimal,4
skiddlerrs,jasonakatj,2
forsen,delmadar,9
hitch,theflanimal,1
hitch,baneglory,2
rdulive,univaccine,14
hitch,gclutch,5
hitch,vanxietyy,2
hitch,sekuharades,1
hitch,xilften,1
hitch,godblessallhuman,1
kalashnikovmediatv,krimstanofficial,1
clintstevens,glebson_,3
hitch,jackee42o,4
rdulive,carldrog0,4
hitch,baneglory,3
skiddlerrs,xelysii,5
hitch,twitch_destroyed_my_life,7
hitch,vivana,2
hitch,vince_is_here,5
hitch,thedamianishow,7
forsen,eill,6
clintstevens,xxurexx,3
hitch,twitch_destroyed_my_life,3
hitch,baneglory,2
hitch,jooosha,17
hitch,vivana,4
forsen,lolyn,1
bobross,geschaeftsbedingung,6
dakotaz,doomhead85,15
skiddlerrs,ramranch1869,2
kalashnikovmediatv,poeheroy,0
kalashnikovmediatv,ace_bet,0
clintstevens,l_lis,1
clintstevens,romeogiggletoess,2
hitch,baneglory,6
forsen,stained1337,2
forsen,glorifindel2,2
forsen,n0vywow,12
forsen,zugren,8
rdulive,univaccine,3
rdulive,mrlexgr,5
hitch,loviani,11
skiddlerrs,robbs3ntv,2
skiddlerrs,aynjelz,5
skiddlerrs,intimidating_canadian,5
hitch,godblessallhuman,5
skiddlerrs,rolig07,2
hitch,karezza,8
hitch,godblessallhuman,3
hitch,0zzy,9
hitch,theflanimal,1
hitch,0zzy,5
kalashnikovmediatv,evil_arihas,0
hitch,xilften,5
skiddlerrs,morrisq_q,10
hitch,rsmuspaludan,4
hitch,godblessallhuman,2
hitch,twitch_destroyed_my_life,3
hitch,twitch_destroyed_my_life,1
hitch,xilften,3
hitch,pilotprojekt,1
hitch,0zzy,1
hitch,baneglory,5
hitch,news_punt,5
hitch,sekuharades,6
hitch,hham85,5
skiddlerrs,hollarrs,1
hitch,jackee42o,8
kalashnikovmediatv,antosha_www,0
hitch,jonaldinho92,4
hitch,baneglory,4
rdulive,dumek,5
hitch,twitch_destroyed_my_life,8
hitch,grizzlytdi,1
rdulive,liusslo,8
hitch,coreytries,1
hitch,twitchtweaker,3
hitch,vince_is_here,12
hitch,actually_white,7
rdulive,yaku97,5
hitch,jackee42o,5
hitch,loviani,4
skiddlerrs,hps_noob,1
hitch,hham85,2
hitch,jooosha,2
skiddlerrs,rsn_gbh,1
rdulive,ultima_21,2
hitch,thedamianishow,4
skiddlerrs,hps_noob,1
rdulive,mmelancholy,3
skiddlerrs,nottinghams,1
hitch,0zzy,2
hitch,xilften,1
hitch,jooosha,3
rdulive,liusslo,3
kalashnikovmediatv,gospodin200226,0
skiddlerrs,bassdropcx,1
skiddlerrs,ashyx,1
hitch,blackcilantro,4
hitch,jackee42o,9
hitch,xilften,2
hitch,sheksnek,3
rdulive,qmillion_,4
dakotaz,trplaysgames,12
rdulive,daonlytimmeh,4
hitch,twitch_destroyed_my_life,1
rdulive,elfandorhs,1
clintstevens,trigginfypo,2
hitch,jackee42o,5
rdulive,mrlexgr,10
hitch,jimjonesisgod,15
hitch,mechalp,3
skiddlerrs,aoaagoldbot,2
clintstevens,swushwoi,5
forsen,hnoel,12
clintstevens,trutoob,1
hitch,xilften,6
hitch,hitch__bot,21
skiddlerrs,icuttrees,6
rdulive,daonlytimmeh,2
rdulive,fingerflickinggood,2
forsen,snusbot,20
hitch,baneglory,1
kalashnikovmediatv,vvors3,0
dakotaz,worldbestprodigy,9
rdulive,streamelements,8
rdulive,johnfromacounting,22
hitch,jackee42o,7
skiddlerrs,giinnge,3
kalashnikovmediatv,vvors3,1
hitch,jimjonesisgod,8
rdulive,blitzkrieg103,13
forsen,itsmeaniki,16
forsen,iosfilsajef,4
skiddlerrs,permaxi,1
forsen,introlol,12
hitch,xilften,2
hitch,twitch_destroyed_my_life,7
hitch,baneglory,6
rdulive,guitapt,1
kalashnikovmediatv,vladimiroad,1
hitch,baneglory,5
hitch,twitch_destroyed_my_life,1
hitch,jimjonesisgod,6
hitch,tuttifruzzi,4
dakotaz,mattyicebolt,7
hitch,baneglory,0
hitch,jooosha,0
kalashnikovmediatv,archieaka,0
clintstevens,grekenthepoor,1
hitch,godblessallhuman,8
dakotaz,kreamupstairs,9
hitch,roachfrags,2
forsen,thanksarthur,16
kalashnikovmediatv,alenzgamechannel,0
forsen,para_dox_0,2
clintstevens,taucoon23,6
forsen,bukashka,6
rdulive,derfahnder,1
clintstevens,trigginfypo,2
forsen,stained1337,1
hitch,grizzlytdi,8
skiddlerrs,a_mirage_,3
hitch,i_am_grumpy,2
hitch,donkey_dressed_asaunicorn,3
rdulive,jcraiden,1
hitch,desultorytwitch,21
rdulive,jcraiden,5
kalashnikovmediatv,alenzgamechannel,0
skiddlerrs,hcenforcer,1
skiddlerrs,permaxi,18
hitch,jimjonesisgod,5
hitch,rsmuspaludan,4
bobross,rolotony420,7
hitch,roachfrags,13
hitch,toni6thstreet,1
rdulive,jcraiden,12
skiddlerrs,trippin0ut,4
hitch,jooosha,13
hitch,k1lmo,7
bobross,duensteinsatz,2
rdulive,dug1337,2
forsen,itsmeaniki,15
hitch,twitch_destroyed_my_life,3
hitch,desultorytwitch,12
chemicaldragoon,garado05,4
hitch,takeoff19,6
skiddlerrs,mortensenn,4
hitch,lfo_tool,8
hitch,shakenbakehd,8
clintstevens,damnedrecluse,0
hitch,twitch_destroyed_my_life,3
hitch,jooosha,19
hitch,k1lmo,9
hitch,binkorbust,9
kalashnikovmediatv,alenzgamechannel,0
hitch,musichelps,4
hitch,xilften,3
hitch,fowhatrlyworths,5
forsen,kurrekts,2
hitch,yoschi93,2
skiddlerrs,mortensenn,1
skiddlerrs,fenryrrtv,0
dakotaz,nightbot,15
forsen,n_888,12
rdulive,liusslo,4
kalashnikovmediatv,taga9,1
rdulive,hs_dyer,10
kalashnikovmediatv,archieaka,0
rdulive,raamara,1
rdulive,derfahnder,4
rdulive,enieo,5
forsen,fahad_789,2
forsen,bukashka,6
skiddlerrs,mortensenn,1
skiddlerrs,nettos,3
skiddlerrs,questphobic,4
clintstevens,kyllingen_,3
skiddlerrs,jonmarc,1
forsen,tetyys,1
clintstevens,hastes,1
skiddlerrs,nettos,5
rdulive,hs_dyer,8
kalashnikovmediatv,murccics,0
forsen,xfennek,6
skiddlerrs,nismo1284,4
rdulive,mal3ma,7
skiddlerrs,ohnoesyoz,3
giantwaffle,datsparrow,1
forsen,macoooooo,21
rdulive,dug1337,7
kalashnikovmediatv,1dimalodik1,0
hitch,jackee42o,16
hitch,shakenbakehd,3
hitch,xilften,10
hitch,rabenga74,1
hitch,yoschi93,2
hitch,i_use_a_56k_modem,2
hitch,shakenbakehd,3
hitch,michaeltth,2
rdulive,west4u2,9
hitch,cuckoldxo,2
chemicaldragoon,nameisjeff221,1
hitch,thedamianishow,6
hitch,thedamianishow,1
hitch,lieutenantsausage,2
dakotaz,titan70,21
forsen,ellijaah,19
bobross,willeverettjr,2
kalashnikovmediatv,alenzgamechannel,1
hitch,xilften,2
skiddlerrs,13b_rew_rx_8_gtx3582r,1
hitch,theflanimal,3
kalashnikovmediatv,murccics,0
kalashnikovmediatv,moobot,3
skiddlerrs,13b_rew_rx_8_gtx3582r,2
forsen,laggy_eu,20
hitch,kid_karma,2
skiddlerrs,mistermeowgi_,1
hitch,drsmulegood,9
skiddlerrs,trippin0ut,5
skiddlerrs,pvmandchill,2
forsen,scluse,8
clintstevens,dmmewaystokms,7
skiddlerrs,intimidating_canadian,1
rdulive,yobimapi,9
hitch,thedamianishow,5
clintstevens,qyxiz,1
forsen,coed0,0
hitch,fowhatrlyworths,1
hitch,i_am_grumpy,8
hitch,hitch__bot,4
kalashnikovmediatv,advokatxcigil,0
clintstevens,hello2030,0
hitch,theflanimal,2
skiddlerrs,h0rselord951,1
chemicaldragoon,stabbin_wagon,21
hitch,jackee42o,7
hitch,juan_deu,1
hitch,thedamianishow,7
hitch,xilften,5
hitch,lieutenantsausage,2
hitch,jackee42o,7
kalashnikovmediatv,grisha1235,0
kalashnikovmediatv,chervin3,0
chemicaldragoon,garado05,11
forsen,fawcantv,13
hitch,totzire1,3
hitch,jooosha,7
hitch,jackee42o,8
hitch,drsmulegood,6
hitch,twitch_destroyed_my_life,4
hitch,rsmuspaludan,1
skiddlerrs,altscape,10
hitch,shadowllas,3
bobross,lommut,10
hitch,butnik55,1
hitch,musichelps,5
hitch,donkey_dressed_asaunicorn,1
hitch,hitch__bot,5
hitch,drivewaycam,1
hitch,icelandic_polar_bear,1
hitch,musichelps,1
hitch,anzio71,1
clintstevens,unitedbr,1
hitch,player_tw00,1
skiddlerrs,shents,4
hitch,news_punt,6
skiddlerrs,cllould,12
clintstevens,t10dimensional,5
hitch,cuckoldxo,1
kalashnikovmediatv,kood,2
hitch,jectoh,1
hitch,jackee42o,6
rdulive,fingerflickinggood,7
forsen,xchan1226,12
skiddlerrs,shents,0
kalashnikovmediatv,coolsanchezz,0
kalashnikovmediatv,moobot,5
dakotaz,sandelineffs,7
hitch,jooosha,1
skiddlerrs,bigfatgoaly,12
rdulive,stommpedk,25
hitch,yoschi93,1
skiddlerrs,13b_rew_rx_8_gtx3582r,8
rdulive,halfblackops,1
kalashnikovmediatv,goldoman_yt,0
hitch,jackee42o,7
skiddlerrs,shents,5
hitch,jackee42o,1
forsen,notheowner,0
skiddlerrs,mr_matt6115,1
hitch,madhoser,2
hitch,baneglory,6
kalashnikovmediatv,cassel_de,0
forsen,thepiter333,10
hitch,hham85,2
rdulive,nein9nine,7
clintstevens,versirus,2
skiddlerrs,vestborg,6
rdulive,west4u2,9
clintstevens,byrr_,1
hitch,baneglory,1
giantwaffle,moobot,14
rdulive,hsnexo,8
clintstevens,boricua_dannyboi,1
chemicaldragoon,spunkyttv,4
kalashnikovmediatv,moobot,3
rdulive,voidscope,6
clintstevens,robzerino,4
skiddlerrs,eetumakinen,5
rdulive,jcraiden,7
giantwaffle,tomwyr_,5
kalashnikovmediatv,murccics,0
clintstevens,pezdi,3
forsen,supersonic40,15
skiddlerrs,shents,3
rdulive,dumek,11
kalashnikovmediatv,taga9,0
chemicaldragoon,blackdoodler,15
clintstevens,pezdi,3
rdulive,hsheki,2
skiddlerrs,garykelling1989,9
forsen,scamazhs,6
kalashnikovmediatv,vashcheburek,0
giantwaffle,scx5000,11
rdulive,jcraiden,13
forsen,immortalblak,12
forsen,jul_de,12
skiddlerrs,bigfatgoaly,11
forsen,lensku28,12
rdulive,m_ronin,7
skiddlerrs,aoaagoldbot,16
forsen,popothepanda3,16
skiddlerrs,bigfatgoaly,1
skiddlerrs,cllould,1
forsen,bumzoid,5
clintstevens,a_r_t_e_a,1
skiddlerrs,jaxironman,9
skiddlerrs,hps_noob,0
rdulive,jcraiden,5
kalashnikovmediatv,matzubete,1
rdulive,fr3quenttv,25
clintstevens,zeroththehighlander,5
forsen,lukijez,1
clintstevens,romannyc,2
kalashnikovmediatv,cassel_de,2
skiddlerrs,aoaagoldbot,17
skiddlerrs,rooryg,5
skiddlerrs,etnnnn,2
skiddlerrs,lovelili_,1
skiddlerrs,jonmarc,2
skiddlerrs,genuinearchetype,10
forsen,flox_,13
forsen,lympy,1
chemicaldragoon,garado05,4
skiddlerrs,etnnnn,1
skiddlerrs,maauuf,1
dakotaz,crittt,9
kalashnikovmediatv,n1ketosoff,0
skiddlerrs,senken,11
clintstevens,nzrai,2
hitch,drunkenmaster175,2
hitch,jimjonesisgod,5
skiddlerrs,ryd3r_07,1
hitch,theflanimal,1
hitch,noxi420,4
skiddlerrs,hps_noob,1
skiddlerrs,bigfatgoaly,1
hitch,grizzlytdi,4
hitch,szary94,4
hitch,twitch_destroyed_my_life,5
hitch,zedzys,2
hitch,hitch__bot,36
kalashnikovmediatv,sanya_love_,0
hitch,twitch_destroyed_my_life,1
hitch,twitch_destroyed_my_life,1
hitch,dreamingindogyears,3
hitch,juliuscesar,1
hitch,seriousfamilytv,1
hitch,xilften,7
hitch,yoschi93,3
hitch,mattresswx,1
hitch,fubar27,4
hitch,twitch_destroyed_my_life,4
hitch,baneglory,3
rdulive,hsheki,1
hitch,epicsaapas,3
hitch,musichelps,1
hitch,xilften,5
clintstevens,pezdi,1
hitch,hitch__bot,4
hitch,szary94,1
hitch,icrittmypants,1
hitch,theflanimal,1
hitch,david_sanders,2
hitch,s3phtv,10
hitch,szary94,1
hitch,dimleh,1
hitch,jooosha,7
chemicaldragoon,freecuts,8
hitch,twitch_destroyed_my_life,2
hitch,xilften,3
hitch,0zzy,11
hitch,dreamingindogyears,6
kalashnikovmediatv,swaggafox22,0
hitch,jooosha,10
hitch,baneglory,8
hitch,hitch__bot,25
kalashnikovmediatv,sadverts_,0
kalashnikovmediatv,sanya_love_,2
giantwaffle,jackx14,1
clintstevens,timoteh,7
rdulive,venrai,15
clintstevens,sarcastic_friend,1
skiddlerrs,13b_rew_rx_8_gtx3582r,2
clintstevens,utsuro_,8
skiddlerrs,intimidating_canadian,3
skiddlerrs,james_c,8
kalashnikovmediatv,evil_arihas,0
hitch,musichelps,6
clintstevens,xeraton7,2
hitch,ipanoramaa,3
chemicaldragoon,ttv_wishyouskill,12
clintstevens,robzerino,2
rdulive,royal_hobo,0
skiddlerrs,ruinedi,1
skiddlerrs,intimidating_canadian,10
skiddlerrs,jon__pvm,3
kalashnikovmediatv,artem_mayorr,0
rdulive,fredicul0us,5
skiddlerrs,intimidating_canadian,10
kalashnikovmediatv,cassel_de,0
skiddlerrs,imdaniel1337,2
skiddlerrs,intimidating_canadian,14
skiddlerrs,intimidating_canadian,10
kalashnikovmediatv,alertbro,0
clintstevens,despacitoroyale,9
kalashnikovmediatv,lustrafford3,0
skiddlerrs,thabaaws,6
rdulive,goldenes_zippo,2
rdulive,greccu,9
skiddlerrs,roeckie,3
skiddlerrs,orlole,6
clintstevens,partymagier,1
rdulive,thewindexwipes,12
skiddlerrs,hoothooter,16
clintstevens,jonvog4,2
skiddlerrs,pvmandchill,3
rdulive,arkhamhs,7
giantwaffle,bradmonster,1
clintstevens,im_skyzz1,1
clintstevens,zxf123,1
clintstevens,coke_zero,35
giantwaffle,gewt,13
giantwaffle,lechigga,3
giantwaffle,minipxavi,22
kalashnikovmediatv,sanya_love_,1
giantwaffle,syke051,6
skiddlerrs,senken,2
skiddlerrs,littleguyz,1
kalashnikovmediatv,2palochki,0
skiddlerrs,ville_maticc,3
rdulive,enieo,15
kalashnikovmediatv,cassel_de,0
kalashnikovmediatv,moobot,3
skiddlerrs,jesusbro24,2
skiddlerrs,littleguyz,1
skiddlerrs,aoaagoldbot,15
skiddlerrs,aoaagoldbot,15
skiddlerrs,aoaagoldbot,15
giantwaffle,minusdagreez,8
skiddlerrs,demellikboer,0
skiddlerrs,remedys,4
skiddlerrs,13b_rew_rx_8_gtx3582r,11
skiddlerrs,ville_maticc,7
skiddlerrs,intimidating_canadian,10
skiddlerrs,hcenforcer,5
kalashnikovmediatv,sadverts_,0
skiddlerrs,pvmandchill,8
clintstevens,onetruespam,2
giantwaffle,elephone,1
skiddlerrs,bigfatgoaly,0
skiddlerrs,jord_lupiter,2
clintstevens,dannny,2
skiddlerrs,hps_noob,0
clintstevens,cook__7,2
clintstevens,moocowisaac1,2
skiddlerrs,brawrs,23
giantwaffle,breezaholic,9
rdulive,shazzrah19,4
rdulive,alerick_wong,1
chemicaldragoon,xmyturnnow,5
giantwaffle,dahuh,6
giantwaffle,mynameisvortex,1
rdulive,w0lur,13
kalashnikovmediatv,sanya_love_,1
skiddlerrs,etnnnn,9
rdulive,farvald,3
chemicaldragoon,spectral_taylor,18
skiddlerrs,drewbis96,2
skiddlerrs,qwinnyosrs,2
skiddlerrs,fr0zenz0ne1,6
chemicaldragoon,bloodtre,4
clintstevens,thediscomole,3
skiddlerrs,jonmarc,8
skiddlerrs,jesusbro24,1
rdulive,woohooalex,2
chemicaldragoon,meeff__,5
kalashnikovmediatv,moobot,3
skiddlerrs,xerxes1210,2
giantwaffle,rhondor1,4
kalashnikovmediatv,sanya_love_,1
kalashnikovmediatv,sanya_love_,0
clintstevens,kiazer35,18
clintstevens,kewlan,1
clintstevens,shwobble,2
kalashnikovmediatv,evil_arihas,1
rdulive,docnasty,4
rdulive,cmaur,23
giantwaffle,marc1xxx,6
loltyler1,pleiadians_emissary,1
loltyler1,dark_mimic,1
kalashnikovmediatv,sanya_love_,3
clintstevens,newpantera,12
rdulive,stoki1,2
rdulive,mrlexgr,4
giantwaffle,isaywhatsuphello,1
kalashnikovmediatv,crazy_phant0m,0
kalashnikovmediatv,polpot85,0
rdulive,biscuit717z,1
skiddlerrs,yngvee,4
skiddlerrs,kezzyn,4
skiddlerrs,bikescene,4
clintstevens,swagyqueephings,6
giantwaffle,tontonic,1
skiddlerrs,supersmashbro24,3
skiddlerrs,envytherabbit,1
kalashnikovmediatv,prabwaskill,0
kalashnikovmediatv,prabwaskill,0
clintstevens,angeltam,5
clintstevens,acraine_,59
skiddlerrs,intimidating_canadian,3
kalashnikovmediatv,sasha2004m,0
clintstevens,iknowwhattotypeinhere,2
chemicaldragoon,blackdoodler,15
dakotaz,nightbot,14
clintstevens,panderingforlife,2
kalashnikovmediatv,cs_go_pro235,0
skiddlerrs,damouk,4
kalashnikovmediatv,jakeeep,0
giantwaffle,altoshyyft,2
rdulive,sahrgeant,6
kalashnikovmediatv,sanya_love_,0
kalashnikovmediatv,murccics,0
kalashnikovmediatv,sanya_love_,1
rdulive,arkhamhs,14
rdulive,shazzrah19,5
kalashnikovmediatv,razo4arovan_v_maffake,2
clintstevens,lullatsch_,15
clintstevens,skormze,3
kalashnikovmediatv,sasha2004m,0
kalashnikovmediatv,hnka521,0
kalashnikovmediatv,sanya_love_,0
clintstevens,goldenking213,12
chemicaldragoon,walleerrr,8
loltyler1,traujae22,2
kalashnikovmediatv,t4pochek,6
rdulive,oddling1977,6
clintstevens,obeliskthetittytwista,5
skiddlerrs,etnnnn,4
kalashnikovmediatv,vashcheburek,0
kalashnikovmediatv,pipall,0
clintstevens,scaramagoo,4
clintstevens,leuse,31
kalashnikovmediatv,sadverts_,1
giantwaffle,mnagggs,1
dakotaz,niekohler,4
kalashnikovmediatv,vladimiroad,0
kalashnikovmediatv,322easy,0
loltyler1,spacejelly,8
kalashnikovmediatv,sanya_love_,0
clintstevens,imsobardrightnow,3
kalashnikovmediatv,pewpew322x,1
giantwaffle,systemzulu,4
kalashnikovmediatv,knockingongaming,1
kalashnikovmediatv,jakeeep,0
kalashnikovmediatv,polpot85,0
kalashnikovmediatv,d_ddalorian,0
kalashnikovmediatv,murccics,0
kalashnikovmediatv,murccics,0
skiddlerrs,damouk,1
kalashnikovmediatv,forflogger,0
skiddlerrs,bigbootymixvol14,1
rdulive,sinfulgamernz,8
skiddlerrs,derpdragon1,3
skiddlerrs,ravestrike,1
loltyler1,zeltarules,1
skiddlerrs,maxthemantis,6
skiddlerrs,xelysii,1
kalashnikovmediatv,artyomspark1337,0
skiddlerrs,shents,2
skiddlerrs,shents,2
chemicaldragoon,blackdoodler,15
dakotaz,nightbot,6
rdulive,5exisme,1
loltyler1,deleizzz,1
skiddlerrs,acnologia72,2
kalashnikovmediatv,grisha1235,0
kalashnikovmediatv,moobot,4
kalashnikovmediatv,dm3nxgod,2
chemicaldragoon,gabricoci,8
skiddlerrs,envytherabbit,9
rdulive,jcraiden,10
loltyler1,carruj,2
chemicaldragoon,bfm_kephop,0
loltyler1,pleiadians_emissary,2
dakotaz,fortcraft124,7
rdulive,sinfulgamernz,29
rdulive,petlino,2
kalashnikovmediatv,yt_creepa_yt,0
giantwaffle,wooli,4
skiddlerrs,couchfuker69,4
dakotaz,otop2production,2
skiddlerrs,mackster,1
kalashnikovmediatv,moobot,5
chemicaldragoon,gabricoci,5
skiddlerrs,ecko3o6,1
rdulive,petlino,3
rdulive,hsheki,4
rdulive,hrodricpt,3
chemicaldragoon,blackdoodler,15
skiddlerrs,idexx,5
kalashnikovmediatv,windows6,2
dakotaz,jockinjsee,2
kalashnikovmediatv,windows6,2
skiddlerrs,angera,2
skiddlerrs,idexx,1
skiddlerrs,helldiverrs,11
skiddlerrs,couchfuker69,1
skiddlerrs,envytherabbit,5
giantwaffle,madphil,4
loltyler1,ferefar,0
rdulive,mrlexgr,16
skiddlerrs,mr_matt6115,9
skiddlerrs,agupurs,1
rdulive,nimbexxx,1
skiddlerrs,pabs94,1
skiddlerrs,skiddlerrs,2
skiddlerrs,skiddlerrs,5
rdulive,shadowymisstep,5
skiddlerrs,xdizaster,17
kalashnikovmediatv,ivvanow,0
rdulive,yenxa,6
rdulive,gerrardlol,9
chemicaldragoon,ttv_wishyouskill,12
giantwaffle,kal_6,2
chemicaldragoon,beastanova,14
rdulive,gerrardlol,6
rdulive,shadowymisstep,1
kalashnikovmediatv,lastbbb,0
rdulive,roho000,2
rdulive,yenxa,17
chemicaldragoon,thermicbasil,8
dakotaz,ttv_chronospower,22
rdulive,xmassacre,4
rdulive,mrawki,5
chemicaldragoon,blackdoodler,15
rdulive,shadowymisstep,9
rdulive,massud0,3
rdulive,sinfulgamernz,1
rdulive,afetalmistake,9
kalashnikovmediatv,t4pochek,6
rdulive,shazzrah19,6
kalashnikovmediatv,motar2h,0
rdulive,physcx,5
rdulive,dumek,3
dakotaz,buyawolf,4
rdulive,yobimapi,4
rdulive,mmelancholy,4
loltyler1,rendlycool,1
loltyler1,terrancoleman,9
kalashnikovmediatv,sadverts_,1
giantwaffle,ahuppa,14
kalashnikovmediatv,sadverts_,0
loltyler1,reptilianrain,8
rdulive,grumpykitten69,4
kalashnikovmediatv,wondex1337,2
loltyler1,camille_god,1
kalashnikovmediatv,chuck96z,2
rdulive,grumpykitten69,5
kalashnikovmediatv,evil_arihas,0
kalashnikovmediatv,r0flanpominki,0
chemicaldragoon,bloodtre,22
rdulive,dweight888,5
giantwaffle,g_dilla,1
giantwaffle,cheka_,2
rdulive,west4u2,1
kalashnikovmediatv,sadverts_,1
loltyler1,lugia3330,1
giantwaffle,holydefeatt,1
giantwaffle,qqmotion,1
kalashnikovmediatv,ladybird_x888,2
kalashnikovmediatv,nev3rtrust,0
kalashnikovmediatv,klausmklsn,0
kalashnikovmediatv,pit_bull,0
kalashnikovmediatv,artem_mayorr,0
kalashnikovmediatv,artem_mayorr,0
kalashnikovmediatv,wondex1337,2
kalashnikovmediatv,artem_mayorr,0
kalashnikovmediatv,wondex1337,0
rdulive,captainsluba,8
loltyler1,nitemarrre,16
kalashnikovmediatv,dogdars,0
rdulive,olipolipo,4
rdulive,west4u2,7
loltyler1,johnnyyourbro,3
giantwaffle,beefy_tv,1
kalashnikovmediatv,ruselq,0
rdulive,nabiee,3
kalashnikovmediatv,dm3nxgod,0
chemicaldragoon,stabbin_wagon,4
rdulive,ijustneedatwitchaccountxd,10
loltyler1,some_kind_of_coolcat,2
dakotaz,931monster,6
kalashnikovmediatv,mixapp28,1
rdulive,darkgoomy,3
kalashnikovmediatv,putin_like_crimera,0
loltyler1,skilmao,1
dakotaz,fortcraft124,7
kalashnikovmediatv,moobot,3
rdulive,piupiuu_,3
rdulive,jigsaw_doto,0
chemicaldragoon,bloodtre,22
rdulive,piupiuu_,1
loltyler1,nicklasrehn,9
kalashnikovmediatv,wondex1337,2
loltyler1,quadbow,1
kalashnikovmediatv,moobot,4
rdulive,chosen91,9
kalashnikovmediatv,ferjkee32,0
loltyler1,some_kind_of_coolcat,1
kalashnikovmediatv,moobot,3
giantwaffle,mr_fungi,3
rdulive,yobimapi,14
loltyler1,pupaman,2
dakotaz,infact_,3
loltyler1,spookydonger,3
rdulive,piupiuu_,23
loltyler1,nonondw,1
rdulive,dweight888,18
rdulive,gswblew321lead,3
rdulive,yobimapi,13
loltyler1,george123cz,3
dakotaz,armando7805,1
dakotaz,infact_,2
rdulive,twitch_viewerer,21
chemicaldragoon,bloodtre,4
kalashnikovmediatv,possof,0
rdulive,yobimapi,5
rdulive,akulatraxass,3
kalashnikovmediatv,alertbro,0
kalashnikovmediatv,moobot,4
loltyler1,bubbergoose,9
loltyler1,useurbrain26,3
dakotaz,kilnado,12
giantwaffle,twitchyjoe,5
rdulive,artorix,5
loltyler1,hypelastika,3
dakotaz,dibss,5
dakotaz,thismof0,14
rdulive,bercony,11
rdulive,enieo,3
kalashnikovmediatv,sasha2004m,0
loltyler1,nightbolt030800,0
giantwaffle,goram,6
rdulive,leeeroyjenkinhs,3
rdulive,shootingstarhs,4
kalashnikovmediatv,alertbro,0
rdulive,bassie1rl,8
loltyler1,xavenger_1,1
rdulive,kreestijan,4
kalashnikovmediatv,dm3nxgod,0
kalashnikovmediatv,blady2288,1
rdulive,shootingstarhs,4
kalashnikovmediatv,atlas_plug,0
kalashnikovmediatv,m4d_t1ger,1
chemicaldragoon,thatonedood,11
giantwaffle,expouhl,5
chemicaldragoon,petey1584,5
kalashnikovmediatv,mcp0x,0
rdulive,antiliani,8
giantwaffle,ipwn3r,11
chemicaldragoon,durrburgerguy36,1
kalashnikovmediatv,mactavish9630,0
giantwaffle,nzlala,1
loltyler1,kexan1,1
dakotaz,justyaboitaco,2
rdulive,skeptimistccg,11
kalashnikovmediatv,dm3nxgod,2
rdulive,silentrebel217,11
rdulive,zigg1985,3
kalashnikovmediatv,sasha2004m,0
kalashnikovmediatv,dm3nxgod,0
rdulive,rtheeraser,4
kalashnikovmediatv,atlas_plug,0
rdulive,silentrebel217,2
rdulive,yenxa,1
rdulive,rubadub730,4
chemicaldragoon,fortnitesweeper8,7
chemicaldragoon,fortnitesweeper8,3
kalashnikovmediatv,lord3218,1
rdulive,nolimitof300,1
chemicaldragoon,blackdoodler,15
dakotaz,ahnah,2
rdulive,piupiuu_,5
kalashnikovmediatv,atlas_plug,0
loltyler1,toiler1,1
rdulive,larkin_,9
giantwaffle,d3fcon115,1
kalashnikovmediatv,uniqueofshl,0
chemicaldragoon,stabbin_wagon,15
kalashnikovmediatv,sypik33,0
rdulive,billbobby21,5
kalashnikovmediatv,moobot,3
rdulive,shootingstarhs,2
rdulive,dweight888,12
kalashnikovmediatv,nick_bezruc,0
rdulive,ashof1,6
dakotaz,dasnorkopsgang,5
loltyler1,useurbrain26,3
kalashnikovmediatv,jackripper2017,0
bobross,danny_krosis,15
loltyler1,useurbrain26,4
loltyler1,nonondw,2
kalashnikovmediatv,ruselq,0
kalashnikovmediatv,sasha2004m,0
chemicaldragoon,pakiks17,2
rdulive,yobimapi,9
kalashnikovmediatv,superiorcs,0
kalashnikovmediatv,diegg000,0
rdulive,cagamelos,1
kalashnikovmediatv,atlas_plug,0
rdulive,bda01,8
rdulive,twt_hs,1
rdulive,prodyhs,4
forsen,some_kind_of_god_of_weeb,6
giantwaffle,goram,1
dakotaz,itzmsoo,4
dakotaz,dasnorkopsgang,17
forsen,not_dimburuk,17
rdulive,jus77om,1
loltyler1,alesisv,4
rdulive,xpehbam1337,6
chemicaldragoon,cheungd,5
rdulive,badyacs,7
dakotaz,brandohorizon,3
forsen,collapsingwave,3
dakotaz,aviatato,1
kalashnikovmediatv,ruselq,0
kalashnikovmediatv,alenzgamechannel,1
chemicaldragoon,mn3void,2
dakotaz,alir_the_neon,6
forsen,apollotw,13
loltyler1,gankerjr,2
dakotaz,ahmedtheboy50,0
kalashnikovmediatv,thancle,0
dakotaz,darkarmaeffect,1
kalashnikovmediatv,qerfxvhvx,0
loltyler1,doodle1,6
forsen,thenateo2,3
forsen,demerzel951,1
rdulive,pab0089,6
kalashnikovmediatv,thancle,0
rdulive,witselhs,1
rdulive,badyacs,3
chemicaldragoon,cheungd,2
chemicaldragoon,mn3void,3
chemicaldragoon,mn3void,2
rdulive,f4ll007,1
loltyler1,nerrddyy,1
rdulive,crazymas0n,3
chemicaldragoon,baaskaas_595,5
rdulive,jrbdotter,11
kalashnikovmediatv,moobot,4
forsen,ciaz,1
rdulive,skeptimistccg,11
chemicaldragoon,mn3void,4
chemicaldragoon,baaskaas_595,5
giantwaffle,maybeharry,2
loltyler1,duell,20
kalashnikovmediatv,timyr55546,0
rdulive,baldeaglexx,10
rdulive,piupiuu_,3
kalashnikovmediatv,timyr55546,1
kalashnikovmediatv,alexander_bk,0
chemicaldragoon,mn3void,5
giantwaffle,rulexop,2
kalashnikovmediatv,moobot,3
rdulive,crazymas0n,4
kalashnikovmediatv,jay_tb,6
rdulive,antiliani,1
rdulive,meblevox,18
chemicaldragoon,baaskaas_595,3
loltyler1,matteomala1,1
giantwaffle,loczuk2001,1
kalashnikovmediatv,steamcsdota,0
forsen,some_kind_of_third_party,8
forsen,nerquila,4
chemicaldragoon,baaskaas_595,72
rdulive,bigsithlord,10
forsen,porryhattertv,5
kalashnikovmediatv,thancle,0
kalashnikovmediatv,alenzgamechannel,0
kalashnikovmediatv,timyr55546,0
forsen,ukrhunt,11
rdulive,apeinsupershape,13
forsen,was_that_me_,1
giantwaffle,dinguselite,1
kalashnikovmediatv,mm_decil3el,2
chemicaldragoon,zssalty,22
rdulive,anonymousdalek,8
kalashnikovmediatv,danil_axt,0
forsen,clutchaz,12
chemicaldragoon,bloodtre,4
forsen,martblni,5
rdulive,apeinsupershape,1
kalashnikovmediatv,lowski111,0
kalashnikovmediatv,alertbro,0
kalashnikovmediatv,crazyito,0
forsen,ukrhunt,11
forsen,randers00,15
forsen,maltasnim,6
forsen,ogbunabaii,0
forsen,birdyshirty,2
rdulive,twt_hs,0
rdulive,piupiuu_,3
rdulive,banditcharlie,2
giantwaffle,damond5,3
rdulive,hsnexo,4
rdulive,piupiuu_,1
forsen,myridiann,6
forsen,retzin_,16
chemicaldragoon,zssalty,22
forsen,bibiservietsky,6
rdulive,pexxler,1
rdulive,bypster,1
kalashnikovmediatv,alenzgamechannel,0
rdulive,shockwave671,9
rdulive,einharjer627,3
rdulive,streamelements,32
loltyler1,frostninjutsu,1
giantwaffle,crypticzane,1
rdulive,bda01,5
forsen,jaccedweebonyagirl,1
kalashnikovmediatv,windows6,0
rdulive,globals,4
loltyler1,i_love_nordic_boys,2
rdulive,o2zy,20
forsen,tizzit,8
kalashnikovmediatv,gospodin200226,0
forsen,sanjipower,8
loltyler1,aquaalextv,37
forsen,agenttud,12
rdulive,sinfulgamernz,0
loltyler1,r3w1ndosu,1
forsen,deadpixel21,1
rdulive,downwardcorgi,7
rdulive,enieo,1
kalashnikovmediatv,nismo03,0
kalashnikovmediatv,hold_verge,0
chemicaldragoon,stabbin_wagon,15
kalashnikovmediatv,nasibov111,1
kalashnikovmediatv,danil_axt,3
rdulive,reseus,1
loltyler1,spookydonger,3
forsen,villsson_,9
rdulive,zahok,6
rdulive,hsnexo,6
kalashnikovmediatv,alenzgamechannel,1
giantwaffle,bleu_forge,3
rdulive,hefestislovehefestislife,13
rdulive,themightypcxz,2
chemicaldragoon,strangelevel,1
rdulive,sinfulgamernz,1
giantwaffle,yorios,3
kalashnikovmediatv,pavlonik,0
rdulive,skeptimistccg,1
rdulive,apeinsupershape,7
forsen,some_kind_of_cute_chat,2
rdulive,planethunter_hs,1
rdulive,yoinkx13,1
chemicaldragoon,blz_onetap,7
chemicaldragoon,wadeguyj,46
kalashnikovmediatv,alenzgamechannel,2
loltyler1,burnedapplepieismyign,2
chemicaldragoon,lukasss_ttv,13
chemicaldragoon,qpro,7
rdulive,apeinsupershape,9
forsen,motrin_a,3
rdulive,nachopop,1
forsen,opharu,1
rdulive,letalmaster,1
rdulive,impjant,2
rdulive,chieffaceroll,5
loltyler1,hontouni_daisuki,4
forsen,bruce_u,3
rdulive,ryotamaru601,2
forsen,kejsar_otte,1
rdulive,furienn1g,1
rdulive,bluemoonhs,6
giantwaffle,u_wot_m9_i_rekt_you,1
rdulive,weebaygame,11
rdulive,f4ll007,3
rdulive,sinfulgamernz,1
rdulive,enieo,4
rdulive,jupog,4
forsen,feitan_xm,1
rdulive,skeptimistccg,2
forsen,reximus1,4
loltyler1,dr_delusionalphd,5
forsen,drownreflex,1
rdulive,sinfulgamernz,2
rdulive,liusslo,1
forsen,peterluto,1
loltyler1,krogund,1
rdulive,courtsiege,0
rdulive,slayerking666,6
forsen,tricksterirl,2
loltyler1,thewalkingpaco,1
chemicaldragoon,knightmarefart,2
chemicaldragoon,ttl_cashouttv,12
chemicaldragoon,clayzerr,4
rdulive,matthewfoulkes,6
forsen,fabinooo,1
rdulive,arran564,2
loltyler1,emptyhand0,3
rdulive,twt_hs,5
rdulive,twt_hs,5
rdulive,twt_hs,1
rdulive,homardsy,8
loltyler1,pm_me_r34_quinn,1
rdulive,enieo,3
loltyler1,xtermenador,2
rdulive,thechrisjr,1
forsen,slaca,1
rdulive,kookn,8
chemicaldragoon,supremekiller_88,3
forsen,zeokaixa,1
chemicaldragoon,im_inceptiontv,4
chemicaldragoon,clayzerr,8
loltyler1,cant_be_banned_trihard,35
forsen,crit_your_ass,3
forsen,funtionx,1
loltyler1,vineslegends,2
forsen,emre_pasha,2
chemicaldragoon,wishmeluck_04,3
rdulive,yaxoo0,1
chemicaldragoon,adibhosale,5
rdulive,nadeemk92,7
rdulive,hsnexo,29
loltyler1,fallen_mist,2
forsen,pepegodx,1
forsen,deatron,9
rdulive,golemist,4
giantwaffle,chardbot,1
rdulive,beastcro,5
giantwaffle,moobot,14
rdulive,baldeaglexx,4
giantwaffle,fishnet83,9
rdulive,daonlytimmeh,10
kalashnikovmediatv,somebodyknow,0
kalashnikovmediatv,zdarova3222,1
rdulive,wilkuq_,1
bobross,chrisranx,5
rdulive,pierce7d,8
forsen,aqdaq,1
forsen,mang1s,2
loltyler1,crystalo16,1
rdulive,sabocano,25
loltyler1,tanmanrules,2
kalashnikovmediatv,zigzag296,0
rdulive,daonlytimmeh,8
loltyler1,frozoh,1
kalashnikovmediatv,moobot,5
forsen,stiltzkin_63,3
chemicaldragoon,spunkyttv,6
giantwaffle,mrtennuhsee,1
rdulive,fatmomsarescary,1
bobross,xiiidrnpisdakid,3
bobross,drzambie,1
chemicaldragoon,posingtadpole38,4
loltyler1,neppo,8
kalashnikovmediatv,s1mbu,1
chemicaldragoon,adibhosale,16
rdulive,thatsadmirable,2
loltyler1,joeschaefer_,1
forsen,purgatorious,3
kalashnikovmediatv,supasayan187,0
kalashnikovmediatv,moobot,3
chemicaldragoon,luckylooteryt,8
chemicaldragoon,knightmarefart,2
kalashnikovmediatv,windows6,0
loltyler1,poxky,1
rdulive,thatsadmirable,8
loltyler1,derf___,6
chemicaldragoon,bloodtre,4
rdulive,thatsadmirable,2
rdulive,badyacs,4
chemicaldragoon,spectral_taylor,14
rdulive,impjant,1
kalashnikovmediatv,vashcheburek,0
forsen,p1nk_lord,9
chemicaldragoon,psychogreenkilla,5
rdulive,rainman171717,7
rdulive,philter,9
rdulive,enieo,6
rdulive,thatsadmirable,3
giantwaffle,jerti_,1
rdulive,sabocano,8
bobross,thesirmontypython,1
forsen,sillentstriker,1
rdulive,badyacs,2
bobross,w4rnerv,6
chemicaldragoon,adibhosale,16
loltyler1,jesse_kun1,1
rdulive,sabocano,9
rdulive,hsnexo,3
chemicaldragoon,ttl_cashouttv,3
giantwaffle,thebasedhandbot,1
forsen,frosty_cupcake,1
rdulive,kalorienreduziert,9
chemicaldragoon,buleeeee,9
rdulive,sonabrisa,7
forsen,b_e_g_o_n_e_t_h_o_t,1
chemicaldragoon,cp_dwakal,3
giantwaffle,moobot,3
loltyler1,legenairy,1
kalashnikovmediatv,somebodyknow,2
kalashnikovmediatv,zundji,0
chemicaldragoon,zanekyber,9
rdulive,hsnexo,1
forsen,guikuza,1
chemicaldragoon,adibhosale,5
asmongold,mrmadmonkeynl,8
chemicaldragoon,spectral_taylor,14
giantwaffle,tommy3113,4
rdulive,sonabrisa,15
rdulive,pierce7d,2
asmongold,w33d_k1ng_2001,1
giantwaffle,neokruger,7
asmongold,jimasly,4
chemicaldragoon,bloodtre,4
forsen,guikuza,1
kalashnikovmediatv,moobot,4
forsen,rekklessvenom,1
asmongold,zumo14,1
asmongold,toooth,23
rdulive,savagehs_1,7
rdulive,anonymousdalek,7
asmongold,gashacon,25
chemicaldragoon,spectral_taylor,14
rdulive,5exisme,1
forsen,magsi,1
asmongold,hoodie7k,5
rdulive,mordron77,6
kalashnikovmediatv,moobot,4
bobross,perji,4
rdulive,homardsy,5
rdulive,ii_mageta_ii,22
asmongold,xkittenzz,14
rdulive,higgi17,1
loltyler1,abunair6,13
asmongold,miggymcmiggy,20
asmongold,gashacon,1
rdulive,tope7,2
asmongold,brutal_foe,4
kalashnikovmediatv,archieaka,0
asmongold,boomlichguy,3
kalashnikovmediatv,zigzag296,0
loltyler1,belovedad,1
loltyler1,osvaldin_da_ak47,5
loltyler1,maroonmagic3,10
asmongold,seldric,1
forsen,dewin50,12
bobross,awicd,8
forsen,juicemaster13,1
loltyler1,cyberbully_xd,3
bobross,fuzzypickle14,1
asmongold,flow2,4
forsen,kingofviper,1
kalashnikovmediatv,gambler_xx,0
chemicaldragoon,adibhosale,2
loltyler1,ksdiamaid,5
bobross,magus_45,2
forsen,santirack,1
loltyler1,reportable_,5
chemicaldragoon,dustynnnbb02,2
kalashnikovmediatv,vashcheburek,0
chemicaldragoon,stabbin_wagon,15
asmongold,slugerne,1
kalashnikovmediatv,seryoga22810,0
chemicaldragoon,spectral_taylor,14
loltyler1,amaxos,1
chemicaldragoon,psychogreenkilla,2
asmongold,withadon,2
asmongold,v0ffv0ff,1
giantwaffle,amoney_tv,8
forsen,maestrokek,2
asmongold,elyclush,7
chemicaldragoon,team________tdm_,1
chemicaldragoon,mateinozaur,5
kalashnikovmediatv,prncat,0
giantwaffle,icyymike,19
kalashnikovmediatv,nedonebo69,1
chemicaldragoon,baaskaas_595,7
chemicaldragoon,spectral_taylor,14
forsen,tokeei,1
kalashnikovmediatv,raksikorikofilap,0
chemicaldragoon,twitch_henry_j,2
chemicaldragoon,adibhosale,10
loltyler1,quote_if_t1_lost_to_girl,3
loltyler1,velcr0,6
giantwaffle,anikillz,1
giantwaffle,olivieri,3
giantwaffle,glavorezia,2
loltyler1,pogi_bait,3
asmongold,derekthehobo,1
asmongold,monkaskapparino,1
bobross,paulmcpaulesen,2
bobross,kevin14074,1
loltyler1,im_sosorry,2
kalashnikovmediatv,gambler_xx,0
kalashnikovmediatv,enzo_sharp,0
kalashnikovmediatv,ursamario,1
forsen,yadaibich,1
asmongold,desertranger,1
kalashnikovmediatv,nedonebo69,0
kalashnikovmediatv,zundji,0
forsen,bob_le_flambeur,12
kalashnikovmediatv,champagnesquirt228,0
loltyler1,trihard_from_colombia,1
forsen,hytoma,2
forsen,snusbot,3
kalashnikovmediatv,fershampenuaz,0
kalashnikovmediatv,moobot,3
chemicaldragoon,xfreshxpenguiin,6
giantwaffle,pixelkry,13
bobross,kawaii_lolis_ayaya,9
forsen,snusbot,11
forsen,wulden,1
forsen,feelsrageman_reeee,1
chemicaldragoon,baaskaas_595,4
chemicaldragoon,baaskaas_595,4
forsen,whatthefuk,1
chemicaldragoon,gavin_739,3
asmongold,oldmanskells,1
chemicaldragoon,baaskaas_595,6
chemicaldragoon,mambospain,8
chemicaldragoon,gavin_739,4
kalashnikovmediatv,ursamario,1
kalashnikovmediatv,prncat,1
forsen,uol_is_gooder_than_tsm,6
kalashnikovmediatv,grimitsu,3
giantwaffle,icys,2
forsen,alvarulo,1
forsen,yobatf2,16
chemicaldragoon,zssalty,15
kalashnikovmediatv,prncat,1
forsen,giexa,1
kalashnikovmediatv,kotlars,1
asmongold,fatherlessson,8
giantwaffle,lseraph,1
kalashnikovmediatv,prncat,1
chemicaldragoon,mateinozaur,6
asmongold,falky23,11
chemicaldragoon,posingtadpole38,15
asmongold,derekthehobo,1
asmongold,lazyduderino,2
chemicaldragoon,fazeravine,4
chemicaldragoon,tengo16,1
giantwaffle,desheepy,3
giantwaffle,mayonnaise,2
forsen,darkshyneexc,1
chemicaldragoon,fazeravine,2
bobross,bonesawisready02,6
loltyler1,coolchildren,1
asmongold,veskr0,4
asmongold,greyface127,2
loltyler1,dorqgaming,3
loltyler1,pr_manager_meddler,2
chemicaldragoon,spectral_taylor,14
loltyler1,dorqgaming,1
asmongold,doctoroddynuff,12
kalashnikovmediatv,muxomor228,0
chemicaldragoon,twhip2,7
chemicaldragoon,gabricoci,11
chemicaldragoon,adibhosale,10
chemicaldragoon,baaskaas_595,2
asmongold,minecraftprosze,1
asmongold,slugerne,1
loltyler1,phyrhical,5
giantwaffle,doub13d33s,7
loltyler1,owocaado,6
chemicaldragoon,psychogreenkilla,2
giantwaffle,chasen2810,8
loltyler1,cleanfire,1
asmongold,evozz__,12
chemicaldragoon,tengo16,5
asmongold,atlantikus,2
asmongold,rafael140103,2
kalashnikovmediatv,windows6,1
forsen,balthazar6969,6
kalashnikovmediatv,enenro,1
chemicaldragoon,knightmarefart,4
bobross,mxnblackwidow,2
bobross,kevin14074,4
forsen,x_pepega_x,1
forsen,vitaprima,1
forsen,mihai420,1
kalashnikovmediatv,moobot,3
chemicaldragoon,kadenl07,5
chemicaldragoon,mateinozaur,6
asmongold,hazardprime,0
chemicaldragoon,posingtadpole38,5
bobross,miisuliisu,4
chemicaldragoon,frozenzombi,19
giantwaffle,runjokerrun,7
asmongold,grouna,5
loltyler1,saaaaab,4
forsen,kylgu,3
asmongold,thrailis,1
loltyler1,pokelingg,2
forsen,mustiraikkonen,1
loltyler1,veiklok,1
asmongold,nomainer,0
kalashnikovmediatv,grimitsu,1
kalashnikovmediatv,enzo_sharp,0
forsen,duxtheone,1
chemicaldragoon,dtw_davo,31
chemicaldragoon,lukasss_ttv,10
chemicaldragoon,tengo16,9
chemicaldragoon,lukasss_ttv,10
asmongold,quote_me_if_d0c_cheats,1
asmongold,dakarri,1
chemicaldragoon,mateinozaur,6
asmongold,m3rcyes,0
kalashnikovmediatv,kukoldboy,1
kalashnikovmediatv,grimitsu,1
chemicaldragoon,mateinozaur,18
asmongold,zeralf111,4
asmongold,nexecutioner,10
kalashnikovmediatv,pomogy_so_stavkami,0
loltyler1,lordmeow,2
chemicaldragoon,mateinozaur,12
asmongold,crizek128,1
bobross,makaroni____,3
asmongold,molotov_11,1
chemicaldragoon,iastroxi,2
forsen,snusbot,11
forsen,aydrod,1
asmongold,rottegamersrobin,11
forsen,ajank0,1
chemicaldragoon,natelane3698,4
asmongold,hydrolift77,3
chemicaldragoon,lxsolarflarexl,10
kalashnikovmediatv,atsterk,0
asmongold,rayquaza1090,16
kalashnikovmediatv,shpilivou,0
asmongold,y5or,1
asmongold,toooth,2
kalashnikovmediatv,fershampenuaz,4
chemicaldragoon,1blur,2
chemicaldragoon,adibhosale,10
asmongold,kojack13,5
kalashnikovmediatv,xxtimxx,0
loltyler1,glazedmew,6
asmongold,miltiades___,31
asmongold,xehanort1986,3
loltyler1,lordmeow,4
asmongold,aaron5309,0
chemicaldragoon,dtw_davo,38
asmongold,omgacow,3
kalashnikovmediatv,enenro,1
bobross,jkneisley,2
chemicaldragoon,xfreshxpenguiin,5
asmongold,archii_,1
asmongold,zzkuji,8
kalashnikovmediatv,enenro,1
asmongold,whirlwindofsteel,1
asmongold,theshadock,0
kalashnikovmediatv,m1xer74,0
kalashnikovmediatv,prncat,1
asmongold,stellarbboi,1
kalashnikovmediatv,nop1ng77,0
forsen,gummybearrz,1
bobross,cwjt,5
chemicaldragoon,posingtadpole38,7
kalashnikovmediatv,ninjamickey,0
kalashnikovmediatv,m1xer74,0
asmongold,y5or,1
loltyler1,fjkgb,2
loltyler1,bageladdict,1
asmongold,anderpstoostronk,2
loltyler1,soulreaper585,2
loltyler1,zjuve,4
asmongold,pillarsofserpents,1
forsen,dimensjon,1
forsen,lalichi,1
kalashnikovmediatv,virmarabgg,0
chemicaldragoon,crunchybearz,26
kalashnikovmediatv,moobot,4
kalashnikovmediatv,nop1ng77,0
kalashnikovmediatv,nop1ng77,0
giantwaffle,master_diesel,2
asmongold,tnn_for_life,1
chemicaldragoon,adibhosale,24
asmongold,blazky16,1
loltyler1,khanlz3,3
chemicaldragoon,posingtadpole38,7
kalashnikovmediatv,pudowner,0
forsen,rosapo33,1
loltyler1,learning2read,5
forsen,nivelhein,3
asmongold,airsnick,3
loltyler1,juiokl2,1
kalashnikovmediatv,fotcolcik,0
asmongold,stellarbboi,11
forsen,serraphix,3
kalashnikovmediatv,wondex1337,1
asmongold,official_icyy,1
asmongold,axon_griegor,3
asmongold,lonelyhero,1
asmongold,tirrinwow,1
kalashnikovmediatv,boni_balboni95,0
asmongold,gctorcv,2
kalashnikovmediatv,goliaf2108,1
forsen,marigore,1
kalashnikovmediatv,l1gh3ning,1
asmongold,stellarbboi,1
giantwaffle,moobot,14
kalashnikovmediatv,moobot,4
giantwaffle,blubi90,4
asmongold,mr_spiflicate,2
kalashnikovmediatv,racco0n_tv,1
kalashnikovmediatv,russiannongrat,0
loltyler1,d3nisthemenace,12
kalashnikovmediatv,wondex1337,1
asmongold,unsleeping_,1
kalashnikovmediatv,moonlight650,0
kalashnikovmediatv,prncat,0
bobross,oogyboogyman3,1
asmongold,zirikki,1
asmongold,oamerec,3
chemicaldragoon,kadenl07,1
asmongold,blueberrycrepe,1
asmongold,bumbeye,1
asmongold,redravyn,5
kalashnikovmediatv,sonakx,0
giantwaffle,aqua_crafter,1
kalashnikovmediatv,sonakx,0
forsen,rash1233,1
bobross,thisisaaron10,6
asmongold,adlarn_,2
forsen,ezspeezy,12
kalashnikovmediatv,cheatbannedepta,0
giantwaffle,j0nty7,7
bobross,clavyy_,5
forsen,ezspeezy,12
kalashnikovmediatv,cheatbannedepta,3
loltyler1,mrbilbo_baggins,5
asmongold,a_bluebird,2
kalashnikovmediatv,k_i_n_s_a_l,0
asmongold,joragma,1
asmongold,offscreenoda,4
forsen,gingerpopper1,2
kalashnikovmediatv,kozolupov,0
kalashnikovmediatv,lereinxd,0
asmongold,seebass10,1
kalashnikovmediatv,nop1ng77,0
kalashnikovmediatv,kukoldboy,2
loltyler1,pepsibbb,1
asmongold,sperg_,2
asmongold,killerkeir,1
asmongold,curse_eminc,7
kalashnikovmediatv,fluffyhrrr,1
asmongold,newsocks1,11
bobross,curson,10
forsen,maccray_nr,1
loltyler1,rdss_shadow,1
kalashnikovmediatv,cheatbannedepta,3
asmongold,chris4862,1
asmongold,sl3a6999,2
forsen,yerd_,1
chemicaldragoon,crunchybearz,26
bobross,fxr_tv,4
bobross,ancient_potatoe,2
giantwaffle,ntguilty25,0
kalashnikovmediatv,vinypyk23,0
giantwaffle,duelrl,2
kalashnikovmediatv,dyadarin,0
loltyler1,dewku,2
kalashnikovmediatv,kozolupov,0
loltyler1,dalytyler,1
asmongold,kushman24,6
kalashnikovmediatv,vinypyk23,1
asmongold,fatzyk,1
loltyler1,megathegiova,1
forsen,smeermaster,1
chemicaldragoon,asianjeff,21
loltyler1,dewku,2
kalashnikovmediatv,prncat,1
kalashnikovmediatv,moobot,3
kalashnikovmediatv,kotlars,1
kalashnikovmediatv,wondex1337,3
kalashnikovmediatv,kukoldboy,0
kalashnikovmediatv,elkey1337,3
kalashnikovmediatv,coursese,0
kalashnikovmediatv,shikardos777,0
loltyler1,forceful15,3
loltyler1,bbullett2,5
kalashnikovmediatv,kozolupov,0
chemicaldragoon,crasian0414,13
kalashnikovmediatv,ruselq,0
forsen,xythur,10
chemicaldragoon,mateinozaur,6
forsen,cateman,1
kalashnikovmediatv,moobot,5
forsen,osurce,0
loltyler1,pogi_bait,1
forsen,snusbot,12
asmongold,nexic_,3
asmongold,assertonsin,7
asmongold,markantoniu,2
asmongold,fortnuttyxd,1
asmongold,forearmflag,1
asmongold,curse_eminc,1
kalashnikovmediatv,moobot,3
chemicaldragoon,g3n3sis93,13
chemicaldragoon,xfreshxpenguiin,5
forsen,jul_de,2
forsen,banished_degenerate,13
asmongold,bjordy,1
asmongold,bananaahammock,18
loltyler1,h011ywood,3
asmongold,lurzik,1
bobross,thejrab,14
asmongold,hufy0,1
asmongold,velrath71,1
forsen,steakranx,1
chemicaldragoon,frozenzombi,19
giantwaffle,moobot,14
giantwaffle,richardd_,1
giantwaffle,anzi_pixiv,2
loltyler1,megatronnnnnnnn,7
xqcow,voidses,3
bobross,freerephil,3
xqcow,krypt_ow,4
loltyler1,cutie_eboy,1
asmongold,daniedanieldanie,1
loltyler1,pogger11,2
xqcow,sandwichow,54
asmongold,itsdiamondwolf,1
asmongold,bleedzypyah,2
loltyler1,arcaneworld,0
asmongold,fuzzy_bandito,3
bobross,thejrab,2
forsen,iamdeluxe_,5
loltyler1,pawnscrusher,1
loltyler1,bcbeane,1
asmongold,dardrayx,4
asmongold,daetomiks,18
asmongold,toxaine,1
xqcow,fossabot,5
loltyler1,floodgates20,2
xqcow,nokta_f7,2
asmongold,asuna_qt,3
asmongold,oogwayz,4
xqcow,bluetrainer,30
kalashnikovmediatv,tim_ply,2
loltyler1,julioset,0
bobross,supersanki,5
loltyler1,tanmanrules,1
bobross,moonfall1991,6
kalashnikovmediatv,nop1ng77,4
xqcow,veliooon,44
xqcow,lulecksdeeclap,16
loltyler1,ghostnoon,1
asmongold,dotctori,3
forsen,v_fenix,2
loltyler1,jasonbrownle,1
loltyler1,dtan415,6
bobross,semisthebest,5
kalashnikovmediatv,omgjesu,0
forsen,marigore,6
forsen,noando,1
xqcow,crazyboneman,3
forsen,13dayban,4
asmongold,gast91,0
asmongold,hxcpwnography,1
asmongold,staralien,0
loltyler1,eu_why_so_quiet_lul,7
xqcow,snoopfox,41
forsen,chompzkyhonk,1
asmongold,ramonecastro,1
forsen,januslul,10
kalashnikovmediatv,roberyfan,0
loltyler1,glekkk,1
xqcow,flopix1337,18
bobross,loderunners73,2
kalashnikovmediatv,nop1ng77,0
loltyler1,darkfusion123,1
forsen,lawlessviking,1
asmongold,eldrah,2
asmongold,backinthegym93,1
xqcow,criptaike,1
asmongold,xcsive_,5
loltyler1,glazedmew,1
asmongold,freelanzer,1
kalashnikovmediatv,moobot,5
asmongold,rafael140103,1
bobross,belarusian_bio,4
giantwaffle,nat1um,1
asmongold,blazzerx,8
kalashnikovmediatv,snikerstwik,0
loltyler1,horganism,1
forsen,ownstylerx,2
loltyler1,zspnr,7
kalashnikovmediatv,nop1ng77,4
forsen,tetyys,1
asmongold,zilluxx,2
kalashnikovmediatv,typical_ru,0
giantwaffle,zachg_,3
asmongold,saitamasdr,1
xqcow,mla__format,1
forsen,d4mz021,12
xqcow,crayzbeats,1
asmongold,detare,1
loltyler1,mochasprinkles,1
asmongold,supabeee,1
giantwaffle,jayjayjay,5
xqcow,soapapra,2
asmongold,joagames,1
forsen,that_solid_dude,4
bobross,ea117,7
forsen,cohoyn,8
asmongold,nemes1_s,4
asmongold,omgacow,1
asmongold,gallamanji,6
kalashnikovmediatv,denkawiw,0
kalashnikovmediatv,denkawiw,0
kalashnikovmediatv,sratcher_,1
loltyler1,soggygrap3fruit,1
asmongold,lantsovwalz,1
xqcow,pinkputin,2
asmongold,joostascroob,1
kalashnikovmediatv,sonakx,0
asmongold,tkute,1
kalashnikovmediatv,legioner_15,0
loltyler1,thatsnice434,1
kalashnikovmediatv,zalupa2345,0
loltyler1,hyves_rs,2
asmongold,pitiplace,1
forsen,phizzixgaming,1
kalashnikovmediatv,melty229,0
sodapoppin,carlosmg88,2
loltyler1,hantasb,1
asmongold,kusq3n,1
xqcow,comitatvs,14
sodapoppin,finger00,1
kalashnikovmediatv,moobot,3
xqcow,alexmd_ow,1
asmongold,omgacow,1
xqcow,friendlyknife,1
loltyler1,racerrex209,1
forsen,thehouse_of_hang,1
kalashnikovmediatv,l1gh3ning,0
kalashnikovmediatv,omgjesu,0
asmongold,jacksman1,1
sodapoppin,becko10,1
asmongold,dolanthegreat66,1
asmongold,valledotcom,1
forsen,thattwitchygamer,4
sodapoppin,alice_mayami,5
xqcow,thesprayer31,1
forsen,jannelou,8
kalashnikovmediatv,moobot,4
asmongold,metalgorilla27,3
kalashnikovmediatv,kukoldboy,0
kalashnikovmediatv,poeheroy,0
sodapoppin,itsjer,2
sodapoppin,yuyuyuna_,4
asmongold,jadafacer,0
sodapoppin,yuyuyuna_,2
xqcow,reflexbeast,26
loltyler1,requiemas,1
kalashnikovmediatv,cassel_de,0
kalashnikovmediatv,sam_sai,0
kalashnikovmediatv,limeted2boy,2
loltyler1,rubbabubba123,0
xqcow,hyper_mk,6
loltyler1,belovedad,4
xqcow,edve,2
sodapoppin,st27,1
loltyler1,firas8844,9
xqcow,koozinator,1
asmongold,sarmagedon,8
bobross,hamstarred,1
asmongold,dolanthegreat66,1
kalashnikovmediatv,nop1ng77,0
xqcow,exclamemes,1
loltyler1,lacazrie,1
asmongold,glossyeyes1,1
sodapoppin,zombiknight,29
kalashnikovmediatv,moscow555,0
xqcow,jeiplague,2
loltyler1,flamerinoq,4
asmongold,kush_wizard_bob,11
kalashnikovmediatv,tim_ply,1
xqcow,zorm05,24
loltyler1,iq195,1
asmongold,marijuana_grande,3
xqcow,4watt,1
sodapoppin,sirsaibot,4
asmongold,brosbit,1
sodapoppin,tomohms,10
loltyler1,megatronnnnnnnn,4
bobross,jaymzdestroy,17
asmongold,grandmaster_guru,4
asmongold,gungalunga,2
xqcow,fastytood,3
loltyler1,bebrylune,1
sodapoppin,celwind,8
xqcow,we_g0_agane,1
xqcow,kronazen,1
loltyler1,youranxxiety,4
xqcow,wide_hard_7,2
xqcow,jchoi5510,2
asmongold,diizetv,1
sodapoppin,3lslive,6
loltyler1,mariyosfilth,4
sodapoppin,sp00n19,1
xqcow,jayjaystar90,2
loltyler1,xshadoww_s,4
loltyler1,crus8dr,12
sodapoppin,jbirdlol,1
sodapoppin,linkxrust,3
sodapoppin,gpb25,1
loltyler1,massaro18,1
giantwaffle,the_kineese,5
asmongold,omgacow,1
sodapoppin,folnait1,7
sodapoppin,praisecrow,1
sodapoppin,adem1379,3
xqcow,korrectionz,3
giantwaffle,gyraff,1
sodapoppin,norrik,1
asmongold,mythtech_wow,2
sodapoppin,seaquake1,1
xqcow,hunterwolf_rk,1
loltyler1,ghisteslohm,5
asmongold,nightfury_treann,1
asmongold,samustus123,5
asmongold,skypetestcall,1
xqcow,merinuza,1
asmongold,chamica7,1
asmongold,jasonmunday,1
asmongold,myselfz,3
sodapoppin,woodythehobo,1
giantwaffle,thegoldenkappakappa,3
loltyler1,aeonid,3
sodapoppin,yuyuyuna_,1
sodapoppin,lemonzadeh,1
bobross,minifedora,1
asmongold,noctis114,6
bobross,moobot,4
bobross,drewseize,4
sodapoppin,n1ckmares,2
sodapoppin,aiz0r,10
loltyler1,redxd_,1
asmongold,lainstate,3
asmongold,mosreib,1
asmongold,jamaldindu,1
sodapoppin,dkownage16,3
kalashnikovmediatv,s_happy_,0
xqcow,leeroykapooyah,1
sodapoppin,florib7,2
asmongold,jadafacer,4
sodapoppin,keons,1
asmongold,belialunbound,2
asmongold,unshavedregions,1
asmongold,junglist_soldier,5
asmongold,glossyeyes1,5
asmongold,leboogg,2
xqcow,muuskaat,1
asmongold,toasteddonutz,4
asmongold,codex677,2
asmongold,strawberrymento,2
kalashnikovmediatv,limeted2boy,0
asmongold,killerkeir,2
asmongold,platinum_egoiste,1
asmongold,mysticskyi,7
xqcow,thewilzzu,52
asmongold,hallowjin,2
asmongold,darkone66,2
asmongold,vinceparadizer,1
xqcow,iosfilsajef,15
asmongold,greeeaaaag,2
bobross,mrjavajoe,11
loltyler1,twedledee,7
asmongold,nefrina,5
xqcow,lil_eevi,1
kalashnikovmediatv,moobot,5
sodapoppin,ejaculating_volcano,3
asmongold,ronox,2
asmongold,monoclemd,4
xqcow,garrf,4
xqcow,smashalpha,1
asmongold,trompok13,1
asmongold,nrodd,1
sodapoppin,wiztaylorxd,1
kalashnikovmediatv,sam_sai,0
xqcow,robthatbooty,24
bobross,lucas4321234,2
loltyler1,donielgg,3
kalashnikovmediatv,cassel_de,2
sodapoppin,xdanyplay,1
bobross,arc_hi_tek,2
chemicaldragoon,bloodtre,22
asmongold,luiti2,1
asmongold,gctorcv,1
xqcow,cryptohash93,2
giantwaffle,fyrestorm24,1
xqcow,koozinator,9
kalashnikovmediatv,cassel_de,0
asmongold,hollow_day,1
bobross,thatdudepaul,1
chemicaldragoon,flavouredblazed,24
giantwaffle,crblue_,19
xqcow,criptaike,7
asmongold,redhotspot,1
loltyler1,dlugi2,2
asmongold,ringelschwanz1900,1
asmongold,kingbreh,2
loltyler1,lightofmylife1,2
sodapoppin,caiuxa190,4
sodapoppin,sulteren,2
sodapoppin,siryjak,1
asmongold,tuninator,1
asmongold,hollow_day,1
asmongold,flashgit1337,1
asmongold,grilledcheesee1,1
kalashnikovmediatv,moobot,4
asmongold,reiter08,8
asmongold,speedstorm,3
chemicaldragoon,v1russ_s71ng,4
asmongold,gashacon,4
asmongold,thragorthedotmaster,1
asmongold,martezoo,1
loltyler1,bluemeth_21,2
xqcow,s3rina,15
asmongold,savitar1_,1
loltyler1,captaindannu,1
asmongold,mhanameanslove,4
giantwaffle,royalkingsman,1
kalashnikovmediatv,hotice2014,0
asmongold,linerboi,5
sodapoppin,thatcoin,1
asmongold,meerita,5
asmongold,russianbeerver,1
asmongold,thedeathbinder,2
loltyler1,deniz98k,3
asmongold,ohhaiii,7
giantwaffle,528am,3
asmongold,exxii88,1
asmongold,slikey94,1
asmongold,telaaria,1
asmongold,maerawn,2
kalashnikovmediatv,enenro,1
xqcow,trihardiusthe2nd,1
xqcow,xwafflezftwx,1
asmongold,nixi93,8
asmongold,makopusher,0
asmongold,dany5733,2
loltyler1,kfc_managers_presldent,1
xqcow,xhongi_,2
kalashnikovmediatv,boni_balboni95,0
asmongold,xalatathismyknaifu,2
kalashnikovmediatv,nop1ng77,0
asmongold,kush_wizard_bob,3
kalashnikovmediatv,nijo6479aleksandroom,0
xqcow,fossabot,5
loltyler1,pogi_bait,1
xqcow,glveme1second,1
asmongold,lilkhalifa312,18
asmongold,meerita,2
kalashnikovmediatv,nijo6479aleksandroom,0
kalashnikovmediatv,elkey1337,0
asmongold,chrisdank,2
kalashnikovmediatv,yer1,1
xqcow,zz1m,42
sodapoppin,giovsd,2
asmongold,plandle,1
loltyler1,i0lbpancake,1
sodapoppin,energy_kyouka,2
asmongold,oreojar,6
asmongold,nightlyfe90,6
asmongold,drtydeeds,1
asmongold,kakurius,2
xqcow,cosmickeana,1
asmongold,krell88,1
asmongold,nefrina,2
xqcow,sebastian_fors,53
asmongold,glassen16,3
xqcow,willl_exe,40
asmongold,jevindmik,1
loltyler1,ezecktor,4
kalashnikovmediatv,elkey1337,0
asmongold,dilansds,1
sodapoppin,davcev,1
giantwaffle,physidrink,1
kalashnikovmediatv,cassel_de,0
xqcow,famuzie,24
asmongold,pooglemcbots,1
asmongold,frajaq,1
asmongold,attfighter,2
asmongold,ps_76,1
bobross,duscu,2
asmongold,psychxtictv,1
xqcow,smashalpha,51
xqcow,iamhussien,1
sodapoppin,narat,2
sodapoppin,jopskydopsky,1
sodapoppin,kitterik,2
sodapoppin,festtorbr,1
sodapoppin,kitterik,4
xqcow,guifrancoi,2
loltyler1,po_doge,1
asmongold,arcae,1
asmongold,danksly,8
asmongold,poppedoff,3
asmongold,itsallgoochie,4
xqcow,behindyou100,3
asmongold,tw_kyo,1
sodapoppin,pitu____,1
asmongold,626daze,2
asmongold,wrathofadams,4
asmongold,cinx787,5
asmongold,whisdra,3
asmongold,kufdon,1
asmongold,sourt,1
asmongold,xyankeeboyx,4
asmongold,toughteddy,14
xqcow,dj_daddy_p,0
xqcow,borstann,0
sodapoppin,spyrofoam,6
asmongold,ironcam_,1
asmongold,billymyson1234567,1
asmongold,barneypo,3
loltyler1,piraveen1998,1
loltyler1,gersinho2018,1
asmongold,katariatv,4
asmongold,kinetikthemage,4
giantwaffle,kometsans,4
loltyler1,kprincess,1
asmongold,nikodeemuz,1
asmongold,itcr_,1
asmongold,second_sovereign,1
asmongold,weeenerface,2
asmongold,royalden,1
xqcow,inkbloo,1
loltyler1,lacazrie,1
loltyler1,blazin_9,2
xqcow,clambrewery,1
sodapoppin,mansamusav,3
loltyler1,isongohani,1
asmongold,zoroxcoff,2
bobross,lazyslorh,1
asmongold,wishmaker50,1
asmongold,y8gameplayer123,1
bobross,kingpasha23,0
loltyler1,vektx,1
asmongold,razor_blazor,3
bobross,babylon_paladin,1
loltyler1,dylan_fernandez,1
asmongold,orkenwolf,1
bobross,drewseize,4
loltyler1,zack_zacky,3
loltyler1,princeofwakandaa,1
asmongold,deyllo,1
asmongold,burgesafado,3
bobross,jh0ker,10
loltyler1,mlady,1
loltyler1,0gmudb0n3r,1
bobross,drumzrtight,2
xqcow,ruokasuola,63
loltyler1,diplomate29,3
xqcow,out_fishin,65
giantwaffle,dutrockbridge,4
bobross,duscu,1
xqcow,thewilzzu,6
xqcow,kimoooooooo,3
giantwaffle,karim_salem,2
asmongold,nizidramaniiyt,6
xqcow,luken0,1
xqcow,kwlotrupida,1
loltyler1,labhak,2
asmongold,banadona,15
sodapoppin,liiamra,1
sodapoppin,skittlecolors,1
giantwaffle,mst3karlo,4
asmongold,siriusbaltasar,1
giantwaffle,xizor01,4
bobross,videodude30,3
loltyler1,vwvwvwvwvwvwvw,0
loltyler1,stmcs,2
asmongold,renstjhuu,10
asmongold,8bit_momo,0
xqcow,georgethenymph,20
asmongold,bozzikk,6
bobross,shark3yinc,5
xqcow,prometheanow,60
loltyler1,hellcat12321,18
sodapoppin,feelsgoodmydude,1
sodapoppin,kredepp,1
sodapoppin,sinreglas,2
loltyler1,xenonamous,2
sodapoppin,redlobsterino,18
sodapoppin,ironicme,4
sodapoppin,biiroman,3
bobross,biiiscuit,1
asmongold,bon_hiver,1
asmongold,zicadaobayle,1
xqcow,anothercull,16
bobross,mrjavajoe,13
asmongold,sam92,11
xqcow,zscout72,40
sodapoppin,untouchable1111,2
asmongold,shenkked,3
giantwaffle,thegoldenkappakappa,1
xqcow,paprikarow,1
asmongold,pokepanda14,1
sodapoppin,robinplz,2
sodapoppin,tamale0,1
asmongold,warothwar,12
asmongold,dingodoggerdude,1
asmongold,theshadock,1
asmongold,nachocheesenl,0
sodapoppin,xdanyplay,1
giantwaffle,teezy_ez,0
sodapoppin,keplersterra,1
bobross,onorekian,6
loltyler1,dundun69,3
bobross,konov23,3
asmongold,thehistorypro,1
bobross,luckynumberpi,12
loltyler1,hersheyskick,1
asmongold,hookerass,1
giantwaffle,turbologic,4
asmongold,beavisblack,1
loltyler1,tbs_orbit,1
asmongold,helppluk000,1
loltyler1,smarinator,1
sodapoppin,sp00n19,1
sodapoppin,blitzenbop,1
asmongold,foreskin_wizard,1
bobross,luckynumberpi,6
asmongold,johnnyboysilver92,6
asmongold,soulbld,1
asmongold,daaash,1
asmongold,jasssonpet,4
asmongold,rafael140103,0
asmongold,oldgregg42069,0
bobross,seama,9
asmongold,assertonsin,2
sodapoppin,sloppy_mc_floppy,1
loltyler1,nafalan,3
loltyler1,pawngrabber12,2
asmongold,salsafrog,4
asmongold,thunderingroar,1
asmongold,copc4ke,1
xqcow,sapodillaa,1
sodapoppin,ilovekfcndkoolaid,4
asmongold,djyynrs,1
sodapoppin,jakeismadbczheistrash,1
asmongold,2timers,2
sodapoppin,herrasankku,3
loltyler1,mystikis,4
asmongold,liljonjeremy,1
giantwaffle,whtrabt85,1
sodapoppin,estilahd,2
asmongold,dwarfdude4,0
loltyler1,talo7,1
xqcow,toy2ify,1
sodapoppin,zolcix,1
xqcow,out_fishin,42
sodapoppin,bancouver,1
xqcow,codyjincka,1
sodapoppin,3lslive,5
sodapoppin,fr0zenarrow,1
asmongold,dirge146,1
asmongold,carnivore1986,1
asmongold,fortune_tech,1
asmongold,travexx,1
sodapoppin,champygnakxx,1
asmongold,wrathofadams,4
loltyler1,andlen,2
loltyler1,fizzkhalifa_420,6
sodapoppin,funkykimble,1
sodapoppin,theixion,1
asmongold,acceleratorlich,1
loltyler1,mr_mcgecko,1
sodapoppin,xsmcxtomi,1
asmongold,thedeadowl010,1
asmongold,thinking1202,2
asmongold,vestige,6
asmongold,peppers777,1
asmongold,lysergiccat,1
asmongold,rogansmash,1
chemicaldragoon,flavouredblazed,2
asmongold,cinderli,1
asmongold,khalioka,3
bobross,alutater,3
asmongold,fntohru,2
sodapoppin,jornade,0
asmongold,salsafrog,1
asmongold,thejerryash,6
asmongold,rkelleh,6
asmongold,beefgoesmoo,2
asmongold,rishro29,5
asmongold,ytho9,2
asmongold,rhydik,0
xqcow,dusty_4,54
loltyler1,rakkored,0
asmongold,wtfalobster,1
xqcow,pokkan,1
xqcow,ferdieee,29
asmongold,rubellitewow,1
asmongold,hexmos,1
asmongold,drdilbong,0
sodapoppin,cheese_is_yum,1
loltyler1,tanmanrules,2
loltyler1,mr_fish45,2
asmongold,saronath,4
asmongold,tanevtan,1
bobross,mastasithx,2
loltyler1,trihard_under_hamlinz_bed,4
asmongold,daxtez,2
giantwaffle,jaydepps00,1
chemicaldragoon,cheungd,3
sodapoppin,cropzo,3
asmongold,trompok13,5
xqcow,nolegsmcgufry,3
sodapoppin,xflaamez,1
xqcow,serbz__,3
asmongold,hagmindy,24
chemicaldragoon,twitch_dark_fire,11
chemicaldragoon,flavouredblazed,2
bobross,reusking11,1
chemicaldragoon,twitch_dark_fire,11
asmongold,morphinemagic,2
asmongold,zonothene_v1200,2
asmongold,andrewjmaxx,1
bobross,sniperlyte,5
asmongold,ssjphantom,2
sodapoppin,cvenk21,1
asmongold,akarneveth,1
chemicaldragoon,asianjeff,12
loltyler1,rakkored,1
loltyler1,bender_roxx,1
loltyler1,danice793,3
sodapoppin,gweekgodxxxxxl,3
chemicaldragoon,cheungd,4
xqcow,idiocracy_2ex,3
asmongold,cuukie,1
asmongold,jykztv,0
loltyler1,seexualtreebark,1
asmongold,omgacow,2
loltyler1,gabesama,1
asmongold,dulabrex,3
sodapoppin,hemmozhu,1
asmongold,glock1280,8
asmongold,ratskyz,1
bobross,stefanslaps,1
asmongold,xarkuz,6
asmongold,starcuu,0
asmongold,quadzzs,4
loltyler1,t1_banned_me,2
bobross,nasaan,2
asmongold,big_sekksy,1
sodapoppin,fishua02,1
sodapoppin,rslicker123,2
chemicaldragoon,schnozzola,13
sodapoppin,xflaamez,2
chemicaldragoon,twitch_dark_fire,11
chemicaldragoon,schnozzola,13
chemicaldragoon,asianjeff,12
giantwaffle,tpman24,1
xqcow,sw1mkiller,1
giantwaffle,a_lunatic,1
xqcow,naxxoj,1
sodapoppin,endless_anguish,2
xqcow,hashyobrowns,1
sodapoppin,woods2323,4
sodapoppin,the_monkas_grill,1
giantwaffle,mechoriet,6
sodapoppin,nomainer,2
loltyler1,foxinferno7,1
giantwaffle,judicatorjake,1
xqcow,mtd0017,1
sodapoppin,gin_and_tonic,2
bobross,seama,14
chemicaldragoon,dustynnnbb02,20
sodapoppin,ferdieee,1
sodapoppin,nyaaa,4
loltyler1,classiesthobo,3
bobross,yautjaridley,9
bobross,descadeirado,1
xqcow,e115,1
loltyler1,nightbot,18
xqcow,criptaike,1
chemicaldragoon,cheungd,2
giantwaffle,jatii,1
sodapoppin,henrik_dk,14
chemicaldragoon,lunaticjoke,5
giantwaffle,caesar__dober_man,1
giantwaffle,blackoutxdd,2
sodapoppin,o0mpa,4
xqcow,pixelgeckko,1
sodapoppin,hoomuns,1
chemicaldragoon,twhip2,6
sodapoppin,treyhax,4
loltyler1,99richness,1
chemicaldragoon,purplebelt0,25
sodapoppin,overlyaggressive,1
sodapoppin,rareformsp,5
chemicaldragoon,galaxyxd9,14
bobross,sniperlyte,2
chemicaldragoon,purplebelt0,25
sodapoppin,racsett,4
sodapoppin,sorea_,1
bobross,sniperlyte,1
chemicaldragoon,lunaticjoke,11
sodapoppin,sdfsdf3434,2
xqcow,jozlin,1
loltyler1,daasqu,3
loltyler1,cmonbruh_enabler_trihard,1
sodapoppin,thewillygtv,2
xqcow,exxodus,1
loltyler1,pzychxzis,2
sodapoppin,vulpeshd,3
chemicaldragoon,nightbot,10
chemicaldragoon,cheungd,2
xqcow,skydogg5555,2
bobross,merkelote,2
bobross,merkelote,3
sodapoppin,garambi,1
loltyler1,illusion_of_skill,1
chemicaldragoon,asianjeff,12
chemicaldragoon,sharpsboyz,6
xqcow,rave_ow,1
loltyler1,dongernl,2
sodapoppin,xx_mlgdog_xx,1
loltyler1,ripskill919,0
bobross,metalrelic,13
bobross,trillstirner,5
xqcow,dekoze,3
loltyler1,tanmanrules,5
xqcow,morgantan03,1
xqcow,singapurr,1
giantwaffle,moobot,14
giantwaffle,metalbba,19
sodapoppin,itakeyourstuff,1
loltyler1,lkhast,2
bobross,dankpanda_r6,8
bobross,nvr_bak_down32,3
sodapoppin,klexo,1
sodapoppin,muhxdude,2
loltyler1,nightbot,12
loltyler1,maxblax1,2
sodapoppin,dotabrodies,1
bobross,briscto,1
sodapoppin,sofreakin,2
sodapoppin,vulpeshd,1
bobross,dankpanda_r6,1
xqcow,mtyrevenant,1
sodapoppin,humbledick,3
giantwaffle,bugada0,6
bobross,gargamel____,2
loltyler1,shad0wed,1
sodapoppin,damnednoob,3
bobross,thealmightymanatee,1
giantwaffle,miihoo,13
bobross,gibbsthedon,3
bobross,nikhoy,1
xqcow,saltless_,1
sodapoppin,chaos_infern0,1
sodapoppin,phoenixjaypi,2
sodapoppin,setseol,1
loltyler1,klei20,1
giantwaffle,m4ckl,5
xqcow,madeyouwin,1
xqcow,grqmpy,0
loltyler1,t1_banned_me,2
sodapoppin,bigpapy7119,1
loltyler1,applechoi,7
sodapoppin,slappygg,1
sodapoppin,idisasterous,1
chemicaldragoon,cheungd,2
chemicaldragoon,twhip2,12
chemicaldragoon,sharpsboyz,5
sodapoppin,kazuma126,2
sodapoppin,pyromancer,1
sodapoppin,bull_run284,1
sodapoppin,xtrasneaky,1
giantwaffle,soldicate,10
loltyler1,foxdynasty,1
sodapoppin,forsenfeelsweirdman,1
giantwaffle,krownax,1
sodapoppin,triggeredweeaboo,1
loltyler1,karlton,12
giantwaffle,pinktigerwithc4,2
sodapoppin,daandy_d,2
xqcow,zostradamus,2
sodapoppin,vauno_gg,1
chemicaldragoon,posingtadpole38,6
chemicaldragoon,posingtadpole38,5
xqcow,krez7,1
loltyler1,icy_wyvern,2
giantwaffle,excelent_,1
chemicaldragoon,trollaplayer,10
sodapoppin,shikafrecko,10
chemicaldragoon,trollaplayer,1
chemicaldragoon,schnozzola,13
chemicaldragoon,trollaplayer,5
bobross,nitram272,7
sodapoppin,voxedg,5
xqcow,androidlewishere,1
loltyler1,ll_sid_ll,1
loltyler1,treecricket,10
bobross,waitingintime,1
loltyler1,ladymosh67,10
xqcow,hansgruber2,1
loltyler1,r4m0nx,4
xqcow,sniofe,1
loltyler1,kabonen,3
loltyler1,blackmood92,1
sodapoppin,hastur01,3
sodapoppin,m0xxers,1
xqcow,bigfuzzysiberianbear,1
loltyler1,btsbts,0
loltyler1,lol_trihards,1
xqcow,isaacaba,0
xqcow,bigfuzzysiberianbear,1
xqcow,bagel011,2
sodapoppin,vile35,1
sodapoppin,pepeyyy,1
loltyler1,razkhar,1
sodapoppin,hionian,0
loltyler1,omaewakys,1
xqcow,spyderow,1
xqcow,justthreepe,2
loltyler1,reptilesarn,4
giantwaffle,keystone__,1
giantwaffle,praetorian155,5
loltyler1,blakeblazed,1
loltyler1,quote_if_t1_lost_to_girl,3
loltyler1,beowulfcav,1
loltyler1,jbyunlol,1
loltyler1,yonima22,1
bobross,despisetheirlies,3
xqcow,redgale74,1
xqcow,nexttimesweetie,4
sodapoppin,treyhax,3
loltyler1,ozzirp,3
xqcow,luigiitaz,1
bobross,explodingtaco11,3
xqcow,vassadc,1
giantwaffle,iamtheliquorlive,8
sodapoppin,thundacoksoulpuncher,5
bobross,paulmcpaulesen,2
xqcow,spazamaster2,64
xqcow,sporicle,1
bobross,mikespastryarts,1
xqcow,blowmymnd,2
sodapoppin,helpfull,4
xqcow,stop_using_xd,1
giantwaffle,theviewerer,1
giantwaffle,hello_isaac,1
bobross,elidy,5
sodapoppin,guccibackpac,8
sodapoppin,bobrzy,1
sodapoppin,lebonberger,1
giantwaffle,elcor,3
xqcow,lightbeam_,1
sodapoppin,sylvieshark,4
giantwaffle,mrtjeuke,1
sodapoppin,nagaops,1
sodapoppin,menit,1
sodapoppin,johnqc_,1
uberhaxornova,stupidbichdisorder,12
uberhaxornova,tonypepperoni0,3
bobross,iansavage01,2
uberhaxornova,thesucceth,6
uberhaxornova,jarryn234,3
uberhaxornova,cris1481,4
sodapoppin,such_and_such,1
uberhaxornova,humanbean_,1
sodapoppin,caprices,1
bobross,woodnf,1
xqcow,mgm123,6
uberhaxornova,rlegw10,9
uberhaxornova,theadorablebunny,1
giantwaffle,creapace,1
uberhaxornova,l0rdenki,3
uberhaxornova,xcrash283x,40
bobross,zedyboi,1
uberhaxornova,thebakersmen,4
sodapoppin,projectdota,1
uberhaxornova,ikeangews,3
sodapoppin,apocalypseknight,15
bobross,xodaniellex,2
uberhaxornova,evanito,1
xqcow,zostradamus,80
uberhaxornova,jeannnbean,5
uberhaxornova,theghostlygunner,13
bobross,elidy,2
xqcow,woobier,3
uberhaxornova,thesucceth,7
sodapoppin,kimtaeyeon33,2
giantwaffle,lurkingzombie,2
bobross,explodingtaco11,1
xqcow,madeyouwin,1
uberhaxornova,jenchii,4
uberhaxornova,phillipthe3rd,1
sodapoppin,phorner23,3
sodapoppin,innos_targon,3
uberhaxornova,jae700,3
uberhaxornova,harvestmisery,4
xqcow,sooluna,42
uberhaxornova,jcm52262,3
uberhaxornova,doughah,5
uberhaxornova,ottza,2
uberhaxornova,g00dd0g,21
uberhaxornova,novabomb1038,1
danteh,hoodwatch,1
danteh,tw_30,1
danteh,combosupply,6
danteh,bwade87,10
danteh,hoodwatch,1
danteh,magicguy34,4
danteh,breakfastcyborg,1
danteh,itsflash_,2
danteh,notoriousrogueow,3
danteh,tw_30,4
danteh,nattc,5
danteh,tacocat28,9
danteh,tasteku,5
uberhaxornova,slackerzalldayz,6
xqcow,jklijllll,1
uberhaxornova,strato_master,7
uberhaxornova,humanbean_,1
uberhaxornova,evandc521,3
xqcow,elysiii,1
uberhaxornova,rico_69,1
sodapoppin,idrinkozarkawater,2
xqcow,bigdave41uk,0
uberhaxornova,smol_might,13
giantwaffle,sop3rutan0,1
giantwaffle,cashbandico0t,4
uberhaxornova,screaminghairychunli,4
uberhaxornova,frenchpooper,5
bobross,wuhuuu12345,2
uberhaxornova,humanbean_,2
uberhaxornova,dirtydan380,6
uberhaxornova,lightspeedtaco,3
xqcow,riuzaku,7
uberhaxornova,l0rdenki,3
uberhaxornova,seradolphin,5
uberhaxornova,devomatics,3
uberhaxornova,yab0i_alex,3
uberhaxornova,alexrest,1
sodapoppin,sczesny,1
uberhaxornova,mdavitt,13
giantwaffle,arkun_,1
uberhaxornova,thatoneguyoverthere17,1
uberhaxornova,cherryx,11
uberhaxornova,hippiemojo,2
uberhaxornova,nefarious_niblet,2
uberhaxornova,thesucceth,1
uberhaxornova,abbiiiae,5
uberhaxornova,shutyourmouthh,4
uberhaxornova,go_diego_pro,1
uberhaxornova,silly_burns,34
sodapoppin,horsepants,2
sodapoppin,bobuwu_,1
uberhaxornova,hellooblivion,1
giantwaffle,rawrsong,3
sodapoppin,pissbeard,1
xqcow,onyx31222,2
xqcow,broken_xddd,78
uberhaxornova,vile_weasel,6
xqcow,badwillhunting,58
uberhaxornova,rageingdude0,1
uberhaxornova,zlide_tv,5
uberhaxornova,zermari,1
sodapoppin,dank4lyfe,2
uberhaxornova,aridparagon,3
giantwaffle,dr_jerkey,1
bobross,moobot,4
uberhaxornova,celwind,9
uberhaxornova,sunshine_shiba,1
giantwaffle,crotchmonitor,6
uberhaxornova,itsshiruka,2
uberhaxornova,guy4205,3
sodapoppin,megadumduck,1
uberhaxornova,surrealmilk,4
giantwaffle,totally_turkey,1
uberhaxornova,babukus,8
xqcow,guspowergunner,3
uberhaxornova,ken_mayor,1
uberhaxornova,lopperuk,3
uberhaxornova,hazukan,3
bobross,mayla7,2
uberhaxornova,mintyspice1,3
uberhaxornova,hchs63rdwilson,1
xqcow,itsdilli,1
xqcow,moistsaltsminion,2
uberhaxornova,jeannnbean,1
uberhaxornova,lyfaura,1
uberhaxornova,kingpresiden,1
uberhaxornova,threeeonetwo,6
sodapoppin,hirshberg,4
sodapoppin,zertigotv,8
uberhaxornova,rizata,1
uberhaxornova,wittyatom,4
uberhaxornova,miichellecm,1
uberhaxornova,squandis,1
sodapoppin,rob_gn,2
giantwaffle,plznoticemesomeone,5
uberhaxornova,zlide_tv,0
sodapoppin,kingsalsita,1
xqcow,aleksanderlander,24
uberhaxornova,psychopanda9g,7
uberhaxornova,hchs63rdwilson,2
xqcow,bigdave41uk,1
uberhaxornova,saltyovensenpai,6
uberhaxornova,phien_machine,6
uberhaxornova,phien_machine,1
uberhaxornova,jojofreud_,14
xqcow,joshuafromfe,1
bobross,donatius355,1
uberhaxornova,tanbarthez,1
sodapoppin,crotchmonitor,1
sodapoppin,t1_banned_me,5
uberhaxornova,andylee_,4
uberhaxornova,nightbot,1
uberhaxornova,mundaner,1
xqcow,yat1,1
xqcow,calibraso,1
xqcow,snowyyywolf,3
uberhaxornova,gamejamesplays,15
uberhaxornova,starman_deluxe,2
uberhaxornova,creaturemoonsie,3
giantwaffle,doughboy90,5
giantwaffle,daftmaple,1
bobross,loyce_34,5
sodapoppin,kizumik,1
uberhaxornova,thehamco,0
uberhaxornova,alexrest,7
uberhaxornova,mobaaaaangy,7
uberhaxornova,dinnermeal,7
sodapoppin,spankchain,1
uberhaxornova,thehamco,2
bobross,opimuslok,18
bobross,loyce_34,1
uberhaxornova,killerbanana07,10
bobross,aas55,4
uberhaxornova,i_like_twizzlers,1
sodapoppin,scorian,1
xqcow,mollywhopt,6
uberhaxornova,mundaner,3
xqcow,ggimbo,8
giantwaffle,fyratt,1
bobross,loyce_34,1
bobross,b_swan,4
uberhaxornova,xenonzack,10
bobross,tom231223,4
uberhaxornova,shamefu1,1
giantwaffle,joshua83100,5
uberhaxornova,greatsaiyaman60h,1
sodapoppin,maddlife1,1
sodapoppin,tomohms,3
uberhaxornova,eugeennl,1
uberhaxornova,sir_gunter1,3
uberhaxornova,absolutepi,2
uberhaxornova,jeannnbean,2
danteh,ccrowns,1
uberhaxornova,gamejamesplays,12
danteh,nightbot,19
danteh,zelloop,13
danteh,thefrogking96,10
xqcow,icastellari,30
uberhaxornova,invaderzim64387,7
danteh,mxenlol,5
uberhaxornova,babyinacorner,2
danteh,georgetown19,10
danteh,sinkyow,2
bobross,kunfoocrazy,2
danteh,zelloop,5
giantwaffle,hyvoltag3,1
uberhaxornova,whitewyvern,1
danteh,kittyzzz,12
danteh,zelloop,4
danteh,zelloop,1
uberhaxornova,flaminhotcheetopuff,1
bobross,gamewolf62,2
uberhaxornova,dramastar22,1
danteh,lstar97,2
uberhaxornova,bobbysan__,1
danteh,meeliiodas,3
sodapoppin,goofproofsquid,1
danteh,salty________,5
danteh,robotpigs,4
danteh,vicorr27,3
danteh,meeliiodas,1
danteh,architect_ow,1
danteh,yurify,1
danteh,fredthealmighty,1
danteh,logankappa,5
uberhaxornova,filation,1
uberhaxornova,abellachan,1
danteh,twonderchiild,2
bobross,savagestalkerothp,4
uberhaxornova,splootingcorgi,3
danteh,buttervu,4
danteh,mxenlol,3
bobross,br00oooooo00,1
uberhaxornova,dirtydan380,1
uberhaxornova,dropdeaddisco,8
danteh,huskyyyy,10
danteh,helghast76,5
danteh,thefrogking96,1
uberhaxornova,theadorablebunny,2
uberhaxornova,kingpresiden,1
danteh,robotpigs,8
danteh,unko_kingdom,1
danteh,nightbot,7
uberhaxornova,kidcake420,5
danteh,vethiah,7
danteh,grownups2onblurayanddvd,5
danteh,zelloop,2
danteh,kxytra,1
danteh,zelloop,3
danteh,vehicledaddy,9
uberhaxornova,diqital,6
danteh,ieleyi,4
danteh,huskyyyy,3
danteh,yurify,11
danteh,georgetown19,2
uberhaxornova,whitewyvern,1
uberhaxornova,ottza,1
danteh,logankappa,10
danteh,yat1,1
danteh,vicorr27,1
danteh,georgetown19,1
danteh,zelloop,3
danteh,vehicledaddy,3
danteh,vicorr27,1
danteh,ccrowns,1
danteh,redlion2627,1
uberhaxornova,angelofdeathplays,2
danteh,ccrowns,4
danteh,zelloop,1
uberhaxornova,axionthegoon,4
danteh,ccrowns,2
danteh,savethememes,3
danteh,vicorr27,1
danteh,atwix,2
danteh,savethememes,2
sodapoppin,aphenite,1
danteh,alvinzhm,2
uberhaxornova,diabloxcvi,3
danteh,fpunchsamurai,1
danteh,yurify,4
uberhaxornova,evanito,1
uberhaxornova,drumbeat,2
danteh,kokanan,1
danteh,ieleyi,2
danteh,sinkyow,5
danteh,foodkenny,2
uberhaxornova,kbennettcv,1
danteh,savitarshades,1
danteh,yurify,2
uberhaxornova,demmydev,9
danteh,atwix,5
danteh,ieleyi,6
danteh,crucialitylol,1
sodapoppin,kimiay,5
sodapoppin,michaelcreed1,1
uberhaxornova,miichellecm,5
uberhaxornova,rifter89,1
danteh,vicorr27,1
danteh,ieleyi,1
uberhaxornova,rocketman_97,1
danteh,helghast76,5
uberhaxornova,strangepiano,1
uberhaxornova,babyydemon,0
danteh,toptengamerr,1
danteh,nightbot,12
danteh,outwest,1
danteh,sphinx9ow,3
uberhaxornova,thesucceth,1
danteh,sinkyow,1
danteh,georgetown19,1
danteh,letsgo4now,1
danteh,supernooberino,2
danteh,ccrowns,1
danteh,crucialitylol,2
danteh,nemesis__ow,3
danteh,yurify,1
danteh,ccrowns,1
danteh,livo,1
danteh,thestandingegg,2
danteh,clyde_frog,3
uberhaxornova,thecanadian6197,21
uberhaxornova,sgtgoldilocks,17
danteh,morehumblethanu,6
danteh,justgabe7,10
uberhaxornova,thesucceth,1
uberhaxornova,greenman530,1
uberhaxornova,dropdeaddisco,4
bobross,murderouspkachu,4
uberhaxornova,sk4nkaroo,6
uberhaxornova,magnificentturnip,9
uberhaxornova,yourarchn3mesis,1
uberhaxornova,chowder3005,3
danteh,pandora5709,7
uberhaxornova,miichellecm,2
giantwaffle,sammy03180501,0
uberhaxornova,ninezthemonster,2
danteh,pathological_ow,1
giantwaffle,thejasus,1
uberhaxornova,kuzuneko,1
uberhaxornova,sfm2,4
uberhaxornova,seniortrump,1
danteh,yurify,4
danteh,huskyyyy,1
chemicaldragoon,dylzez,2
uberhaxornova,shamefu1,3
danteh,seevea,5
danteh,crucialitylol,3
danteh,yat1,1
uberhaxornova,pennypench,3
danteh,keenantheplant,7
danteh,tr1nnn,4
danteh,blufinney,4
danteh,ibrahemhk,1
danteh,aironicks,1
danteh,stugav0,2
danteh,helghast76,6
danteh,supernooberino,6
uberhaxornova,rlegw10,1
danteh,yat1,2
uberhaxornova,kappafapp,5
danteh,supernooberino,1
uberhaxornova,ottza,5
uberhaxornova,roadhouseisback,7
uberhaxornova,guy4205,1
uberhaxornova,novaelnovak,1
danteh,chrish312,4
danteh,saturn0w,1
uberhaxornova,dara_ing,0
danteh,yurify,3
uberhaxornova,spaceflye,2
sodapoppin,buttcl0ud,3
sodapoppin,noumenoid,3
danteh,adianbtw,2
danteh,jakeismadbczheistrash,3
uberhaxornova,achandary,2
danteh,helghast76,6
danteh,cristianojuve7,5
danteh,glimmerofgod,5
uberhaxornova,bunnykoko,4
uberhaxornova,redwed6,7
uberhaxornova,seniortrump,2
chemicaldragoon,sadosamaa,2
danteh,ijuventino,5
danteh,apalattao,5
uberhaxornova,pokesmashball,9
uberhaxornova,nimyanna,1
uberhaxornova,unfairbranding,3
uberhaxornova,havikat,5
uberhaxornova,randomuser358,1
uberhaxornova,elecktrickpetal,0
danteh,munzzor,6
uberhaxornova,seniortrump,5
danteh,sliggoo,1
danteh,whake,9
sodapoppin,doctordunks,4
danteh,sliggoo,7
uberhaxornova,weezeysems,2
danteh,zblitzem,9
danteh,chrish312,11
sodapoppin,trinity_the_duelist,1
danteh,munzzor,6
giantwaffle,habitzreuter,2
danteh,skyler_rl,4
danteh,grownups2onblurayanddvd,6
uberhaxornova,xtrampyx,4
uberhaxornova,sunshine_shiba,2
uberhaxornova,tiffahne,1
uberhaxornova,purpiewing,3
danteh,notoriousrogueow,1
danteh,chrish312,4
sodapoppin,jaytreble,1
uberhaxornova,havikat,2
danteh,imshauun,3
danteh,windz_,15
danteh,supafrost,1
uberhaxornova,squigglyjinxxjams,7
danteh,spartyman_,1
danteh,arthiumg,1
danteh,munzzor,2
danteh,huskyyyy,3
danteh,sinkyow,1
danteh,tehemiboy,1
danteh,averagepersonish,6
danteh,windz_,1
chemicaldragoon,chunkerfizzel33,7
sodapoppin,nyanilated,2
sodapoppin,pretty_krazy,6
danteh,concieved_7,16
danteh,nightbot,9
danteh,firednine,2
danteh,windz_,6
giantwaffle,sailorws,0
giantwaffle,fhelan,1
danteh,firednine,3
danteh,yurify,5
danteh,ddasadsa,8
danteh,menente,6
giantwaffle,moobot,14
chemicaldragoon,dynastyofwolves,2
chemicaldragoon,crazyallergies,5
uberhaxornova,zavr0s,1
uberhaxornova,itsboo,21
sodapoppin,micloudworld,7
uberhaxornova,tlkingrichard,4
danteh,yurify,6
chemicaldragoon,dynastyofwolves,4
chemicaldragoon,deboslayer420,4
chemicaldragoon,dynastyofwolves,3
chemicaldragoon,flashtheguineapig06,5
danteh,praiss,8
chemicaldragoon,lxsolarflarexl,2
sodapoppin,siberionhusky,1
danteh,wonlee21,2
giantwaffle,thrainage,1
chemicaldragoon,swaggernaught11,13
danteh,windz_,7
giantwaffle,samubrandi,0
danteh,nxrr_,8
danteh,cristianojuve7,5
danteh,helghast76,8
danteh,nightbot,10
giantwaffle,ninekoo,4
uberhaxornova,itsboo,23
danteh,nightbot,10
danteh,helghast76,3
chemicaldragoon,xjstanleyx,19
danteh,yurify,2
danteh,supafrost,2
danteh,supafrost,1
uberhaxornova,aborted_loli,5
chemicaldragoon,dynastyofwolves,4
chemicaldragoon,lxsolarflarexl,2
chemicaldragoon,deboslayer420,2
giantwaffle,bluevey,2
danteh,lanceraf2000,6
chemicaldragoon,deboslayer420,3
danteh,symmetramainidc,6
danteh,toastergreaseia,2
danteh,fpunchsamurai,1
danteh,krampusow,2
danteh,groovybirb,2
giantwaffle,mnemonic_plague,11
danteh,windz_,3
danteh,toastergreaseia,10
uberhaxornova,slinic,1
danteh,swankydoe,1
uberhaxornova,seniortrump,1
danteh,munzzor,3
sodapoppin,buttcl0ud,3
uberhaxornova,greenman530,11
danteh,blitzzlv,4
danteh,anti_manner,5
danteh,realmkatho,4
uberhaxornova,albinosquirrel01,7
danteh,mintedpanda_murp,1
danteh,accelwm,2
uberhaxornova,mikethegamerdude,3
uberhaxornova,jman31000,9
giantwaffle,thrainage,1
uberhaxornova,elecktrickpetal,2
danteh,accelwm,2
danteh,issraven,5
danteh,windz_,4
danteh,notclicking,10
danteh,dlux_ow,6
danteh,big_mayberry,6
sodapoppin,huargothedream,1
danteh,krewserityow,6
danteh,meresphinx,10
danteh,plachta00,5
uberhaxornova,liltay,3
uberhaxornova,soottv,1
chemicaldragoon,lyum22,2
uberhaxornova,gxpopcorn69,5
danteh,cajin,1
chemicaldragoon,lxsolarflarexl,11
danteh,cantthinkofnamee,12
sodapoppin,avisae,5
danteh,quote_if_xqc_is_autistic,0
sodapoppin,ragna13ird,1
danteh,meresphinx,6
danteh,nightbot,9
danteh,marluigilol,2
danteh,sir_chaox,3
sodapoppin,norkore,1
giantwaffle,drogogyslain,1
sodapoppin,holyneko_972,1
danteh,sir_chaox,12
danteh,sir_chaox,1
sodapoppin,asdsadfghgfhjklkjl,2
danteh,ihave2kin_,1
danteh,meresphinx,5
danteh,helghast76,4
danteh,bbistheman21,6
danteh,sir_chaox,1
uberhaxornova,toppytoast,3
danteh,seidon29,2
danteh,meresphinx,2
danteh,roman_ore,2
danteh,windz_,6
danteh,yuoiiiii,3
danteh,vivez_,6
danteh,helghast76,3
danteh,roman_ore,1
danteh,big_mayberry,32
danteh,sir_chaox,6
danteh,yeek2001,1
danteh,helghast76,6
danteh,marluigilol,7
danteh,sumtinkwong,1
danteh,windz_,17
danteh,cristianojuve7,10
danteh,theselfmadehero1,1
danteh,windz_,2
danteh,windz_,8
sodapoppin,whitesedanlights,2
danteh,helghast76,9
danteh,meresphinx,16
uberhaxornova,sunshine_shiba,1
danteh,dlux_ow,10
uberhaxornova,themine9000__,1
danteh,roman_ore,20
uberhaxornova,juanmora178,2
danteh,meresphinx,16
danteh,justgabe7,1
uberhaxornova,recoil8,6
danteh,decimated89,4
danteh,brbrts,21
danteh,koawawaow,1
danteh,ihave2kin_,1
danteh,desda,1
danteh,traves,1
danteh,concieved_7,1
danteh,heeroyuy2,2
danteh,karen_annnn,1
danteh,roman_ore,15
uberhaxornova,dan3r03,4
danteh,pyperz,1
danteh,tyler_the_hunter,3
danteh,helghast76,1
danteh,decimated89,1
danteh,helghast76,3
danteh,rejid,5
danteh,decimated89,1
giantwaffle,graasss,1
danteh,desda,1
danteh,xagent19x,40
uberhaxornova,pandabearjacob,1
sodapoppin,redcartoons7,1
uberhaxornova,nastycamel,1
danteh,nightbot,9
danteh,nightbot,13
danteh,justgabe7,3
danteh,justgabe7,1
danteh,mintedpanda_murp,1
danteh,updated,1
danteh,roman_ore,2
sodapoppin,2annies1rod,3
uberhaxornova,mrbreakroom112,6
danteh,rocketslay_1,2
danteh,sir_chaox,2
danteh,ijuventino,5
sodapoppin,tywrel,1
danteh,marluigilol,1
danteh,decimated89,3
danteh,marluigilol,9
sodapoppin,candorthewise,8
danteh,falanguin,1
danteh,bbistheman21,6
danteh,sir_chaox,3
uberhaxornova,discontinuance,1
danteh,wizzlejohn,3
danteh,koawawaow,1
danteh,sir_chaox,1
danteh,impulsedserbia,1
sodapoppin,r1_chug,3
danteh,brbrts,1
danteh,cristianojuve7,1
uberhaxornova,memyni,3
danteh,justgabe7,4
uberhaxornova,birdwithdiabetes,1
danteh,brbrts,1
uberhaxornova,lenabop,5
danteh,sir_chaox,1
danteh,cristianojuve7,7
sodapoppin,mitiros,1
danteh,afdfwq,3
danteh,joe_ow1,2
danteh,theletteree,8
danteh,syntoneka,1
danteh,wizzlejohn,3
danteh,justgabe7,9
danteh,saiimb,8
danteh,ijuventino,3
danteh,ijuventino,14
danteh,gasheta,3
danteh,helghast76,15
chemicaldragoon,lyum22,5
sodapoppin,nilsachmed,7
danteh,justgabe7,9
danteh,helghast76,2
danteh,big_mayberry,33
uberhaxornova,purpiewing,3
uberhaxornova,trystt27,2
danteh,messi1020304050607,1
danteh,helghast76,3
danteh,ijuventino,1
danteh,theselfmadehero1,1
danteh,cristianojuve7,6
danteh,swankydoe,1
danteh,nightbot,19
danteh,bbistheman21,1
danteh,rejid,0
danteh,ijuventino,7
uberhaxornova,fatal_void,4
danteh,jammerxtreme,4
danteh,helghast76,3
danteh,grayscale_,12
uberhaxornova,septism96,9
danteh,ijuventino,3
danteh,camermanny1,12
danteh,cristianojuve7,8
danteh,mightyypurps,1
danteh,mightyypurps,3
danteh,doodledrew,2
danteh,ironmanfam37,2
danteh,bigsmoooth,2
danteh,cubicbobcat9783,0
danteh,mightyypurps,3
uberhaxornova,memyni,1
danteh,theletteree,14
danteh,spiralarcgfx,6
uberhaxornova,jerco2020,5
danteh,spooky_cassi3,1
uberhaxornova,theamazingwetness,1
danteh,mightyypurps,6
danteh,theletteree,6
danteh,shallowthought,11
danteh,rejid,4
danteh,spiralarcgfx,7
danteh,tw_30,14
danteh,shallowthought,8
sodapoppin,boys_for_jesus,2
danteh,spiralarcgfx,1
danteh,swankydoe,1
sodapoppin,lewipooi,7
danteh,ijuventino,15
danteh,menente,2
danteh,ijuventino,3
uberhaxornova,rent0nim0r0xas,5
uberhaxornova,zavr0s,4
danteh,jdawg1015,4
danteh,spiralarcgfx,56
danteh,confoo,6
danteh,rejid,6
danteh,danksp0nge,2
danteh,spiralarcgfx,2
danteh,naycos,36
sodapoppin,nr9getty,5
sodapoppin,vaverviavecrovea,1
danteh,flamingfanta,1
danteh,spiralarcgfx,1
sodapoppin,thelordbrandon,1
danteh,helghast76,6
giantwaffle,thetechnopig,8
sodapoppin,bangbrothers,3
danteh,intoydna,1
danteh,deadbarbecue,4
danteh,intoydna,2
danteh,tw_30,2
danteh,spot_ow,3
danteh,ezninjas,5
danteh,menente,17
danteh,spiralarcgfx,4
danteh,sansakthi34,4
danteh,intoydna,2
uberhaxornova,zavr0s,1
danteh,marluigilol,6
uberhaxornova,khey_,1
danteh,kushhtv,8
danteh,menente,19
giantwaffle,ninjakill3rs,3
danteh,garee,6
sodapoppin,yogib,1
sodapoppin,the_real_c4ke,11
danteh,sir_chaox,2
danteh,supersyrum,8
danteh,helghast76,1
danteh,danksp0nge,2
danteh,kxytra,8
danteh,lumbow,1
sodapoppin,angelofether,2
danteh,sir_chaox,2
danteh,jamdog142,2
sodapoppin,predatorbosss,4
danteh,imsordid,3
danteh,tiny_tigre,7
danteh,pappa_bodo,2
danteh,jamdog142,3
uberhaxornova,septism96,1
uberhaxornova,satanloveshentai,2
uberhaxornova,khey_,1
uberhaxornova,ashonthegamer,5
uberhaxornova,funbun_draws,3
danteh,sir_chaox,11
uberhaxornova,blackarm777,1
uberhaxornova,brubblegrubble,2
uberhaxornova,thewingdude,6
danteh,imsordid,3
giantwaffle,0xdecafbad,3
uberhaxornova,abbiiiae,4
danteh,cobaltshock,4
danteh,jamdog142,1
danteh,illumina1337,2
danteh,cristianojuve7,1
danteh,spiralarcgfx,1
danteh,helghast76,1
danteh,czeckers,2
danteh,bbistheman21,2
uberhaxornova,thewingdude,4
danteh,rejid,1
danteh,imsordid,1
danteh,karen_annnn,1
danteh,ihave2kin_,1
sodapoppin,medicwookie,9
danteh,tiny_tigre,6
danteh,battlechocobo,1
danteh,youarenervous_karma,1
danteh,danksp0nge,1
danteh,menente,5
danteh,pappa_bodo,3
danteh,pappa_bodo,1
sodapoppin,rr00,5
danteh,imthemailbox,7
chemicaldragoon,crazyallergies,16
danteh,reikensei,2
danteh,hailungs,7
uberhaxornova,khey_,3
danteh,spot_ow,4
danteh,naidemoc,5
chemicaldragoon,pilotmonkey0,1
chemicaldragoon,isaaclangan1,3
danteh,angstyteencoran,3
danteh,nightbot,1
danteh,helghast76,7
danteh,bluejay_mo,1
danteh,tribalbeast,3
danteh,jamdog142,4
danteh,imsordid,31
danteh,danksp0nge,31
danteh,spiralarcgfx,0
danteh,kxytra,31
sodapoppin,ethicks,1
uberhaxornova,yuhikyaku,1
uberhaxornova,xlighthefuse,11
danteh,imsordid,6
giantwaffle,giantsloff,1
sodapoppin,crazydesu,3
chemicaldragoon,pilotmonkey0,2
danteh,helghast76,2
danteh,karxu,5
danteh,imsordid,11
thedissrapper,trapmar301,2
sodapoppin,lryroth,2
thedissrapper,chop248,1
danteh,imsordid,1
thedissrapper,ifinesser,1
uberhaxornova,how_sweet_the_sound123,11
thedissrapper,flakomex09_,2
thedissrapper,lilwaterr,1
thedissrapper,veroh,1
thedissrapper,thesimprapper101,1
thedissrapper,apppt1,4
thedissrapper,lilwaterr,1
thedissrapper,sugondeze_,6
thedissrapper,swagaadi,1
thedissrapper,boredassbuck,2
thedissrapper,mighty_wolf1,1
danteh,sir_chaox,7
thedissrapper,brazillaz,1
thedissrapper,sugondeze_,2
thedissrapper,heizted,1
sodapoppin,durrry,1
danteh,elisyov,0
thedissrapper,plat086,1
thedissrapper,gangrenitis,1
thedissrapper,davidr4828,1
thedissrapper,lilwaterr,1
thedissrapper,blackazzkirby,13
thedissrapper,ammartry,1
thedissrapper,gangrenitis,1
thedissrapper,realchriswulf,3
sodapoppin,eynahl,2
thedissrapper,mushroxas,4
thedissrapper,official_gh0st,1
thedissrapper,immrflawless,0
thedissrapper,notdisstracker,1
thedissrapper,gillcrew203,1
thedissrapper,itz_shiver,4
thedissrapper,gomu6607,1
danteh,sir_chaox,0
thedissrapper,rz_uncut,1
thedissrapper,heizted,1
thedissrapper,zootloc,2
thedissrapper,wifixxsmash,1
thedissrapper,wifixxsmash,1
thedissrapper,leenaleen,2
giantwaffle,lord_sugarbae,5
thedissrapper,gladiatorog12,1
thedissrapper,steeez,1
thedissrapper,epicbility,1
thedissrapper,glo_gang69,13
thedissrapper,getmillys,3
thedissrapper,alikhan69,1
thedissrapper,thatkidvertz,1
thedissrapper,ttrs_,0
thedissrapper,gladiatorog12,1
thedissrapper,blackazzkirby,20
danteh,ijuventino,2
danteh,garee,8
thedissrapper,indian_dissgod,4
thedissrapper,boredassbuck,1
thedissrapper,jeff_200,1
chemicaldragoon,pilotmonkey0,3
danteh,ijuventino,3
uberhaxornova,cow1123,5
thedissrapper,iijeremiaii,1
thedissrapper,indian_dissgod,17
thedissrapper,getmillys,2
thedissrapper,malichx,3
thedissrapper,boredassbuck,1
danteh,sir_chaox,1
thedissrapper,osoxbash18,1
uberhaxornova,strato_master,6
thedissrapper,doctoryams,1
thedissrapper,heizted,1
danteh,elisyov,1
thedissrapper,malichx,1
thedissrapper,theoretv,4
thedissrapper,notdisstracker,3
thedissrapper,uglyboinofriends,2
danteh,mxgblade01,1
thedissrapper,chop248,1
thedissrapper,xxxtentaclezzz,2
thedissrapper,pinkwigthickass,9
thedissrapper,ethanrgs,1
thedissrapper,indian_dissgod,17
thedissrapper,gabrielcent,1
thedissrapper,milty2,11
thedissrapper,looneyxgod,75
thedissrapper,lazyjc1,1
thedissrapper,zootloc,1
danteh,swaggerliciouswangsta,3
danteh,ijuventino,3
thedissrapper,sugondeze_,1
thedissrapper,zootloc,1
sodapoppin,raxeris,1
danteh,naycos,2
thedissrapper,next1,1
danteh,conundrum_,2
thedissrapper,iambillybanks,1
danteh,swaggerliciouswangsta,5
thedissrapper,streamelements,8
thedissrapper,sharksum_elijah,2
thedissrapper,lyric_duke,1
thedissrapper,zootloc,1
thedissrapper,flakomex09_,1
uberhaxornova,zavr0s,3
chemicaldragoon,lyum22,6
danteh,libobitiz,1
thedissrapper,shpetimberisha5,1
thedissrapper,boredassbuck,6
giantwaffle,theonlybarry,1
thedissrapper,mistersinister21,1
thedissrapper,younggareth,1
danteh,youarenervous_karma,4
thedissrapper,robgotheat,1
thedissrapper,xcj__,5
thedissrapper,zootloc,1
thedissrapper,killer171095,2
danteh,bbistheman21,6
danteh,helghast76,2
danteh,gemzytheking,5
thedissrapper,mlp_nych,4
danteh,flightthefresh,4
danteh,rosayallday,6
thedissrapper,jljl01,1
danteh,mxgblade01,2
thedissrapper,ieatassman,1
thedissrapper,chefcurry5o,24
thedissrapper,alexisawesome74,1
thedissrapper,siddhbharucha,1
thedissrapper,itssean,1
danteh,bbistheman21,4
thedissrapper,ohwelli,2
danteh,go0fy__,5
thedissrapper,ttrs_,1
thedissrapper,yufukas01,1
thedissrapper,mistersinister21,1
thedissrapper,modmepleasedrg,2
thedissrapper,gangrenitis,1
thedissrapper,notdisstracker,6
thedissrapper,iceybrandon,1
thedissrapper,theoretv,3
thedissrapper,senpaixmomo,2
thedissrapper,reeseguwop_,10
uberhaxornova,rayz333,3
thedissrapper,youngbruceinthebooty,1
thedissrapper,triplebbbs,5
thedissrapper,xexoticxw,1
thedissrapper,ieatassman,3
thedissrapper,aaron_cien,2
danteh,sir_chaox,1
danteh,theselfmadehero1,2
thedissrapper,noemer,3
thedissrapper,crusho_,4
chemicaldragoon,vaquazx,4
thedissrapper,danielm122,1
thedissrapper,b_gomez10,2
danteh,prince_fin,43
danteh,ijuventino,1
thedissrapper,berkan_kahrs,2
danteh,keykayen,2
danteh,sir_chaox,1
sodapoppin,rivia,1
danteh,tinamarie_,9
thedissrapper,tadoh,2
sodapoppin,bingiildak,1
thedissrapper,ogtoxicpaul1,1
thedissrapper,antijartl,1
thedissrapper,rawdoug,1
thedissrapper,fujee,4
danteh,helghast76,6
danteh,swaggerliciouswangsta,6
thedissrapper,yvngyondersphere,3
thedissrapper,theoretv,1
danteh,tinamarie_,6
thedissrapper,tadoh,7
danteh,twl5t,0
danteh,sir_chaox,3
thedissrapper,jebttv,1
thedissrapper,dependentxx,2
giantwaffle,akip24,2
thedissrapper,sickskills96,1
thedissrapper,thesimprapper101,1
danteh,illumina1337,6
uberhaxornova,fijustice,1
sodapoppin,minutte,0
thedissrapper,fusion_fisstzz_,1
thedissrapper,deadlycrossoverr,1
thedissrapper,danielm122,6
thedissrapper,jebttv,2
uberhaxornova,deadredeyez,1
danteh,swaggerliciouswangsta,3
uberhaxornova,evanito,1
thedissrapper,respectescobar,2
thedissrapper,boredassbuck,1
thedissrapper,indian_dissgod,11
danteh,kahunaguzma,5
thedissrapper,briannamadrid,2
danteh,punkcult,8
danteh,kahunaguzma,5
danteh,christellite,3
sodapoppin,theholymungous,4
danteh,sir_chaox,2
thedissrapper,ieatassman,45
thedissrapper,bullty123,1
danteh,twl5t,3
danteh,sir_chaox,2
danteh,muma,6
thedissrapper,chriiah,1
danteh,spoonztheanarchist,9
danteh,ijuventino,4
danteh,muma,1
thedissrapper,zootloc,1
danteh,yurify,3
danteh,naycos,2
uberhaxornova,duckderps,2
danteh,ssamothe,1
thedissrapper,fcklermonlames,2
uberhaxornova,lenabop,5
danteh,tinamarie_,2
danteh,familyguyfunnymoment,3
thedissrapper,trapmar301,2
danteh,babgis,1
danteh,bbistheman21,1
thedissrapper,jebttv,0
thedissrapper,foreversleepp,0
danteh,willbern,9
thedissrapper,jcollier,9
thedissrapper,itzjustblue,0
thedissrapper,xexoticxw,0
danteh,erstwhild,1
thedissrapper,valleyboy,1
thedissrapper,tadoh,0
thedissrapper,valleyboy,1
danteh,akremington,3
thedissrapper,bullty123,2
chemicaldragoon,drax_101,15
thedissrapper,burntpotatochipz,1
danteh,iwearcrocs101,2
thedissrapper,brandinberre,3
danteh,missgreywarden,9
thedissrapper,alphadaviid,3
chemicaldragoon,fuzeaspirecms,10
thedissrapper,kidpurpp,1
thedissrapper,deadlycrossoverr,2
thedissrapper,disgustedgoat,1
thedissrapper,chino672,4
thedissrapper,asura_yt,2
thedissrapper,amir_savageq,1
thedissrapper,masterofthefeast,1
danteh,kaliberog,1
danteh,sir_chaox,1
danteh,ghoulhan,5
thedissrapper,bask___,6
thedissrapper,xmlgsmurf,9
danteh,sethinator96,1
thedissrapper,cedygoldchain,1
thedissrapper,ogtoxicpaul1,42
danteh,tinamarie_,1
uberhaxornova,dylsco3,9
thedissrapper,glo_gang69,9
danteh,sethinator96,1
danteh,chargedeli,8
uberhaxornova,yuhikyaku,5
danteh,iwearcrocs101,5
danteh,zombieboyx729,1
giantwaffle,cashbandico0t,1
thedissrapper,versacesoul,5
danteh,twl5t,1
danteh,bbistheman21,2
danteh,chargedeli,8
uberhaxornova,funbun_draws,4
thedissrapper,kidpurpp,2
danteh,akinohamlet,2
thedissrapper,ieatassman,2
chemicaldragoon,sushikappa,8
giantwaffle,dagmoo,1
uberhaxornova,kingpresiden,1
thedissrapper,versacesoul,1
thedissrapper,flakomex09_,3
danteh,iwearcrocs101,12
thedissrapper,thewlnner,1
thedissrapper,mariolaflame,4
thedissrapper,jay_hunchooo,1
thedissrapper,reuploads,1
thedissrapper,antijartl,1
danteh,bodyshotking,2
chemicaldragoon,awesomeb3n,15
chemicaldragoon,black_samurai156,2
danteh,camermanny1,5
thedissrapper,xxguythesinsterxx,2
thedissrapper,westbae77,1
uberhaxornova,shermstan,4
uberhaxornova,jei_kobu,4
thedissrapper,bask___,4
thedissrapper,qirrs,1
thedissrapper,fam0usjay215,7
thedissrapper,gladiatorog12,1
thedissrapper,dropz99,1
thedissrapper,moneyd,1
thedissrapper,zayrand_,1
thedissrapper,morris_w,2
thedissrapper,h3yrist,1
thedissrapper,brandinberre,1
thedissrapper,imnygil,5
thedissrapper,caniflexx,1
sodapoppin,refex123,3
thedissrapper,fazeso1,5
danteh,legacypro2,1
thedissrapper,chriiah,4
danteh,twl5t,1
danteh,tinamarie_,6
thedissrapper,asura_yt,4
danteh,ignore16,1
danteh,youarenervous_karma,1
danteh,yurify,1
uberhaxornova,zavr0s,5
thedissrapper,lowkeylouie1,2
thedissrapper,charisma_rgs,3
thedissrapper,ronaldvera1,1
thedissrapper,gvlaxyzz,1
thedissrapper,elijah87,11
danteh,nauticis,1
thedissrapper,hshssjsjs,2
danteh,go0fy__,2
thedissrapper,valleyboy,6
danteh,sir_chaox,3
thedissrapper,bongpefo,5
thedissrapper,theoretv,2
danteh,ijuventino,4
uberhaxornova,crustyeggnog47,2
danteh,seanmsu5,4
thedissrapper,xcj__,2
thedissrapper,ifinesser,1
thedissrapper,iininjah,1
danteh,doodledrew,4
danteh,twl5t,5
thedissrapper,versacesoul,0
thedissrapper,gvlaxyzz,2
thedissrapper,kingadam02,3
danteh,sir_chaox,1
thedissrapper,slimjims4u,2
thedissrapper,bullty123,2
chemicaldragoon,thermicbasil,0
danteh,rediaka,3
thedissrapper,faye_lue,4
thedissrapper,vest_aa,1
giantwaffle,pvthechosenone,2
danteh,bodyshotking,1
danteh,yurify,1
danteh,sir_chaox,2
danteh,ottocow,3
danteh,yurify,3
danteh,sir_chaox,7
danteh,hellorani,6
thedissrapper,xxguythesinsterxx,3
danteh,b1azingpengu1n,11
thedissrapper,ifinesser,3
danteh,sir_chaox,5
danteh,familyguyfunnymoment,2
danteh,iwearcrocs101,6
danteh,kaliberog,5
danteh,itsrawkus,3
danteh,mallok_22,0
uberhaxornova,mihaicrusty,10
danteh,rvndm,10
uberhaxornova,rlegw10,1
thedissrapper,whooooaml,4
danteh,b1azingpengu1n,9
thedissrapper,b_sium,1
thedissrapper,kingjames2lakers23,1
thedissrapper,b_gomez10,2
thedissrapper,merrioo,1
danteh,itsrawkus,2
thedissrapper,jumborageextra,4
thedissrapper,yhuc,1
danteh,thefriedcactus,1
uberhaxornova,rent0nim0r0xas,4
danteh,ijuventino,17
thedissrapper,trenton_,1
thedissrapper,yydoris,1
thedissrapper,chop248,4
thedissrapper,crusho_,6
thedissrapper,jcollier,2
thedissrapper,theoretv,1
thedissrapper,jleon626,10
thedissrapper,reeseguwop_,8
thedissrapper,ifinesser,2
giantwaffle,moobot,3
danteh,johncena0922,5
thedissrapper,savkamrin,1
thedissrapper,jay_hunchooo,4
thedissrapper,soycholo,1
thedissrapper,iijeremiaii,1
thedissrapper,baljeet___,24
thedissrapper,bask___,1
thedissrapper,ohsteezy_,4
thedissrapper,grimxdeza,1
giantwaffle,jfrocks,1
chemicaldragoon,drax_101,12
danteh,danksp0nge,2
danteh,jamdog142,5
thedissrapper,zootloc,1
danteh,gemzytheking,1
thedissrapper,zootloc,2
thedissrapper,sugondeze_,1
bobross,aethersinfire,5
thedissrapper,nz_aspectz,2
thedissrapper,ikkevinki,12
thedissrapper,tadoh,1
thedissrapper,chefcurry5o,24
thedissrapper,meliketoast,9
uberhaxornova,deputydachshund,5
thedissrapper,ttrs_,3
thedissrapper,xdog42,3
thedissrapper,indian_dissgod,3
thedissrapper,binkx123,1
thedissrapper,mlradar,0
thedissrapper,malichx,3
danteh,gemzytheking,4
thedissrapper,pinkwigthickass,5
danteh,helghast76,4
thedissrapper,ttrs_,0
danteh,twl5t,8
danteh,applepie123123,6
thedissrapper,jleon626,4
thedissrapper,saucegodisaiah,0
thedissrapper,rainbowneighbour,16
thedissrapper,versacesoul,1
thedissrapper,saucegodisaiah,0
thedissrapper,jebttv,1
thedissrapper,lilfast459,0
danteh,ferdg285,2
thedissrapper,glo_gang69,0
thedissrapper,soycholo,1
uberhaxornova,jeannnbean,15
thedissrapper,imcurvo,1
thedissrapper,ifinesser,1
thedissrapper,jess_aye,1
thedissrapper,pinkwigthickass,0
thedissrapper,amir_savageq,2
thedissrapper,huncho_stuntin,1
thedissrapper,xxguythesinsterxx,2
thedissrapper,ogtoxicpaul1,1
thedissrapper,jay_hunchooo,7
danteh,ferdg285,1
danteh,sir_chaox,3
thedissrapper,b_sium,4
danteh,sir_chaox,1
chemicaldragoon,black_samurai156,4
sodapoppin,mickrispy,1
thedissrapper,boredassbuck,1
thedissrapper,r1yproject,0
danteh,codyyh_,2
thedissrapper,h3yrist,0
thedissrapper,lilnerfgunn,2
uberhaxornova,itzgalaxyyyy,3
thedissrapper,zootloc,0
thedissrapper,cirocrsn,5
uberhaxornova,fr4nkthet4nk1,1
thedissrapper,rainbowneighbour,0
thedissrapper,loooshh,0
thedissrapper,geewiz,1
sodapoppin,zenpaii0548,1
thedissrapper,b_sium,0
thedissrapper,trenton_,2
thedissrapper,ikimberlyyi,0
thedissrapper,nz_aspectz,1
uberhaxornova,kitsune_s,1
thedissrapper,foreversleepp,32
thedissrapper,foreversleepp,8
thedissrapper,merrioo,1
uberhaxornova,jtl012,1
uberhaxornova,allysaa_,2
thedissrapper,soycholo,1
thedissrapper,socioo,1
danteh,helghast76,4
thedissrapper,lonzo_drg,1
thedissrapper,yhuc,1
thedissrapper,dissgodoverlos,1
thedissrapper,jumborageextra,0
danteh,sir_chaox,2
giantwaffle,kronovi,1
uberhaxornova,jbarti7o,15
chemicaldragoon,nightbot,7
thedissrapper,crusho_,1
danteh,sir_chaox,1
thedissrapper,lakkon_,5
danteh,danksp0nge,2
thedissrapper,alexisawesome74,35
danteh,helghast76,3
uberhaxornova,allfthrfrankie,3
thedissrapper,lpeekxgodl,1
thedissrapper,uncomonforme,9
thedissrapper,sleepyboyjoe,1
thedissrapper,little_sausage1,1
thedissrapper,speedyman08,18
thedissrapper,malichx,11
chemicaldragoon,chunkerfizzel33,3
thedissrapper,idc_kurisu,1
thedissrapper,dissgodoverlos,1
thedissrapper,game_god_btd,1
danteh,samri9000,5
chemicaldragoon,professordarkyt,4
thedissrapper,unclescirty,14
thedissrapper,malichx,6
thedissrapper,chop248,1
thedissrapper,ojoe__joeo,1
danteh,helghast76,6
thedissrapper,jumborageextra,1
uberhaxornova,secretlypikachu,6
giantwaffle,jerrynunie,5
thedissrapper,ttrs_,1
uberhaxornova,bunnykoko,5
thedissrapper,glo_gang69,22
uberhaxornova,septism96,3
thedissrapper,apollosk38,3
thedissrapper,xxguythesinsterxx,1
uberhaxornova,dylsco3,4
danteh,wtf76,3
uberhaxornova,cottoncandyquartz,3
thedissrapper,malichx,4
thedissrapper,lakkon_,1
danteh,danksp0nge,4
danteh,codyyh_,4
danteh,elisyov,1
danteh,woahshi,5
danteh,karen_annnn,11
thedissrapper,h3yrist,2
thedissrapper,kidpurpp,2
sodapoppin,shuzure,2
danteh,bbistheman21,16
danteh,masterhanzo12,10
danteh,sir_chaox,1
danteh,elisyov,2
thedissrapper,evilacerock,6
thedissrapper,lilcb2bofficial,2
danteh,sir_chaox,1
danteh,dawg_gawd,1
danteh,nightbot,8
danteh,sir_chaox,5
thedissrapper,ifinesser,1
thedissrapper,royaleast,13
thedissrapper,rainbowneighbour,1
sodapoppin,endiyey_,3
thedissrapper,glo_gang69,5
thedissrapper,ttrs_,1
thedissrapper,zootloc,1
thedissrapper,mistersinister21,2
thedissrapper,royaleast,1
danteh,lakethememer,1
danteh,lucrodium,1
uberhaxornova,evanito,1
danteh,elisyov,1
thedissrapper,siddhbharucha,2
uberhaxornova,olliecatron12,4
uberhaxornova,jerco2020,1
rallied,bbusteed,11
danteh,oldslavelegss,4
danteh,sir_chaox,1
thedissrapper,lazyjc1,3
rallied,trellocod,1
thedissrapper,meliketoast,1
thedissrapper,rainbowneighbour,2
danteh,swaggerliciouswangsta,3
rallied,chancegt,2
thedissrapper,fernandez192,4
thedissrapper,snizzleisbae,5
danteh,helghast76,2
uberhaxornova,pandabearjacob,1
danteh,yurify,6
danteh,swaggerliciouswangsta,1
rallied,sethjfoxx,2
thedissrapper,acpechan53,5
uberhaxornova,obamadontcare666,7
uberhaxornova,jerco2020,5
uberhaxornova,zavr0s,1
uberhaxornova,nightbot,38
thedissrapper,boredassbuck,5
uberhaxornova,jazitj,2
thedissrapper,unclescirty,1
thedissrapper,zootloc,2
uberhaxornova,psyththereaper2,5
uberhaxornova,trippy_mittens,6
danteh,oldslavelegss,17
thedissrapper,ttv_toxictook,4
danteh,not_w1ll,2
thedissrapper,nathanwilsontips,1
thedissrapper,crusho_,3
thedissrapper,uncomonforme,6
danteh,clorg,3
danteh,elisyov,1
danteh,karen_annnn,4
danteh,beggarow,1
danteh,sir_chaox,2
uberhaxornova,yuhikyaku,11
disguisedtoast,etahahad,2
danteh,clorg,7
danteh,sir_chaox,2
bobross,kelenheller_,5
thedissrapper,malichx,2
rallied,ryleer_,20
sodapoppin,luppoooo,1
thedissrapper,rs_creation,2
danteh,audy,4
danteh,karen_annnn,1
sodapoppin,dxozmain,1
thedissrapper,uncomonforme,4
danteh,zachisosum,5
thedissrapper,lilnerfgunn,1
thedissrapper,obliviye,3
thedissrapper,jumborageextra,1
thedissrapper,milescuh,1
danteh,helghast76,3
thedissrapper,brandinberre,2
thedissrapper,yellananner,1
giantwaffle,the_spriggan,1
thedissrapper,kakashisixninee,1
thedissrapper,lilnerfgunn,2
thedissrapper,teamstunna,1
thedissrapper,iceybrandon,1
thedissrapper,chino672,2
thedissrapper,baljeet___,4
uberhaxornova,evanito,3
disguisedtoast,knifeofsilence,2
danteh,elisyov,2
danteh,decimated89,3
danteh,sir_chaox,3
uberhaxornova,itsstillryan,1
disguisedtoast,lmtylr,1
danteh,nightbot,7
thedissrapper,ttrs_,2
uberhaxornova,mastermike9805,8
danteh,wholegrainn,1
thedissrapper,theoretv,1
danteh,helghast76,4
danteh,dmahri,10
thedissrapper,youngbruceinthebooty,2
rallied,splixie,2
disguisedtoast,lotus_kitty,4
thedissrapper,samj8345,1
thedissrapper,nisalarab,7
danteh,dmahri,5
danteh,oldslavelegss,5
danteh,sir_chaox,1
thedissrapper,huncho_stuntin,1
sodapoppin,whitelight94,1
danteh,audy,9
danteh,illumina1337,2
thedissrapper,fuzionricky,1
thedissrapper,nxndo,4
danteh,wholegrainn,6
uberhaxornova,woahmanchillout,1
rallied,vigesimation,6
uberhaxornova,icecool105,3
thedissrapper,foreversleepp,7
thedissrapper,bullty123,1
thedissrapper,sixxfootturkey,1
danteh,sir_chaox,3
chemicaldragoon,black_samurai156,1
thedissrapper,zayrand_,1
thedissrapper,doctoryams,1
rallied,tempomelts,1
thedissrapper,karny,1
danteh,rousss,1
danteh,opensuf,11
danteh,yurify,2
disguisedtoast,farmsi6ze,1
thedissrapper,yaboitank,7
danteh,sir_chaox,2
thedissrapper,little_sausage1,4
thedissrapper,yaboitank,2
thedissrapper,acxsta21,2
danteh,tunavi,3
thedissrapper,burntpotatochipz,2
sodapoppin,jack1ofdkind,7
thedissrapper,indian_dissgod,6
thedissrapper,sarcoplasmic,1
uberhaxornova,coco2355,3
thedissrapper,only_1_jd,9
thedissrapper,gslck,4
thedissrapper,whooooaml,1
thedissrapper,whippedboyjseng,1
rallied,mikeybazzz,1
thedissrapper,ieatassman,1
thedissrapper,shpetimberisha5,2
thedissrapper,foreversleepp,1
thedissrapper,boredassbuck,2
thedissrapper,exquisiteslayz,1
thedissrapper,boredassbuck,1
danteh,yurify,0
thedissrapper,ixsage,1
sodapoppin,vorpal00,16
thedissrapper,juwanrb,2
thedissrapper,nxndo,4
thedissrapper,boogums211,1
thedissrapper,cirocrsn,5
thedissrapper,indian_dissgod,16
danteh,czeckers,1
thedissrapper,ifinesser,1
thedissrapper,alex_m1,18
thedissrapper,yyysencacion,4
thedissrapper,606trap,1
thedissrapper,ifinesser,1
thedissrapper,ttv_toxictook,5
thedissrapper,ifinesser,1
thedissrapper,og_retros,2
thedissrapper,obliviye,2
thedissrapper,supersaiyansami,2
danteh,jamdog142,1
danteh,sir_chaox,2
sodapoppin,miik_dud,3
thedissrapper,pervertedrgs,1
chemicaldragoon,onlytraelz,2
danteh,helghast76,8
thedissrapper,iijeremiaii,1
disguisedtoast,flaminglasso,2
thedissrapper,kingadam02,1
thedissrapper,chino672,0
thedissrapper,theoretv,4
thedissrapper,undeadpepe,6
thedissrapper,doctoryams,8
rallied,liononlowkey,2
thedissrapper,arouva_,1
thedissrapper,antzzz_,2
danteh,sir_chaox,2
chemicaldragoon,nightbot,6
thedissrapper,plexv1,5
rallied,vortex_beastx,31
rallied,tempomelts,4
rallied,polar_bear009,18
thedissrapper,itz_w1ngz,10
thedissrapper,bryanfbgm,1
thedissrapper,fuzionricky,3
thedissrapper,fuzionricky,1
thedissrapper,isdatisaiah,1
danteh,helghast76,1
rallied,sethjfoxx,12
sodapoppin,sam744,1
thedissrapper,vboss20,1
rallied,allgoodbro94,35
danteh,decimated89,4
disguisedtoast,sennytrill,3
thedissrapper,dluffy999,4
rallied,phucket1,1
thedissrapper,trapmar301,2
disguisedtoast,kp_crixx,1
thedissrapper,samxoutlast,3
rallied,jagwyar,4
thedissrapper,cisco1024,1
uberhaxornova,yuhikyaku,2
thedissrapper,crusho_,14
rallied,oexqy,2
thedissrapper,cervantes_1212,3
giantwaffle,t_blazian,1
thedissrapper,snizzleisbae,6
thedissrapper,alex_79_,7
thedissrapper,disgustedgoat,1
thedissrapper,korimaku,1
danteh,helghast76,5
thedissrapper,lakkon_,4
thedissrapper,korimaku,1
danteh,danksp0nge,1
thedissrapper,chino672,1
thedissrapper,samxoutlast,1
thedissrapper,nbaconstrips,1
danteh,karen_annnn,8
danteh,sortanow,4
thedissrapper,soycholo,1
thedissrapper,crazygoate,1
danteh,clorg,2
rallied,colinjoseph,7
thedissrapper,itz_w1ngz,6
disguisedtoast,ajrod_02,7
thedissrapper,blacksandycheecks,1
thedissrapper,ybnterry,1
thedissrapper,mellowdog,1
danteh,aumygaud,8
danteh,ryderlmao,5
thedissrapper,johnwall69,7
thedissrapper,brokebonds,3
thedissrapper,deadlycrossoverr,2
uberhaxornova,theladykatt,16
danteh,portilho,2
danteh,ryderlmao,4
danteh,hawkeye69192004,5
thedissrapper,mellowdog,9
thedissrapper,glo_gang69,10
danteh,sir_chaox,2
sodapoppin,incantum,4
thedissrapper,exquisiteslayz,6
uberhaxornova,jeffersonsteel_flex,4
thedissrapper,iijeremiaii,2
thedissrapper,veganism,4
thedissrapper,minydino,5
thedissrapper,soycholo,3
bobross,jermainedurpi,3
sodapoppin,paulthecat,1
thedissrapper,heizted,1
sodapoppin,gachi_gucci_gang_gasm,1
danteh,sir_chaox,7
thedissrapper,lazyjc1,5
thedissrapper,veganism,1
thedissrapper,cedygoldchain,1
sodapoppin,aquintic,1
sodapoppin,oxygenl7,2
thedissrapper,ifinesser,1
thedissrapper,cervantes_1212,12
uberhaxornova,iasupersoldier,4
thedissrapper,lord_skies,1
thedissrapper,plexv1,1
thedissrapper,milty2,1
thedissrapper,xxrxconxx,6
thedissrapper,boredassbuck,2
danteh,dimuuu,1
thedissrapper,rustysparkle,7
rallied,texazoriginal,3
thedissrapper,thewlnner,1
thedissrapper,gvlaxyzz,2
thedissrapper,nisalarab,6
uberhaxornova,pandabearjacob,1
thedissrapper,huncho_stuntin,1
thedissrapper,johnwall69,1
danteh,helghast76,1
danteh,sir_chaox,1
thedissrapper,laytack,2
thedissrapper,foreversleepp,1
thedissrapper,johnwall69,10
thedissrapper,campchaos17,2
danteh,motormerah,9
thedissrapper,boredassbuck,7
danteh,karen_annnn,4
thedissrapper,ieatassman,2
thedissrapper,4drstorm,49
thedissrapper,jleon626,8
thedissrapper,ieatassman,1
giantwaffle,skipbopbadiddly,3
thedissrapper,kyr_sp33dy_fan_,1
thedissrapper,kidpurpp,1
danteh,i_reallywanttodie,1
danteh,yurify,3
sodapoppin,alekseqsd,1
danteh,i_reallywanttodie,1
thedissrapper,lldemiigodzll,4
thedissrapper,fuzionricky,3
danteh,hazardless,2
uberhaxornova,damon_locke,4
rallied,swentyy,1
rallied,thenerdfactor3,17
thedissrapper,ieatassman,1
danteh,sir_chaox,4
danteh,clorg,2
thedissrapper,zootloc,5
danteh,yurify,3
thedissrapper,fuzionricky,5
thedissrapper,jay_hunchooo,4
danteh,sir_chaox,1
thedissrapper,boogums211,1
thedissrapper,juicekiller47,1
thedissrapper,gvlaxyzz,1
danteh,jakeiswolf15,1
thedissrapper,bushdid9elevennn,15
thedissrapper,lilbrn,1
uberhaxornova,evanito,1
thedissrapper,charisma_rgs,1
thedissrapper,deathteddyngc,4
danteh,rowmizzle,1
danteh,hazardless,1
rallied,oldiies,4
danteh,lovelyuwu,1
danteh,yurify,1
danteh,jacobmeister03,7
rallied,lejoegrogan,2
thedissrapper,indian_dissgod,0
danteh,aironicks,1
danteh,love_5osa305,1
thedissrapper,supersaiyansami,1
thedissrapper,boredassbuck,3
thedissrapper,glo_gang69,12
disguisedtoast,shortyizrippin,1
thedissrapper,bask___,0
danteh,nhughes23,1
danteh,tymkeee,1
thedissrapper,ieatassman,5
thedissrapper,johnwall69,2
thedissrapper,boredassbuck,1
danteh,aironicks,1
rallied,toaktv,15
danteh,nightbot,6
danteh,naycos,5
thedissrapper,ctw461,2
thedissrapper,dluffy999,14
uberhaxornova,ender_butt,1
thedissrapper,jay4gb,2
thedissrapper,lordeflacko,4
thedissrapper,trenton_,5
disguisedtoast,xphantomscore,7
thedissrapper,supersaiyansami,2
thedissrapper,iijeremiaii,1
rallied,swentyy,1
thedissrapper,itsbrandonnnnn,4
thedissrapper,kristapsformvp,2
thedissrapper,henrayy94,5
thedissrapper,nalzio,1
rallied,nightbot,5
thedissrapper,fourdey,1
rallied,zlthief,3
thedissrapper,tazgrizi,1
disguisedtoast,paranoiddd,1
thedissrapper,doctoryams,1
thedissrapper,exquisiteslayz,1
thedissrapper,jgw118,1
thedissrapper,deadlycrossoverr,1
thedissrapper,puffdaddy0923,3
thedissrapper,youngbruceinthebooty,3
thedissrapper,c1outy,1
thedissrapper,imabeast11092,0
thedissrapper,zone0,3
thedissrapper,magicwieners,1
giantwaffle,simplyjet,4
danteh,decimated89,1
thedissrapper,lirkingdegree,1
thedissrapper,pappafranku34,1
rallied,hoskyx,4
thedissrapper,johnny10813,2
uberhaxornova,screaminghairychunli,1
uberhaxornova,lazykao,1
disguisedtoast,rojn,3
thedissrapper,xxguythesinsterxx,2
sodapoppin,t1_banned_me,6
thedissrapper,fuzionricky,5
thedissrapper,nxndo,1
thedissrapper,saucierpanic14,1
thedissrapper,lil_julz500,4
thedissrapper,trapmar301,1
thedissrapper,minydino,1
thedissrapper,samxoutlast,1
thedissrapper,daegrind,1
thedissrapper,tadoh,1
danteh,sir_chaox,1
rallied,nightbot,6
thedissrapper,playstayshone,1
thedissrapper,supersaiyansami,2
uberhaxornova,crazzybob1231,1
thedissrapper,crusho_,2
rallied,spyingwinter,6
sodapoppin,therealsoapyy,2
thedissrapper,xxguythesinsterxx,2
danteh,sir_chaox,3
thedissrapper,benigans6,2
thedissrapper,jebnasti,1
thedissrapper,soycholo,1
rallied,phucket1,2
thedissrapper,amphilthy,1
thedissrapper,magicrain21,2
thedissrapper,xfactor88_,3
danteh,sir_chaox,3
uberhaxornova,iasupersoldier,6
thedissrapper,heizted,5
thedissrapper,gomezipostup,8
thedissrapper,outplayinbush,3
rallied,jectiles,1
thedissrapper,boredassbuck,2
uberhaxornova,squigglyjinxxjams,1
sodapoppin,drownreflexx,2
uberhaxornova,valfarias,4
thedissrapper,rpisthebest,3
sodapoppin,drascothermal,1
thedissrapper,aaron_cien,3
thedissrapper,minydino,1
thedissrapper,rxck3t,1
danteh,akunaa,2
thedissrapper,yooshaq,1
disguisedtoast,dancingbroccoli2,1
thedissrapper,ityrus,1
thedissrapper,pnutbutterbaby,4
danteh,lovelyuwu,4
thedissrapper,xxxhellcatxx,1
thedissrapper,lightskinsuave,4
thedissrapper,sugondeze_,2
uberhaxornova,itzgalaxyyyy,19
thedissrapper,batmanaus,5
sodapoppin,garvey_preston,1
thedissrapper,ifinesser,1
sodapoppin,starhmpton,28
uberhaxornova,black_phoenix81,1
thedissrapper,j0hnj0hn,1
disguisedtoast,eisuke24,0
thedissrapper,r3y2272,7
thedissrapper,ifinesser,1
thedissrapper,crusho_,1
disguisedtoast,rpgsmashx,0
uberhaxornova,md01z,3
rallied,xdrelova,1
thedissrapper,adouble2009,3
danteh,auraofdawn,1
thedissrapper,ieatassman,6
danteh,nightbot,19
danteh,sir_chaox,3
rallied,mexxie_,1
sodapoppin,mustlord95,1
bobross,twowheeledesq,4
thedissrapper,r3y2272,7
thedissrapper,unpredictable5,1
danteh,aironicks,1
sodapoppin,harding,1
danteh,aironicks,10
rallied,mexxie_,2
thedissrapper,lonzo_drg,1
thedissrapper,aaron_cien,2
thedissrapper,streamelements,11
disguisedtoast,erickr9,3
disguisedtoast,omegawolffang,1
danteh,naycos,2
uberhaxornova,u_maad,1
thedissrapper,blueface,23
thedissrapper,cedygoldchain,6
uberhaxornova,jumpai,3
rallied,clearrus,24
danteh,nepnepgo,1
sodapoppin,colbymain,3
rallied,swishyyy_,11
thedissrapper,nxndo,1
thedissrapper,youngbruceinthebooty,1
thedissrapper,zayrand_,1
thedissrapper,og_retros,3
thedissrapper,boredassbuck,4
rallied,elvvyy,1
thedissrapper,sickskills96,2
rallied,imolchy,1
rallied,nightbot,5
rallied,xdrelova,1
thedissrapper,acxsta21,3
thedissrapper,indian_dissgod,2
thedissrapper,youngbruceinthebooty,4
disguisedtoast,ashgreninjax,7
thedissrapper,d_town_cartel,1
rallied,jagwyar,6
thedissrapper,sleepyboyjoe,2
thedissrapper,crusho_,11
danteh,sir_chaox,2
thedissrapper,lazyjc1,2
thedissrapper,samj8345,3
thedissrapper,cedygoldchain,1
thedissrapper,evilacerock,3
thedissrapper,obeyxxog,2
thedissrapper,lirkingdegree,1
disguisedtoast,dalonegunman,17
thedissrapper,dopalis,1
thedissrapper,brandinberre,3
thedissrapper,lord_skies,2
danteh,kkrispykk,11
thedissrapper,triforcebria,12
thedissrapper,nisalarab,1
thedissrapper,foreversleepp,1
thedissrapper,xfahxzombiee,1
rallied,elvvyy,4
thedissrapper,dopalis,2
danteh,sir_chaox,6
thedissrapper,kidpurpp,3
thedissrapper,robert80555,2
thedissrapper,ieatturtles5000,2
thedissrapper,andresru1z,2
disguisedtoast,samot0,1
uberhaxornova,sup13,4
thedissrapper,bfromsoflo,3
thedissrapper,lemonboy_823,2
thedissrapper,ffasfaadanasd,2
thedissrapper,boredassbuck,1
thedissrapper,bhoovas,4
thedissrapper,thelucidcam,2
danteh,sir_chaox,1
thedissrapper,theoretv,3
thedissrapper,bhoovas,1
thedissrapper,sleezo666,1
thedissrapper,kidwithamask,2
uberhaxornova,itzgalaxyyyy,19
uberhaxornova,hector_james,1
danteh,sir_chaox,1
thedissrapper,meliketoast,4
thedissrapper,himrnose,1
thedissrapper,pappafranku34,1
thedissrapper,yyysencacion,2
thedissrapper,yhuc,1
thedissrapper,ll_simp_ll,1
thedissrapper,lord_skies,1
thedissrapper,justinagee,1
rallied,zachaye,5
thedissrapper,nathanwilsontips,3
disguisedtoast,gibransho,2
thedissrapper,jcollier,5
thedissrapper,magicwieners,1
danteh,iwearcrocs101,12
thedissrapper,daddyharris35,2
danteh,aironicks,2
danteh,ozoneic,3
danteh,sir_chaox,16
thedissrapper,genocideextendo,5
thedissrapper,lirkingdegree,1
thedissrapper,royaleast,1
thedissrapper,boredassbuck,3
thedissrapper,way_of_wade,1
danteh,cynicalclock,3
thedissrapper,jay_hunchooo,5
danteh,sir_chaox,2
thedissrapper,trenton_,1
danteh,zoxpartl,6
danteh,lakethememer,2
danteh,sir_chaox,1
danteh,aironicks,1
thedissrapper,glo_gang69,13
danteh,jimmysama01,3
danteh,battlefieldover9000,2
danteh,sir_chaox,2
thedissrapper,xfactor88_,3
thedissrapper,whippedboyjseng,6
thedissrapper,berkan_kahrs,4
thedissrapper,bask___,13
thedissrapper,alexisawesome74,1
thedissrapper,vboss20,2
danteh,lakethememer,4
danteh,sir_chaox,1
rallied,mxrror,1
danteh,lana__rhoades,1
thedissrapper,yhuc,1
danteh,sir_chaox,1
danteh,jacobmeister03,3
disguisedtoast,sounder_chain808,1
thedissrapper,brandinberre,8
danteh,yurify,2
danteh,sir_chaox,6
danteh,hankzmen,1
danteh,tymkeee,2
disguisedtoast,shoukatsu09,3
disguisedtoast,freemalachi,2
danteh,illumina1337,3
danteh,jimmysama01,1
danteh,walterrblack,4
thedissrapper,ricepoppa,7
thedissrapper,soycholo,6
thedissrapper,looneyxgod,1
danteh,battlefieldover9000,3
thedissrapper,outplayinbush,0
thedissrapper,yhuc,3
thedissrapper,aahil_209,1
thedissrapper,crusho_,2
thedissrapper,siddhbharucha,1
rallied,mxrror,2
thedissrapper,b_sium,4
thedissrapper,evilacerock,1
thedissrapper,noxyc1,2
thedissrapper,nisalarab,1
disguisedtoast,traderdan,3
danteh,itsrawkus,5
thedissrapper,jay_hunchooo,2
danteh,itsrawkus,2
rallied,zachaye,3
thedissrapper,showtime_wolf,8
danteh,nikitat,2
thedissrapper,dxsturbed,2
thedissrapper,rxck3t,6
thedissrapper,airsb4,1
thedissrapper,bfromsoflo,3
thedissrapper,bfromsoflo,3
sodapoppin,eirvrie,50
thedissrapper,jebnasti,1
thedissrapper,kevsnipe,1
thedissrapper,rerix,3
thedissrapper,huncho_stuntin,2
danteh,bbbeel,3
thedissrapper,official_gh0st,1
thedissrapper,savkamrin,4
danteh,aumygaud,4
thedissrapper,aaron_cien,3
rallied,njghtljght,2
thedissrapper,xfactor88_,3
danteh,iwearcrocs101,9
disguisedtoast,jingdoli,1
rallied,nightbot,1
uberhaxornova,jeannnbean,3
sodapoppin,stonedwa11,1
danteh,tracyannin,17
thedissrapper,laytack,1
thedissrapper,thatkidvertz,1
danteh,das_h,1
thedissrapper,jay_hunchooo,10
sodapoppin,linkrowlol,2
uberhaxornova,zavr0s,1
disguisedtoast,j00nchoi,3
uberhaxornova,itzgalaxyyyy,3
disguisedtoast,93iq,1
uberhaxornova,absolutepi,3
thedissrapper,j0hnj0hn,3
danteh,leszoka,2
danteh,iwearcrocs101,27
rallied,fusion_gunny,6
thedissrapper,baljeet___,3
thedissrapper,bfromsoflo,3
thedissrapper,meliketoast,6
rallied,rallied,9
danteh,plachta00,1
disguisedtoast,lordgaben420x,4
rallied,rallied,5
thedissrapper,nathanwilsontips,4
disguisedtoast,redxvelvet,1
rallied,vfraziier,4
danteh,das_h,11
danteh,aironicks,8
sodapoppin,alishatronn,20
thedissrapper,nathanwilsontips,5
uberhaxornova,humanbean_,1
danteh,woahshi,21
rallied,spyingwinter,3
thedissrapper,ttrs_,1
thedissrapper,indian_dissgod,4
thedissrapper,nathanwilsontips,1
thedissrapper,playstayshone,1
thedissrapper,magicrain21,1
thedissrapper,dfefdfdf,1
thedissrapper,nathanwilsontips,2
thedissrapper,brxndon1017,1
thedissrapper,lucygirl73,8
thedissrapper,yungsavage126,2
thedissrapper,peepps_,1
danteh,nelb3ans,1
danteh,das_h,1
thedissrapper,nalzio,1
rallied,xquipii,11
bobross,xiiidrnpisdakid,1
danteh,sunspear9,9
rallied,rxvoz,1
disguisedtoast,kirsiyin_,1
danteh,coolgamerlaflame,4
danteh,battlefieldover9000,7
danteh,opensuf,4
thedissrapper,cedygoldchain,5
danteh,lovelyuwu,5
danteh,tracyannin,22
danteh,aironicks,6
thedissrapper,playstayshone,1
thedissrapper,heizted,2
danteh,nightbot,9
thedissrapper,uncomonforme,4
thedissrapper,magicrain21,2
thedissrapper,crusho_,4
uberhaxornova,idekwhattoput,6
thedissrapper,jxsuslentlessxl,1
thedissrapper,chino672,2
rallied,rallied,4
rallied,rallied,4
disguisedtoast,redxvelvet,1
thedissrapper,pattywackzz,1
thedissrapper,jay_hunchooo,12
danteh,tracyannin,5
rallied,jagwyar,3
thedissrapper,ieatassman,1
thedissrapper,loveherpez,1
thedissrapper,x_the_godly,1
thedissrapper,glo_gang69,0
thedissrapper,dfefdfdf,1
rallied,bignono24,3
thedissrapper,rxck3t,0
thedissrapper,nxndo,1
thedissrapper,jongfer,0
disguisedtoast,sirshelly,1
thedissrapper,xxxhellcatxx,1
danteh,aironicks,5
thedissrapper,jay_hunchooo,6
danteh,yurify,1
thedissrapper,thesavior2xx,1
thedissrapper,notdrg,3
thedissrapper,fortnite_leg3nd,12
thedissrapper,apporto,1
thedissrapper,ieatassman,3
danteh,twitchprimeninja,3
rallied,whiizdom,2
disguisedtoast,riceling,3
danteh,toflow,5
thedissrapper,crusho_,4
thedissrapper,daddyharris35,3
rallied,gloemez,12
danteh,toflow,3
rallied,gloemez,1
danteh,lizzieeee,1
thedissrapper,brandinberre,1
thedissrapper,kingslayer_101,1
thedissrapper,chino672,1
thedissrapper,rionn_,1
thedissrapper,scuffed24,9
thedissrapper,soycholo,1
danteh,yurify,3
thedissrapper,glo_gang69,1
disguisedtoast,gmann45,1
danteh,sunspear9,2
danteh,walterrblack,3
danteh,troyhenryyy,9
thedissrapper,burntpotatochipz,2
danteh,profitow,1
danteh,opensuf,2
rallied,tjfire11,7
danteh,thegoldenboy__,3
danteh,j_t_see693,2
danteh,yurify,2
disguisedtoast,traderdan,4
thedissrapper,23jumperr,4
thedissrapper,royaleast,1
danteh,thegoldenboy__,2
danteh,j_t_see693,2
danteh,profitow,2
disguisedtoast,greenricky,6
rallied,bignono24,5
thedissrapper,606trap,2
thedissrapper,faaade_,1
danteh,ironxd,4
danteh,profitow,1
thedissrapper,easyt,1
danteh,j_t_see693,1
rallied,drac000__,1
danteh,tracyannin,1
rallied,stellarmoves,3
danteh,jensenvonjensen,1
danteh,muma,1
sodapoppin,vallitium,7
thedissrapper,thehitlertv,2
thedissrapper,savkamrin,2
sodapoppin,t1_banned_me,5
danteh,dancingmadow,5
thedissrapper,goatcurt,6
danteh,unr3al_ow,1
bobross,musicalone,4
thedissrapper,taquito_69,4
bobross,gameronexo,2
thedissrapper,jcollier,6
disguisedtoast,sounder_chain808,6
disguisedtoast,samot0,7
rallied,kwingyyy,3
uberhaxornova,theamazingwetness,3
thedissrapper,crusho_,9
rallied,jagwyar,2
thedissrapper,nathanwilsontips,5
thedissrapper,magicrain21,1
danteh,kxytra,12
thedissrapper,xxxhellcatxx,1
thedissrapper,veganism,4
thedissrapper,deadlycrossoverr,1
thedissrapper,fayfuego,2
thedissrapper,marcusdagoat64,2
thedissrapper,samxoutlast,2
rallied,grezeys,2
bobross,toastershroodle,1
danteh,itsarcherr,4
bobross,gameronexo,3
thedissrapper,notdisstracker,2
danteh,muma,9
thedissrapper,drdeamz1,1
danteh,oopie_,12
sodapoppin,rustyvr,5
thedissrapper,nathanwilsontips,3
thedissrapper,dagaming123123123,4
bobross,starforge_79,5
thedissrapper,notdisstracker,1
danteh,j_t_see693,3
thedissrapper,xhemald,1
thedissrapper,disgustedgoat,2
rallied,optmn,11
danteh,dancingmadow,11
thedissrapper,lilbrn,2
thedissrapper,kevsnipe,1
danteh,iced_ow,2
danteh,keinnetic,1
thedissrapper,ttrs_,1
danteh,iced_ow,6
danteh,yurify,4
danteh,tracyannin,1
danteh,julienorsomething,2
rallied,mxtte,6
thedissrapper,hjc56,3
danteh,xbadxninjax,2
danteh,basic0cam,4
danteh,danteh,5
danteh,tessdash,2
danteh,danteh,3
rallied,optmn,4
thedissrapper,reuploads,14
thedissrapper,yhuc,6
thedissrapper,dopalis,1
disguisedtoast,taken_login,1
thedissrapper,magicrain21,3
thedissrapper,lilnerfgunn,1
disguisedtoast,tiki316,1
thedissrapper,dagaming123123123,4
disguisedtoast,skionian,28
thedissrapper,r3y2272,3
uberhaxornova,halonoob94,1
uberhaxornova,chunkybutternut,2
disguisedtoast,cheezmaxx,4
disguisedtoast,rainierdaninja,21
thedissrapper,jleon626,3
thedissrapper,dcvniel,1
thedissrapper,crusho_,1
disguisedtoast,weeben8,4
thedissrapper,glo_gang69,21
uberhaxornova,spencj,2
thedissrapper,cornnuts,1
uberhaxornova,mshari_,2
thedissrapper,thehitlertv,1
uberhaxornova,coldespresso,5
disguisedtoast,darkfathermage,4
disguisedtoast,riasalexina,4
uberhaxornova,joshuacwy,5
thedissrapper,bfromsoflo,1
thedissrapper,ispitlavabars,8
bobross,mattyhueplays,4
rallied,noqhx,2
thedissrapper,zootloc,3
thedissrapper,rashadleon,4
rallied,taylorj,7
sodapoppin,lvjake21,1
thedissrapper,jay_hunchooo,10
thedissrapper,r3y2272,7
uberhaxornova,didthemarinerswin,1
thedissrapper,vexolent,2
thedissrapper,gridironh3ro2,2
thedissrapper,ieatassman,6
thedissrapper,primezg,4
thedissrapper,xfactor88_,7
rallied,taylorj,0
rallied,ttaim,1
thedissrapper,taquito_69,1
rallied,polar_bear009,1
disguisedtoast,traderdan,6
disguisedtoast,kammekasu,1
rallied,thewelder6g,8
thedissrapper,necessityyy,2
rallied,conzjk,6
disguisedtoast,bicboiasian5,3
thedissrapper,og_retros,4
thedissrapper,king_vicente24,0
thedissrapper,baljeet___,12
bobross,surowywps,3
thedissrapper,sickskills96,2
thedissrapper,exquisiteslayz,2
thedissrapper,imrealelstreet,11
thedissrapper,king_vicente24,0
thedissrapper,jay_hunchooo,9
thedissrapper,dagaming123123123,5
thedissrapper,hshssjsjs,11
thedissrapper,thehitlertv,1
thedissrapper,crusho_,1
rallied,mr_wrek,4
rallied,skyszn,3
rallied,noahteders24,1
uberhaxornova,retrostarfoxxy,3
thedissrapper,nathanwilsontips,4
thedissrapper,kevsnipe,3
thedissrapper,23jumperr,4
rallied,jagwyar,6
rallied,tjfire11,1
thedissrapper,ttrs_,6
thedissrapper,lazyjc1,8
thedissrapper,eloyurbina,10
thedissrapper,trenton_,3
rallied,optmn,1
thedissrapper,bfromsoflo,5
thedissrapper,thehitlertv,2
thedissrapper,jay_hunchooo,2
thedissrapper,datoneguy207,3
thedissrapper,lonz0_2,1
rallied,xxpridexpainxx,11
rallied,daschreff,4
thedissrapper,itzsebbruh,4
thedissrapper,darealistouthea,32
disguisedtoast,mattv52,4
rallied,bieepy,5
disguisedtoast,wukioh,3
thedissrapper,aaron_cien,7
bobross,apollowolf21,4
disguisedtoast,riskv,2
uberhaxornova,slinic,7
thedissrapper,xcj__,1
uberhaxornova,yuhikyaku,6
disguisedtoast,chilledh2o,1
thedissrapper,pscocuddy,5
thedissrapper,loslsobese,3
thedissrapper,taquito_69,3
thedissrapper,4drstorm,4
uberhaxornova,cainmbs,1
uberhaxornova,crazzybob1231,2
disguisedtoast,babyzzzz,1
disguisedtoast,07fg,1
rallied,vfraziier,2
thedissrapper,2muchtherapper,9
thedissrapper,ifinesser,2
uberhaxornova,beardedsifu,4
thedissrapper,soycholo,3
rallied,vfraziier,6
sodapoppin,kittymeowmeoww,1
uberhaxornova,crustyeggnog47,4
thedissrapper,soyboricua,1
thedissrapper,bfromsoflo,14
thedissrapper,j0hnj0hn,4
thedissrapper,zone0,6
bobross,corlas8,2
thedissrapper,rapbattle,3
thedissrapper,illlking,2
thedissrapper,alexisgomez159,4
thedissrapper,j0hnj0hn,2
uberhaxornova,crazzybob1231,2
thedissrapper,campchaos17,1
thedissrapper,thegurush,6
uberhaxornova,xxthetyrantxx,1
dakotaz,ahnah,3
thedissrapper,charisma_rgs,3
disguisedtoast,skulls912,2
thedissrapper,acxsta21,3
thedissrapper,yvngisrxxl,1
thedissrapper,ttrs_,1
thedissrapper,berkan_kahrs,3
thedissrapper,trenton_,6
thedissrapper,icygum,11
thedissrapper,darealistouthea,0
thedissrapper,lakersfan4lifebruh,6
disguisedtoast,mazziosare,5
dakotaz,datsicko,2
thedissrapper,thegurush,11
disguisedtoast,yummykaraage,1
thedissrapper,neps10,8
sodapoppin,feelsgoodmydude,2
sodapoppin,notacrabperson,2
dakotaz,amaziningboss,2
thedissrapper,trumpisbae3,1
thedissrapper,streamelements,8
disguisedtoast,ordato,1
uberhaxornova,sgt_recka,8
thedissrapper,uncomonforme,3
thedissrapper,the_only_vortexx,2
disguisedtoast,hiimthotd,1
thedissrapper,trenton_,1
thedissrapper,rapbattle,3
thedissrapper,jay_hunchooo,3
dakotaz,gaminglumosity,9
disguisedtoast,joshann,1
thedissrapper,ibli7z_,1
dakotaz,annlhilation,8
thedissrapper,kevsnipe,8
uberhaxornova,squirf,1
thedissrapper,jay_hunchooo,15
sodapoppin,astr0monstr0,2
rallied,rallied,5
uberhaxornova,itsstillryan,1
dakotaz,dynamic_brothers,3
sodapoppin,grizzlyhead,2
thedissrapper,ttrs_,5
rallied,jagwyar,2
thedissrapper,finesseryrl,1
thedissrapper,daddyharris35,2
dakotaz,kammz,1
rallied,vcct,2
thedissrapper,slumpxgod19,6
rallied,yeezydadon,5
thedissrapper,lmpregnate,2
thedissrapper,chino672,1
rallied,npars2424,10
thedissrapper,sleepyboyjoe,1
thedissrapper,ixsage,2
rallied,goldy1104,5
thedissrapper,jeff_200,1
thedissrapper,cedygoldchain,1
thedissrapper,cuhzyy,4
thedissrapper,lmpregnate,2
rallied,guzablzin_,0
thedissrapper,kemarde,1
thedissrapper,nathanwilsontips,4
thedissrapper,notdisstracker,1
rallied,npars2424,4
dakotaz,maskedhero1024,3
thedissrapper,hamdan5832,3
thedissrapper,jay_hunchooo,1
thedissrapper,foreversleepp,1
rallied,jagwyar,6
thedissrapper,neps10,1
thedissrapper,pappafranku34,2
disguisedtoast,lighta77,1
uberhaxornova,vaderslocker,1
uberhaxornova,yuhikyaku,2
leonblack,kolst,3
thedissrapper,ispitlavabars,6
leonblack,nightbot,9
thedissrapper,lilnerfgunn,1
thedissrapper,jay_hunchooo,11
leonblack,entertainme_imbored,8
rallied,harryrogo7,1
thedissrapper,deadlycrossoverr,4
bobross,moobot,12
thedissrapper,ctw461,1
sodapoppin,capu_streams,2
thedissrapper,sleezo666,1
thedissrapper,ctw461,1
thedissrapper,ctw461,1
rallied,vcct,4
thedissrapper,daddyharris35,2
thedissrapper,xfactor88_,2
thedissrapper,streamelements,10
thedissrapper,hamdan5832,1
thedissrapper,campchaos17,1
rallied,npars2424,7
rallied,zachaye,2
thedissrapper,brandinberre,4
thedissrapper,deadlycrossoverr,2
thedissrapper,lnumba9,7
leonblack,imnotapot,9
thedissrapper,nathanwilsontips,8
dakotaz,stone_mkm18,5
thedissrapper,xavierjrenteria,2
rallied,godkrieger,7
thedissrapper,eloyurbina,1
thedissrapper,ajxxp16,1
thedissrapper,ttrs_,2
thedissrapper,mighty_wolf1,1
thedissrapper,zootloc,1
thedissrapper,zootloc,1
disguisedtoast,joshmttw,1
thedissrapper,freerivers2allen,2
thedissrapper,ieatassman,1
thedissrapper,rainbowneighbour,4
thedissrapper,rxck3t,2
thedissrapper,rainbowneighbour,1
thedissrapper,ttrs_,1
uberhaxornova,characterstigma,3
thedissrapper,beastmurphy45,1
thedissrapper,jorge_gutta_831,6
thedissrapper,ieatassman,1
leonblack,purposefull,2
disguisedtoast,ryosh,1
uberhaxornova,squirf,2
thedissrapper,edin_s,3
thedissrapper,dagaming123123123,4
thedissrapper,lnumba9,5
thedissrapper,ventzv1,3
thedissrapper,pooliojones,5
leonblack,ai0kon,1
thedissrapper,yungnz,1
thedissrapper,nxndo,1
rallied,jagwyar,8
thedissrapper,jay_hunchooo,7
thedissrapper,kingderso,2
thedissrapper,jay_hunchooo,7
thedissrapper,valleyboy,1
thedissrapper,nathanwilsontips,2
thedissrapper,brandinberre,2
thedissrapper,hamdan5832,1
thedissrapper,lilcb2bofficial,2
thedissrapper,sickskills96,2
thedissrapper,vboss20,2
thedissrapper,meliketoast,3
thedissrapper,rxck3t,1
thedissrapper,savkamrin,3
thedissrapper,flowers,2
uberhaxornova,zavr0s,1
thedissrapper,crusho_,2
rallied,lucygamer009,1
thedissrapper,bfromsoflo,0
thedissrapper,indian_dissgod,3
thedissrapper,bayleehuncho,4
sodapoppin,knyte_,8
thedissrapper,nxndo,1
thedissrapper,ttrs_,1
uberhaxornova,slinic,2
rallied,tbecharm,1
thedissrapper,fortnite_leg3nd,4
rallied,scottyurr,1
leonblack,purposefull,1
leonblack,hinastorm,2
sodapoppin,highpoint,8
rallied,visualgunny_,3
rallied,lucygamer009,4
sodapoppin,fossabot,19
rallied,nakyd,1
dakotaz,bittybitt02,8
thedissrapper,johnwall69,3
rallied,nightbot,5
sodapoppin,mojorising,2
sodapoppin,googlymonstr,2
thedissrapper,desputed,2
rallied,gloemez,3
thedissrapper,wilson1624,1
thedissrapper,kiddsavage96,2
thedissrapper,theoretv,2
thedissrapper,theoretv,6
leonblack,bubble_waffle,4
bobross,big_frog,5
rallied,warmful,1
leonblack,mrjacklikesgames,12
thedissrapper,lnumba9,4
bobross,itsnightsaw,4
thedissrapper,lebron23goat_,13
thedissrapper,diegor585,3
thedissrapper,lebron23goat_,8
rallied,mal850,1
rallied,mal850,2
thedissrapper,jo0ossh,5
thedissrapper,crusho_,1
thedissrapper,zootloc,2
thedissrapper,bfromsoflo,4
thedissrapper,misdial,2
thedissrapper,cruchcroc,30
rallied,nightbot,3
thedissrapper,jay_hunchooo,12
thedissrapper,rxck3t,2
rallied,mal850,7
thedissrapper,starrenegades,9
thedissrapper,thevoloway,4
dakotaz,danktiger31,3
rallied,mal850,1
bobross,thefishwhisperer,2
disguisedtoast,shuraryu,1
thedissrapper,soyboricua,1
thedissrapper,soyboricua,1
dakotaz,infact_,1
rallied,nightbot,1
rallied,nsecure7,1
rallied,shongo,8
rallied,sslacking_,1
dakotaz,a1boystacks,1
thedissrapper,jay_hunchooo,2
disguisedtoast,93iq,1
leonblack,wlejon,1
rallied,jagwyar,5
rallied,nsecure7,0
thedissrapper,islipknott,5
leonblack,boygenny,2
thedissrapper,kiddsavage96,5
leonblack,boygenny,1
uberhaxornova,orene,5
bobross,dirklongley,5
dakotaz,hixie17,1
dakotaz,igottaburp,4
rallied,exiaal,5
thedissrapper,theoretv,1
bobross,kristian14,2
bobross,musicalone,1
thedissrapper,eminentebik,2
rallied,beanszn,5
rallied,d0nn,7
thedissrapper,bfromsoflo,3
rallied,mxrror,5
thedissrapper,johnwall69,3
thedissrapper,hshssjsjs,2
thedissrapper,crusho_,2
thedissrapper,indian_dissgod,5
thedissrapper,wilson1624,1
thedissrapper,senpaixmomo,3
thedissrapper,jay_hunchooo,8
thedissrapper,itzsebbruh,4
thedissrapper,infintyzzz,1
thedissrapper,indian_dissgod,4
thedissrapper,theoretv,7
thedissrapper,mighty_wolf1,1
thedissrapper,whyphy__,1
leonblack,omek6,1
thedissrapper,kidpurpp,3
thedissrapper,bfromsoflo,1
thedissrapper,johnwall69,1
thedissrapper,rerix,1
thedissrapper,batmanaus,4
thedissrapper,taquito_69,1
thedissrapper,bfromsoflo,4
dakotaz,abestarr7,10
thedissrapper,henrayy94,3
thedissrapper,johnwall69,3
thedissrapper,ireallyloveyourmom,2
thedissrapper,jay_hunchooo,1
rallied,raptormercs,1
thedissrapper,crusho_,4
dakotaz,bolt_vi,5
thedissrapper,jay_hunchooo,4
thedissrapper,kingslayer_101,1
thedissrapper,zone0,5
disguisedtoast,oswaldrs,2
disguisedtoast,buny4n,1
thedissrapper,jo0ossh,1
dakotaz,helraiser419,22
disguisedtoast,techmaster11,1
rallied,subcitys,6
rallied,tbecharm,1
rallied,bieepy,1
thedissrapper,crusho_,3
uberhaxornova,autobotashley,12
thedissrapper,chino672,1
thedissrapper,sickskills96,1
leonblack,skruppler,1
thedissrapper,valleyboy,1
thedissrapper,zootloc,2
uberhaxornova,dropdeaddisco,1
thedissrapper,swollenalpha19,1
uberhaxornova,miorbolive,3
thedissrapper,chino672,1
thedissrapper,bfromsoflo,0
thedissrapper,fortnite_leg3nd,4
thedissrapper,apeslayer23,12
thedissrapper,zone0,3
uberhaxornova,glitchedgeometry,4
leonblack,sirakain,0
disguisedtoast,snicknick101,1
disguisedtoast,hyyster1a,6
dakotaz,igottaburp,3
disguisedtoast,jared_chocobo,3
rallied,xmnzo,3
dakotaz,ivan_bruhh,2
disguisedtoast,eolios,9
rallied,leroyv2,7
leonblack,wlejon,12
uberhaxornova,nightbot,1
rallied,trailmixx_,9
uberhaxornova,autobotashley,6
leonblack,sirakain,2
dakotaz,seanajames,5
uberhaxornova,blankman99,1
rallied,zoomfui,1
uberhaxornova,slinic,1
dakotaz,liopleurodon28,1
leonblack,sirakain,1
dakotaz,nightbot,4
disguisedtoast,the_mexican_gu,10
disguisedtoast,hackmsn,1
uberhaxornova,yuhikyaku,1
rallied,xmnzo,4
leonblack,wlejon,1
dakotaz,nightbot,2
disguisedtoast,cyrustevirus,7
disguisedtoast,yufukas01,1
bobross,stonyhillranchuhc,1
uberhaxornova,keycrets,13
uberhaxornova,jae700,2
uberhaxornova,yuhikyaku,4
dakotaz,piinchhh,5
dakotaz,iamwavyxd,35
bobross,mummymomma,1
rallied,nightbot,3
bobross,teaonemilk,11
rallied,prox314,3
dakotaz,fuzzysweaterpuppets,8
uberhaxornova,dropdeaddisco,2
disguisedtoast,deathblok,3
leonblack,iammryuk,2
disguisedtoast,romo_,2
rallied,polar_bear009,9
leonblack,omek6,1
rallied,noqhx,3
rallied,noqhx,2
leonblack,omek6,1
leonblack,bubble_waffle,1
uberhaxornova,nightbot,38
leonblack,omek6,2
rallied,optimum7_,8
uberhaxornova,idekwhattoput,2
disguisedtoast,equinox_fall,1
uberhaxornova,controlbreaker,4
rallied,smoothashell,8
leonblack,purposefull,5
rallied,nakyd,8
rallied,jagwyar,3
rallied,trailmixx_,9
rallied,mathuzalla,3
disguisedtoast,whopla_,1
rallied,1turrbo,1
rallied,nightbot,5
leonblack,packanimal,3
rallied,mrblackops2nerd,6
leonblack,turk_,2
rallied,1turrbo,1
uberhaxornova,yuhikyaku,8
uberhaxornova,babyinacorner,1
rallied,quebecin,3
rallied,g_hatch,4
disguisedtoast,muybienlul,1
dakotaz,xshooz,1
disguisedtoast,skyless_,1
disguisedtoast,bboomsickle,5
rallied,optimum7_,2
rallied,nightbot,1
dakotaz,overhaulex,3
dakotaz,mildly_blue,4
dakotaz,cjrocks1231,1
bobross,postman00,10
dakotaz,spacejam25,5
dakotaz,nikole2788,1
disguisedtoast,luckyliven,0
leonblack,omek6,1
disguisedtoast,jumpifzero,1
dakotaz,babyjchaos,4
uberhaxornova,mazzbot,5
disguisedtoast,artixcx,1
rallied,riamoo,1
dakotaz,jaygpanday,1
leonblack,entertainme_imbored,4
uberhaxornova,autobotashley,1
rallied,nightbot,5
uberhaxornova,skycrossbones,2
disguisedtoast,valouricc,1
rallied,guzablzin_,3
rallied,vapeunesports,1
leonblack,turk_,3
rallied,optimum7_,5
dakotaz,superananas23,1
uberhaxornova,blissz32,0
leonblack,ai0kon,6
rallied,xmnzo,5
uberhaxornova,itsboo,5
dakotaz,coolthingsandstuff,8
bobross,tbest39,1
disguisedtoast,kirsiyin_,3
disguisedtoast,blu3flam318,5
dakotaz,amtml,1
leonblack,ai0kon,6
dakotaz,namethisuserr,1
leonblack,ai0kon,3
bobross,mummymomma,6
rallied,fusions,12
rallied,noqhx,1
leonblack,turk_,3
leonblack,bestgodinezlas,1
uberhaxornova,megmegg,10
leonblack,omek6,3
dakotaz,okxcelina,1
disguisedtoast,neikonadeko,1
rallied,fusions,7
disguisedtoast,taiga216,1
rallied,optimum7_,7
leonblack,iammryuk,10
rallied,marsso13,3
dakotaz,airbendingmaster,1
leonblack,usamedic68,9
uberhaxornova,dropdeaddisco,1
leonblack,bazontwitch,3
dakotaz,probass_yt,3
leonblack,ordinaryk,3
dakotaz,salt_shaker52350,8
leonblack,bachanda1,16
dakotaz,underc0d3,1
disguisedtoast,stealdraco,2
rallied,lutepro,1
rallied,caos_jukes,10
rallied,lutepro,5
rallied,caos_jukes,2
rallied,icasey,6
rallied,lutepro,5
dakotaz,ankitgujral67,3
leonblack,bazontwitch,3
disguisedtoast,haitamtheboss,1
disguisedtoast,trodtrodavahs,1
rallied,nightbot,10
rallied,kwingyyy,2
rallied,deliriumchan,8
disguisedtoast,bustalu1,1
disguisedtoast,fiqren,2
dakotaz,urboicharlie420,3
rallied,plev,6
rallied,leroyv2,5
uberhaxornova,kingpresiden,3
rallied,papimoney69,1
disguisedtoast,harshoce,5
bobross,chiefmanypipes,2
rallied,xmnzo,8
rallied,kwingyyy,3
rallied,goldy1104,6
rallied,leroyv2,12
rallied,noiifa,1
dakotaz,twitchfortnite562,4
rallied,bliviouss,6
rallied,quebecin,10
disguisedtoast,windyj23,2
disguisedtoast,matcha0515,5
disguisedtoast,waterbirdz,1
rallied,jgoldz,1
rallied,kelstin,6
rallied,papimoney69,7
disguisedtoast,chewyangel,1
disguisedtoast,ottlepanda,15
rallied,perkplayz,3
leonblack,jovack,7
disguisedtoast,leif___,3
rallied,perkplayz,3
leonblack,omgerksoop,2
leonblack,mefma95,1
disguisedtoast,weevensteven,1
rallied,supershadow147,3
rallied,paddymaupin70,8
uberhaxornova,squigglyjinxxjams,12
disguisedtoast,wingsofspirits,1
disguisedtoast,eco_durt,1
disguisedtoast,pika_sam,1
rallied,marzer1,4
disguisedtoast,gaarysonlvl,1
disguisedtoast,raxlon101,1
rallied,natedawg_23,10
dakotaz,daxer529,3
dakotaz,yung_mongoose,2
disguisedtoast,undinepriestess,1
disguisedtoast,kitannn,3
disguisedtoast,errol641,2
leonblack,realbren10,15
bobross,happyxotikk,9
disguisedtoast,insomnianz,5
rallied,kelstin,5
rallied,imlurki,13
rallied,kelstin,1
disguisedtoast,eljohnsieghart,3
disguisedtoast,abeezy_,2
bobross,wetlettuce,7
rallied,iitzmarz_,10
rallied,senses200,7
disguisedtoast,r1chispb,4
rallied,papimoney69,8
rallied,perkplayz,3
disguisedtoast,ad80t,1
disguisedtoast,applesaur,1
dakotaz,ieatterpz,4
rallied,senses200,1
rallied,exiaal,10
leonblack,purposefull,1
disguisedtoast,limecon,4
rallied,g_hatch,4
disguisedtoast,riasalexina,1
rallied,xmnzo,4
dakotaz,kalahari12345,2
rallied,kelstin,1
disguisedtoast,tezxii,1
dakotaz,talsip98,26
leonblack,thordax,3
disguisedtoast,toddymws2539,1
rallied,g_hatch,6
dakotaz,kalahari12345,1
disguisedtoast,rainr,4
rallied,perkplayz,12
dakotaz,talsip98,20
disguisedtoast,luunchkins,1
disguisedtoast,whooo,3
rallied,marzer1,1
disguisedtoast,apporto,1
disguisedtoast,six_sama,5
uberhaxornova,khey_,5
rallied,xmnzo,13
leonblack,graywolves,5
disguisedtoast,ultramari,4
leonblack,purposefull,10
disguisedtoast,lyondrc,1
uberhaxornova,truhnks_,11
disguisedtoast,nibaquil,8
disguisedtoast,whooo,14
disguisedtoast,botanicalgarden,1
bobross,arfunzals,9
disguisedtoast,shadow_fir3,3
disguisedtoast,deltacrops,2
disguisedtoast,xsprucehillx,1
disguisedtoast,nastysandwich,1
dakotaz,josedelrosa8,2
rallied,phyysix,1
leonblack,kilotone,3
uberhaxornova,dowjessus,12
bobross,andybrrr,4
rallied,d1colty,2
leonblack,emmerjens,9
disguisedtoast,jezzaloh,4
rallied,jagwyar,11
disguisedtoast,hazeyzy,3
uberhaxornova,rent0nim0r0xas,4
disguisedtoast,bigzandro912,4
disguisedtoast,qwerkya,3
disguisedtoast,generalwayne,1
disguisedtoast,lehadesguy,1
leonblack,iammryuk,11
disguisedtoast,phamlow,2
uberhaxornova,slinic,3
disguisedtoast,trodpod,3
bobross,pleasantmsp,1
disguisedtoast,aristtv,1
rallied,networthszn,1
disguisedtoast,ghostking000,4
rallied,xmnzo,6
dakotaz,krinab1,6
rallied,networthszn,4
bobross,cuptin_teamo,0
dakotaz,itscybernetix,39
bobross,mari_2,3
rallied,tr3b4ll,5
dakotaz,mlarraga21,2
rallied,goldy1104,3
disguisedtoast,icanteven6,8
dakotaz,nightbot,16
disguisedtoast,lilboat9,2
dakotaz,ajing10,5
disguisedtoast,itsksyou,3
disguisedtoast,ceet89,1
disguisedtoast,1boredpanda,2
uberhaxornova,itsboo,4
dakotaz,marcoplayz2,1
leonblack,graywolves,12
bobross,barnesismine,1
leonblack,prydoxxx,1
bobross,barnesismine,2
leonblack,purposefull,2
leonblack,leonblack,3
dakotaz,amacias15,9
disguisedtoast,brvndons,2
leonblack,omek6,2
rallied,zachaye,2
disguisedtoast,srichardh123,18
rallied,spyingwinter,3
rallied,curtis_c,2
leonblack,graywolves,19
uberhaxornova,jerco2020,1
disguisedtoast,luis_t,1
dakotaz,thehonestcake,20
bobross,aeronil,1
disguisedtoast,dashingbeyy,1
leonblack,omek6,2
disguisedtoast,bankdeposit,2
disguisedtoast,hippyhao,1
leonblack,purposefull,3
rallied,odannyhd,1
leonblack,entertainme_imbored,3
rallied,xmnzo,10
disguisedtoast,thestranger43xl,20
leonblack,graywolves,1
leonblack,graywolves,10
leonblack,iammryuk,4
disguisedtoast,easer_name_9758,2
dakotaz,dhomias12,16
disguisedtoast,bunnyeii18,1
disguisedtoast,dodgertown99,5
bobross,anthonyziegler,14
disguisedtoast,btj2013,1
leonblack,krabbyeuw,9
dakotaz,nightbot,15
disguisedtoast,nawrwhal,1
uberhaxornova,yoboifelix,6
rallied,bucsforever,4
dakotaz,fernando42o,10
disguisedtoast,oswaldrs,5
dakotaz,itscybernetix,8
disguisedtoast,pizarrik,2
rallied,no_whey,18
disguisedtoast,vinhie,3
rallied,quebecin,8
uberhaxornova,longdongwong69,3
disguisedtoast,munyimunyimunyi,1
disguisedtoast,icon_,1
leonblack,gaddie86,7
leonblack,graywolves,6
uberhaxornova,kingpresiden,2
rallied,jgoldz,1
bobross,evo_drifter,1
uberhaxornova,xxjustin15xx,3
disguisedtoast,ctrlchicken,0
rallied,blaaast,1
rallied,nebskii,5
rallied,d1colty,7
disguisedtoast,snixxorbar,1
uberhaxornova,sp00kygaming7,18
leonblack,yung_jensill,12
uberhaxornova,zavr0s,1
disguisedtoast,huntikgo,1
dakotaz,opiumgamingx,3
disguisedtoast,i_am_furious,2
disguisedtoast,wingsofspirits,4
uberhaxornova,nightbot,38
bobross,midnightmajesty,3
rallied,louisiana_225,3
disguisedtoast,equinox_fall,0
leonblack,nightbot,1
disguisedtoast,pr0pel,4
rallied,redsnowtm,1
rallied,quebecin,5
rallied,jgoldz,1
rallied,redsnowtm,2
rallied,redsnowtm,7
disguisedtoast,realityisugly,4
leonblack,fth951,1
disguisedtoast,belowave,5
rallied,oevity,14
rallied,redsnowtm,4
rallied,no_whey,7
rallied,ivertiixx,14
uberhaxornova,squigglyjinxxjams,3
rallied,tramma10,6
dakotaz,bruhammar1,4
disguisedtoast,jukenthebox,4
disguisedtoast,jamescrof,4
disguisedtoast,spacemartian,1
disguisedtoast,ilucifermorningstarl,1
rallied,tr3b4ll,4
uberhaxornova,globberstomper,1
disguisedtoast,torterrific,1
disguisedtoast,alienmango,1
disguisedtoast,xxstarcoxx,1
dakotaz,spo8ky,1
rallied,zachaye,1
dakotaz,itscybernetix,0
disguisedtoast,1boredpanda,4
rallied,zachaye,7
rallied,zorbzi,9
disguisedtoast,spacemarineorc,2
rallied,redsnowtm,21
dakotaz,lilyalsina,6
bobross,monchi41,2
rallied,straps,1
disguisedtoast,nickafic,1
rallied,redsnowtm,9
dakotaz,allanmck,8
rallied,runwithbuffaloo,4
rallied,no_whey,1
uberhaxornova,bawsaqdiksoket,6
uberhaxornova,globberstomper,10
uberhaxornova,squigglyjinxxjams,1
rallied,zachaye,1
rallied,son_bull,5
disguisedtoast,joastydab,2
dakotaz,darkbigbird32,12
rallied,quebecin,1
disguisedtoast,icanteven6,1
disguisedtoast,sanddeezy,8
rallied,quebecin,0
bobross,4m4ze,8
dakotaz,faltam,13
rallied,davatoluna,26
rallied,nightbot,5
dakotaz,mikeamat0,2
dakotaz,niccocioni,2
rallied,marzer1,3
rallied,nightbot,9
leonblack,purposefull,5
rallied,davatoluna,18
dakotaz,naaalleee,1
uberhaxornova,kingpresiden,5
bobross,wetlettuce,10
rallied,fizl,1
rallied,nightbot,10
rallied,redsnowtm,0
leonblack,adamcolas,3
rallied,xceebsx,7
rallied,no_whey,1
dakotaz,froe0,1
dakotaz,pappygang616,6
rallied,ffolderss,0
disguisedtoast,spacenaacho,1
disguisedtoast,speedyfist,2
leonblack,thebaldingpuma,3
disguisedtoast,legitnickster,1
disguisedtoast,bravestorange,4
rallied,ffolderss,0
rallied,redsnowtm,6
dakotaz,yuvalhol88,0
rallied,xmnzo,1
disguisedtoast,i_am_furious,1
disguisedtoast,randomchamps1,1
disguisedtoast,jamescrof,1
uberhaxornova,halonoob94,1
uberhaxornova,hk47droidn,8
rallied,zachaye,2
rallied,zachaye,7
uberhaxornova,hk47droidn,8
uberhaxornova,johncenaama,2
rallied,xceebsx,6
disguisedtoast,chinchin532,1
rallied,redsnowtm,2
rallied,xceebsx,3
uberhaxornova,skoomadrugdealer,5
leonblack,kevinsphallus,1
disguisedtoast,jackrabbit7,1
uberhaxornova,evanito,1
rallied,redsnowtm,4
uberhaxornova,halonoob94,1
uberhaxornova,topryman,3
dakotaz,azza_28,11
leonblack,wlejon,6
uberhaxornova,karmarey,6
rallied,rushatu,1
bobross,zaxforever,2
rallied,quebecin,6
uberhaxornova,elecktrickpetal,1
uberhaxornova,designation15,1
uberhaxornova,kingpresiden,1
disguisedtoast,darkness2537,2
rallied,demonetise_,34
rallied,trusty_smg,1
rallied,picklinater,10
uberhaxornova,johncenaama,1
disguisedtoast,oswaldrs,3
disguisedtoast,gyroburps,1
disguisedtoast,dragonddark,2
rallied,doodayy,7
disguisedtoast,bestwithrice,1
disguisedtoast,ghoatheads,4
uberhaxornova,curiousconscious,6
rallied,picklinater,5
disguisedtoast,kaoskazin,5
uberhaxornova,cottoncandyquartz,1
rallied,compressions,8
uberhaxornova,johncenaama,2
dakotaz,itscybernetix,6
rallied,nightbot,17
rallied,apollopurp,12
rallied,xceebsx,3
rallied,doodayy,4
rallied,ffolderss,2
rallied,ffolderss,2
disguisedtoast,mazziosare,12
rallied,jrodestroys,4
rallied,vfraziier,5
rallied,paddymaupin70,24
rallied,sparkfuiyyy,6
bobross,defazrim,6
disguisedtoast,thisisfrancis,7
leonblack,magicturtl31,5
disguisedtoast,nickzhang,6
rallied,rushatu,8
rallied,compressions,15
disguisedtoast,sounder_chain808,6
disguisedtoast,colgur8843,0
disguisedtoast,ilucifermorningstarl,1
dakotaz,fernando42o,3
rallied,compressions,1
rallied,zachaye,2
disguisedtoast,highrombae,1
rallied,xceebsx,4
dakotaz,bushdid9i,5
leonblack,ellamyr,2
rallied,coleworld613,1
rallied,vfraziier,3
rallied,sndaunt,1
uberhaxornova,blankman99,3
uberhaxornova,rent0nim0r0xas,3
rallied,vfraziier,7
rallied,sndaunt,1
dakotaz,txshane,5
uberhaxornova,hk47droidn,4
dakotaz,faltam,15
rallied,paddymaupin70,1
rallied,zachaye,5
disguisedtoast,hirukocs,1
rallied,rushatu,6
dakotaz,lindush,4
rallied,xceebsx,4
rallied,xiairmax23ix,10
dakotaz,txshane,2
rallied,zachaye,5
rallied,sparkfuiyyy,3
rallied,zachaye,5
dakotaz,itscybernetix,4
dakotaz,choco_ii49,11
rallied,sndaunt,3
rallied,joshpolitics,1
rallied,quebecin,3
uberhaxornova,xpensive37,1
dakotaz,alex_dah_slayah,11
dakotaz,legendnc,2
dakotaz,androgodslay,12
rallied,quebecin,6
leonblack,purposefull,3
dakotaz,itscybernetix,4
rallied,quebecin,8
leonblack,rhcpfrusciante,1
leonblack,purposefull,1
rallied,noiifa,1
rallied,quebecin,1
rallied,woozea_,13
disguisedtoast,axlsense,1
rallied,praize,15
rallied,xceebsx,3
rallied,praize,16
rallied,davatoluna,13
dakotaz,fernando42o,3
disguisedtoast,jongfer,1
rallied,xceebsx,5
bobross,sch3iki,1
rallied,paddymaupin70,4
rallied,davatoluna,4
bobross,animenbud,4
leonblack,purposefull,5
rallied,rushatu,1
disguisedtoast,icanteven6,6
rallied,paddymaupin70,2
rallied,davatoluna,4
leonblack,purposefull,1
rallied,basevlonee,3
disguisedtoast,openeyescantlose,3
rallied,quebecin,5
disguisedtoast,jongfer,4
leonblack,qoalas,1
disguisedtoast,marzel,4
rallied,davatoluna,5
rallied,quebecin,2
leonblack,ructell,4
rallied,infinityinyogirlsdms,5
leonblack,purposefull,1
rallied,doodayy,3
dakotaz,raptr01,1
rallied,silleyyy_,5
bobross,slovenien,3
rallied,catstronauts,6
rallied,catstronauts,3
rallied,quebecin,2
rallied,abanix_,2
rallied,afiw,3
dakotaz,themeish,8
uberhaxornova,septism96,1
uberhaxornova,olliecatron12,9
rallied,lordkoda,4
disguisedtoast,firewallxd,2
disguisedtoast,marrlllon,1
rallied,quebecin,3
uberhaxornova,hk47droidn,1
uberhaxornova,babyinacorner,1
disguisedtoast,harizio2,3
dakotaz,aboutaivlys,1
bobross,ooocean_man,2
bobross,themramazing,6
disguisedtoast,firewallxd,1
uberhaxornova,sp00kygaming7,15
rallied,nightbot,10
rallied,lordkoda,1
dakotaz,itscybernetix,5
chemicaldragoon,dokewl_tv,13
leonblack,bkids2,2
chemicaldragoon,vaquazx,6
rallied,quebecin,2
rallied,lordkoda,1
rallied,kelstin,3
rallied,lordkoda,3
disguisedtoast,harrybook,1
disguisedtoast,harizio2,1
rallied,basevlonee,3
leonblack,garabatosrandom,2
leonblack,ructell,1
rallied,xmnzo,7
rallied,quebecin,1
leonblack,hilmekru,1
uberhaxornova,rfjantin,3
rallied,lejoegrogan,11
disguisedtoast,madokacookie,4
rallied,jukxie,6
uberhaxornova,powerbrick21,1
leonblack,graywolves,1
bobross,picklescucumber,7
disguisedtoast,tinocv,1
rallied,ffolderss,1
uberhaxornova,evanito,1
rallied,nightbot,0
rallied,lordkoda,10
disguisedtoast,axlsense,9
rallied,ffolderss,1
chemicaldragoon,owenpower24,14
rallied,xceebsx,11
rallied,ariesp,1
rallied,polar_bear009,2
disguisedtoast,khadgarsdisciple,36
rallied,praize,10
uberhaxornova,yuhikyaku,7
uberhaxornova,longdongwong69,6
rallied,crushed559,9
disguisedtoast,firewallxd,4
rallied,nightbot,8
rallied,ffolderss,1
rallied,skippyybm,4
dakotaz,siyduck,4
rallied,ibgodly,3
chemicaldragoon,ttvfilinava,2
uberhaxornova,skoomadrugdealer,4
rallied,rdell88,2
dakotaz,harryryan,4
dakotaz,fernando42o,2
rallied,otr_lunatic,1
rallied,nightbot,0
rallied,rene_sf,14
dakotaz,hard__rock,3
leonblack,gradivus1464,7
rallied,ffolderss,1
disguisedtoast,moridoes,2
rallied,lordkoda,1
rallied,trilogyi,8
rallied,ffolderss,1
dakotaz,sellintreez,5
rallied,atmicio,1
leonblack,zeeyee,3
rallied,lordkoda,1
dakotaz,lonesum,8
leonblack,purposefull,8
leonblack,tigerjkgg,3
rallied,pingthedon,1
uberhaxornova,banezarfox,1
rallied,ffolderss,1
rallied,bruincp,8
leonblack,amberheard,3
rallied,louispradagucci,5
rallied,mailsy,1
leonblack,eloquentbambi,6
rallied,pingthedon,2
bobross,dctowens81,1
leonblack,specialkidmiles,1
rallied,ffolderss,0
dakotaz,gz_breaders,2
leonblack,abefrohmansa,16
uberhaxornova,curiousconscious,1
rallied,nickquality,6
dakotaz,sirbruse,4
rallied,turtulz_,4
rallied,ilyentity,2
rallied,pingthedon,6
rallied,mikkie12345,9
dakotaz,therealdraven988,8
bobross,moobot,4
rallied,ffolderss,3
leonblack,vorth,5
rallied,yaboidrepubg,1
rallied,freskko,4
leonblack,graywolves,5
rallied,hunnntt,3
rallied,lejoegrogan,4
disguisedtoast,greenmachine9319,5
rallied,yerel,8
dakotaz,fortcraft124,3
rallied,straps,6
rallied,hunnntt,9
disguisedtoast,icanteven6,1
rallied,trilogyi,2
rallied,turtulz_,2
rallied,i_rainman_i,10
dakotaz,fortcraft124,1
rallied,turtulz_,4
bobross,eelroll,5
leonblack,lapidiot,14
rallied,pingthedon,7
rallied,pingthedon,2
rallied,ibgodly,7
bobross,onoroian,1
rallied,yaboidrepubg,7
rallied,drfrenchie,6
rallied,i_rainman_i,4
bobross,bulitt01,5
leonblack,amberheard,6
rallied,a13i,4
uberhaxornova,2strong10,1
disguisedtoast,icanteven6,6
rallied,rallied,5
dakotaz,sirbruse,6
dakotaz,suntrip77,9
dakotaz,danstarnfs,4
dakotaz,louishorstcraft,5
dakotaz,kwiikemart,5
rallied,trilogyi,3
leonblack,theentirecountryofgrenada,2
dakotaz,alywilliams20,3
rallied,fonz_,2
rallied,ibgodly,7
disguisedtoast,moridoes,1
rallied,sabrejames12,1
rallied,pingthedon,7
rallied,spargo,9
rallied,quebecin,1
leonblack,purposefull,9
rallied,fonz_,3
rallied,praize,6
rallied,lejoegrogan,6
rallied,spargo,6
forsen,huni4president,6
forsen,huni4president,6
rallied,construalll,10
leonblack,cravalon,6
rallied,sabrejames12,3
rallied,no_whey,2
rallied,sabrejames12,2
rallied,silleyyy_,5
rallied,bluntforce_trauma,4
leonblack,munga89,1
rallied,sabrejames12,6
rallied,sabrejames12,7
rallied,turtulz_,2
rallied,roadstone,7
rallied,pingthedon,2
rallied,mykeyhd,1
forsen,ivanlover88,1
chemicaldragoon,walruzplayz,3
rallied,a13i,13
rallied,ibgodly,18
rallied,imwinivity,5
rallied,sabrejames12,6
rallied,pingthedon,5
rallied,rdell88,7
leonblack,specialkidmiles,9
rallied,no_whey,13
rallied,i_rainman_i,10
rallied,ilyentity,4
rallied,carnivoreh,3
rallied,fonz_,3
skiddlerrs,onis_live,28
rallied,pingthedon,7
rallied,krypticwheels,11
rallied,ariesp,4
rallied,zachaye,2
rallied,i_rainman_i,2
leonblack,eloquentbambi,1
skiddlerrs,onis_live,25
rallied,quebecin,4
chemicaldragoon,trashyfortniteme,15
rallied,ilyentity,2
rallied,soulreaper1617,8
leonblack,nightbot,1
rallied,paddymaupin70,9
rallied,matchr_,4
disguisedtoast,yumcha_,11
skiddlerrs,sippinbeers,1
forsen,diamondxdust,1
rallied,samw1205,9
leonblack,specialkidmiles,1
rallied,trilogyi,2
rallied,ibgodly,1
rallied,trilogyi,7
skiddlerrs,mr_btwice,4
rallied,nickquality,1
rallied,nightbot,10
rallied,samw1205,4
rallied,formal_,3
skiddlerrs,wadesc,5
leonblack,vorth,2
skiddlerrs,theroff,2
rallied,callmetooclutch,16
rallied,pingthedon,1
uberhaxornova,mrparanoia1996,10
rallied,ibgodly,22
bobross,hangup1,4
rallied,ariesp,0
rallied,nightbot,8
forsen,thestig19,3
rallied,rdell88,3
rallied,nightbot,9
dakotaz,tenboom_nz,8
leonblack,a_small_volcano,9
rallied,xiairmax23ix,6
rallied,trilogyi,2
uberhaxornova,crankytits,2
rallied,nightbot,9
forsen,pacsito,5
rallied,nightbot,8
rallied,mattisokay0,1
rallied,gc_kingpin,1
leonblack,graywolves,17
bobross,carorua,6
rallied,gc_kingpin,4
uberhaxornova,gamblingchocolate,5
rallied,dogbreath27,3
rallied,rallied,2
uberhaxornova,real_life_mess,3
rallied,atmicio,10
rallied,fonz_,4
skiddlerrs,scrxffie,6
rallied,noiifa,5
uberhaxornova,ninjadonk,3
rallied,nightbot,8
forsen,raysplayer2012,5
skiddlerrs,iusefkeys,4
rallied,basevlonee,1
leonblack,specialkidmiles,13
uberhaxornova,breadrhapsody,2
skiddlerrs,scrxffie,6
uberhaxornova,not_even_epic,1
uberhaxornova,nachokitopito,5
rallied,trilogyi,7
uberhaxornova,trippy_mittens,3
skiddlerrs,edraan,7
uberhaxornova,nightbot,4
bobross,carorua,0
rallied,dorogi15,7
uberhaxornova,l0rdenki,5
rallied,trilogyi,3
leonblack,nightbot,7
rallied,paddymaupin70,3
uberhaxornova,trippy_mittens,3
rallied,xiairmax23ix,1
rallied,trilogyi,1
leonblack,graywolves,8
forsen,guikuza,1
bobross,carorua,4
skiddlerrs,etnnnn,1
uberhaxornova,rayyyye,6
disguisedtoast,kennyflowblow,1
dakotaz,lilchrishoe,11
disguisedtoast,i_reallywanttodie,1
rallied,theafroz,9
dakotaz,bradthemetalman,9
rallied,raple,1
skiddlerrs,karl_p,3
rallied,praize,1
rallied,ninjaa__,9
leonblack,fourthwave0,0
rallied,ariesp,1
rallied,quebecin,1
skiddlerrs,envytherabbit,7
chemicaldragoon,px_fyuse,7
skiddlerrs,k_mckzzz,3
rallied,quebecin,2
skiddlerrs,oetaeu,5
forsen,1quisher,2
skiddlerrs,edraan,9
skiddlerrs,cheapmondayy,6
dakotaz,beans222,1
skiddlerrs,drexthetrex,10
rallied,thebiblify,1
skiddlerrs,noniog,1
forsen,bubblefate,8
skiddlerrs,bobbybigbaloney,9
chemicaldragoon,dokewl_tv,13
rallied,nightbot,3
forsen,beeblitz,1
leonblack,theentirecountryofgrenada,18
rallied,nightbot,3
forsen,rsdtylerdurden,2
rallied,quebecin,1
rallied,quebecin,1
rallied,nightbot,3
forsen,forsen_shopping_at_lidl,7
chemicaldragoon,walruzplayz,2
rallied,nightbot,9
leonblack,amberheard,6
rallied,trunqs,1
leonblack,48palladino,1
rallied,atmicio,1
forsen,taddy27,8
dakotaz,infact_,3
rallied,mcruzz_,2
forsen,fahad_789,2
rallied,ivertiixx,1
leonblack,vorth,9
rallied,turtulz_,2
skiddlerrs,stewie_5,3
skiddlerrs,bstumps,7
rallied,quebecin,0
forsen,azunaij,2
rallied,jerkmybeef208,3
leonblack,zeeyee,1
rallied,toxicxsnipes1,5
rallied,nightbot,3
rallied,jerkmybeef208,1
dakotaz,ohsogamer,3
skiddlerrs,squirt_team,4
forsen,viridis,3
leonblack,anthraxcite,5
uberhaxornova,miyuki34,5
rallied,pingthedon,4
leonblack,fourthwave0,1
rallied,ipredictive,1
leonblack,zeeyee,1
rallied,praize,24
rallied,praize,24
rallied,praize,6
rallied,quebecin,5
rallied,drfrenchie,7
rallied,ariesp,14
skiddlerrs,doobey1231,9
gripex90,christianguibor,3
rallied,xiairmax23ix,1
rallied,paddymaupin70,2
rallied,drfrenchie,4
rallied,praize,44
rallied,trilogyi,2
rallied,lejoegrogan,17
uberhaxornova,gxpopcorn69,20
gripex90,migue_suh41,2
chemicaldragoon,reality_gaming123,2
dakotaz,mikecusmano,4
gripex90,aggresivelypassive,2
rallied,ariesp,3
skiddlerrs,etnnnn,7
gripex90,samheroics,6
gripex90,kanethemaiin,5
gripex90,emp0mador,1
forsen,bendtosquares,1
chemicaldragoon,reality_gaming123,2
gripex90,christianguibor,2
forsen,wheatley_z,1
gripex90,christianguibor,1
gripex90,christianguibor,1
rallied,trilogyi,1
gripex90,nightbot,9
rallied,rallied,4
uberhaxornova,pinkexperience,6
forsen,blackjones66,1
forsen,eventhorizon528,12
rallied,apollopurp,1
uberhaxornova,xdiseasedx,2
forsen,untouchable1111,1
rallied,paddymaupin70,16
skiddlerrs,envytherabbit,1
gripex90,darkkisiel,2
rallied,pingthedon,3
skiddlerrs,comby101,4
rallied,sabrejames12,1
rallied,drfrenchie,1
gripex90,darkkisiel,8
rallied,i_rainman_i,10
skiddlerrs,connnnr,1
gripex90,aym2n,5
gripex90,saltyinf4m0us,3
skiddlerrs,envytherabbit,7
gripex90,darkkisiel,1
disguisedtoast,vikeson,1
rallied,d4nnyj,1
gripex90,darkkisiel,4
rallied,quebecin,6
rallied,thebiblify,3
gripex90,kaskamelapov,1
gripex90,peanut_brother,3
gripex90,darkkisiel,1
gripex90,peanut_brother,1
skiddlerrs,windosh,13
rallied,ariesp,5
rallied,jerkmybeef208,3
rallied,trilogyi,1
gripex90,bobdabilda,25
rallied,ibgodly,4
leonblack,dkdavion22,7
rallied,dorogi15,4
gripex90,darkkisiel,7
rallied,nightbot,3
dakotaz,ipsychotis,4
gripex90,kaskamelapov,4
gripex90,darkkisiel,1
rallied,rexiful,1
rallied,blaaast,2
rallied,trilogyi,10
skiddlerrs,wadesc,5
rallied,i_rainman_i,8
forsen,mercyful_fate,4
disguisedtoast,karrarmac,3
rallied,drfrenchie,6
gripex90,darkkisiel,1
rallied,smitso,3
gripex90,bizzleberry,2
rallied,ariesp,10
gripex90,mjtv101,5
gripex90,bobdabilda,14
gripex90,coffeethenbjj,6
gripex90,peanut_brother,7
rallied,quebecin,5
gripex90,kaiquemec,6
rallied,tudbyy,16
rallied,ilyentity,1
gripex90,peanut_brother,10
gripex90,beg_f0r_mercy,2
leonblack,garbagemanz,6
gripex90,kaiquemec,2
leonblack,dkdavion22,30
rallied,ariesp,3
leonblack,hrodulff,2
skiddlerrs,comby101,3
dakotaz,ohsogamer,1
disguisedtoast,airblizzard,5
rallied,i_rainman_i,13
skiddlerrs,nrokosrs,5
disguisedtoast,oswaldrs,1
leonblack,legend_killer79,2
rallied,eazymane,4
forsen,agent_dorito,1
gripex90,guilhermebrkr,5
rallied,i_rainman_i,15
rallied,atmicio,7
gripex90,kaiquemec,1
gripex90,xyrizar,2
disguisedtoast,alexsandroschneider,10
gripex90,gho0s7,2
gripex90,kaiquemec,1
gripex90,gho0s7,6
skiddlerrs,centrelinko,8
rallied,golden_respect,18
leonblack,legend_killer79,1
disguisedtoast,phildeez,1
skiddlerrs,dillydeee,14
gripex90,marc207a,3
gripex90,kaiquemec,3
rallied,xfatalhawkx,7
gripex90,mr__vladimir__,1
forsen,taddy27,2
disguisedtoast,imsleepysloth,1
disguisedtoast,1nvno,5
rallied,d4nnyj,7
leonblack,voffe,2
gripex90,saltyinf4m0us,2
gripex90,ymarquise,3
gripex90,xyrizar,2
leonblack,zeeyee,3
gripex90,d4yr0n,2
skiddlerrs,walrus03,8
gripex90,imissqs,2
gripex90,kaiquemec,3
gripex90,kaiquemec,2
gripex90,pogger9,2
gripex90,pottkan,5
rallied,tudbyy,9
gripex90,bootstraprage,1
skiddlerrs,denverhockey,0
gripex90,saltyinf4m0us,1
gripex90,fnc_liukang,1
disguisedtoast,coco_joe,4
bobross,elitereaper7,2
rallied,i_rainman_i,4
gripex90,kaiquemec,1
skiddlerrs,sadlonerxd,1
dakotaz,hawkens,4
skiddlerrs,blazingdoinks420,3
gripex90,aggresivelypassive,4
rallied,i_rainman_i,3
skiddlerrs,owliano,5
disguisedtoast,xfinder_,9
dakotaz,firewolfaiden,1
leonblack,eloquentbambi,3
skiddlerrs,richiemacgames,3
skiddlerrs,vb__longneck,3
disguisedtoast,airblizzard,4
rallied,drfrenchie,7
disguisedtoast,lonelywolf84,1
iam_chappie,fortnitepancake_,3
rallied,bozza_boi,8
iam_chappie,kakeman05,1
skiddlerrs,thrillhous,1
iam_chappie,dennison207,1
iam_chappie,kakeman05,2
iam_chappie,boussfps,5
rallied,ariesp,2
dakotaz,joshua_nz,1
dakotaz,turkypower,5
disguisedtoast,anusreaktorman,5
iam_chappie,kakeman05,1
disguisedtoast,nectarhs,3
gripex90,aggresivelypassive,15
skiddlerrs,calumz0r,2
iam_chappie,boussfps,4
rallied,bozza_boi,4
iam_chappie,vailer,18
rallied,jerkmybeef208,7
iam_chappie,fortnitepancake_,2
rallied,zomgscott,30
forsen,steakranx,1
rallied,domeflex,8
iam_chappie,nightbot,19
rallied,bozza_boi,29
gripex90,saltyinf4m0us,3
iam_chappie,final_xg,13
gripex90,mini_nissen,25
gripex90,nlsnmandela,1
gripex90,aym2n,7
gripex90,naruissam,1
iam_chappie,boussfps,7
disguisedtoast,zhrieken,5
rallied,xiairmax23ix,5
iam_chappie,boussfps,3
gripex90,saltyinf4m0us,1
gripex90,mine382,1
iam_chappie,boussfps,1
gripex90,d4yr0n,7
gripex90,klakcheq8i,10
iam_chappie,zkendroo,1
gripex90,aym2n,5
forsen,noob525,9
iam_chappie,boussfps,6
gripex90,borohlee,8
iam_chappie,cambiasso,7
gripex90,fnc_liukang,11
rallied,noqhx,13
gripex90,mc_papes_420,3
gripex90,oflip,23
rallied,nightbot,0
gripex90,peanut_brother,1
skiddlerrs,wolfofodin,1
gripex90,borohlee,8
gripex90,borohlee,4
skiddlerrs,newcityx,5
gripex90,faruir,1
gripex90,borohlee,7
skiddlerrs,skolly14_1,1
leonblack,indiemar,0
disguisedtoast,randomuser105,11
dakotaz,ajkauri,1
iam_chappie,dokonqen,6
gripex90,aggresivelypassive,13
skiddlerrs,lekkyyy,3
gripex90,lpb96,26
skiddlerrs,doobey1231,2
gripex90,saltyinf4m0us,6
gripex90,eltanosolari,3
disguisedtoast,blazer514,0
gripex90,qwe3726,1
gripex90,dewofficial,2
gripex90,layhuo,5
skiddlerrs,infinium7,1
rallied,bozza_boi,4
gripex90,peanut_brother,9
gripex90,shaxorz,16
skiddlerrs,aoaatube,2
gripex90,kajiboy,9
dakotaz,0oopatrickoo0,1
gripex90,youngoj,6
skiddlerrs,lekkyyy,3
gripex90,justinjustin,6
rallied,ariesp,2
disguisedtoast,masterlurkerpb,1
disguisedtoast,d4zzl333,3
skiddlerrs,sippinbeers,2
iam_chappie,xkomplexx,5
iam_chappie,ronsonbuster,2
skiddlerrs,doobey1231,1
gripex90,klakcheq8i,12
gripex90,fnc_liukang,14
disguisedtoast,3femma,1
disguisedtoast,jackrabbit7,5
gripex90,veizart,6
gripex90,qkanataa,6
gripex90,aym2n,2
gripex90,borohlee,8
gripex90,layhuo,13
disguisedtoast,david8018d,4
skiddlerrs,sippinbeers,7
skiddlerrs,phokhim,12
disguisedtoast,jessicamoose,1
gripex90,masterofdarkness2,8
disguisedtoast,ufando,1
gripex90,dewofficial,2
gripex90,kajiboy,4
gripex90,lpb96,21
rallied,bozza_boi,12
forsen,tenminutedays,1
gripex90,mr_nazuul,16
gripex90,rztlol,5
gripex90,kaskamelapov,12
skiddlerrs,giinnge,3
gripex90,krizonwow,7
skiddlerrs,aoaatube,1
gripex90,saltyinf4m0us,12
forsen,sohyp3d,1
gripex90,shazzz92,1
gripex90,mr_nazuul,21
gripex90,kaskamelapov,11
dakotaz,officialneonn,1
gripex90,rexeko,9
rallied,conroidz,2
rallied,ocools,3
gripex90,aggresivelypassive,14
skiddlerrs,totalvoid,5
gripex90,kazuogaming,8
skiddlerrs,bigfatgoaly,1
gripex90,aggresivelypassive,8
skiddlerrs,bigfatgoaly,4
rallied,eazymane,5
gripex90,qkanataa,9
forsen,maiediction,1
gripex90,aym2n,6
rallied,lejoegrogan,16
gripex90,kazuogaming,1
gripex90,maksyno,3
gripex90,aggresivelypassive,15
skiddlerrs,karl_p,4
gripex90,kazuogaming,8
gripex90,fnc_liukang,10
dakotaz,igoldfinger,4
gripex90,aym2n,5
gripex90,arkwazi,1
forsen,kru3,0
gripex90,nightbot,9
gripex90,arkwazi,1
skiddlerrs,totalvoid,1
gripex90,rztlol,6
gripex90,arkwazi,1
gripex90,krizonwow,7
gripex90,kaskamelapov,4
gripex90,veizart,7
skiddlerrs,bruhscape,1
forsen,jayyyrobert,1
gripex90,eltanosolari,5
gripex90,peanut_brother,8
gripex90,mrkicsichii,1
skiddlerrs,centrelinko,2
gripex90,mr_nazuul,6
forsen,lalarow,2
skiddlerrs,harryderoest,3
gripex90,taurul25,5
gripex90,aggresivelypassive,4
gripex90,swehy1000,3
gripex90,vegetahs,2
gripex90,taurul25,1
skiddlerrs,mfoskar,1
gripex90,saltyinf4m0us,9
skiddlerrs,mr_darkdusty,3
skiddlerrs,bigfatgoaly,2
skiddlerrs,hurricaingaming,5
rallied,bucsforever,6
rallied,xndrr,6
gripex90,saltyinf4m0us,6
skiddlerrs,aoaagoldbot,11
skiddlerrs,aoaatube,6
skiddlerrs,dyrie,9
skiddlerrs,fenryrrtv,1
skiddlerrs,doobey1231,10
dakotaz,ipsychotis,6
forsen,dracreon,4
skiddlerrs,skolly14_1,2
rallied,noqhx,2
gripex90,foolish_boi,1
gripex90,peanut_brother,12
gripex90,maksyno,3
gripex90,aggresivelypassive,4
gripex90,nightbot,9
gripex90,kaskamelapov,5
gripex90,gmbzavtra,4
forsen,teamateyseven,2
gripex90,saltyinf4m0us,10
gripex90,victitao,1
dakotaz,canelothebeast19,8
skiddlerrs,purespam,2
chemicaldragoon,frozenzombi,19
rallied,d4nnyj,4
leonblack,kevinsphallus,1
skiddlerrs,aoaagoldbot,3
gripex90,taurul25,5
rallied,xndrr,1
gripex90,yoloxyalaah,3
rallied,xiairmax23ix,3
gripex90,andrewmctetitas,5
skiddlerrs,tcrg,3
gripex90,hswldbape,2
dakotaz,maxmckraken,4
skiddlerrs,giinnge,4
gripex90,taurul25,7
forsen,sjw_on_twitch,1
gripex90,aggresivelypassive,10
skiddlerrs,totalvoid,2
bobross,moxxi_lover,1
gripex90,peanut_brother,6
rallied,a13i,8
gripex90,hswldbape,5
gripex90,fnc_liukang,3
gripex90,fnc_liukang,1
gripex90,xalejandro22x,5
gripex90,fnc_liukang,2
skiddlerrs,richiemacgames,1
leonblack,error5,13
skiddlerrs,aoaatube,5
skiddlerrs,feels_22,6
gripex90,alinaross,3
gripex90,powerwithin1,11
skiddlerrs,dion_93,3
rallied,zachaye,2
gripex90,maestromaiden,1
bobross,mathex1673,8
gripex90,saltyinf4m0us,5
rallied,domeflex,17
gripex90,paradise777022,1
rallied,ariesp,1
gripex90,murmol,5
skiddlerrs,eviq,11
gripex90,kaskamelapov,1
gripex90,skreegon,4
skiddlerrs,janboone4,6
gripex90,natalie_dormer,7
skiddlerrs,ranger133337,8
forsen,haslamatias,1
gripex90,andrewmctetitas,5
skiddlerrs,whosduggy,1
gripex90,powerwithin1,11
gripex90,danbilzeryan80,5
skiddlerrs,richiemacgames,1
gripex90,stunge_maty,7
skiddlerrs,fenryrrtv,1
leonblack,eloquentbambi,11
skiddlerrs,saladblocks,3
skiddlerrs,ryd3r_07,9
rallied,domeflex,29
skiddlerrs,totalvoid,1
gripex90,kaskamelapov,1
skiddlerrs,jaaaaccckkyy,9
rallied,ariesp,3
gripex90,frostmoarne,2
leonblack,vexwantstobattle,1
rallied,domeflex,4
rallied,notnecessary7,8
rallied,eazymane,8
rallied,noqhx,8
dakotaz,ipsychotis,4
rallied,chainadawwg,1
skiddlerrs,jonmarc,5
gripex90,aggresivelypassive,5
dakotaz,aboutaivlys,5
gripex90,jirka165,2
gripex90,saltyinf4m0us,4
rallied,noqhx,5
dakotaz,theenorthern,1
skiddlerrs,whosduggy,4
leonblack,eloquentbambi,8
gripex90,discabil,3
chemicaldragoon,walruzplayz,3
rallied,domeflex,7
gripex90,tkentakeshi,2
rallied,eazymane,2
bobross,mauifromcars3,2
leonblack,eloquentbambi,2
leonblack,abefrohmansa,0
rallied,mrryans,4
gripex90,murmol,9
gripex90,kaskamelapov,4
skiddlerrs,darelisx5,9
rallied,domeflex,2
gripex90,centurian44,8
skiddlerrs,jeggelo,5
gripex90,taurul25,3
chemicaldragoon,ballerz_123,9
skiddlerrs,fusion035,1
gripex90,saifsayain,2
gripex90,tkentakeshi,4
skiddlerrs,windosh,12
forsen,never__knows__best,1
rallied,mrryans,3
skiddlerrs,gainscapev1,1
forsen,xzarrus,1
rallied,thefakewade,1
skiddlerrs,janboone4,2
skiddlerrs,fenryrrtv,1
skiddlerrs,barelylegalrs,1
gripex90,maksyno,7
rallied,xiairmax23ix,11
gripex90,curemiracle612,1
gripex90,aggresivelypassive,1
gripex90,nzahrx,1
gripex90,centurian44,3
gripex90,kaskamelapov,1
gripex90,kaskamelapov,1
leonblack,voffe,6
skiddlerrs,sweezyxe,1
chemicaldragoon,trollaplayer,2
rallied,roomtomb,2
forsen,tekmarkus,1
gripex90,saltyinf4m0us,1
skiddlerrs,sweezyxe,3
gripex90,bootstraprage,1
gripex90,a28573361,1
skiddlerrs,ludiimalii,2
dakotaz,domeshotphx602,7
skiddlerrs,centrelinko,2
rallied,mrryans,2
skiddlerrs,mountyrs,1
skiddlerrs,fenryrrtv,0
gripex90,danbilzeryan80,3
skiddlerrs,sippinbeers,6
forsen,trihard_from_pieskipatiro,1
leonblack,zeeyee,6
forsen,stormyinferno,1
leonblack,hrodulff,2
rallied,ariesp,4
skiddlerrs,alwayspositivevibes,6
bobross,awaremax,1
gripex90,amneziahazebr,3
skiddlerrs,prismheartofficial,1
rallied,redmist0201,3
gripex90,mcsgone,7
leonblack,zeeyee,7
rallied,ariesp,4
forsen,mochasprinkles,1
rallied,roomtomb,5
gripex90,aggresivelypassive,13
skiddlerrs,fcgencore,5
gripex90,bootstraprage,27
gripex90,ferristhebueler,7
gripex90,ferristhebueler,6
skiddlerrs,itschrisoldschool,1
gripex90,gho0s7,4
rallied,eazymane,2
leonblack,shenrontv_,1
rallied,mrryans,1
gripex90,saltyinf4m0us,10
rallied,jerkmybeef208,5
skiddlerrs,1013dagod,6
leonblack,magicturtl31,1
skiddlerrs,1013dagod,14
chemicaldragoon,ttvfilinava,3
dakotaz,yagil567,1
gripex90,a28573361,1
forsen,kakistocrator,2
gripex90,tkentakeshi,1
chemicaldragoon,ttvfilinava,6
gripex90,kyllle,4
forsen,zombade80,2
gripex90,smkg0dzin,1
gripex90,bootstraprage,6
forsen,fogo_,1
rallied,ariesp,1
gripex90,dilaw07,1
leonblack,magicturtl31,2
leonblack,eloquentbambi,8
gripex90,saltyinf4m0us,2
gripex90,jotaaaefe,1
gripex90,serbianmonster,9
gripex90,serbianmonster,3
gripex90,edgarfires,3
gripex90,bootstraprage,1
chemicaldragoon,megadevilforever,5
gripex90,basteyyyy,1
leonblack,zeeyee,5
gripex90,jokered666,1
gripex90,saltyinf4m0us,3
skiddlerrs,stewie_5,7
gripex90,kheeitwo,1
gripex90,galm1,2
skiddlerrs,1013dagod,1
gripex90,danbilzeryan80,6
skiddlerrs,pantheraleoz,1
gripex90,nazer78125,1
gripex90,nightbot,17
gripex90,striker_wolf,1
gripex90,nightbot,9
gripex90,danbilzeryan80,6
iam_chappie,4gateftww,1
leonblack,eloquentbambi,8
forsen,hamilcar07,4
skiddlerrs,gooklay,9
skiddlerrs,critter__,3
skiddlerrs,itschrisoldschool,2
dakotaz,nicoleeeeee_,1
dakotaz,potr,6
gripex90,kaoz_one,1
skiddlerrs,daystep28,2
forsen,gent0o,1
forsen,that_pleb_oi,1
gripex90,kaoz_one,1
gripex90,nightbot,12
gripex90,trophyfaker,6
rallied,doobskeez,1
skiddlerrs,richiemacgames,1
skiddlerrs,brettis,9
gripex90,hremar,4
gripex90,smkg0dzin,1
dakotaz,trplaysgames,2
gripex90,nightbot,18
skiddlerrs,ville_maticc,11
rallied,ariesp,1
rallied,ariesp,1
rallied,josh95,1
rallied,a13i,1
gripex90,natalie_dormer,1
gripex90,gho0s7,1
gripex90,not_jomada,1
gripex90,givemyhonor,1
gripex90,edgarfires,4
gripex90,navthehero,1
gripex90,aggresivelypassive,2
gripex90,tkentakeshi,1
leonblack,kevinsphallus,3
gripex90,galm1,1
gripex90,trophyfaker,3
gripex90,nazer78125,6
gripex90,danbilzeryan80,1
leonblack,zeeyee,4
forsen,0sergen0,1
iam_chappie,cannonw73,3
iam_chappie,outlaw_87_v2,1
gripex90,aggresivelypassive,12
gripex90,saltyinf4m0us,4
gripex90,sneakyninjaow,14
iam_chappie,boussfps,5
skiddlerrs,barelylegalrs,4
gripex90,not_jomada,5
gripex90,not_jomada,1
iam_chappie,nightbot,32
iam_chappie,rarepinkdolphin,1
rallied,nightbot,3
gripex90,matheusmgfr,12
rallied,rallied,5
rallied,abhi__,1
gripex90,tkentakeshi,1
bobross,stupidfword,2
iam_chappie,rarepinkdolphin,3
skiddlerrs,jessicaonrs,1
gripex90,gho0s7,1
gripex90,gho0s7,1
gripex90,aggresivelypassive,12
gripex90,serbianmonster,11
iam_chappie,w00tespen,10
gripex90,arclione,1
iam_chappie,boussfps,5
gripex90,nzahrx,1
skiddlerrs,justmacke,1
iam_chappie,joedir574,6
skiddlerrs,aoaatube,2
iam_chappie,boussfps,1
forsen,brawlydor,5
gripex90,not_jomada,4
iam_chappie,joedir574,9
rallied,ariesp,3
gripex90,saltyinf4m0us,3
gripex90,discabil,6
rallied,satup68,1
rallied,duhstyyy,1
rallied,rallied,2
iam_chappie,w00tespen,8
gripex90,aggresivelypassive,4
rallied,nightbot,3
gripex90,folerr,5
rallied,ariesp,1
gripex90,folerr,3
gripex90,dracotv12,6
iam_chappie,incogneeto12021,0
gripex90,folerr,6
rallied,ariesp,2
gripex90,aggresivelypassive,14
rallied,zachaye,2
gripex90,folerr,9
gripex90,aggresivelypassive,4
rallied,rallied,5
rallied,rallied,5
dakotaz,suoiciv,25
gripex90,folerr,6
gripex90,folerr,4
gripex90,folerr,5
skiddlerrs,phokhim,11
chemicaldragoon,violent_venum,10
gripex90,aggresivelypassive,6
gripex90,aggresivelypassive,1
gripex90,izick0,1
gripex90,nightbot,9
bobross,nuggetoce,9
gripex90,not_jomada,5
skiddlerrs,phokhim,3
gripex90,ezioaleksa93,1
gripex90,folerr,1
forsen,l1mgu4n,1
forsen,7arry,1
gripex90,ezioaleksa93,2
leonblack,eloquentbambi,3
gripex90,g0djiren,4
leonblack,specialkidmiles,7
gripex90,g0djiren,4
chemicaldragoon,trollaplayer,3
skiddlerrs,focus410,1
skiddlerrs,my_souls_black,20
gripex90,ezioaleksa93,3
leonblack,eloquentbambi,5
iam_chappie,alon2004003_gaming,11
forsen,blacklimba,2
iam_chappie,nightbot,10
iam_chappie,outlaw_87_v2,2
iam_chappie,incogneeto12021,4
iam_chappie,incogneeto12021,4
iam_chappie,incogneeto12021,5
gripex90,ninni37,3
iam_chappie,average_homeboy,2
gripex90,aggresivelypassive,2
iam_chappie,outlaw_87_v2,6
iam_chappie,xkomplexx,11
gripex90,aggresivelypassive,2
gripex90,gmbzavtra,3
gripex90,bigmanfella,7
gripex90,ezioaleksa93,4
chemicaldragoon,trollaplayer,3
gripex90,shadow_hs,2
gripex90,not_jomada,5
gripex90,gpasgame,6
iam_chappie,iamthewarrior7,1
forsen,sunephef,1
iam_chappie,iambpala,30
gripex90,aggresivelypassive,2
iam_chappie,dokonqen,2
iam_chappie,youngfaze7957,1
iam_chappie,kc_king_,1
iam_chappie,iambpala,1
gripex90,desanctlor,14
skiddlerrs,l0n30p3r4t0r,7
leonblack,camabunta,11
skiddlerrs,dharps_,2
gripex90,estermid,6
iam_chappie,ozymandiaslive,2
skiddlerrs,jessicaonrs,2
skiddlerrs,focus410,6
gripex90,moojdart,3
iam_chappie,deuberry,7
iam_chappie,incogneeto12021,2
iam_chappie,ozymandiaslive,6
iam_chappie,outlaw_87_v2,2
gripex90,aggresivelypassive,10
gripex90,not_jomada,16
chemicaldragoon,px_fyuse,7
leonblack,specialkidmiles,3
iam_chappie,incogneeto12021,2
iam_chappie,stoneburger93,5
iam_chappie,iambpala,20
leonblack,zeeyee,1
iam_chappie,lmm141998,1
dakotaz,lq_crackerss,2
iam_chappie,nightbot,32
skiddlerrs,fenryrrtv,1
iam_chappie,incogneeto12021,1
bobross,srllamass,3
iam_chappie,xkomplexx,12
iam_chappie,supermaxgaming,8
iam_chappie,dimsa8700,3
gripex90,aggresivelypassive,1
gripex90,arcanay,12
leonblack,noble_xenon,4
gripex90,gho0s7,9
chemicaldragoon,trollaplayer,4
chemicaldragoon,dokewl_tv,11
gripex90,godcelo98,12
iam_chappie,incogneeto12021,4
chemicaldragoon,onlytraelz,1
iam_chappie,incogneeto12021,1
chemicaldragoon,trollaplayer,5
gripex90,moojdart,4
iam_chappie,iamthewarrior7,8
iam_chappie,joedir574,11
gripex90,strezoagain,19
chemicaldragoon,onlytraelz,11
gripex90,gho0s7,1
gripex90,gmbzavtra,2
iam_chappie,iamthewarrior7,3
gripex90,gmbzavtra,4
iam_chappie,totallyrealrobot,4
gripex90,jaydslol,5
gripex90,gmbzavtra,5
gripex90,edkp0mperiano,4
gripex90,b789123789123,1
gripex90,nightbot,17
skiddlerrs,thrillhous,7
gripex90,not_jomada,9
iam_chappie,l1fel1ke_,4
iam_chappie,iambpala,29
gripex90,mrtjoebb,2
iam_chappie,joedir574,11
gripex90,estermid,3
gripex90,a_suhhh_dude,10
iam_chappie,hussein1604,6
gripex90,folerr,9
iam_chappie,hussein1604,1
gripex90,aggresivelypassive,6
skiddlerrs,vestborg,1
gripex90,dipdipdadudlydoo,1
gripex90,nightbot,9
bobross,coolkat123,1
skiddlerrs,wadesc,1
skiddlerrs,desnowii,8
gripex90,escadoon,6
gripex90,silentthrow,8
gripex90,masterdagoth,7
gripex90,folerr,26
gripex90,natalie_dormer,6
leonblack,thordax,1
gripex90,kedd21,4
chemicaldragoon,trickydany,6
gripex90,folerr,3
gripex90,estermid,8
gripex90,aggresivelypassive,5
gripex90,escadoon,12
gripex90,aggresivelypassive,5
chemicaldragoon,onlytraelz,1
gripex90,mrtjoebb,8
skiddlerrs,aoaagoldbot,3
gripex90,folerr,2
gripex90,lupipi1997,7
skiddlerrs,evmiiister,4
gripex90,gmbzavtra,5
gripex90,murmol,6
gripex90,moojdart,3
gripex90,natalie_dormer,4
gripex90,esoj_ulises,1
gripex90,escadoon,6
gripex90,sommmer,6
gripex90,aggresivelypassive,5
gripex90,folerr,8
gripex90,tony123simon,1
gripex90,shameless8,5
gripex90,aggresivelypassive,5
gripex90,escadoon,5
gripex90,ryoarg,1
gripex90,jaydslol,4
gripex90,rivenismylife9,2
gripex90,wilfred35,4
gripex90,dracotv12,2
chemicaldragoon,onlytraelz,5
chemicaldragoon,onlytraelz,11
gripex90,dracotv12,7
gripex90,rivenismylife9,1
gripex90,facundotournour,4
gripex90,folerr,13
gripex90,darkmirket,1
gripex90,ebeyn,3
bobross,coolkat123,5
chemicaldragoon,nutblower269,2
gripex90,rivenismylife9,3
gripex90,gwinter1,5
gripex90,folerr,11
gripex90,darkmirket,4
gripex90,shameless8,6
gripex90,ebeyn,1
gripex90,ebeyn,3
gripex90,natalie_dormer,0
iam_chappie,hussein1604,2
iam_chappie,pwndaman,11
iam_chappie,zombiepresident7,9
skiddlerrs,fenryrrtv,1
gripex90,folerr,7
gripex90,ebeyn,5
gripex90,belkoca,6
gripex90,folerr,10
gripex90,1xdxdxdxd1,1
gripex90,kedd21,1
gripex90,belkoca,3
iam_chappie,delirious_manc,9
gripex90,ninni37,1
gripex90,s1mpleaxestics,1
gripex90,iambetol,1
iam_chappie,thesavvygent,7
gripex90,1xdxdxdxd1,3
gripex90,hbkaksu,10
gripex90,darkmirket,1
iam_chappie,pwndaman,8
gripex90,esoj_ulises,3
iam_chappie,iambpala,10
gripex90,aggresivelypassive,18
iam_chappie,incogneeto12021,5
iam_chappie,pwndaman,2
forsen,demotou,10
iam_chappie,xup42p,6
skiddlerrs,fenryrrtv,5
gripex90,natalie_dormer,5
iam_chappie,hussein1604,2
gripex90,folerr,16
skiddlerrs,jessicaonrs,1
dakotaz,diederikp,6
forsen,nomadic__,1
gripex90,jimmylourie,3
chemicaldragoon,il_miet1tor3,2
gripex90,aggresivelypassive,22
iam_chappie,hussein1604,3
iam_chappie,hussein1604,4
iam_chappie,totallyrealrobot,8
iam_chappie,delirious_manc,29
iam_chappie,qcspeednation,1
iam_chappie,justtom9,2
iam_chappie,chaoslion,6
iam_chappie,iamthewarrior7,7
iam_chappie,yko__,7
iam_chappie,theelectriceliminators,1
iam_chappie,surox420,21
iam_chappie,shamrock623,1
gripex90,aggresivelypassive,4
gripex90,alonzosan,7
gripex90,natalie_dormer,5
chemicaldragoon,onlytraelz,2
gripex90,aggresivelypassive,3
forsen,gennpen,3
gripex90,ofturk,1
forsen,apthirate,5
gripex90,folerr,15
gripex90,aggresivelypassive,3
gripex90,aggresivelypassive,1
chemicaldragoon,il_miet1tor3,3
chemicaldragoon,nutblower269,3
gripex90,folerr,11
gripex90,bananoideee,2
gripex90,folerr,9
gripex90,bananoideee,3
chemicaldragoon,il_miet1tor3,2
gripex90,lnldchris,4
gripex90,aggresivelypassive,13
forsen,blueskybringstears,2
gripex90,maksyno,1
gripex90,nightbot,17
forsen,omegalyl,15
skiddlerrs,l0n30p3r4t0r,5
chemicaldragoon,nutblower269,3
skiddlerrs,aoaagoldbot,3
skiddlerrs,jessicaonrs,2
gripex90,folerr,11
chemicaldragoon,ttvfilinava,3
gripex90,folerr,7
gripex90,folerr,3
gripex90,discabil,10
gripex90,mooimanhorse,1
gripex90,folerr,3
gripex90,lnldchris,6
gripex90,saltyinf4m0us,18
gripex90,kedd21,7
gripex90,na_best_player_from_eu,4
skiddlerrs,bigfatgoaly,1
gripex90,na_best_player_from_eu,1
skiddlerrs,bigfatgoaly,1
chemicaldragoon,blackdoodler,15
gripex90,kruegerjohann1201,15
gripex90,saltyinf4m0us,1
iam_chappie,bmed1594,1
gripex90,folerr,6
iam_chappie,angrydragon22,1
gripex90,aggresivelypassive,8
iam_chappie,nightbot,2
gripex90,21kovacsdani21,2
iam_chappie,iamthewarrior7,7
gripex90,saltyinf4m0us,1
gripex90,saltyinf4m0us,1
gripex90,nightbot,19
iam_chappie,stoneburger93,1
gripex90,na_best_player_from_eu,1
gripex90,kaskamelapov,5
iam_chappie,zombiepresident7,8
gripex90,lnldchris,9
gripex90,whippingstick,1
gripex90,aggresivelypassive,2
skiddlerrs,vestborg,6
gripex90,bananoideee,11
gripex90,kruegerjohann1201,6
gripex90,saltyinf4m0us,14
iam_chappie,stoneburger93,8
gripex90,whippingstick,1
gripex90,nightbot,12
gripex90,renegadeshin,1
gripex90,kirby_the_pink,4
chemicaldragoon,il_miet1tor3,3
gripex90,na_best_player_from_eu,1
gripex90,fabianmoy,3
iam_chappie,iambpala,8
gripex90,na_best_player_from_eu,4
gripex90,saltyinf4m0us,6
gripex90,pyromaniactv,10
gripex90,hardwave2,1
gripex90,nightbot,13
gripex90,negaja,1
gripex90,na_best_player_from_eu,1
gripex90,aggresivelypassive,25
dakotaz,evilfox_,5
gripex90,kruegerjohann1201,13
forsen,taddy27,3
gripex90,gmbzavtra,7
iam_chappie,delirious_manc,9
gripex90,waelbedoui10,5
gripex90,saltyinf4m0us,3
gripex90,bich27,8
gripex90,emil1738,6
gripex90,per0ken,3
gripex90,discabil,6
gripex90,kruegerjohann1201,4
forsen,roastpeas,1
gripex90,pottkan,6
gripex90,the_chosen_one97,18
gripex90,kaskamelapov,11
gripex90,ayaressku,1
gripex90,emil1738,6
gripex90,mctaktloss,15
gripex90,folerr,22
gripex90,aggresivelypassive,18
gripex90,pottkan,5
leonblack,sleep_assist,1
bobross,maximusganjabus,10
dakotaz,pull_my_finger,3
gripex90,kruegerjohann1201,11
gripex90,emil1738,9
skiddlerrs,ronalddumpdid11_9,6
gripex90,folerr,18
gripex90,pottkan,4
gripex90,emil1738,9
chemicaldragoon,blackdoodler,15
gripex90,folerr,1
gripex90,originalmike_,4
gripex90,kruegerjohann1201,4
gripex90,kaskamelapov,7
gripex90,folerr,3
gripex90,aggresivelypassive,5
skiddlerrs,jon__pvm,7
chemicaldragoon,animedia,2
gripex90,originalmike_,5
gripex90,pyromaniactv,10
gripex90,aggresivelypassive,3
gripex90,kruegerjohann1201,6
gripex90,lnldchris,1
gripex90,folerr,19
gripex90,mctaktloss,11
gripex90,originalmike_,9
gripex90,folerr,1
bobross,notthinkingg,2
skiddlerrs,faux,9
gripex90,aggresivelypassive,9
gripex90,mrspexy,4
gripex90,estermid,1
gripex90,nightbot,9
leonblack,dykinz,5
gripex90,mrspexy,1
chemicaldragoon,dokewl_tv,22
leonblack,eloquentbambi,2
dakotaz,antonio_333,3
skiddlerrs,fenryrrtv,0
gripex90,renegadeshin,1
gripex90,na_best_player_from_eu,5
gripex90,kruegerjohann1201,3
chemicaldragoon,nutblower269,2
gripex90,folerr,5
gripex90,folerr,7
gripex90,folerr,1
gripex90,affenphantom14,2
gripex90,negaja,2
gripex90,centurian44,7
chemicaldragoon,trickydany,3
chemicaldragoon,nutblower269,3
chemicaldragoon,trickydany,1
forsen,serolinosanos,12
gripex90,folerr,11
forsen,kru3,1
gripex90,folerr,8
skiddlerrs,totalvoid,4
gripex90,janhardi,3
gripex90,psnloock,1
skiddlerrs,jessicaonrs,2
leonblack,eloquentbambi,1
chemicaldragoon,blxzettv,15
chemicaldragoon,il_miet1tor3,2
chemicaldragoon,il_miet1tor3,2
gripex90,imrshadowpwn99,1
forsen,cheiyu,1
leonblack,sleep_assist,1
dakotaz,xx_dark_angel_xx,5
gripex90,hesaclocon,1
gripex90,imrshadowpwn99,7
gripex90,ricky445566,1
gripex90,1xdxdxdxd1,1
gripex90,allest1,1
gripex90,aggresivelypassive,15
gripex90,hesaclocon,1
gripex90,renegadeshin,1
leonblack,legend_killer79,6
bobross,bozypt,1
leonblack,nightbot,8
gripex90,darkye1122,13
gripex90,aggresivelypassive,7
leonblack,ohaedae,3
gripex90,allest1,2
gripex90,hi_im_bozu,1
gripex90,hellsinferno322,4
gripex90,mrmuellermeister,4
leonblack,zeeyee,1
gripex90,folerr,12
gripex90,falconicetea,1
skiddlerrs,jeggelo,8
gripex90,2stronkgg,1
gripex90,centurian44,4
gripex90,nichimizazvan,3
gripex90,renegadeshin,5
skiddlerrs,vestborg,5
leonblack,mrwumbo,25
gripex90,aggresivelypassive,9
gripex90,araon7fold,9
skiddlerrs,fenryrrtv,1
dakotaz,mikethelightbender,10
skiddlerrs,sublaimrs,1
gripex90,zeamazing,5
skiddlerrs,daanbelieve,8
gripex90,araon7fold,1
gripex90,xfelipesantosx,1
gripex90,nichimizazvan,5
gripex90,t1t1t1t1t1t1t1t1t1t1t1,1
gripex90,nightbot,17
gripex90,asylumxqt,1
leonblack,dykinz,3
gripex90,zeamazing,22
gripex90,folerr,12
gripex90,falconicetea,4
gripex90,nichimizazvan,4
skiddlerrs,aoaagoldbot,2
gripex90,araon7fold,8
gripex90,allest1,4
skiddlerrs,fenryrrtv,1
gripex90,hellsinferno322,1
gripex90,nightbot,9
skiddlerrs,aoaagoldbot,29
skiddlerrs,hexceptional,4
gripex90,aggresivelypassive,2
gripex90,hi_im_bozu,1
leonblack,eloquentbambi,2
gripex90,t1t1t1t1t1t1t1t1t1t1t1,4
gripex90,folerr,1
gripex90,pottkan,4
gripex90,abbasajami1,1
gripex90,nightbot,9
gripex90,nichimizazvan,4
gripex90,folerr,5
gripex90,folerr,0
gripex90,asylumxqt,3
leonblack,zeeyee,7
gripex90,folerr,16
chemicaldragoon,sauriizz,2
skiddlerrs,owliano,4
gripex90,folerr,10
leonblack,morphtronic_staplen,13
gripex90,imadjokz,22
gripex90,blulio,12
forsen,ggxgangster2,0
gripex90,reaiiycheck,33
skiddlerrs,owliano,6
gripex90,crazy_cookie_20,6
gripex90,white_key_,4
gripex90,naviid292,1
gripex90,folerr,5
gripex90,nichimizazvan,3
gripex90,saltyinf4m0us,6
gripex90,centurian44,4
forsen,captainchapp,2
leonblack,specialkidmiles,10
gripex90,aggresivelypassive,10
gripex90,byzan_,1
gripex90,nightbot,9
skiddlerrs,longy_schlongy,11
gripex90,sylmiracle,1
gripex90,aleksasavic01,1
gripex90,smokeinabong,6
forsen,stilljoke,1
gripex90,kaskamelapov,2
gripex90,allest1,2
gripex90,nichimizazvan,2
gripex90,folerr,6
gripex90,gpus,5
forsen,karatheon,2
skiddlerrs,nrokosrs,3
gripex90,araon7fold,2
gripex90,saltyinf4m0us,2
gripex90,muharrremince,1
skiddlerrs,tcrg,4
gripex90,fsvp1997,3
gripex90,saltyinf4m0us,1
gripex90,sphxxd,5
gripex90,t1t1t1t1t1t1t1t1t1t1t1,4
gripex90,aleksasavic01,1
gripex90,aggresivelypassive,1
skiddlerrs,longy_schlongy,11
gripex90,fsvp1997,3
gripex90,fsvp1997,1
skiddlerrs,tcrg,8
gripex90,nichimizazvan,3
gripex90,henosis93,4
gripex90,captainmogga,11
gripex90,folerr,13
gripex90,folerr,6
gripex90,fsvp1997,2
gripex90,captainmogga,2
gripex90,blulio,7
gripex90,fsvp1997,1
gripex90,trophyfaker,8
gripex90,craek21,4
gripex90,araon7fold,2
gripex90,hi_im_bozu,1
gripex90,aggresivelypassive,3
gripex90,my_clone,1
bobross,mokaygee,6
gripex90,weng777,4
gripex90,aggresivelypassive,2
gripex90,musenknast,5
gripex90,heuer9,1
gripex90,craek21,3
gripex90,hellsinferno322,1
gripex90,fsvp1997,2
gripex90,fsvp1997,3
gripex90,aggresivelypassive,4
gripex90,devilitachi07,3
leonblack,specialkidmiles,3
gripex90,skorpionass,1
gripex90,musenknast,20
gripex90,hellsinferno322,1
gripex90,nightbot,3
gripex90,vcmmotionless,1
gripex90,hi_im_bozu,1
gripex90,ijannnn,2
gripex90,l3b0,1
gripex90,blulio,8
gripex90,estermid,4
leonblack,deadbolts,6
gripex90,jonasssh,2
gripex90,captainmogga,3
skiddlerrs,imawmawmaw,3
gripex90,folerr,7
gripex90,jaserpy,5
gripex90,bisi72,1
gripex90,ulusunkurt,6
gripex90,craek21,10
gripex90,aggresivelypassive,5
forsen,dantiko,2
gripex90,ulusunkurt,4
gripex90,jonasssh,2
leonblack,kevinsphallus,4
chemicaldragoon,nutblower269,9
bobross,noobu,1
gripex90,l3b0,8
skiddlerrs,cheesysqueezer,3
gripex90,guests77,1
gripex90,nightbot,9
gripex90,folerr,3
forsen,snusbot,11
forsen,snusbot,11
gripex90,ulusunkurt,1
skiddlerrs,cakeowner,2
gripex90,ladyjazz,1
leonblack,rjdoute,7
gripex90,folerr,4
gripex90,ulusunkurt,3
gripex90,ulusunkurt,1
gripex90,ulusunkurt,1
chemicaldragoon,prof3it,4
gripex90,ladyjazz,1
bobross,tupair7,8
gripex90,camzyy,1
gripex90,camzyy,1
gripex90,fsvp1997,8
gripex90,theloggel,1
gripex90,matheus7689,1
chemicaldragoon,exzmob,4
leonblack,deadbolts,5
gripex90,peanut_brother,4
skiddlerrs,optic_g,5
gripex90,blulio,1
gripex90,nichimizazvan,5
gripex90,3x2__,4
gripex90,discabil,9
gripex90,keemo11,1
skiddlerrs,churd_rs,1
gripex90,levinxxxx,7
gripex90,alexable24,3
skiddlerrs,cakeowner,1
gripex90,lvl3bae,5
skiddlerrs,tsamps5,2
gripex90,fiskefjaes,6
gripex90,rafsok,12
gripex90,fsvp1997,4
gripex90,discabil,7
leonblack,gaddie86,5
gripex90,froge_am_3harden,8
forsen,snusbot,11
gripex90,kkiller1337,1
gripex90,trophyfaker,9
gripex90,discabil,3
gripex90,jonidanger,7
gripex90,kkiller1337,4
gripex90,3x2__,5
gripex90,reaiiycheck,19
forsen,lalarow,1
gripex90,cpthooter,10
gripex90,kaskamelapov,7
gripex90,hatttorihanzolol,20
gripex90,legendkiller1906,4
gripex90,kaskamelapov,1
gripex90,agasushi,4
gripex90,keeface,7
gripex90,matheus7689,12
gripex90,blulio,26
gripex90,rafsok,18
gripex90,aggresivelypassive,15
gripex90,imadjokz,29
gripex90,basedgod119,9
gripex90,matheusmgfr,5
gripex90,matheusmgfr,1
gripex90,ivkata,9
skiddlerrs,j0rdan_p,5
gripex90,saltyinf4m0us,7
gripex90,aggresivelypassive,15
gripex90,blulio,14
gripex90,saltyinf4m0us,1
gripex90,mehmet131231,1
gripex90,raptoralex93,1
gripex90,matheusmgfr,6
chemicaldragoon,prof3it,4
leonblack,graywolves,6
dakotaz,aleciaslayz,4
chemicaldragoon,spunkyttv,32
gripex90,niutontt,3
gripex90,saltyinf4m0us,6
gripex90,afuroman,1
gripex90,nightbot,9
gripex90,trophyfaker,2
forsen,jpezswag,1
skiddlerrs,wagit,3
gripex90,skrald1231,1
gripex90,orionv7,8
chemicaldragoon,exzmob,19
chemicaldragoon,sighhmon,4
gripex90,cheeseacake,9
gripex90,arcanay,1
gripex90,insomniaa03,1
gripex90,raptoralex93,1
gripex90,kageklovn,1
gripex90,trophyfaker,1
gripex90,nichimizazvan,5
gripex90,saltyinf4m0us,5
gripex90,aggresivelypassive,6
gripex90,matheusmgfr,16
gripex90,sadinopt,1
gripex90,shootingcream,1
gripex90,serjules23,2
gripex90,fastskillkill,1
dakotaz,beans222,3
gripex90,thetattedsupport,8
gripex90,raptoralex93,5
gripex90,kingammad,1
gripex90,fiskefjaes,3
gripex90,orionv7,2
gripex90,hhyrr,5
gripex90,mrafroninja,0
gripex90,elvenolven,1
gripex90,wclos,11
gripex90,nichimizazvan,1
gripex90,nightbot,13
gripex90,supportbolddy,1
gripex90,mendigo_ricco,16
chemicaldragoon,frozenzombi,5
gripex90,keeface,19
gripex90,nightbot,9
gripex90,shootingcream,1
gripex90,nightbot,13
bobross,mevarit,1
gripex90,xilitor2102,4
leonblack,rjdoute,4
gripex90,keeface,2
gripex90,supportbolddy,1
gripex90,xilitor2102,1
gripex90,matheus7689,1
skiddlerrs,stilloosrs,4
gripex90,keeface,2
leonblack,tolemi959,17
gripex90,likemycutese,12
skiddlerrs,poweraids,14
gripex90,wclos,6
gripex90,nightbot,13
gripex90,alexmmdj,7
dakotaz,gamingchantelle_,6
gripex90,nightbot,9
gripex90,keeface,9
gripex90,wclos,6
dakotaz,jennc,3
gripex90,matheus7689,1
gripex90,nightbot,12
leonblack,rjdoute,2
gripex90,raptoralex93,1
gripex90,godsk2k,1
gripex90,raptoralex93,0
gripex90,masterofshadoww,1
gripex90,likemycutese,1
gripex90,nightbot,13
chemicaldragoon,gabricoci,6
gripex90,likemycutese,1
gripex90,simzeboy,22
gripex90,alexmmdj,3
gripex90,raezy7,1
gripex90,katsukiatv,1
gripex90,weng777,1
gripex90,olmtohoy,1
gripex90,fr1sbie,1
gripex90,masterofshadoww,1
gripex90,elenthier_,1
skiddlerrs,jordyxii,11
gripex90,wolfeystayn,1
gripex90,nightbot,12
gripex90,jonasssh,4
gripex90,13_spartan_37,1
gripex90,harlequinesis,0
gripex90,raezy7,1
gripex90,aggresivelypassive,2
gripex90,merabalarherkese,5
gripex90,geerealz,1
gripex90,mervanmutiu,1
gripex90,likemycutese,3
gripex90,wclos,7
gripex90,marksmanbunyo,1
gripex90,sylmiracle,2
leonblack,rjdoute,15
gripex90,likemycutese,1
gripex90,skrald1231,5
skiddlerrs,faux,9
leonblack,rjdoute,9
gripex90,aggresivelypassive,6
gripex90,godsk2k,1
gripex90,nightbot,14
gripex90,lemmeclapdemcheeks69,8
gripex90,krum_95,10
gripex90,javigtsusa,8
gripex90,likemycutese,10
gripex90,likemycutese,7
gripex90,krum_95,4
gripex90,krum_95,6
gripex90,likemycutese,21
gripex90,wclos,2
gripex90,mixosompampas,2
gripex90,mendigo_ricco,16
gripex90,wclos,1
gripex90,hhyrr,1
gripex90,nightbot,17
skiddlerrs,xelysii,4
gripex90,wclos,1
gripex90,byzuu,1
gripex90,aggresivelypassive,1
gripex90,froeen,6
forsen,qtplemonkey,2
skiddlerrs,vennerz,4
chemicaldragoon,natty3112,4
skiddlerrs,joshstrefff,4
skiddlerrs,jordytommo,2
skiddlerrs,jordytommo,3
skiddlerrs,forthexrs,3
chemicaldragoon,exzmob,19
forsen,hionian,1
cudemcudem,guywholikespie,4
cudemcudem,ashbash01,1
cudemcudem,t3estificate,2
cudemcudem,guywholikespie,1
bobross,duvaljuggalo,0
leonblack,rjdoute,1
skiddlerrs,xelysii,8
forsen,dragonhunter708,4
skiddlerrs,richiemacgames,3
skiddlerrs,richiemacgames,1
leonblack,m0thchild,2
cudemcudem,insa___,3
skiddlerrs,churd_rs,4
skiddlerrs,gold_hippo,2
cudemcudem,digidrago1,1
gripex90,aggresivelypassive,3
cudemcudem,guywholikespie,2
cudemcudem,willysbeiner,4
cudemcudem,insa___,5
cudemcudem,cikolatalisufle,3
skiddlerrs,ironvarious,3
skiddlerrs,sperry9,5
gripex90,anonymusoo8,1
gripex90,nightbot,22
forsen,w_rowow_w,1
skiddlerrs,j0rdan_p,4
cudemcudem,guywholikespie,6
cudemcudem,hiltijack,3
gripex90,jimbomet,4
cudemcudem,mightylewisz,1
bobross,duvaljuggalo,4
cudemcudem,brazilkrautsalat,1
gripex90,seerum_,3
leonblack,flomaven,1
cudemcudem,guywholikespie,3
gripex90,aggresivelypassive,4
leonblack,eloquentbambi,3
skiddlerrs,gooklay,4
cudemcudem,mesut0w,0
gripex90,ilbuzzli,19
skiddlerrs,rix145,1
leonblack,sleep_assist,1
gripex90,mrjesus1,1
gripex90,santloce,1
bobross,renywan,3
gripex90,aggresivelypassive,5
cudemcudem,brazilkrautsalat,7
gripex90,trophyfaker,7
cudemcudem,jonfratello,4
gripex90,tj_f,2
gripex90,fabs1887,16
cudemcudem,brazilkrautsalat,3
cudemcudem,likeyouknow,1
cudemcudem,clapsenpai,10
bobross,elxroid,1
cudemcudem,jonfratello,4
gripex90,seerum_,15
gripex90,wclos,11
gripex90,aggresivelypassive,4
gripex90,inception199,1
gripex90,nightbot,9
cudemcudem,ho_chi_ho_chi,0
cudemcudem,nesquikkolol,0
skiddlerrs,colliin,1
gripex90,marksmanbunyo,1
gripex90,nightbot,12
cudemcudem,jonfratello,1
gripex90,aggresivelypassive,5
gripex90,oneaxetwofriends,1
gripex90,gipseynvm,1
cudemcudem,nesquikkolol,0
skiddlerrs,shents,1
gripex90,13_spartan_37,7
cudemcudem,likeyouknow,2
gripex90,oneaxetwofriends,1
gripex90,nightbot,13
cudemcudem,mikelmingz,3
gripex90,nightbot,3
gripex90,oneaxetwofriends,3
leonblack,deadbolts,6
gripex90,hremar,5
skiddlerrs,dillydeee,7
gripex90,aggresivelypassive,19
gripex90,gipseynvm,6
cudemcudem,likeyouknow,8
gripex90,wxmx,10
gripex90,aggresivelypassive,3
cudemcudem,dermotologtv,2
gripex90,gipseynvm,1
gripex90,nightbot,13
gripex90,aggresivelypassive,4
gripex90,gipseynvm,3
cudemcudem,holypen0r,1
leonblack,gladbane88,7
cudemcudem,lazyman24,3
bobross,elxroid,1
gripex90,ferodinero,16
skiddlerrs,pirateofcuba,12
gripex90,lyna_ow,1
cudemcudem,delta_ovv,2
cudemcudem,yuomi,2
leonblack,gaddie86,3
bobross,imdalazio_1,3
gripex90,leforce01,5
cudemcudem,lazyman24,8
gripex90,ferodinero,2
gripex90,poepesnorreke,4
leonblack,sirakain,19
gripex90,lyna_ow,7
cudemcudem,cell_on,6
cudemcudem,digitalkus,4
cudemcudem,ert2rule,4
skiddlerrs,no1aussie,4
cudemcudem,yungmap,1
cudemcudem,lazyman24,1
cudemcudem,lazyman24,3
gripex90,saltyinf4m0us,3
cudemcudem,anzomi_,2
skiddlerrs,barelylegalrs,1
cudemcudem,lazyman24,24
cudemcudem,yungmap,7
cudemcudem,brightnesss,3
cudemcudem,lazyman24,24
cudemcudem,wysd,2
forsen,phi5inga,2
cudemcudem,cell_on,4
cudemcudem,devin021202,1
cudemcudem,devin021202,3
leonblack,danthosek123,1
chemicaldragoon,exzmob,19
cudemcudem,lazyman24,1
cudemcudem,parcon,1
forsen,sinosamasservanos,1
cudemcudem,wysd,3
skiddlerrs,sirbankyourloots,11
chemicaldragoon,mercurial6798,18
cudemcudem,devin021202,4
cudemcudem,wysd,8
cudemcudem,lazyman24,3
leonblack,sirakain,3
cudemcudem,wysd,2
cudemcudem,cell_on,4
cudemcudem,theclassic101,1
cudemcudem,pscpc,6
cudemcudem,yuomi,1
cudemcudem,wysd,1
cudemcudem,uavirtue,1
skiddlerrs,xarter0,7
cudemcudem,shugart_game,0
cudemcudem,yuomi,3
gripex90,preed1,3
gripex90,preed1,7
cudemcudem,lazyman24,4
cudemcudem,wysd,7
cudemcudem,davidikger,2
forsen,ragged_jalopy,7
cudemcudem,brightnesss,5
cudemcudem,cell_on,2
cudemcudem,iceclimberr,12
cudemcudem,wysd,4
cudemcudem,novagamingro,4
cudemcudem,lazyman24,6
cudemcudem,wysd,10
gripex90,lyna_ow,5
cudemcudem,wysd,4
gripex90,wclos,4
cudemcudem,devin021202,4
gripex90,totallynot_me,4
cudemcudem,iceclimberr,2
gripex90,lordfinesse395,5
cudemcudem,devin021202,1
cudemcudem,wysd,1
cudemcudem,wysd,2
cudemcudem,likeyouknow,5
cudemcudem,kendimeyenibirbenlazim,3
gripex90,jooownsx,1
cudemcudem,iceclimberr,1
cudemcudem,lazyman24,9
gripex90,cosmin314,4
cudemcudem,wysd,2
cudemcudem,cell_on,5
gripex90,alakazamzum,1
gripex90,creyd,4
gripex90,dsilva_,4
gripex90,boblakoder111,4
gripex90,mziah,2
gripex90,rdyaaa,4
gripex90,din1992,4
gripex90,yakamushi,4
gripex90,lemming11,4
gripex90,forgottensmite,4
gripex90,kudosa,5
cudemcudem,archevilzzz,1
gripex90,thikona,4
gripex90,zesksss,4
gripex90,saltyinf4m0us,3
gripex90,juroph,4
gripex90,totallynot_me,4
cudemcudem,lazyman24,5
gripex90,thelegendoffraij,4
skiddlerrs,candrok,14
gripex90,boblakoder111,4
gripex90,xkaann,4
gripex90,semaj_is_love,4
gripex90,poepesnorreke,10
gripex90,totallynot_me,4
cudemcudem,lazyman24,3
chemicaldragoon,breezko,17
gripex90,zesksss,4
gripex90,bigpapabob21,4
cudemcudem,holdmyhamgg,3
gripex90,elgathor,1
cudemcudem,brightnesss,1
gripex90,itszewii,3
cudemcudem,lazyman24,10
leonblack,eloquentbambi,1
cudemcudem,cell_on,3
cudemcudem,wysd,3
cudemcudem,devin021202,0
cudemcudem,yuomi,5
forsen,komug,1
gripex90,dualipa420,2
cudemcudem,supernam96,1
cudemcudem,likeyouknow,2
gripex90,wingsofdeath,11
gripex90,wingsofdeath,1
cudemcudem,holdmyhamgg,1
cudemcudem,cell_on,6
cudemcudem,devin021202,0
gripex90,itszewii,8
gripex90,poepesnorreke,3
cudemcudem,wysd,12
cudemcudem,curioow,3
cudemcudem,wysd,4
cudemcudem,devin021202,1
gripex90,kanebash,7
cudemcudem,clawstrider,4
gripex90,semaj_is_love,13
cudemcudem,lazyman24,4
gripex90,dualipa420,2
cudemcudem,carlkaune,1
cudemcudem,hypnotisiert,0
cudemcudem,supernam96,8
cudemcudem,wysd,10
cudemcudem,cell_on,1
dakotaz,lazyscaffy_,3
leonblack,gladbane88,2
cudemcudem,mrdrproffumbles,3
gripex90,zesta_,1
cudemcudem,devin021202,7
cudemcudem,clawstrider,9
cudemcudem,imonlyherefortheads,8
leonblack,gaddie86,1
cudemcudem,lazyman24,9
leonblack,eloquentbambi,3
cudemcudem,coldsouthpole,0
gripex90,icefenix,1
cudemcudem,coldsouthpole,0
gripex90,lordfinesse395,3
cudemcudem,wysd,7
cudemcudem,devin021202,1
cudemcudem,coldsouthpole,0
gripex90,lordfinesse395,1
cudemcudem,wysd,1
cudemcudem,cell_on,7
cudemcudem,supernam96,18
cudemcudem,coldsouthpole,5
cudemcudem,clawstrider,1
cudemcudem,devin021202,3
cudemcudem,lazyman24,0
gripex90,zesta_,6
cudemcudem,coldsouthpole,0
cudemcudem,wysd,2
cudemcudem,coldsouthpole,0
cudemcudem,wysd,5
cudemcudem,lazyman24,0
cudemcudem,coldsouthpole,0
cudemcudem,devin021202,1
cudemcudem,clawstrider,2
cudemcudem,coldsouthpole,0
cudemcudem,lazyman24,0
gripex90,madaara,6
cudemcudem,coldsouthpole,0
cudemcudem,cell_on,3
cudemcudem,likeyouknow,1
gripex90,aggresivelypassive,2
forsen,lidrum,1
cudemcudem,coldsouthpole,0
cudemcudem,hypnotisiert,0
cudemcudem,cell_on,4
cudemcudem,coldsouthpole,0
cudemcudem,lazyman24,4
gripex90,aggresivelypassive,1
cudemcudem,thezorth,1
cudemcudem,supernam96,4
gripex90,ilbuzzli,16
cudemcudem,supernam96,4
cudemcudem,xxcnx,3
gripex90,aggresivelypassive,3
cudemcudem,coldsouthpole,1
cudemcudem,yuomi,7
cudemcudem,lazyman24,4
cudemcudem,likeyouknow,4
cudemcudem,tremorog,3
cudemcudem,tremorog,1
cudemcudem,tremorog,1
cudemcudem,valker,3
cudemcudem,yuomi,3
cudemcudem,supernam96,18
skiddlerrs,hoaxidious,14
cudemcudem,lazyman24,2
cudemcudem,brightnesss,0
chemicaldragoon,yunghades8,60
gripex90,higgs624,12
gripex90,saltyinf4m0us,1
cudemcudem,tremorog,1
cudemcudem,slesar42,3
cudemcudem,supernam96,19
cudemcudem,xxcnx,3
cudemcudem,tremorog,6
cudemcudem,lazyman24,10
cudemcudem,tremorog,1
gripex90,p1less,4
gripex90,lckray3344,6
gripex90,lyna_ow,7
cudemcudem,xxcnx,3
gripex90,vbaxter,13
cudemcudem,supernam96,12
forsen,iron_dizaster,1
cudemcudem,cell_on,8
gripex90,philnexes,7
chemicaldragoon,fsgfoeva,5
skiddlerrs,pnefc,8
skiddlerrs,geofison,11
bobross,ulvendagoth,2
cudemcudem,happynari,1
skiddlerrs,shents,5
cudemcudem,cell_on,7
gripex90,realteemoplayer,1
cudemcudem,lazyman24,5
skiddlerrs,morrisq_q,4
skiddlerrs,xarter0,7
cudemcudem,supernam96,1
cudemcudem,lazyman24,5
gripex90,13_spartan_37,7
gripex90,oneaxetwofriends,4
cudemcudem,yuomi,7
gripex90,maxilek,1
gripex90,maxilek,1
gripex90,nightbot,23
cudemcudem,supernam96,6
gripex90,jaydslol,9
cudemcudem,bima3333,0
gripex90,jay24cx,10
gripex90,afness_,2
cudemcudem,feelthedarkness,1
cudemcudem,lazyman24,7
cudemcudem,supernam96,1
cudemcudem,cell_on,9
gripex90,saltyinf4m0us,5
gripex90,tj_f,0
gripex90,darthana,12
cudemcudem,supernam96,6
cudemcudem,novagamingro,8
gripex90,preed1,1
gripex90,nightbot,21
gripex90,jaydslol,29
gripex90,lyna_ow,5
leonblack,nightbot,8
gripex90,pokefoodd,5
gripex90,saltyinf4m0us,4
cudemcudem,morphblue,1
cudemcudem,slaxxor,1
gripex90,sammuel_arantes,1
gripex90,nightbot,13
cudemcudem,yuomi,4
gripex90,saltyinf4m0us,6
cudemcudem,thewayns,1
cudemcudem,lazyman24,5
cudemcudem,hypnotisiert,9
cudemcudem,supernam96,12
leonblack,sirakain,5
gripex90,kingpfanne,1
cudemcudem,supernam96,6
gripex90,gmbzavtra,4
cudemcudem,yuomi,4
gripex90,sitronskall,1
gripex90,sammuel_arantes,6
cudemcudem,lazyman24,1
cudemcudem,hypnotisiert,3
cudemcudem,tussano,1
cudemcudem,supernam96,5
cudemcudem,lazyman24,6
skiddlerrs,faux,21
cudemcudem,applesmelon,10
leonblack,eloquentbambi,3
cudemcudem,nhblasters,3
leonblack,rjdoute,5
cudemcudem,supernam96,9
cudemcudem,wehtboi,5
cudemcudem,yuomi,3
cudemcudem,supernam96,4
cudemcudem,yuomi,4
leonblack,sirakain,4
cudemcudem,lazyman24,2
forsen,d1scle,1
gripex90,kanebash,14
cudemcudem,guggie123,5
skiddlerrs,faux,1
cudemcudem,lazyman24,6
cudemcudem,lazyman24,1
cudemcudem,supernam96,8
gripex90,dawny_l9,9
gripex90,bankabaever,9
skiddlerrs,formats,1
cudemcudem,lazyman24,4
gripex90,jooownsx,4
cudemcudem,supernam96,5
cudemcudem,lazyman24,9
gripex90,jaydslol,20
gripex90,prof1re,6
cudemcudem,souvlakispacestation_,3
gripex90,darthana,5
cudemcudem,supernam96,6
gripex90,foolish_boi,10
gripex90,sammuel_arantes,11
cudemcudem,ds07,1
cudemcudem,macdoogle,2
gripex90,dawny_l9,10
cudemcudem,macdoogle,5
gripex90,jaydslol,3
cudemcudem,thedomo314,1
cudemcudem,lazyman24,7
gripex90,wofels,1
gripex90,lfernete,3
gripex90,lordfinesse395,1
cudemcudem,lazyman24,3
cudemcudem,virginsloth,4
gripex90,afness_,6
gripex90,buffadcarry,3
cudemcudem,yuomi,11
gripex90,afness_,3
gripex90,xkaktuspoo,1
gripex90,sammuel_arantes,1
gripex90,dancsin,4
cudemcudem,macdoogle,5
cudemcudem,macpumperkinz,6
gripex90,saltyinf4m0us,10
cudemcudem,maxpower667,1
gripex90,saltyinf4m0us,1
cudemcudem,lazyman24,1
cudemcudem,yuomi,1
cudemcudem,virginsloth,1
cudemcudem,hypnotisiert,1
cudemcudem,thezorth,1
cudemcudem,supernam96,1
cudemcudem,mo88bn2,1
cudemcudem,hypnotisiert,1
cudemcudem,macdoogle,5
skiddlerrs,mortensenn,1
skiddlerrs,sirbankyourloots,8
gripex90,preed1,3
gripex90,kanebash,16
gripex90,dawny_l9,6
gripex90,diinice,2
cudemcudem,supernam96,5
gripex90,philnexes,8
cudemcudem,yuomi,7
gripex90,darthana,14
cudemcudem,macdoogle,5
cudemcudem,hypnotisiert,9
gripex90,igoloicos,3
gripex90,dancsin,3
gripex90,alakazamzum,7
gripex90,afness_,6
gripex90,jaydslol,11
gripex90,slowplex_,1
gripex90,dawny_l9,1
gripex90,matheusmgfr,17
cudemcudem,supernam96,10
gripex90,alakazamzum,17
cudemcudem,thezorth,5
gripex90,lexaz,10
cudemcudem,hypnotisiert,1
cudemcudem,supernam96,9
cudemcudem,badtripmentaldisability,1
gripex90,lexaz,1
cudemcudem,wehtboi,4
cudemcudem,thezorth,2
gripex90,kanebash,2
cudemcudem,lazyman24,3
cudemcudem,hypnotisiert,1
cudemcudem,badtripmentaldisability,1
gripex90,buffadcarry,2
cudemcudem,yuomi,6
cudemcudem,thedomo314,1
gripex90,ladyjazz,3
gripex90,afness_,0
cudemcudem,badtripmentaldisability,1
cudemcudem,chesi322,3
gripex90,alakazamzum,7
cudemcudem,knoxxvillain,3
gripex90,wrizzt,2
cudemcudem,macpumperkinz,6
gripex90,afness_,4
gripex90,eblu24,1
gripex90,dawny_l9,2
skiddlerrs,primalpaint,2
gripex90,dancsin,9
gripex90,soyunpringad0,6
cudemcudem,lazyman24,2
cudemcudem,supernam96,11
gripex90,afness_,2
cudemcudem,supernam96,1
gripex90,dizzyknight32,2
skiddlerrs,walrus03,5
gripex90,saltyinf4m0us,1
gripex90,jaydslol,7
cudemcudem,knoxxvillain,5
cudemcudem,yuomi,1
gripex90,lordfinesse395,1
gripex90,alakazamzum,11
gripex90,elgathor,1
gripex90,saltyinf4m0us,4
cudemcudem,knoxxvillain,3
cudemcudem,noobggwwpp,0
gripex90,jaydslol,7
gripex90,sammuel_arantes,3
gripex90,dawny_l9,5
gripex90,ccksam,3
cudemcudem,noobggwwpp,3
gripex90,lexaz,1
gripex90,sammuel_arantes,4
gripex90,ladyjazz,1
cudemcudem,thedomo314,2
cudemcudem,lazyman24,8
gripex90,wrizzt,2
gripex90,sammuel_arantes,1
gripex90,gripex90,3
forsen,eyxx,1
gripex90,saltyinf4m0us,1
cudemcudem,supernam96,3
gripex90,suiradro,1
cudemcudem,knoxxvillain,3
gripex90,ccksam,3
cudemcudem,noobggwwpp,2
gripex90,afness_,1
cudemcudem,yuomi,4
gripex90,gripex90,5
gripex90,gripex90,2
cudemcudem,noobggwwpp,3
gripex90,afness_,11
skiddlerrs,dalle_,5
gripex90,elgathor,2
cudemcudem,lazyman24,6
cudemcudem,supernam96,17
cudemcudem,yuomi,4
cudemcudem,hypnotisiert,12
cudemcudem,noobggwwpp,0
cudemcudem,noobggwwpp,1
cudemcudem,noobggwwpp,0
cudemcudem,noobggwwpp,1
skiddlerrs,chilliconko,9
cudemcudem,thedomo314,13
cudemcudem,knoxxvillain,2
cudemcudem,noobggwwpp,0
cudemcudem,supernam96,21
dakotaz,gevede1994,2
cudemcudem,lazyman24,7
cudemcudem,noobggwwpp,2
cudemcudem,thezorth,5
cudemcudem,noobggwwpp,0
cudemcudem,thedomo314,23
bobross,oddowl94,4
skiddlerrs,sirbankyourloots,13
cudemcudem,noobggwwpp,2
cudemcudem,lazyman24,4
cudemcudem,thetauanbr,1
forsen,user_incognito,1
cudemcudem,supernam96,4
cudemcudem,thetauanbr,1
cudemcudem,lazyman24,1
cudemcudem,supernam96,7
cudemcudem,noobggwwpp,2
cudemcudem,noobggwwpp,1
cudemcudem,noobggwwpp,0
cudemcudem,supernam96,6
cudemcudem,lazyman24,3
forsen,imred,2
cudemcudem,hypnotisiert,5
cudemcudem,yuomi,6
cudemcudem,yuomi,7
cudemcudem,supernam96,10
cudemcudem,supernam96,5
cudemcudem,thetauanbr,6
cudemcudem,lazyman24,3
cudemcudem,supernam96,15
leonblack,zeeyee,1
leonblack,dcheche,2
cudemcudem,supernam96,9
cudemcudem,hypnotisiert,6
bobross,yoshiringo,1
cudemcudem,lazyman24,2
gripex90,bunnyfofo,1
gripex90,nightbot,3
cudemcudem,lazyman24,4
cudemcudem,yuomi,14
cudemcudem,supernam96,5
dakotaz,aleciaslayz,6
cudemcudem,yuomi,4
cudemcudem,hypnotisiert,4
cudemcudem,lazyman24,1
cudemcudem,supernam96,9
cudemcudem,thetauanbr,3
cudemcudem,lazyman24,2
cudemcudem,supernam96,8
cudemcudem,lazyman24,4
cudemcudem,rockchan0303,3
cudemcudem,lazyman24,5
cudemcudem,supernam96,10
cudemcudem,lazyman24,4
bobross,sgbalwing,1
cudemcudem,supernam96,4
cudemcudem,thetauanbr,3
skiddlerrs,sample4head,21
cudemcudem,lazyman24,9
cudemcudem,supernam96,8
cudemcudem,supernam96,7
cudemcudem,yuomi,4
cudemcudem,hypnotisiert,1
forsen,voidolt,1
cudemcudem,supernam96,13
cudemcudem,xarlescs,3
skiddlerrs,faux,4
cudemcudem,xarlescs,5
cudemcudem,supernam96,15
skiddlerrs,ironvarious,4
skiddlerrs,saladblocks,2
cudemcudem,supernam96,1
cudemcudem,yuomi,1
cudemcudem,supernam96,1
cudemcudem,yuomi,10
skiddlerrs,sirbankyourloots,10
dakotaz,mikethelightbender,6
cudemcudem,supernam96,5
cudemcudem,sedifon,4
cudemcudem,hypnotisiert,5
cudemcudem,sedifon,4
cudemcudem,supernam96,11
cudemcudem,sedifon,2
cudemcudem,thetauanbr,2
cudemcudem,hypnotisiert,2
cudemcudem,yuomi,1
skiddlerrs,saladblocks,9
cudemcudem,supernam96,3
cudemcudem,llivevill,2
cudemcudem,hypnotisiert,2
leonblack,beaushaman,13
cudemcudem,thetauanbr,8
cudemcudem,supernam96,7
cudemcudem,thetauanbr,1
cudemcudem,yuomi,15
cudemcudem,sedifon,6
cudemcudem,supernam96,6
skiddlerrs,nevustaja,1
cudemcudem,buzzertjeman1,3
cudemcudem,hypnotisiert,6
dakotaz,aleciaslayz,1
cudemcudem,supernam96,7
cudemcudem,yuomi,2
cudemcudem,nesswit,4
cudemcudem,supernam96,5
cudemcudem,thetauanbr,1
cudemcudem,supernam96,2
cudemcudem,winstoneee,3
cudemcudem,thetauanbr,2
cudemcudem,hypnotisiert,0
cudemcudem,supernam96,6
cudemcudem,winstoneee,7
cudemcudem,supernam96,10
cudemcudem,yuomi,10
cudemcudem,gbunny_,0
skiddlerrs,colliin,14
skiddlerrs,nevustaja,1
cudemcudem,thetauanbr,1
bobross,jeromemorrow,6
cudemcudem,sedifon,10
cudemcudem,supernam96,5
cudemcudem,supernam96,1
bobross,lookandlearrn,1
leonblack,sparkygang,1
skiddlerrs,faux,4
cudemcudem,hypnotisiert,7
cudemcudem,supernam96,6
cudemcudem,yuomi,14
skiddlerrs,ironvarious,11
cudemcudem,thetauanbr,7
cudemcudem,supernam96,12
cudemcudem,jlstryker,1
cudemcudem,thetauanbr,3
cudemcudem,supernam96,9
cudemcudem,thetauanbr,1
cudemcudem,supernam96,6
cudemcudem,supernam96,11
cudemcudem,yuomi,1
cudemcudem,hypnotisiert,3
cudemcudem,thezorth,1
cudemcudem,thetauanbr,2
cudemcudem,supernam96,6
cudemcudem,hypnotisiert,3
cudemcudem,supernam96,6
forsen,slumjin,2
cudemcudem,yuomi,9
cudemcudem,thetauanbr,8
cudemcudem,supernam96,21
cudemcudem,yuomi,5
skiddlerrs,qwinnyosrs,3
cudemcudem,supernam96,12
cudemcudem,supernam96,7
cudemcudem,hypnotisiert,7
cudemcudem,yuomi,16
cudemcudem,supernam96,11
cudemcudem,supernam96,5
forsen,gokkel,1
cudemcudem,yuomi,2
forsen,gasplul,4
cudemcudem,yuomi,3
cudemcudem,thetauanbr,5
skiddlerrs,qwinnyosrs,1
cudemcudem,supernam96,10
cudemcudem,supernam96,3
cudemcudem,supernam96,12
leonblack,mamaluigisspaghetti,5
leonblack,zeeyee,1
cudemcudem,yuomi,20
cudemcudem,thetauanbr,2
cudemcudem,supernam96,10
leonblack,kunanaki,12
leonblack,zeeyee,1
cudemcudem,supernam96,2
cudemcudem,yuomi,4
cudemcudem,yuomi,1
cudemcudem,thetauanbr,3
skiddlerrs,carabu,5
cudemcudem,hypnotisiert,5
cudemcudem,supernam96,6
cudemcudem,yuomi,7
cudemcudem,wehtboi,3
cudemcudem,hypnotisiert,4
cudemcudem,thetauanbr,2
cudemcudem,supernam96,19
skiddlerrs,qwinnyosrs,1
leonblack,rjdoute,8
cudemcudem,supernam96,1
bobross,coloradohorse,1
cudemcudem,yuomi,12
skiddlerrs,carabu,9
cudemcudem,wehtboi,4
cudemcudem,yuomi,15
cudemcudem,supernam96,14
leonblack,gaddie86,4
cudemcudem,yuomi,1
chemicaldragoon,inbar10,8
leonblack,zeeyee,1
cudemcudem,thetauanbr,7
cudemcudem,thetauanbr,3
cudemcudem,supernam96,2
cudemcudem,supernam96,6
leonblack,zeeyee,1
cudemcudem,yuomi,3
leonblack,m0thchild,12
cudemcudem,supernam96,7
skiddlerrs,sirbankyourloots,2
cudemcudem,yuomi,3
cudemcudem,supernam96,7
cudemcudem,yuomi,5
cudemcudem,supernam96,8
skiddlerrs,xelysii,2
bobross,mugenxs,3
cudemcudem,yuomi,1
leonblack,rjdoute,16
forsen,draggenius,1
dakotaz,cheezits_,9
leonblack,eloquentbambi,11
cudemcudem,supernam96,6
cudemcudem,yuomi,9
chemicaldragoon,nutblower269,5
cudemcudem,supernam96,3
forsen,digitalfruitcakes,1
leonblack,roguetraits,22
leonblack,rjdoute,1
leonblack,roguetraits,2
cudemcudem,yuomi,3
leonblack,eloquentbambi,2
leonblack,rjk888,8
bobross,supremeruler,2
chemicaldragoon,nutblower269,5
leonblack,eloquentbambi,2
skiddlerrs,sammester,2
dakotaz,cheezits_,1
forsen,aqdaq,1
leonblack,sleep_assist,1
leonblack,rjdoute,5
bobross,thn_bot210,5
dakotaz,aleciaslayz,3
leonblack,sleep_assist,5
chemicaldragoon,prof3it,11
dakotaz,cheezits_,10
dakotaz,mikethelightbender,12
chemicaldragoon,nate7705,2
kalashnikovmediatv,tim_ply,2
forsen,guikuza,2
kalashnikovmediatv,krasavch1k9,0
leonblack,rjdoute,5
forsen,mutane0,1
bobross,pulisspangkalawakan,4
bobross,fetish_wap,4
bobross,duckking27,1
dakotaz,allanmck,11
leonblack,rjdoute,2
forsen,reallemon,3
skiddlerrs,sobepk,2
skiddlerrs,xhous,1
skiddlerrs,sobepk,1
kalashnikovmediatv,krasavch1k9,0
dakotaz,nightbot,1
forsen,nelorix,1
forsen,kloopz,1
leonblack,fluffyowner,10
forsen,gandor87,8
chemicaldragoon,yunghades8,40
kalashnikovmediatv,aleksism07,0
forsen,graywolf211,1
kalashnikovmediatv,yungsvi2004,3
forsen,ripa27,3
kalashnikovmediatv,moobot,5
leonblack,mamaluigisspaghetti,9
kalashnikovmediatv,putin_like_crimera,0
kalashnikovmediatv,sloootik,0
chemicaldragoon,nutblower269,14
dakotaz,kykyistoflyfly,1
chemicaldragoon,fuzeaspirecms,12
forsen,bepeka,7
forsen,siikanauha,6
leonblack,mustudonter,7
leonblack,timpslap,2
kalashnikovmediatv,aleksism07,0
leonblack,pyratrum_,6
bobross,iamcam221,2
leonblack,sleep_assist,8
forsen,pepega__,5
kalashnikovmediatv,zigzag296,0
leonblack,rjdoute,2
forsen,parralexx,1
kalashnikovmediatv,mixapp28,0
forsen,scamazhs,1
kalashnikovmediatv,lexie344,0
forsen,0sergen0,0
kalashnikovmediatv,catlimbo_qq,0
kalashnikovmediatv,catlimbo_qq,0
forsen,isukksukk,1
dakotaz,allanmck,2
forsen,venomosh,1
kalashnikovmediatv,sayan74,0
leonblack,crow_quill,6
dakotaz,aleciaslayz,14
leonblack,kevinsphallus,8
leonblack,littlelillu,6
kalashnikovmediatv,catlimbo_qq,0
leonblack,mustudonter,3
leonblack,asininepanda,1
leonblack,sirakain,3
leonblack,sirakain,1
leonblack,crow_quill,4
dakotaz,my_snipes,6
forsen,parh1m,3
kalashnikovmediatv,catlimbo_qq,0
kalashnikovmediatv,catlimbo_qq,0
kalashnikovmediatv,fear2_1,0
kalashnikovmediatv,catlimbo_qq,0
forsen,pineinei,1
dakotaz,mrwessa,1
kalashnikovmediatv,paninviktor26,0
dakotaz,fatalgottrees,2
kalashnikovmediatv,catlimbo_qq,0
kalashnikovmediatv,terzcsgo,0
kalashnikovmediatv,catlimbo_qq,0
leonblack,sirakain,4
dakotaz,chocolategirlxx,2
forsen,theoddchees,0
kalashnikovmediatv,lastbbb,0
leonblack,senpaistewie,1
forsen,ellohide97,1
dakotaz,anthony_montano,1
kalashnikovmediatv,th3suspecttv,1
leonblack,timpslap,4
dakotaz,real_brad_one,7
forsen,guikuza,2
forsen,giolent,12
leonblack,eloquentbambi,4
leonblack,sleep_assist,2
forsen,bgdesert,0
leonblack,ichimotes,1
forsen,krawf,3
forsen,mockingbirdsr,2
dakotaz,booteebandit,10
leonblack,sleep_assist,7
leonblack,timpslap,2
leonblack,mamaluigisspaghetti,2
leonblack,gojirasaurus,1
forsen,jamjacjoe,1
dakotaz,papabear,2
leonblack,mrwumbo,6
leonblack,beeeeefsupreme,7
kalashnikovmediatv,chesi22,0
leonblack,ichimotes,3
kalashnikovmediatv,somebodyknow,2
leonblack,eloquentbambi,6
iam_chappie,nickl87,23
iam_chappie,wuchusaiyan10,3
iam_chappie,lionsighs,1
iam_chappie,cainnoah98,18
leonblack,trashlordnikita,4
iam_chappie,boussfps,3
iam_chappie,aksh3l,1
iam_chappie,feliqz,3
iam_chappie,tyrino_gaming,1
iam_chappie,stoneburger93,1
iam_chappie,anthiaa,2
iam_chappie,squawlips,11
iam_chappie,ck_coc,1
iam_chappie,cainnoah98,6
iam_chappie,alion4life,1
iam_chappie,alion4life,4
iam_chappie,lionsighs,1
iam_chappie,incogneeto12021,3
iam_chappie,xxitzjuicyxx,7
iam_chappie,the_goatman45,1
iam_chappie,ck_coc,2
iam_chappie,wuchusaiyan10,10
forsen,guikuza,1
iam_chappie,hit__squad__,7
iam_chappie,alion4life,11
iam_chappie,hit__squad__,6
iam_chappie,incogneeto12021,4
iam_chappie,tightenupbro,14
iam_chappie,fronts1ght,1
iam_chappie,ck_coc,2
kalashnikovmediatv,rstmnrln,1
leonblack,crow_quill,17
forsen,sizeryle,0
iam_chappie,hxhippy,5
iam_chappie,incogneeto12021,12
iam_chappie,nightbot,19
forsen,simsmac,2
leonblack,rjdoute,3
dakotaz,seeyaltr,4
leonblack,trashlordnikita,1
leonblack,jondarawr,9
dakotaz,soar_arch15,1
dakotaz,tom_my11,2
dakotaz,poke456gameryt,1
dakotaz,hyperdrivebro,7
leonblack,nightbot,24
dakotaz,riprosebud,3
dakotaz,xmrjiggy,1
forsen,eviidogger,1
kalashnikovmediatv,bobikrivotraher,0
dakotaz,homemadeburito1,6
dakotaz,a_owen99,1
dakotaz,cj080805,5
dakotaz,rtv_shockz,6
dakotaz,hyperdrivebro,7
leonblack,eloquentbambi,20
dakotaz,bakeryinc,5
dakotaz,solyyy,4
leonblack,beeeeefsupreme,5
leonblack,eloquentbambi,1
kalashnikovmediatv,moobot,3
bobross,queenwheel,9
leonblack,itsbacon,2
kalashnikovmediatv,fear2_1,0
dakotaz,ilikecookiez5,5
leonblack,nightbot,1
dakotaz,milkeater0,7
dakotaz,lq_crackerss,4
dakotaz,xx_dark_angel_xx,8
dakotaz,miketheviking123,6
dakotaz,philip463solvang,1
dakotaz,perry_noid,1
dakotaz,wizzingtookool,4
iam_chappie,stay_frostty88,4
iam_chappie,nightbot,19
iam_chappie,changeover21,28
iam_chappie,buzzzlityr,1
dakotaz,akakinqx,1
dakotaz,donobunz,4
dakotaz,iliya_sr,3
iam_chappie,cambiasso,3
iam_chappie,duquesiin,6
iam_chappie,incogneeto12021,1
iam_chappie,stay_frostty88,4
dakotaz,twist_kae,1
iam_chappie,stoneburger93,1
iam_chappie,sunnyc90,2
dakotaz,officialnakia,8
iam_chappie,sunnyc90,4
iam_chappie,duquesiin,4
iam_chappie,nightbot,9
iam_chappie,buzzzlityr,4
iam_chappie,angrydragon22,1
iam_chappie,nightbot,14
iam_chappie,angrydragon22,3
iam_chappie,angrydragon22,4
iam_chappie,sray47,1
dakotaz,samuelasher,10
iam_chappie,nightbot,5
dakotaz,gunnerpemberton12,4
kalashnikovmediatv,moobot,4
dakotaz,miniren36,0
dakotaz,kennyghou06,2
dakotaz,jjzrocks55,1
dakotaz,nidzo12345,3
dakotaz,flippojnr,5
kalashnikovmediatv,casper08172,0
dakotaz,theokesniper,0
iam_chappie,stoneburger93,3
dakotaz,llamafinder,1
iam_chappie,boussfps,2
iam_chappie,angrydragon22,1
iam_chappie,sunnyc90,2
iam_chappie,hunnntt,1
iam_chappie,toulo,1
iam_chappie,boussfps,6
iam_chappie,boussfps,7
iam_chappie,package900,21
iam_chappie,angrydragon22,1
iam_chappie,nightbot,9
iam_chappie,angrydragon22,1
iam_chappie,nightbot,14
iam_chappie,funkyjumpymonkey,6
iam_chappie,angrydragon22,3
iam_chappie,angrydragon22,3
iam_chappie,boussfps,5
iam_chappie,angrydragon22,4
iam_chappie,goya_bean21,1
iam_chappie,package900,1
iam_chappie,imurhuckle63rry,1
iam_chappie,rion_rs,2
iam_chappie,nightbot,32
iam_chappie,acollins4897,0
iam_chappie,goya_bean21,3
dakotaz,asapraven,2
dakotaz,maximoothepoo444,5
iam_chappie,squawlips,1
iam_chappie,ck_coc,2
iam_chappie,mtndew_dothedew,1
iam_chappie,sasha_the_savage,3
iam_chappie,boussfps,4
iam_chappie,funkshun,2
iam_chappie,boussfps,7
iam_chappie,stoneburger93,3
dakotaz,gloticoz,3
dakotaz,easynametoreadd,9
dakotaz,dasnorkopsgang,4
kalashnikovmediatv,baddystadd,0
iam_chappie,incogneeto12021,4
dakotaz,88squad_bre3zy,17
dakotaz,zacdavidso,1
iam_chappie,feliqz,4
dakotaz,asapraven,1
kalashnikovmediatv,lord3218,0
kalashnikovmediatv,lord3218,0
dakotaz,carlosdaking03,2
dakotaz,even2death,8
kalashnikovmediatv,baddystadd,0
leonblack,pyrimis,9
dakotaz,carterbru,3
dakotaz,godradgamer,5
dakotaz,infernzo,1
dakotaz,andrewfontaine,8
kalashnikovmediatv,sadverts_,1
dakotaz,dirtydirty_d,9
leonblack,itsbacon,2
leonblack,beeeeefsupreme,3
leonblack,trashlordnikita,2
dakotaz,classichash,13
dakotaz,impact_slice,7
dakotaz,xxxlegendlxxx,1
dakotaz,mikeybabs29,6
leonblack,trashlordnikita,3
dakotaz,byrdup69,7
leonblack,kagutsuchiii,3
leonblack,itsbacon,1
leonblack,sorionn,2
leonblack,sirakain,3
leonblack,gimmiedatname,2
dakotaz,yitz_hartman,24
leonblack,jd_v79,3
kalashnikovmediatv,sadverts_,0
dakotaz,drecko95,3
dakotaz,itzcailibirdx,9
dakotaz,camman96,18
leonblack,eloquentbambi,10
dakotaz,aunthau,17
leonblack,danteberserk,3
dakotaz,iciclefreeze,2
dakotaz,lunix_23,5
kalashnikovmediatv,pizdatiy_andrew,0
leonblack,itsbacon,2
kalashnikovmediatv,moobot,3
dakotaz,vz4hunnid,1
leonblack,sirakain,0
leonblack,itsbacon,9
kalashnikovmediatv,russianboy1338,0
kalashnikovmediatv,sadverts_,0
kalashnikovmediatv,f16htt1_me,0
dakotaz,byrdup69,5
leonblack,eloquentbambi,2
leonblack,trashlordnikita,15
kalashnikovmediatv,edvinasbmw,0
leonblack,trashlordnikita,12
dakotaz,traance,5
leonblack,edward_00,2
leonblack,bucksleezy,2
dakotaz,gold_akselpihl,8
dakotaz,classichash,5
leonblack,leonblack,1
kalashnikovmediatv,pizdatiy_andrew,0
leonblack,swagzillionaire,1
leonblack,angryviking17,4
leonblack,fluffyvonmittens,7
dakotaz,niceu_riri,4
dakotaz,badghost656,7
dakotaz,nightbot,2
leonblack,zeeyee,1
dakotaz,carlosdaking03,2
kalashnikovmediatv,enenro,1
dakotaz,jeffreyyyzz,1
dakotaz,wardenr35,1
rdulive,charzuull,8
giantwaffle,black_matter__,2
rdulive,framesjanc0,2
dakotaz,thelast75,1
leonblack,edward_00,10
dakotaz,nicktask5,1
dakotaz,lydiaaaa,3
kalashnikovmediatv,dathgabentwich,0
dakotaz,gunnerpemberton12,2
kalashnikovmediatv,bkmznumver,0
dakotaz,jmass92791,4
kalashnikovmediatv,lord3218,0
dakotaz,goatzislife417,8
dakotaz,hahijoep2,1
leonblack,edward_00,1
dakotaz,ventedburrito24,16
kalashnikovmediatv,hureltulga123,4
rdulive,5exisme,1
dakotaz,xx_dark_angel_xx,5
rdulive,pixstel,5
leonblack,nightbot,5
kalashnikovmediatv,rstmnrln,0
kalashnikovmediatv,seid63,0
kalashnikovmediatv,chesi22,0
giantwaffle,aquadriel,4
dakotaz,mikeymyers20154,3
kalashnikovmediatv,vetomo,0
leonblack,edward_00,2
kalashnikovmediatv,choelenterta,1
bobross,stelllarium,2
giantwaffle,gentlebruce,1
leonblack,danteberserk,4
rdulive,5exisme,5
dakotaz,reefer_dna,8
dakotaz,delijante,7
dakotaz,tyynetv,2
giantwaffle,black_matter__,1
giantwaffle,milifa,2
dakotaz,xitzwizx,9
leonblack,gimmiedatname,5
leonblack,skysk8ers,1
leonblack,zeeyee,1
giantwaffle,xhadess,8
leonblack,risorahn,5
leonblack,twitch1411destinyboi,6
leonblack,trashlordnikita,6
leonblack,rylerider,11
leonblack,crow_quill,20
rdulive,nudnud9,11
leonblack,itsbacon,2
dakotaz,camilobardonnet,2
leonblack,lozy18,5
giantwaffle,nexhunter,6
leonblack,itsbacon,10
leonblack,edward_00,2
chemicaldragoon,loganxgrau,10
rdulive,ragohb,4
chemicaldragoon,itsthebenja,15
leonblack,grandthumb,1
rdulive,daonlytimmeh,1
rdulive,skiccho,9
leonblack,egzakt,9
kalashnikovmediatv,cassel_de,1
leonblack,zeeyee,4
rdulive,ultima_21,11
chemicaldragoon,lxal,8
rdulive,kiixxx,6
leonblack,arttukuu,3
giantwaffle,mynameisvortex,2
rdulive,nein9nine,8
leonblack,twitch1411destinyboi,4
rdulive,framesjanc0,8
rdulive,pepye,1
leonblack,nightbot,9
leonblack,cameel,1
leonblack,rjdoute,1
rdulive,smoore_23,3
leonblack,bombadil_phd,3
rdulive,skiccho,25
rdulive,nein9nine,9
rdulive,not_cr1tikal,4
rdulive,arran564,9
kalashnikovmediatv,yungsvi2004,0
giantwaffle,rippan,3
rdulive,yenxa,28
dakotaz,tkbunknown,6
dakotaz,fabes_ohoulihan,7
giantwaffle,drunkmelonpan,1
chemicaldragoon,dynastyofwolves,9
rdulive,philter,4
giantwaffle,shvm,1
kalashnikovmediatv,moobot,3
rdulive,themightypcxz,5
rdulive,heliummuppet,4
rdulive,kiixxx,3
dakotaz,ronald0cean,3
rdulive,philter,3
rdulive,nudnud9,10
chemicaldragoon,sheesh_grizzly,2
rdulive,artibeer,1
dakotaz,dvpey,4
dakotaz,byrnoooo,3
rdulive,trahalshik1039,3
dakotaz,karbonize,11
bobross,willgilb,4
rdulive,ragohb,1
kalashnikovmediatv,yungsvi2004,0
rdulive,jcraiden,7
rdulive,themightypcxz,2
rdulive,showdown_and_chill,1
kalashnikovmediatv,roberyfan,0
kalashnikovmediatv,oopssss1,0
rdulive,themightypcxz,10
chemicaldragoon,xfreshxpenguiin,4
rdulive,philter,3
chemicaldragoon,cauldronlife,3
rdulive,rageesportsdarky,9
kalashnikovmediatv,shenios,1
rdulive,ingame1live,5
dakotaz,myersmusic,1
kalashnikovmediatv,champagnesquirt228,0
rdulive,kiixxx,4
giantwaffle,erv00,1
rdulive,streamelements,23
chemicaldragoon,etzbatschts,2
chemicaldragoon,cauldronlife,2
chemicaldragoon,cauldronlife,6
chemicaldragoon,xfreshxpenguiin,1
kalashnikovmediatv,moobot,5
rdulive,sepehr1731,3
rdulive,artibeer,1
rdulive,oxev,1
kalashnikovmediatv,pizdatiy_andrew,0
rdulive,charzuull,8
chemicaldragoon,xfreshxpenguiin,4
chemicaldragoon,dynastyofwolves,10
chemicaldragoon,dynastyofwolves,10
rdulive,themightypcxz,2
kalashnikovmediatv,moobot,4
giantwaffle,hazzlenutzz,3
rdulive,dutchstyx,3
rdulive,trahalshik1039,1
rdulive,carlosbth,3
chemicaldragoon,xfreshxpenguiin,6
rdulive,lol_blunt,12
dakotaz,nightbot,25
giantwaffle,tuktuluktuk,2
kalashnikovmediatv,makehardcore,1
dakotaz,marlonlon_,11
kalashnikovmediatv,yungsvi2004,0
kalashnikovmediatv,yungsvi2004,0
chemicaldragoon,xfreshxpenguiin,14
chemicaldragoon,loganxgrau,23
giantwaffle,bladescream,6
dakotaz,xxstunner3_16xx,4
chemicaldragoon,chemicaldragoon,7
kalashnikovmediatv,moobot,4
chemicaldragoon,ultimatenoob64,4
kalashnikovmediatv,merpupa,0
rdulive,daonlytimmeh,1
rdulive,trahalshik1039,4
kalashnikovmediatv,justfckndoit,0
rdulive,philter,9
kalashnikovmediatv,cassel_de,1
kalashnikovmediatv,ladybird_x888,1
rdulive,steezwins,4
rdulive,daonlytimmeh,2
chemicaldragoon,suedopetodo,3
rdulive,5exisme,5
rdulive,steezwins,2
chemicaldragoon,g3n3sis93,18
chemicaldragoon,suedopetodo,2
giantwaffle,klosterkatten,1
giantwaffle,that_lurker,16
giantwaffle,themafia22,1
kalashnikovmediatv,moobot,4
rdulive,shootingstarhs,3
rdulive,doctorul_,12
kalashnikovmediatv,jackripper2017,0
rdulive,hustler794,5
chemicaldragoon,nightbot,9
kalashnikovmediatv,ladybird_x888,0
kalashnikovmediatv,jackripper2017,0
chemicaldragoon,exzmob,9
rdulive,squirrelleader,7
kalashnikovmediatv,cassel_de,1
chemicaldragoon,dynastyofwolves,9
kalashnikovmediatv,moobot,4
rdulive,lgd251,5
kalashnikovmediatv,knockingongaming,3
kalashnikovmediatv,merpupa,0
chemicaldragoon,dynastyofwolves,10
kalashnikovmediatv,cassel_de,1
kalashnikovmediatv,moobot,5
kalashnikovmediatv,lubitelshkolnic,2
dakotaz,clumsyfever,6
rdulive,zatoichi_1x,5
rdulive,shootingstarhs,4
giantwaffle,generalsmiley_,1
rdulive,ingame1live,12
giantwaffle,frenchdude,4
dakotaz,missmariahyo,5
kalashnikovmediatv,jackripper2017,0
rdulive,darkitchay,1
loltyler1,hsbn7,3
chemicaldragoon,imockingsxcto,11
rdulive,shootingstarhs,3
chemicaldragoon,dynastyofwolves,4
rdulive,trahalshik1039,2
chemicaldragoon,suedopetodo,5
giantwaffle,empiresfade,6
chemicaldragoon,spectral_taylor,23
kalashnikovmediatv,cassel_de,0
loltyler1,seanthealpha,2
dakotaz,vertexng,12
rdulive,squirrelleader,14
loltyler1,hydrospade69,2
dakotaz,elvish_presley,4
rdulive,fp_jesta,6
dakotaz,delijante,9
rdulive,courtsiege,4
dakotaz,mace0826,1
kalashnikovmediatv,moobot,4
rdulive,shootingstarhs,1
chemicaldragoon,dynastyofwolves,10
loltyler1,jon_snow1008,7
chemicaldragoon,king_c_,6
loltyler1,afowarfighter,0
chemicaldragoon,spectral_taylor,23
kalashnikovmediatv,alexeyfrombelarus,5
dakotaz,freakonawish,2
loltyler1,jon_snow1008,7
loltyler1,nicoatencio97,6
loltyler1,fatpumpkin,6
chemicaldragoon,etzbatschts,18
chemicaldragoon,loganxgrau,29
rdulive,arkhamknighths,1
dakotaz,xd_1try,1
rdulive,shootingstarhs,8
rdulive,squirrelleader,2
rdulive,drewiscross,12
rdulive,shootingstarhs,11
rdulive,viperex,9
kalashnikovmediatv,marioiskewl228,0
rdulive,shootingstarhs,6
loltyler1,kiriya_dei,24
giantwaffle,thatonneguy,8
rdulive,melowd777,15
chemicaldragoon,im_really_really_bored,1
chemicaldragoon,etzbatschts,5
giantwaffle,mnagggs,1
dakotaz,armando7805,1
giantwaffle,futilewarrior,2
dakotaz,onlysmoken00bs,1
rdulive,arkhamknighths,7
dakotaz,nickg676,36
chemicaldragoon,itzhyperdude,3
kalashnikovmediatv,the_byuan,0
kalashnikovmediatv,the_byuan,0
kalashnikovmediatv,moobot,3
dakotaz,armando7805,1
dakotaz,auto_233,8
rdulive,framesjanc0,1
loltyler1,jon_snow1008,4
rdulive,silipsas,3
rdulive,drewiscross,3
rdulive,melowd777,3
chemicaldragoon,akabayz,4
loltyler1,nightbot,4
loltyler1,salva98asdf,21
rdulive,west4u2,6
giantwaffle,shania__twain,5
dakotaz,freakonawish,1
rdulive,sinfulgamernz,3
chemicaldragoon,baseball_boi_7,10
giantwaffle,eksef,13
rdulive,quaoliz,1
rdulive,l0ngwind,1
rdulive,sinfulgamernz,2
dakotaz,dnkndonuts24,4
dakotaz,armando7805,4
rdulive,nazzahs,1
kalashnikovmediatv,deariorru,3
rdulive,shootingstarhs,8
kalashnikovmediatv,zeusnavimolotov,0
kalashnikovmediatv,r3namon,0
giantwaffle,donkayrat,1
chemicaldragoon,coachvalidus,2
dakotaz,blumpkyy,3
rdulive,gr1mm_reaper1no,23
loltyler1,kindboyneverfrustrated,1
rdulive,gr1mm_reaper1no,6
chemicaldragoon,jswalker1220,3
giantwaffle,lawboy00,2
bobross,moonfall1991,2
forsen,theahegaoenthusiast,1
forsen,giexa,10
dakotaz,danny6277,12
kalashnikovmediatv,nedonebo69,0
loltyler1,saraxdx3,2
loltyler1,alex_sue,4
rdulive,baev_os,10
forsen,arkloons,1
loltyler1,knalg,6
forsen,coed0,14
loltyler1,1tricklee,7
forsen,slaid74,3
loltyler1,pepega_fan,13
kalashnikovmediatv,blacklist111,0
kalashnikovmediatv,kozaklazurenko_,0
giantwaffle,etoooooo,1
rdulive,rico696969,3
chemicaldragoon,lxal,10
loltyler1,mikkeru13,16
loltyler1,switchbladexxx,2
loltyler1,localmememan,1
forsen,whykingr,4
forsen,kkool_guitartime,2
forsen,fatherpucci1,6
kalashnikovmediatv,xockeyga23,1
loltyler1,blame_on_you,2
kalashnikovmediatv,the_byuan,0
dakotaz,l337ch0p5,4
loltyler1,belovedad,2
dakotaz,inf0rmed,1
rdulive,trahalshik1039,1
kalashnikovmediatv,mxa4,0
kalashnikovmediatv,krasavch1k9,1
forsen,hierotitan_1,3
forsen,whykingr,2
giantwaffle,kingxdust,2
loltyler1,parksy06,22
dakotaz,blumpkyy,8
giantwaffle,yandolszx,2
forsen,thepiter333,4
kalashnikovmediatv,blacklist111,2
loltyler1,teddyishereirl,5
loltyler1,venoroco,12
loltyler1,w1ng__,3
forsen,noerty,1
forsen,forsen__boys,14
forsen,slightlydissapointingtaco,1
kalashnikovmediatv,nedonebo69,0
kalashnikovmediatv,goliaf2108,2
kalashnikovmediatv,lau5252,0
dakotaz,ipsychotis,2
dakotaz,skxzz,1
chemicaldragoon,xfreshxpenguiin,2
forsen,hionian,1
kalashnikovmediatv,r3namon,0
giantwaffle,mardulak,14
forsen,altairibnumar,1
loltyler1,zeltarules,2
forsen,delmadar,1
forsen,wazzuplt,3
dakotaz,alwayzchillin07,4
loltyler1,plsnopermban,1
chemicaldragoon,spectral_taylor,23
kalashnikovmediatv,merpupa,0
loltyler1,zeltarules,2
giantwaffle,estrangedtm,1
loltyler1,fatidiotkid,3
giantwaffle,keplahr,1
forsen,toadrelish,6
forsen,tobajaz,4
kalashnikovmediatv,merpupa,0
kalashnikovmediatv,fotcolcik,0
kalashnikovmediatv,nedonebo69,2
giantwaffle,evizz300,1
chemicaldragoon,spectral_taylor,23
kalashnikovmediatv,alertbro,3
chemicaldragoon,lukasss_ttv,10
chemicaldragoon,lukasss_ttv,10
forsen,huni4president,8
kalashnikovmediatv,jackripper2017,0
chemicaldragoon,deputywf,14
dakotaz,ahnah,5
forsen,cousindec1,14
loltyler1,cyberbully_xd,4
dakotaz,wujek_cawid,1
loltyler1,lacazrie,2
chemicaldragoon,spectral_taylor,23
giantwaffle,dune_shadow,14
kalashnikovmediatv,kuprisha1,0
forsen,reallemon,2
chemicaldragoon,xfreshxpenguiin,3
kalashnikovmediatv,jackripper2017,1
chemicaldragoon,dynastyofwolves,9
kalashnikovmediatv,luks27100,0
kalashnikovmediatv,krasavch1k9,0
kalashnikovmediatv,astouter,0
loltyler1,rek_sai_only,3
bobross,nekomonogenkidesu,1
dakotaz,tillybaby_22,5
kalashnikovmediatv,killr34l,6
kalashnikovmediatv,merpupa,0
chemicaldragoon,dynastyofwolves,2
loltyler1,milkmancometh,1
forsen,bumtras,1
dakotaz,holystealth,1
kalashnikovmediatv,jorsh_nagibator,0
kalashnikovmediatv,sadverts_,1
dakotaz,nightbot,3
kalashnikovmediatv,olegtimv,0
forsen,bumzoid,2
giantwaffle,q8eee,10
chemicaldragoon,exzmob,5
forsen,feelspepega,10
bobross,gargamel____,3
kalashnikovmediatv,champagnesquirt228,0
chemicaldragoon,crasian0414,5
kalashnikovmediatv,nedonebo69,0
kalashnikovmediatv,enenro,0
forsen,alexnt1,1
kalashnikovmediatv,abnormalstream,0
forsen,syperek123,6
forsen,zoidbergooo,1
kalashnikovmediatv,jorsh_nagibator,1
loltyler1,icy_wyvern,1
giantwaffle,suburbanerrorist_,3
forsen,waynet,1
kalashnikovmediatv,nedonebo69,0
kalashnikovmediatv,pomg,4
kalashnikovmediatv,cassel_de,1
forsen,juggre,1
chemicaldragoon,lukasss_ttv,10
forsen,opher,1
chemicaldragoon,lukasss_ttv,10
chemicaldragoon,lukasss_ttv,10
kalashnikovmediatv,cassel_de,0
chemicaldragoon,xfreshxpenguiin,3
kalashnikovmediatv,astouter,1
forsen,sleepy_azathoth,15
chemicaldragoon,cp_dwakal,3
chemicaldragoon,spectral_taylor,23
forsen,namas31,17
kalashnikovmediatv,pomg,1
kalashnikovmediatv,gykes134,0
kalashnikovmediatv,pomg,0
giantwaffle,mst3karlo,4
forsen,xfaustviiix,1
chemicaldragoon,itzhyperdude,10
loltyler1,paartario,1
chemicaldragoon,trollaplayer,4
kalashnikovmediatv,nicetryfruit,1
kalashnikovmediatv,kuprisha1,0
chemicaldragoon,spectral_taylor,3
forsen,catgirlcs,1
forsen,dhubleiddd,1
forsen,huni4president,2
kalashnikovmediatv,sk1ller_29,0
loltyler1,trashboat2143,1
forsen,delmadar,6
forsen,flyingfishernr1,1
loltyler1,asupern0va,2
kalashnikovmediatv,merpupa,3
kalashnikovmediatv,tofa_burritto,0
forsen,cookie_bom,1
chemicaldragoon,g3n3sis93,18
forsen,golantrev,3
forsen,bigmautain,2
forsen,franck_saget,1
forsen,hierotitan_1,1
kalashnikovmediatv,krasavch1k9,0
loltyler1,andrearapa1,1
kalashnikovmediatv,yorimaruffles,0
loltyler1,raakimus123,1
loltyler1,zaszz345,2
forsen,chromieox,2
kalashnikovmediatv,merpupa,7
forsen,lalarow,12
loltyler1,blameful,6
giantwaffle,moriella,1
forsen,rand0mguy360,1
forsen,spaceandenterkappa,1
kalashnikovmediatv,amdshk,0
dakotaz,shermsticks,3
kalashnikovmediatv,quote_me_if_nacs_omegalul,0
kalashnikovmediatv,circa1337,1
kalashnikovmediatv,igor1337200322,0
dakotaz,l1tb1az3,1
kalashnikovmediatv,xockeyga23,0
dakotaz,chieflada,2
dakotaz,wade_blazingame,1
kalashnikovmediatv,d_o_iii_i_k,0
dakotaz,dakashi5,3
dakotaz,mqrtini,3
forsen,j0j0_james,1
kalashnikovmediatv,snikerstwik,0
giantwaffle,chronoes,1
dakotaz,beersmuggler,1
kalashnikovmediatv,merpupa,2
loltyler1,tanaka_asuka,1
forsen,artimennertv,1
loltyler1,demond_knightpvp,11
dakotaz,zeusjvl,25
dakotaz,hoodini_19,1
forsen,vintherstreams,1
forsen,karvajuusto,1
loltyler1,keymash,1
dakotaz,gucciwhatbob,1
dakotaz,weeblordplaysfortnite,1
forsen,olli2101,3
forsen,4house,0
loltyler1,oliveira_memo,1
bobross,bulbidavid,2
forsen,qddball,1
bobross,hawki905,4
forsen,jackley_,0
loltyler1,miggly_,3
bobross,rabarbraa,2
forsen,biirbb,2
giantwaffle,markuseide,3
bobross,tesstibble,5
forsen,opher,1
forsen,sacharie,2
forsen,newtechwiz,4
forsen,shiftyy24_,1
forsen,xerafimy,1
bobross,flamingo0509,1
loltyler1,tyler_____play____variety,6
forsen,whiteveil_,18
loltyler1,raibosome,1
giantwaffle,markuseide,1
forsen,philips502,1
forsen,1quisher,1
forsen,zedert,2
forsen,cfirst,1
chemicaldragoon,purplebelt0,26
chemicaldragoon,ttv_wishyouskill,12
loltyler1,galm1,1
forsen,xerafimy,3
chemicaldragoon,lukasss_ttv,10
loltyler1,actiwin,1
chemicaldragoon,darkdevil9876,30
loltyler1,sprutolo,7
loltyler1,razielox,1
bobross,iwashungrysoi,2
bobross,nenad_,3
forsen,zynarch,1
bobross,itami_kuro,4
forsen,mapexx,3
forsen,esbjornnn,1
giantwaffle,kingxdust,4
loltyler1,belovedad,3
forsen,salzigerhobbit,1
giantwaffle,aylamar,1
loltyler1,raibosome,8
loltyler1,marguess55,14
chemicaldragoon,xjstanleyx,53
chemicaldragoon,iconicyabo,12
loltyler1,daniel5995,2
forsen,stopches,1
loltyler1,susmeee,1
giantwaffle,cravethevape,6
giantwaffle,dsherrell1978,1
loltyler1,dinok,4
kalashnikovmediatv,quote_if_yay_gets_a_kill,2
kalashnikovmediatv,xockeyga23,1
giantwaffle,stoopy_,1
loltyler1,rek_sai_only,3
loltyler1,ashenyeti,1
forsen,not_normie,2
asmongold,kingfarsman,4
forsen,gabber__,3
forsen,flox_,2
giantwaffle,dinksy,7
asmongold,fwog_,10
forsen,mustiraikkonen,3
loltyler1,cellxero,5
loltyler1,zalogajdva,3
bobross,wiccankyd,3
forsen,scrabbb,1
kalashnikovmediatv,mello9414,0
forsen,xlenail,4
kalashnikovmediatv,russiannongrat,0
giantwaffle,waitforitbro,8
forsen,atheneroosterteeth,2
forsen,wiinntr,1
loltyler1,liliumbosniacum998,2
loltyler1,over16characte,1
chemicaldragoon,accesible,27
asmongold,tipirig_,18
loltyler1,ptwins17,1
loltyler1,babylux_,11
chemicaldragoon,nutblower269,1
chemicaldragoon,dtw_davo,2
asmongold,obsidianeagletv,9
forsen,sosil_,7
chemicaldragoon,iconicyabo,12
giantwaffle,stoopy_,1
forsen,scamazhs,15
chemicaldragoon,lukasss_ttv,10
bobross,6armedrobot,2
forsen,felynarn_aleandal,2
asmongold,zip13,6
kalashnikovmediatv,sayannn7,0
loltyler1,reece_mooner,4
chemicaldragoon,spectral_taylor,23
asmongold,alphathegod,5
bobross,captnstevezissou,5
giantwaffle,mongo_smash,15
forsen,scamazhs,12
kalashnikovmediatv,moobot,3
loltyler1,pacoman,1
bobross,karolyn_c,6
forsen,golantrev,1
asmongold,rsnat,6
loltyler1,saubo,1
giantwaffle,whycantpigsfly,25
forsen,uol_is_gooder_than_tsm,4
forsen,thepiter333,1
forsen,honey_rain,1
bobross,1coolguy11,6
forsen,tirmcdohll,1
forsen,xyzyxtwitch,1
giantwaffle,rhyzettic,24
kalashnikovmediatv,ivankhupdp,0
asmongold,ticklebear9,1
asmongold,georgetheboss1996,4
loltyler1,tuviejastra2,1
bobross,gjknutsen,3
bobross,ordinarycow1,5
bobross,atratus,1
asmongold,muncho,9
bobross,taurog_valris,2
loltyler1,funkycal08,2
asmongold,killakletty,2
loltyler1,kwixie,2
asmongold,mak_9,1
kalashnikovmediatv,thancle,1
loltyler1,thenando,1
asmongold,fattywrap69,1
asmongold,zaydom,2
loltyler1,yamahahar1,4
kalashnikovmediatv,enenro,0
asmongold,loredon,2
kalashnikovmediatv,medivactw,0
giantwaffle,drunkmelonpan,9
kalashnikovmediatv,thancle,0
bobross,norad6,12
asmongold,pvtspots,3
chemicaldragoon,dtw_davo,23
loltyler1,not2nice,24
bobross,rickssc79,1
asmongold,jackqfev,2
kalashnikovmediatv,shifes,0
giantwaffle,medicwookie,1
asmongold,royalforce99,5
kalashnikovmediatv,moobot,3
chemicaldragoon,twitch_dark_fire,11
giantwaffle,bredar,3
forsen,marqlaurd23,1
asmongold,kakaobob,3
kalashnikovmediatv,quote_if_yay_gets_a_kill,1
chemicaldragoon,spectral_taylor,23
giantwaffle,bananabrea,4
chemicaldragoon,savagepro,9
chemicaldragoon,spectral_taylor,23
asmongold,adammf,4
chemicaldragoon,2framestv,7
asmongold,cluke66,1
kalashnikovmediatv,inviicz,0
chemicaldragoon,broncosteve5,4
asmongold,donmac1968,2
forsen,bigbossyg,6
kalashnikovmediatv,blacklist111,1
chemicaldragoon,dtw_davo,23
forsen,phoenixjaypi,3
asmongold,2grilledcheeses,3
kalashnikovmediatv,enenro,0
forsen,i_hear_claps,1
bobross,peanutbuttermouthwash,3
loltyler1,iiinasir,1
loltyler1,predeath32,2
loltyler1,antonyxaz_,1
loltyler1,krystal94,1
chemicaldragoon,blz_onetap,6
forsen,feitan_xm,2
asmongold,barbusprime,3
chemicaldragoon,twitch_dark_fire,11
asmongold,boynextdoorkreygasm,1
asmongold,your_favorite_president,1
asmongold,bubbibear2236,10
bobross,sipaaa,6
kalashnikovmediatv,cassel_de,0
asmongold,bremwynn,5
chemicaldragoon,lukasss_ttv,10
loltyler1,dinoboytm,9
chemicaldragoon,mrslaughteryourdaughter,21
kalashnikovmediatv,cassel_de,2
chemicaldragoon,blz_onetap,8
bobross,korikabu,6
chemicaldragoon,nutblower269,2
forsen,dansgame_the_weebs_away,6
forsen,pepe_hands,0
kalashnikovmediatv,cassel_de,0
chemicaldragoon,schnozzola,13
bobross,itsadruidlol,2
kalashnikovmediatv,putin_like_crimera,0
chemicaldragoon,pilotmonkey0,2
chemicaldragoon,twitch_dark_fire,11
kalashnikovmediatv,wuanwy322,0
kalashnikovmediatv,profi199511,0
giantwaffle,chancellor47,1
kalashnikovmediatv,1w8me,0
kalashnikovmediatv,dokka12345,0
asmongold,zirikki,4
bobross,eriksworld,3
kalashnikovmediatv,zloy_hlopec,0
kalashnikovmediatv,profi199511,0
kalashnikovmediatv,zvera666,0
kalashnikovmediatv,quote_if_yay_gets_a_kill,1
kalashnikovmediatv,temat17,0
kalashnikovmediatv,virensdzen,0
bobross,norad6,1
asmongold,joshipooh,1
forsen,joemama1500,1
chemicaldragoon,akabayz,13
kalashnikovmediatv,cassel_de,3
chemicaldragoon,mrslaughteryourdaughter,21
loltyler1,rikares,0
chemicaldragoon,llpulse,9
loltyler1,leobas,0
kalashnikovmediatv,oomylifeisanimeoo,0
xqcow,xhmueel,2
xqcow,mvp_visionz,1
asmongold,y8gameplayer123,3
kalashnikovmediatv,aneksmake,0
loltyler1,toxicpengas,1
xqcow,tokersahh,1
chemicaldragoon,lukasss_ttv,10
kalashnikovmediatv,b1ueshark,0
asmongold,fred,0
chemicaldragoon,kadenl07,6
asmongold,forcy24,1
kalashnikovmediatv,qwerty009988,0
chemicaldragoon,t_wow,52
forsen,some_kind_of_autism,1
cuppcaake,capncheezbeard,9
kalashnikovmediatv,in_kotik,4
loltyler1,kuya_cj,3
cuppcaake,midnightherald,1
chemicaldragoon,tactic_red,3
cuppcaake,malosii,7
cuppcaake,unholydirge,4
kalashnikovmediatv,profi199511,0
kalashnikovmediatv,moobot,3
cuppcaake,st_jimmy9,6
cuppcaake,zokay7,8
cuppcaake,midnightherald,3
cuppcaake,sakenna,5
bobross,fatninjasmokes,1
cuppcaake,anarchyace91,4
forsen,daniil_knyazz,1
xqcow,ssoulow,0
cuppcaake,capncheezbeard,1
cuppcaake,midnightherald,1
cuppcaake,capncheezbeard,3
cuppcaake,m_ichelle,2
asmongold,zebra1,1
kalashnikovmediatv,figorozin,0
xqcow,bbrichlang597,1
kalashnikovmediatv,inviicz,1
xqcow,its_zak,4
kalashnikovmediatv,sadverts_,0
asmongold,curse_eminc,2
cuppcaake,zokay7,2
cuppcaake,16bitdvamari,2
kalashnikovmediatv,vilhelm_reinhardt,0
xqcow,sindre_4,22
cuppcaake,beingred,13
cuppcaake,cupcakeb0t,3
cuppcaake,cheezcake,2
cuppcaake,midnightherald,3
cuppcaake,diegoyt999,3
cuppcaake,m_ichelle,5
cuppcaake,masked___gamerr,5
kalashnikovmediatv,virensdzen,3
cuppcaake,diegoyt999,2
cuppcaake,midnightherald,8
bobross,ryte1676,5
kalashnikovmediatv,kalayurii,0
cuppcaake,zokay7,2
cuppcaake,auxidus,8
cuppcaake,thegreatastral77,8
cuppcaake,daddycuppcake,10
cuppcaake,daddycuppcake,10
cuppcaake,capncheezbeard,10
cuppcaake,msmurd3ra,3
asmongold,cyliocide,1
asmongold,roam3d,1
asmongold,mrmestar,2
kalashnikovmediatv,profi199511,1
asmongold,luhsteesay,5
cuppcaake,st_jimmy9,54
cuppcaake,beingred,35
cuppcaake,cheezcake,3
cuppcaake,midnightherald,9
cuppcaake,thotress,1
cuppcaake,cupcakeb0t,8
loltyler1,kwixie,2
cuppcaake,tabbygood,4
asmongold,pilsnerrr,5
forsen,hammerboy5678,1
cuppcaake,zokay7,2
cuppcaake,projectturo,8
cuppcaake,kuradam,1
cuppcaake,cupcakeb0t,8
forsen,ahqrry,4
cuppcaake,cupcakeb0t,45
cuppcaake,malosii,9
cuppcaake,lyteforce,14
cuppcaake,regnillord,7
xqcow,sharp_shooter122,7
cuppcaake,malosii,2
xqcow,datdudedallas,8
forsen,feelsgoodmydude,1
chemicaldragoon,baran1k,10
cuppcaake,lisiriusil,1
chemicaldragoon,dynastyofwolves,4
cuppcaake,d0rzan1,1
cuppcaake,malosii,7
cuppcaake,diegoyt999,1
chemicaldragoon,dynastyofwolves,5
chemicaldragoon,baran1k,2
cuppcaake,regnillord,9
cuppcaake,auxidus,5
asmongold,xyzzyrogue,3
cuppcaake,lyteforce,7
cuppcaake,malosii,3
cuppcaake,daddycuppcake,60
cuppcaake,cheezcake,9
cuppcaake,vermillion14517,2
cuppcaake,varienaa,2
cuppcaake,regnillord,3
cuppcaake,malosii,1
chemicaldragoon,domesticuz,20
cuppcaake,elox2000,1
cuppcaake,telfus,2
cuppcaake,lyteforce,2
chemicaldragoon,ttl_cashouttv,2
chemicaldragoon,justingep_,5
asmongold,thepatunderstand,2
chemicaldragoon,ttl_cashouttv,2
chemicaldragoon,ttl_cashouttv,2
bobross,dodobops,5
cuppcaake,malosii,6
asmongold,big_boi_bison,1
cuppcaake,d0rzan1,2
cuppcaake,anarchyace91,13
xqcow,deltaow_,86
chemicaldragoon,tinkertaylor42,3
cuppcaake,valchiri,1
chemicaldragoon,iconicyabo,13
cuppcaake,varienaa,3
xqcow,sondiclap,2
cuppcaake,malosii,3
cuppcaake,heaiteam6,7
cuppcaake,fadedlite,4
bobross,xodaniellex,5
asmongold,mc_jammy,4
cuppcaake,ravenheart_artemis,1
cuppcaake,d0rzan1,2
cuppcaake,clater1235,39
loltyler1,pheknaum,4
cuppcaake,galateazk,1
cuppcaake,lyteforce,1
cuppcaake,midnightherald,3
cuppcaake,tippyspiffy,0
cuppcaake,d0rzan1,1
cuppcaake,d0rzan1,1
cuppcaake,mommadavis,4
loltyler1,star_guardian_ahri,1
cuppcaake,vermillion14517,1
cuppcaake,diegoyt999,1
giantwaffle,b_cryp,9
cuppcaake,elox2000,9
cuppcaake,varienaa,2
bobross,wiccankyd,2
loltyler1,pepega_clap,20
cuppcaake,cupcakeb0t,45
cuppcaake,officialpwncess,8
bobross,jeromemorrow,2
cuppcaake,chocoboco1,1
chemicaldragoon,darkdevil9876,30
cuppcaake,daddycuppcake,15
cuppcaake,br4dbox,12
cuppcaake,m_ichelle,8
cuppcaake,christashish,7
cuppcaake,slytq,13
xqcow,nokta_f7,3
bobross,deeds1975,1
giantwaffle,zemrood,1
giantwaffle,nut_in_tissue,5
cuppcaake,d0rzan1,3
chemicaldragoon,nutblower269,15
giantwaffle,ryan5675672,1
bobross,norad6,1
cuppcaake,varienaa,10
chemicaldragoon,akabayz,19
cuppcaake,julixx37,2
cuppcaake,malosii,2
chemicaldragoon,ttl_cashouttv,2
cuppcaake,zokay7,12
loltyler1,watche01,3
cuppcaake,midnightherald,5
chemicaldragoon,etzbatschts,6
cuppcaake,julixx37,10
bobross,thatwendigowakoyan666,3
cuppcaake,regnillord,17
giantwaffle,allesrogertv,6
chemicaldragoon,ttl_cashouttv,2
cuppcaake,illexius,5
cuppcaake,daddycuppcake,11
cuppcaake,cupcakeb0t,8
cuppcaake,midnightherald,19
cuppcaake,dreija,9
cuppcaake,m_ichelle,4
kalashnikovmediatv,voxelprofile,0
cuppcaake,ehppy,12
cuppcaake,daddycuppcake,1
chemicaldragoon,twitch_dark_fire,11
cuppcaake,thotress,13
cuppcaake,midnightherald,1
cuppcaake,vermillion14517,7
cuppcaake,kenhamef,13
xqcow,anotheronewithaface,10
cuppcaake,zokay7,11
cuppcaake,malosii,1
cuppcaake,igos700,1
cuppcaake,rosedragon348,2
cuppcaake,vaiiraven,7
cuppcaake,anarchyace91,11
forsen,feelsgoodmydude,1
cuppcaake,kenhamef,9
cuppcaake,heaiteam6,7
cuppcaake,midnightherald,0
forsen,maaaarrk,1
asmongold,3flappp,3
bobross,flash_224,3
cuppcaake,vermillion14517,5
xqcow,moonlitamberblossom,6
cuppcaake,cupcakeb0t,45
cuppcaake,varienaa,5
asmongold,monotunez00,1
asmongold,chasseur026,1
loltyler1,amtoi,57
asmongold,noxtempe,1
xqcow,snorzi,12
cuppcaake,varienaa,10
cuppcaake,thotress,5
cuppcaake,midnightherald,1
cuppcaake,zokay7,3
chemicaldragoon,schnozzola,13
cuppcaake,maryisazombie,6
cuppcaake,vermillion14517,16
cuppcaake,d0rzan1,1
cuppcaake,beingred,8
cuppcaake,rosedragon348,5
forsen,filcio_11,1
cuppcaake,julixx37,12
cuppcaake,misterwiggle,1
loltyler1,marsmerchant,0
cuppcaake,daddycuppcake,12
cuppcaake,kenhamef,6
cuppcaake,julixx37,13
cuppcaake,xenvir,7
cuppcaake,daddycuppcake,2
cuppcaake,julixx37,10
giantwaffle,black_matter__,1
xqcow,thegucciape,1
asmongold,konadorauchindoun,10
cuppcaake,stormlovet,1
xqcow,an_evil_elephant,12
xqcow,reservedspirit,4
chemicaldragoon,lukasss_ttv,14
cuppcaake,malosii,11
bobross,wiccankyd,2
loltyler1,kalah808,1
loltyler1,sbkinetic,2
asmongold,xtrmgtp,1
xqcow,pog_clap_,8
asmongold,usawater,2
cuppcaake,mstootsii,10
chemicaldragoon,baran1k,4
cuppcaake,foureyedraven,4
cuppcaake,stormlovet,9
cuppcaake,thotress,7
cuppcaake,midnightherald,5
kalashnikovmediatv,shifes,0
forsen,tehyodo,0
cuppcaake,stormlovet,3
giantwaffle,catch_these_handz,7
cuppcaake,foureyedraven,2
cuppcaake,malosii,3
chemicaldragoon,lunaticjoke,19
cuppcaake,daddycuppcake,1
cuppcaake,maryisazombie,3
cuppcaake,zokay7,11
asmongold,1932,1
kalashnikovmediatv,danser_hs,0
xqcow,astrochimp_93,1
cuppcaake,sensory_eris_,1
xqcow,kiethkiller,34
cuppcaake,kenhamef,8
cuppcaake,goat12619,1
asmongold,xxsheylaxx,2
cuppcaake,kenhamef,2
chemicaldragoon,tinkertaylor42,3
giantwaffle,dagmoo,12
cuppcaake,illexius,10
bobross,untamed64,1
cuppcaake,malosii,5
chemicaldragoon,domesticuz,20
chemicaldragoon,nate7705,5
xqcow,the_reaper_fangirl,3
cuppcaake,heaiteam6,6
cuppcaake,light4strike,1
cuppcaake,kenhamef,5
xqcow,w4ffl3,1
cuppcaake,stormlovet,1
cuppcaake,samusinshorts,5
chemicaldragoon,baran1k,7
cuppcaake,daddycuppcake,7
cuppcaake,zokay7,2
cuppcaake,thydeliriouswolf,1
cuppcaake,beingred,8
asmongold,amronn,4
cuppcaake,illexius,7
cuppcaake,goat12619,4
kalashnikovmediatv,mosquitgg,0
cuppcaake,malosii,4
cuppcaake,dat1newb,6
bobross,itaugolia1,3
cuppcaake,st_jimmy9,17
cuppcaake,lanoom1,2
cuppcaake,lyteforce,4
kalashnikovmediatv,5432565,0
cuppcaake,fadedlite,12
loltyler1,illusion_of_skill,1
xqcow,f0trisss,30
cuppcaake,iizmaniakillzii,8
cuppcaake,christinagiggles23,8
bobross,hellios6,5
loltyler1,ferryn,5
cuppcaake,oldfortnitelobbymusic,1
loltyler1,pinkmansbluedonuts,1
cuppcaake,msjaggy,9
cuppcaake,beingred,2
asmongold,shiningmegafarce,11
cuppcaake,cronosuscz,5
cuppcaake,haytaylor92,30
cuppcaake,zokay7,3
cuppcaake,malosii,4
cuppcaake,malosii,3
cuppcaake,leximonster,11
chemicaldragoon,justingep_,5
cuppcaake,leximonster,3
cuppcaake,lilbunnytank,3
cuppcaake,iizmaniakillzii,1
cuppcaake,angelpharah,6
cuppcaake,vermillion14517,1
cuppcaake,guaconmysock,3
cuppcaake,hoolahands,3
xqcow,glveme1second,2
cuppcaake,ladyartemis_ow,4
asmongold,frame73,3
cuppcaake,malosii,2
cuppcaake,zokay7,16
asmongold,svk777,8
bobross,hephd,9
cuppcaake,malosii,9
xqcow,broperson1,1
giantwaffle,etoooooo,3
cuppcaake,smol_senpaih,4
cuppcaake,guaconmysock,16
cuppcaake,midnightherald,1
cuppcaake,malosii,4
cuppcaake,milavur,0
asmongold,wolfiesword,1
asmongold,blazzerx,1
asmongold,hydratedynnk,3
cuppcaake,bonehaver,2
cuppcaake,lanoom1,1
loltyler1,yuukie_,1
cuppcaake,unchargedbeef28,8
cuppcaake,captnawesome27,1
cuppcaake,msjaggy,9
cuppcaake,lyteforce,15
cuppcaake,kenhamef,8
cuppcaake,zokay7,1
cuppcaake,cheezcake,1
cuppcaake,midnightherald,5
cuppcaake,lyteforce,3
asmongold,chapterhousev,16
cuppcaake,morty933,5
xqcow,yagotgamed,1
forsen,steakranx,2
chemicaldragoon,domesticuz,20
cuppcaake,daddycuppcake,3
cuppcaake,trippyyy69,2
loltyler1,fizzicseuw,3
asmongold,roflcakes101,2
cuppcaake,klaiserrebooted,16
cuppcaake,thotress,12
cuppcaake,gamecoderman,2
xqcow,sebfoulger,1
cuppcaake,lunabug,2
loltyler1,alexsorena,1
loltyler1,na_so_quiet_lul,1
xqcow,leeroykapooyah,2
loltyler1,kchiu31,1
cuppcaake,zokay7,4
asmongold,rustedo,4
chemicaldragoon,akabayz,19
asmongold,jackwilsonjackwilson,2
loltyler1,neithan255,1
loltyler1,nerrddyy,1
bobross,sychorampagegg,4
cuppcaake,regnillord,5
xqcow,funniegame,3
cuppcaake,zokay7,8
chemicaldragoon,lukasss_ttv,14
cuppcaake,lanoom1,10
cuppcaake,cheezcake,10
cuppcaake,codemaker93,4
cuppcaake,midnightherald,9
cuppcaake,d0rzan1,18
cuppcaake,thotress,11
kalashnikovmediatv,elopub,0
cuppcaake,midnightherald,6
cuppcaake,fionavus,0
cuppcaake,anarchyace91,5
cuppcaake,darkstar2099,1
bobross,darklink1992,2
cuppcaake,goat12619,4
cuppcaake,vermillion14517,2
asmongold,mrvisterthesisterfister,2
kalashnikovmediatv,marioiskewl228,0
cuppcaake,cheezcake,12
cuppcaake,regnillord,2
forsen,twyfell,3
cuppcaake,foureyedraven,12
xqcow,americanhairlines,1
cuppcaake,zokay7,4
cuppcaake,nicrogolem,1
cuppcaake,midnightherald,8
forsen,glaistig_uaine,4
cuppcaake,primalbeest,3
kalashnikovmediatv,ildar561,0
asmongold,fulafirren,3
xqcow,ow_dawn,2
cuppcaake,goat12619,3
cuppcaake,goat12619,3
asmongold,rambo_zd,1
xqcow,droidi_,2
cuppcaake,goat12619,5
cuppcaake,cupcakeb0t,5
kalashnikovmediatv,dol3n_yt,0
cuppcaake,goat12619,2
cuppcaake,leetaeryeo,3
bobross,gamewolf62,2
xqcow,merinuza,1
kalashnikovmediatv,hujasosik,0
forsen,dominog1,1
cuppcaake,harden19,13
asmongold,druidvibes,13
kalashnikovmediatv,golican,0
cuppcaake,goat12619,1
cuppcaake,goat12619,3
bobross,sychorampagegg,6
cuppcaake,part_time_ox,1
xqcow,reopub,1
asmongold,zunyi0,12
forsen,rand0mguy360,2
cuppcaake,anarchyace91,6
cuppcaake,imshadowm8,1
loltyler1,jd_doge_god,1
kalashnikovmediatv,moobot,3
kalashnikovmediatv,playwithnik,0
asmongold,nimonery,1
cuppcaake,tyrgam3r,10
cuppcaake,baeofthedead,3
xqcow,oofingoofer12123,2
cuppcaake,kaylamcflyxo,6
kalashnikovmediatv,gamaz_style,0
cuppcaake,daddycuppcake,2
asmongold,zonothene_v1200,1
xqcow,comitatvs,2
asmongold,babben_69,4
cuppcaake,regnillord,13
cuppcaake,pinkkyogurt,7
asmongold,wolly331,2
xqcow,sugar7free,2
kalashnikovmediatv,elopub,0
cuppcaake,baeofthedead,10
kalashnikovmediatv,gamaz_style,2
cuppcaake,bearkoda,24
giantwaffle,sshuffle,7
loltyler1,batdex,8
cuppcaake,otamike,1
asmongold,ryykoo,3
kalashnikovmediatv,ghlink,1
chemicaldragoon,akabayz,19
loltyler1,l1ml1,3
asmongold,beko26,1
chemicaldragoon,king_c_,5
cuppcaake,goat12619,2
xqcow,da_rudster134,1
cuppcaake,cupcakeb0t,8
loltyler1,xj6k,1
forsen,dontriptheskin,2
kalashnikovmediatv,hujasosik,0
cuppcaake,daddycuppcake,1
forsen,snusbot,11
xqcow,snorkel_,2
cuppcaake,d0rzan1,2
loltyler1,zspnr,1
cuppcaake,daddycuppcake,13
kalashnikovmediatv,2palochki,1
chemicaldragoon,ttvfilinava,2
cuppcaake,itmaddiezz,4
chemicaldragoon,gredyboigaming,58
cuppcaake,midnightherald,16
giantwaffle,steviecharm8771,4
cuppcaake,cupcakeb0t,8
cuppcaake,cupcakeb0t,8
kalashnikovmediatv,costolet,0
cuppcaake,cupcakeb0t,45
cuppcaake,goat12619,4
asmongold,omgacow,4
kalashnikovmediatv,golican,0
bobross,blueylewis,8
cuppcaake,baeofthedead,2
chemicaldragoon,isaaclangan1,2
cuppcaake,anarchyace91,6
cuppcaake,officialpwncess,7
asmongold,tigronn,1
asmongold,youngreefer,15
xqcow,sugar7free,1
xqcow,chibirequiem,1
cuppcaake,itmaddiezz,7
kalashnikovmediatv,russianboy1338,0
kalashnikovmediatv,mello9414,0
xqcow,inub234,1
cuppcaake,shinyakimura,4
forsen,jebezu_,1
xqcow,jesseapm,2
asmongold,muffincompiler,3
cuppcaake,jocelynbee,3
cuppcaake,shinyakimura,12
cuppcaake,midnightherald,8
cuppcaake,cupcakeb0t,44
cuppcaake,cupcakeb0t,24
asmongold,gabehornne,1
cuppcaake,goat12619,3
cuppcaake,lunabug,9
cuppcaake,m_ichelle,1
cuppcaake,jocelynbee,6
cuppcaake,goat12619,4
cuppcaake,silentspeeds,5
cuppcaake,itmaddiezz,3
asmongold,cardboard_cardigan,4
cuppcaake,kaylamcflyxo,3
giantwaffle,rl_alee,6
forsen,jouppppi,1
cuppcaake,iizmaniakillzii,5
asmongold,omgacow,3
xqcow,rdmlegacy,1
cuppcaake,shinyakimura,1
asmongold,rick_morks,3
chemicaldragoon,dw0nji,31
cuppcaake,goat12619,12
loltyler1,kappathe3rd,6
loltyler1,heroboyx,1
cuppcaake,sakenna,8
chemicaldragoon,persiasquad,5
cuppcaake,lorelana,1
xqcow,comedyrussell,4
chemicaldragoon,pakiks17,10
chemicaldragoon,pakiks17,4
cuppcaake,regnillord,2
xqcow,divipoot,5
cuppcaake,jocelynbee,1
cuppcaake,materick81,3
bobross,marblehornetsmaniac,3
cuppcaake,sakenna,7
chemicaldragoon,iconicyabo,13
chemicaldragoon,lunaticjoke,19
cuppcaake,syrupeaters,1
cuppcaake,psi0n,1
cuppcaake,nakedarcadebubbles,1
cuppcaake,fionavus,0
cuppcaake,foureyedraven,2
cuppcaake,snazzysentai,6
xqcow,zulokraanhercule,1
forsen,roope_ankka,1
xqcow,meegash_,2
forsen,nickeonblue,3
cuppcaake,mivoid,3
cuppcaake,goat12619,2
xqcow,ow_dawn,2
bobross,boilinglenin,2
xqcow,terroristwookiee,1
cuppcaake,snazzysentai,8
cuppcaake,christinagiggles23,5
cuppcaake,xenvir,13
chemicaldragoon,akabayz,19
xqcow,ayuowo,1
forsen,x4v33r,0
forsen,nero_111,4
cuppcaake,cupcakeb0t,45
cuppcaake,foureyedraven,5
forsen,rrapisher,0
asmongold,bigmautain,1
cuppcaake,syrupeaters,4
cuppcaake,fadedlite,7
cuppcaake,christashish,4
cuppcaake,kaiwai100,5
asmongold,gorilahazed,1
forsen,ivanlover88,1
cuppcaake,dreija,3
asmongold,ju99ern4u7,1
cuppcaake,lorelana,4
cuppcaake,psi0n,5
xqcow,goldzyn,3
cuppcaake,hatakejade,4
cuppcaake,iizmaniakillzii,14
cuppcaake,baeofthedead,8
cuppcaake,midnightherald,4
chemicaldragoon,domesticuz,20
chemicaldragoon,akabayz,19
cuppcaake,syrupeaters,7
cuppcaake,snazzysentai,15
cuppcaake,huffles101,4
cuppcaake,goat12619,9
cuppcaake,robinshood,8
chemicaldragoon,crunchybearz,33
cuppcaake,midnightherald,9
cuppcaake,siriuss_9,22
cuppcaake,zweichenwalde,1
cuppcaake,thotress,41
cuppcaake,trento52,3
cuppcaake,16bitdvamari,5
cuppcaake,enter4none,11
cuppcaake,folxer,2
cuppcaake,lanoom1,2
cuppcaake,jocelynbee,5
asmongold,spaune,1
asmongold,zalma_,1
asmongold,gidgy,1
cuppcaake,midnightherald,1
cuppcaake,cupcakeb0t,8
cuppcaake,daddycuppcake,12
forsen,rem_best_waifuu,1
cuppcaake,regnillord,4
cuppcaake,christashish,1
bobross,jayfoxifis,7
cuppcaake,iizmaniakillzii,22
bobross,wiccankyd,4
loltyler1,h0udini_,1
cuppcaake,goat12619,1
cuppcaake,flutterlily,2
xqcow,peoplepersone,4
cuppcaake,orchios,1
cuppcaake,cupcakeb0t,4
xqcow,2cutelord,1
xqcow,lacaperz,1
xqcow,anxiety_1,3
cuppcaake,jocelynbee,10
cuppcaake,cupcakeb0t,11
cuppcaake,tyrgam3r,2
cuppcaake,baeofthedead,5
cuppcaake,cupcakeb0t,12
cuppcaake,brokenbats,3
cuppcaake,daddycuppcake,12
cuppcaake,misuterichan,1
cuppcaake,daddycuppcake,12
cuppcaake,xolarix,7
cuppcaake,xolarix,7
cuppcaake,xolarix,7
cuppcaake,xolarix,7
cuppcaake,sippycupsenpai,1
cuppcaake,xolarix,7
asmongold,takeitboyyy,1
cuppcaake,cronosuscz,6
cuppcaake,goat12619,2
cuppcaake,dazxu,4
cuppcaake,goat12619,2
xqcow,chickendonger,79
cuppcaake,christashish,4
cuppcaake,ritz1906,4
cuppcaake,leetaeryeo,15
cuppcaake,foureyedraven,1
cuppcaake,baeofthedead,4
cuppcaake,regnillord,1
cuppcaake,jocelynbee,9
cuppcaake,anarchyace91,2
forsen,goldomen,6
cuppcaake,cronosuscz,4
cuppcaake,daddycuppcake,3
cuppcaake,goat12619,3
cuppcaake,cupcakeb0t,13
cuppcaake,goat12619,3
cuppcaake,goat12619,3
cuppcaake,regnillord,4
cuppcaake,foureyedraven,2
cuppcaake,rysieeeeek,1
cuppcaake,cupcakeb0t,45
cuppcaake,froggobun,1
cuppcaake,goat12619,7
loltyler1,nitrobaylife,5
cuppcaake,malosii,5
cuppcaake,foureyedraven,10
cuppcaake,stormlovet,5
xqcow,viurek371,0
cuppcaake,goat12619,6
cuppcaake,midnightherald,1
cuppcaake,brokenbats,1
cuppcaake,trento52,2
cuppcaake,ritz1906,5
xqcow,snow_w_,1
xqcow,nlghtcrash,4
giantwaffle,rumblemcskirmish,12
cuppcaake,christashish,3
cuppcaake,cupcakeb0t,13
asmongold,eimx,7
xqcow,ultrakona_,8
cuppcaake,malosii,3
cuppcaake,ritz1906,12
cuppcaake,foureyedraven,4
cuppcaake,goat12619,2
cuppcaake,foureyedraven,7
cuppcaake,ritz1906,4
cuppcaake,aliceofheart,10
loltyler1,trey42899,2
chemicaldragoon,lukasss_ttv,14
cuppcaake,oaristos,1
cuppcaake,daddycuppcake,11
bobross,hagg3n,4
chemicaldragoon,lukasss_ttv,14
asmongold,valipro,1
bobross,komocode_,2
chemicaldragoon,persiasquad,3
bobross,ghilliestealthhd,4
kalashnikovmediatv,marioiskewl228,0
cuppcaake,stormlovet,89
cuppcaake,sophiz_23,6
forsen,poopypuggeteer,1
cuppcaake,d0rzan1,1
kalashnikovmediatv,j3kow,0
cuppcaake,ritz1906,4
forsen,noerty,1
cuppcaake,dreija,9
forsen,jun48823,1
cuppcaake,stormlovet,8
cuppcaake,goat12619,4
cuppcaake,stormlovet,1
bobross,gamewolf62,1
xqcow,adeptthebest,4
cuppcaake,cupcakeb0t,8
cuppcaake,d0rzan1,10
cuppcaake,ziegrand,10
loltyler1,mynamemightbezach,2
kalashnikovmediatv,qq243,0
cuppcaake,goat12619,11
cuppcaake,harden19,6
loltyler1,sunomega,4
cuppcaake,peachyred,0
bobross,waddlydoo,3
forsen,dezbryantdagoat,4
cuppcaake,midnightherald,1
cuppcaake,iizmaniakillzii,24
cuppcaake,baeofthedead,1
kalashnikovmediatv,spazgo,0
kalashnikovmediatv,raksikorikofilap,0
asmongold,fl0ze,1
loltyler1,styosu,1
cuppcaake,stormlovet,37
bobross,kayrush,1
cuppcaake,theenlae,1
cuppcaake,xolarix,2
cuppcaake,goat12619,5
cuppcaake,kiden,3
cuppcaake,anarchyace91,17
cuppcaake,goat12619,10
cuppcaake,dreija,9
xqcow,highlysuspectfin,2
cuppcaake,goat12619,4
bobross,vanishonkoow,3
cuppcaake,laura_unitato,4
asmongold,martin3_3,1
cuppcaake,froggobun,1
giantwaffle,morksol4,3
asmongold,mariusdecimusmeridius,1
xqcow,wawagon,1
cuppcaake,cupcakeb0t,11
cuppcaake,isuzusan,7
cuppcaake,baeofthedead,3
cuppcaake,sophiz_23,4
asmongold,thenarutardd,1
xqcow,angeloc98,1
cuppcaake,isuzusan,1
cuppcaake,kiden,8
asmongold,huffinator11,5
kalashnikovmediatv,sratcher_,0
forsen,joankevc,1
asmongold,scars3610,2
cuppcaake,r3trace,7
cuppcaake,cupcakeb0t,8
cuppcaake,cupcakeb0t,8
cuppcaake,baeofthedead,5
cuppcaake,regnillord,2
cuppcaake,midnightherald,9
cuppcaake,cupcakeb0t,12
forsen,nicky1177,2
cuppcaake,regnillord,7
bobross,smr9000,1
cuppcaake,d0rzan1,1
xqcow,omniscient2033,2
cuppcaake,goat12619,17
cuppcaake,d0rzan1,4
cuppcaake,iizmaniakillzii,5
forsen,giexa,1
cuppcaake,goat12619,9
chemicaldragoon,lukasss_ttv,14
kalashnikovmediatv,moobot,5
chemicaldragoon,lukasss_ttv,14
chemicaldragoon,dyzblackout100,27
cuppcaake,msjaggy,8
chemicaldragoon,lukasss_ttv,14
cuppcaake,unhappybiscuit,1
giantwaffle,stormvirus,2
kalashnikovmediatv,edmorea,5
cuppcaake,goat12619,1
cuppcaake,stormlovet,30
xqcow,akst4r,1
loltyler1,iannis623,0
cuppcaake,cupcakeb0t,45
loltyler1,firebirddjj,1
cuppcaake,r3trace,7
cuppcaake,r3trace,2
cuppcaake,chithena,3
xqcow,zolemq,3
cuppcaake,eeveeashe,1
cuppcaake,iizmaniakillzii,9
asmongold,moltherion_,1
cuppcaake,r3trace,6
cuppcaake,thegreatastral77,17
cuppcaake,thegreatastral77,2
giantwaffle,moobot,14
xqcow,lyn3x,1
xqcow,bilpa,1
cuppcaake,cupcakeb0t,9
cuppcaake,stormlovet,39
cuppcaake,goat12619,5
cuppcaake,xkeenziee,3
asmongold,biffco,1
cuppcaake,goat12619,8
cuppcaake,luciosantos2018,1
cuppcaake,cupcakeb0t,7
cuppcaake,aldojrmcfc,8
cuppcaake,d0rzan1,11
bobross,tallahassii,1
loltyler1,compact1233,4
asmongold,graymondo,2
cuppcaake,aldojrmcfc,4
cuppcaake,bearkoda,24
xqcow,snorlaxigalaxy,1
bobross,jimmyofio,1
xqcow,vali24dm,1
forsen,0sergen0,9
kalashnikovmediatv,edmorea,4
xqcow,yopebn,1
cuppcaake,stormlovet,1
cuppcaake,lunabug,13
kalashnikovmediatv,light_ezzz,2
cuppcaake,rakshara,1
cuppcaake,cupcakeb0t,45
cuppcaake,midnightherald,23
kalashnikovmediatv,spazgo,0
forsen,fahkcrutch,2
loltyler1,attachnoob,2
kalashnikovmediatv,light_ezzz,0
kalashnikovmediatv,enenro,0
xqcow,silverpike4,1
kalashnikovmediatv,spazgo,5
cuppcaake,regnillord,1
cuppcaake,xerodealings,6
kalashnikovmediatv,light_ezzz,0
kalashnikovmediatv,edmorea,4
forsen,sahneee,1
asmongold,winterworld93,2
cuppcaake,part_time_ox,3
cuppcaake,baeofthedead,2
xqcow,mlitfalcon,1
forsen,deservefetlock,1
asmongold,fox_heroes,3
cuppcaake,iizmaniakillzii,1
xqcow,krylexx,1
cuppcaake,msjaggy,1
xqcow,hydraplayshin,1
cuppcaake,part_time_ox,1
cuppcaake,xerodealings,9
cuppcaake,dazxu,8
xqcow,tetheoz,3
cuppcaake,foureyedraven,1
xqcow,bonessii,1
xqcow,hehetunzo,16
cuppcaake,julixx37,3
bobross,radisome,2
cuppcaake,kajkadge,5
cuppcaake,six1se7en,8
asmongold,angry_inuk,9
cuppcaake,whiskeynickd,2
kalashnikovmediatv,crazy_phant0m,0
asmongold,radoslawoo,1
cuppcaake,felixale0305,1
cuppcaake,yurimeta,2
cuppcaake,midnightherald,29
asmongold,salsafrog,1
cuppcaake,baeofthedead,3
cuppcaake,felixale0305,5
cuppcaake,julixx37,10
asmongold,spaxt3,2
chemicaldragoon,epic_playsyt,11
cuppcaake,foureyedraven,25
asmongold,garden_chair,1
asmongold,dizetreus,1
giantwaffle,moopco,3
kalashnikovmediatv,dol3n_yt,0
cuppcaake,ineedlolthingy,1
kalashnikovmediatv,moobot,4
kalashnikovmediatv,maaaniaac,0
cuppcaake,cupcakeb0t,9
cuppcaake,ashleylove918,6
forsen,caleb_ill,3
cuppcaake,mcmemedream,1
asmongold,ghost97915,0
chemicaldragoon,epic_playsyt,2
kalashnikovmediatv,light_ezzz,0
cuppcaake,mcmemedream,1
kalashnikovmediatv,44asd44,2
chemicaldragoon,itsmeanmug,3
cuppcaake,goat12619,5
xqcow,protamlan,16
chemicaldragoon,bro_actually,4
loltyler1,dickgameover9000,1
cuppcaake,zokay7,5
cuppcaake,foureyedraven,34
cuppcaake,christashish,2
giantwaffle,lawt,4
kalashnikovmediatv,maaaniaac,0
kalashnikovmediatv,light_ezzz,0
asmongold,papaseat,9
cuppcaake,lysydarling,1
asmongold,ramessesiii,2
cuppcaake,unhappybiscuit,14
cuppcaake,goat12619,4
cuppcaake,cupcakeb0t,44
xqcow,honestandhumbleleo,1
xqcow,j0koo,5
asmongold,zoscotv,1
kalashnikovmediatv,zloy_hlopec,1
asmongold,weesnaw1337,1
giantwaffle,enlightenedmint,2
xqcow,icastellari,1
giantwaffle,kayutooo,1
xqcow,snorlaxigalaxy,1
kalashnikovmediatv,kykapeky1488,0
chemicaldragoon,dyzblackout100,27
asmongold,damnbuizzy,1
asmongold,forsakengod96,1
kalashnikovmediatv,raksikorikofilap,0
cuppcaake,julixx37,5
kalashnikovmediatv,dazzzman,0
giantwaffle,loqrin,8
cuppcaake,goat12619,7
cuppcaake,julixx37,2
kalashnikovmediatv,raksikorikofilap,0
kalashnikovmediatv,kykapeky1488,0
cuppcaake,goat12619,2
loltyler1,oftencooked,2
cuppcaake,goat12619,5
kalashnikovmediatv,windows6,3
loltyler1,alverade1987,1
kalashnikovmediatv,sadverts_,1
asmongold,fidgetspinner2020,1
cuppcaake,unigamerr,2
cuppcaake,d0rzan1,1
xqcow,miekfox,1
xqcow,walkingtowtruck,1
bobross,lazyslorh,1
chemicaldragoon,epic_playsyt,6
chemicaldragoon,lukasss_ttv,14
cuppcaake,wizzoy,1
chemicaldragoon,lukasss_ttv,14
asmongold,sudoq8,0
kalashnikovmediatv,raksikorikofilap,0
cuppcaake,dreija,8
kalashnikovmediatv,windows6,2
cuppcaake,kajkadge,7
asmongold,porklaser93,1
loltyler1,jacknyxe,7
asmongold,marxdud,5
asmongold,johnathanmarka,3
cuppcaake,goat12619,2
chemicaldragoon,mattweil,7
cuppcaake,part_time_ox,2
cuppcaake,smol_0ne,1
bobross,frbulix,1
chemicaldragoon,sheesh_grizzly,15
chemicaldragoon,schnozzola,13
asmongold,eddvardz,5
cuppcaake,cupcakeb0t,8
cuppcaake,d0rzan1,1
asmongold,lynxfrombrawlhalla,1
loltyler1,ilovemousse,1
asmongold,walljumpur,1
asmongold,justhecredible,3
cuppcaake,kajkadge,2
cuppcaake,d0rzan1,1
bobross,irlpretear,11
xqcow,xinogre21,2
cuppcaake,lorelana,3
asmongold,slugerne,2
giantwaffle,opalak,6
forsen,oz4r_,1
cuppcaake,eeveeashe,2
kalashnikovmediatv,hah0l606,0
cuppcaake,six1se7en,5
kalashnikovmediatv,ggutentag,0
asmongold,toastythc,1
chemicaldragoon,lukasss_ttv,14
cuppcaake,part_time_ox,5
asmongold,isaacblewton,0
cuppcaake,wyldendeavor,1
cuppcaake,ashleylove918,1
cuppcaake,fionavus,1
cuppcaake,captbafoo,6
cuppcaake,d0rzan1,4
cuppcaake,goat12619,2
cuppcaake,midnightherald,4
chemicaldragoon,etzbatschts,17
asmongold,7777____,1
xqcow,anelexd420,1
cuppcaake,iizmaniakillzii,4
cuppcaake,whiskeynickd,2
cuppcaake,nanogoddess417,3
cuppcaake,bearkoda,18
cuppcaake,whiskeytommy,5
cuppcaake,rustyred,4
cuppcaake,seltyo,11
cuppcaake,cupcakeb0t,32
xqcow,lyn3x,1
cuppcaake,kajkadge,2
asmongold,moltherion_,1
cuppcaake,zeadman201,1
cuppcaake,st_jimmy9,4
cuppcaake,chithena,7
kalashnikovmediatv,zoylusp,0
cuppcaake,cupcakeb0t,45
kalashnikovmediatv,decease1,0
cuppcaake,cupcakeb0t,9
asmongold,sikat01,1
cuppcaake,kajkadge,5
cuppcaake,cupcakeb0t,5
cuppcaake,whiskeytommy,2
forsen,ezspeezy,6
loltyler1,11darealzmvp11,1
asmongold,walljumpur,5
cuppcaake,flamefistrs,4
asmongold,gabsak99,3
cuppcaake,rustyred,6
cuppcaake,rj3000860,5
xqcow,grandmasterplebb,2
cuppcaake,minbxe,5
loltyler1,traujae22,8
asmongold,bombr1ck,1
giantwaffle,thejishawt,10
xqcow,austindrag1,3
asmongold,noratto,1
cuppcaake,eeveeashe,3
xqcow,tuff_buff,1
kalashnikovmediatv,light_ezzz,2
kalashnikovmediatv,dol3n_yt,1
cuppcaake,regnillord,10
kalashnikovmediatv,cassel_de,0
cuppcaake,cupcakeb0t,24
chemicaldragoon,taeisbad,12
forsen,romechemik,2
asmongold,sundei,2
cuppcaake,goat12619,4
cuppcaake,chithena,5
cuppcaake,kajkadge,2
cuppcaake,lunabug,7
cuppcaake,christashish,19
cuppcaake,six1se7en,6
kalashnikovmediatv,moobot,3
chemicaldragoon,taeisbad,5
chemicaldragoon,shmokeboi,8
asmongold,warden_z9,6
asmongold,shrugz5,21
cuppcaake,dapdude25,1
cuppcaake,sprocketwizard1,1
asmongold,dirge146,5
cuppcaake,midnightherald,3
loltyler1,memelongju__,20
cuppcaake,midnightherald,2
cuppcaake,midnightherald,1
forsen,rantt1,1
chemicaldragoon,dyzblackout100,27
kalashnikovmediatv,badpooh,0
giantwaffle,kkman96,0
asmongold,sambatlle10,1
asmongold,detare,5
giantwaffle,pavelow85,2
giantwaffle,krpano,6
cuppcaake,d0rzan1,2
asmongold,wicuria,2
loltyler1,emptyhand0,3
asmongold,duquedev,3
chemicaldragoon,bloodtre,22
cuppcaake,kajkadge,3
asmongold,cptskidmarks,2
chemicaldragoon,mattweil,5
cuppcaake,patchingko,8
cuppcaake,kajkadge,2
forsen,elmexicant,4
giantwaffle,r3verend,13
asmongold,tomas0821,4
asmongold,krazkolul,1
xqcow,runningjedi2095,1
cuppcaake,demonsl4y3r,1
xqcow,krastinsh,1
cuppcaake,goat12619,5
asmongold,lynxfrombrawlhalla,1
cuppcaake,hiiiilee,7
cuppcaake,seltyo,4
asmongold,mrkillerin,1
cuppcaake,d0rzan1,5
cuppcaake,goat12619,7
asmongold,zhybestcookeu,7
asmongold,kuldioxia,30
asmongold,jvxlolz,11
asmongold,r3g3st3r,2
xqcow,imoptax,3
cuppcaake,goat12619,3
cuppcaake,milktoothee,3
asmongold,treeknives,5
cuppcaake,slash4869,7
asmongold,captaincruz474,4
cuppcaake,goat12619,4
cuppcaake,bumpissman,1
cuppcaake,christashish,2
cuppcaake,gardevire,2
asmongold,niikom,1
asmongold,praxthor,1
kalashnikovmediatv,venor322,0
kalashnikovmediatv,lustrafford3,0
asmongold,eupleb,1
cuppcaake,froggobun,1
xqcow,realnoxus,1
forsen,ezspeezy,5
kalashnikovmediatv,lustrafford3,0
loltyler1,tanmanrules,1
cuppcaake,minbxe,3
asmongold,yoyoitsyaboiii,7
cuppcaake,silentspeeds,1
asmongold,jasssonpet,1
giantwaffle,jayjaystar90,1
loltyler1,i_love_all_the_trihards,1
cuppcaake,ellechan_ow,6
chemicaldragoon,knightmarefart,1
giantwaffle,notcakess,2
cuppcaake,captbafoo,1
cuppcaake,cupcakeb0t,8
forsen,tele_crab,12
cuppcaake,bbofalltrades,1
cuppcaake,cupcakeb0t,8
cuppcaake,kajkadge,8
asmongold,acquahfresh,6
bobross,superunknown94,6
loltyler1,the_red_emperor,3
loltyler1,renerise,3
loltyler1,pepega_clap,1
asmongold,on3unit,1
loltyler1,valiantlux,1
kalashnikovmediatv,marioiskewl228,0
chemicaldragoon,bloodtre,4
asmongold,g00fball8,2
asmongold,maestraeux,2
asmongold,frostbot123,1
asmongold,ironcam_,2
asmongold,mysticskyi,3
cuppcaake,goat12619,4
loltyler1,theduk,3
xqcow,hucklendenali,0
cuppcaake,demonsl4y3r,1
cuppcaake,flamefistrs,10
giantwaffle,vixing,6
cuppcaake,swankystank922,1
cuppcaake,swankystank922,3
cuppcaake,nanogoddess417,1
cuppcaake,kahleaark,4
cuppcaake,franky1581,7
asmongold,thebadluckcurse,1
chemicaldragoon,domesticuz,20
cuppcaake,zokay7,6
xqcow,red_assassin_zer0,1
xqcow,gaze05,1
cuppcaake,goat12619,8
xqcow,faithas04,2
cuppcaake,lunabug,1
cuppcaake,zokay7,1
cuppcaake,cupcakeb0t,8
cuppcaake,zokay7,7
cuppcaake,magicaltopaz,1
xqcow,turbogt,26
chemicaldragoon,asianjeff,20
giantwaffle,hiroyuchi,1
cuppcaake,cupcakeb0t,8
cuppcaake,bearkoda,27
asmongold,graymondo,1
asmongold,snabbaglajjor,5
asmongold,dirtydan_fuse,3
cuppcaake,stonearm13,15
kalashnikovmediatv,poeheroy,0
forsen,thepiter333,1
asmongold,smellygoatz,3
cuppcaake,cupcakeb0t,8
cuppcaake,d0rzan1,4
cuppcaake,chealv1107a,4
cuppcaake,spitteh_love,7
cuppcaake,d0rzan1,1
cuppcaake,chealv1107a,2
asmongold,momo_amano,1
loltyler1,karr1k,3
asmongold,mokakamo,1
asmongold,cafeconliche,1
cuppcaake,cupcakeb0t,8
forsen,allday_ninjer,7
cuppcaake,cupcakeb0t,9
cuppcaake,cupcakeb0t,8
cuppcaake,justdatgirl10,1
xqcow,th3iablo,2
kalashnikovmediatv,mikhailrud,1
giantwaffle,thejishawt,3
kalashnikovmediatv,polyakesh,0
cuppcaake,kiden,7
cuppcaake,zokay7,8
xqcow,vipa__,1
cuppcaake,d0rzan1,2
cuppcaake,afkthegreat,13
cuppcaake,trento52,2
cuppcaake,heyyimkatee,4
cuppcaake,afkthegreat,7
kalashnikovmediatv,ruselq,0
forsen,lordfireriser,2
bobross,smr9000,1
chemicaldragoon,peanahbutta,37
xqcow,capsizepls,2
cuppcaake,peachyred,1
cuppcaake,goat12619,3
cuppcaake,coolaidmonkey,1
xqcow,yunogo5,1
cuppcaake,ritz1906,5
asmongold,sk_wessel,15
asmongold,reedy177,0
asmongold,fr0stmagnet,2
cuppcaake,afkthegreat,2
cuppcaake,gmorks,1
cuppcaake,cupcakeb0t,45
asmongold,hubhub1254,0
kalashnikovmediatv,polyakesh,0
loltyler1,gilgameshg59,2
loltyler1,watotem,1
cuppcaake,malablue,4
loltyler1,wanderinggreens,9
cuppcaake,kirarakitten,4
xqcow,rock51star,1
asmongold,chancespoopedpants,7
giantwaffle,kayutooo,2
cuppcaake,zokay7,2
xqcow,savvy_8,10
asmongold,drippnsauced,3
cuppcaake,non23n23,3
cuppcaake,breebreebaby09,2
cuppcaake,imbrook11,2
xqcow,papashmup1,3
xqcow,zeno_9141,2
cuppcaake,trento52,4
cuppcaake,dreija,9
xqcow,kyotetch,2
chemicaldragoon,tbomber_21,4
chemicaldragoon,mattweil,7
xqcow,actovion,3
asmongold,unrealcontender,1
loltyler1,nightbot,22
asmongold,pooomf,2
cuppcaake,goat12619,6
bobross,leoldschool,5
xqcow,gamerhead,1
cuppcaake,zokay7,2
cuppcaake,zokay7,1
cuppcaake,fionavus,3
bobross,m1ksutin,1
cuppcaake,bunnygguk,2
asmongold,supremewalker,3
asmongold,newsocks1,11
cuppcaake,darkestargentum,8
cuppcaake,bunnygguk,9
kalashnikovmediatv,dm3nxgod,0
bobross,aceofspadesmystery,5
giantwaffle,anunluckylucky,1
cuppcaake,cupcakeb0t,11
kalashnikovmediatv,marioiskewl228,3
giantwaffle,dapram,3
kalashnikovmediatv,marioiskewl228,0
xqcow,rubinvd,1
cuppcaake,cupcakeb0t,8
kalashnikovmediatv,dm3nxgod,0
cuppcaake,gx1101,10
cuppcaake,cupcakeb0t,8
cuppcaake,goat12619,7
cuppcaake,dvaxoxo,2
cuppcaake,silentspeeds,10
kalashnikovmediatv,cassel_de,1
cuppcaake,cupcakeb0t,8
kalashnikovmediatv,kr04i123,0
cuppcaake,bunnygguk,1
chemicaldragoon,julieiee,8
loltyler1,papasavvage,5
kalashnikovmediatv,1_pni,0
chemicaldragoon,mattweil,4
cuppcaake,bunnygguk,6
chemicaldragoon,mattweil,7
cuppcaake,gx1101,5
asmongold,thewomenrespecter,0
cuppcaake,whiskeytommy,11
chemicaldragoon,icysythe,1
cuppcaake,bunnygguk,4
cuppcaake,trippyyy69,1
cuppcaake,zokay7,14
asmongold,notjustkneedeep,3
loltyler1,aeroxdelsol,2
cuppcaake,bunnygguk,6
kalashnikovmediatv,neyr00n,2
xqcow,spazamaster2,45
xqcow,bluetack_,1
cuppcaake,kirarakitten,4
cuppcaake,darkestargentum,1
cuppcaake,cupcakeb0t,8
xqcow,thebeast294,2
cuppcaake,thereaibananaman,4
bobross,zfastech360,2
kalashnikovmediatv,maken007,0
cuppcaake,coconuttlive,2
cuppcaake,yurimeta,8
cuppcaake,darkstar2099,4
kalashnikovmediatv,kr04i123,0
cuppcaake,goat12619,3
cuppcaake,bunnygguk,20
cuppcaake,cupcakeb0t,45
loltyler1,rek_sai_only,1
kalashnikovmediatv,badpooh,0
cuppcaake,thereaibananaman,16
kalashnikovmediatv,badpooh,0
xqcow,bangbrothers,50
cuppcaake,zokay7,13
asmongold,glanilla,1
asmongold,vseaux,1
cuppcaake,xoxoswanks,4
cuppcaake,heyyimkatee,3
cuppcaake,goat12619,4
asmongold,mrmadmonkeynl,10
cuppcaake,yurimeta,1
cuppcaake,cupcakeb0t,8
cuppcaake,d0rzan1,6
cuppcaake,milktoothee,7
cuppcaake,bunnygguk,2
kalashnikovmediatv,kukoldboy,0
cuppcaake,dreija,9
cuppcaake,regnillord,15
kalashnikovmediatv,cassel_de,0
cuppcaake,d0rzan1,6
chemicaldragoon,lunaticjoke,15
cuppcaake,bunnygguk,1
giantwaffle,charlion2,4
xqcow,redlightning596,2
chemicaldragoon,dkw910,3
xqcow,kushwookieee,1
asmongold,caleb_ill,1
cuppcaake,heyyimkatee,4
cuppcaake,zokay7,26
cuppcaake,milktoothee,11
cuppcaake,goat12619,3
xqcow,jesusjohnchrist,22
cuppcaake,gx1101,5
cuppcaake,minbxe,5
asmongold,zannox9,3
kalashnikovmediatv,7skip7,0
chemicaldragoon,domesticuz,20
chemicaldragoon,icysythe,2
kalashnikovmediatv,betra_sile,1
cuppcaake,bunnygguk,4
cuppcaake,gx1101,3
kalashnikovmediatv,dm3nxgod,0
kalashnikovmediatv,cassel_de,0
bobross,thedefiantcat,1
kalashnikovmediatv,puziko55,0
cuppcaake,cupcakeb0t,8
cuppcaake,gray__ow,1
cuppcaake,dreija,4
cuppcaake,coolaidmonkey,1
cuppcaake,bunnygguk,2
cuppcaake,goat12619,2
chemicaldragoon,mattweil,4
chemicaldragoon,itsmeanmug,4
asmongold,lindorn_,1
cuppcaake,gx1101,7
cuppcaake,zokay7,3
chemicaldragoon,domesticuz,20
kalashnikovmediatv,badpooh,0
cuppcaake,cupcakeb0t,8
xqcow,aireil,1
cuppcaake,evangelinep,1
cuppcaake,bunnygguk,1
cuppcaake,daddycuppcake,15
cuppcaake,dreija,1
cuppcaake,princessktty,3
kalashnikovmediatv,twitcherboy_,1
cuppcaake,deisycroft,9
chemicaldragoon,dylzez,3
cuppcaake,projectturo,5
xqcow,tutepute,2
cuppcaake,chucklette,1
asmongold,mawhz,1
cuppcaake,cyttorak0,6
cuppcaake,zokay7,6
asmongold,myselfz,0
xqcow,shad0wiii,1
asmongold,vertsi,1
cuppcaake,zokay7,5
cuppcaake,cupcakeb0t,7
cuppcaake,thereaibananaman,5
xqcow,jchungg,4
cuppcaake,ladyungoliant,1
cuppcaake,dartyer14,1
asmongold,therionq,1
cuppcaake,gx1101,14
cuppcaake,d0rzan1,2
kalashnikovmediatv,leha75,0
asmongold,enhance37,1
asmongold,avetarx,1
cuppcaake,cupcakeb0t,8
cuppcaake,heyyimkatee,7
cuppcaake,evangelinep,9
cuppcaake,seltyo,1
asmongold,bonerlord911,9
cuppcaake,sin_dragon12,15
cuppcaake,batratvenom,2
kalashnikovmediatv,elyn14,1
kalashnikovmediatv,moobot,3
kalashnikovmediatv,kukoldboy,0
cuppcaake,luciosantos2018,1
xqcow,cuteoldcouple,1
kalashnikovmediatv,crastoniswc,0
cuppcaake,kiwidoodles,2
kalashnikovmediatv,bonanzanz1,0
kalashnikovmediatv,crastoniswc,0
asmongold,shadowhaxxor,1
cuppcaake,goat12619,6
kalashnikovmediatv,formyshiningstar,0
asmongold,ironcam_,0
cuppcaake,gx1101,3
kalashnikovmediatv,goosein228,0
kalashnikovmediatv,dalexp,0
bobross,madmaxito1027,7
asmongold,bunchiee,2
xqcow,droidi_,2
asmongold,bdolfhotler,3
kalashnikovmediatv,goosein228,0
kalashnikovmediatv,polyakesh,1
kalashnikovmediatv,burlakof6,0
kalashnikovmediatv,paponbi4,1
asmongold,rogansmash,4
xqcow,soulaoe,1
kalashnikovmediatv,cassel_de,0
kalashnikovmediatv,krovavuyrassvet,0
xqcow,eltxurri,90
asmongold,gabsak99,3
bobross,goddamn_jinjiro,11
asmongold,rafael140103,4
cuppcaake,whiskeytommy,9
cuppcaake,deisycroft,12
xqcow,jonaontwitch,3
cuppcaake,d0rzan1,1
cuppcaake,cupcakeb0t,8
kalashnikovmediatv,badpooh,0
kalashnikovmediatv,virensdzen,0
xqcow,woadhogmain,1
kalashnikovmediatv,cassel_de,2
asmongold,itsallgoochie,1
kalashnikovmediatv,th3suspecttv,1
cuppcaake,deisycroft,9
xqcow,xxidlexx,20
cuppcaake,sithkira,11
cuppcaake,alinorhk,3
cuppcaake,bunnygguk,3
cuppcaake,iczeromega1,1
xqcow,molo316,2
cuppcaake,kaylamcflyxo,12
kalashnikovmediatv,nikitkogg,2
asmongold,afroood,2
cuppcaake,heyyimkatee,4
kalashnikovmediatv,cassel_de,0
cuppcaake,goat12619,4
cuppcaake,sithkira,5
bobross,medicalmeany,1
kalashnikovmediatv,krovavuyrassvet,0
kalashnikovmediatv,light_ezzz,0
cuppcaake,sithkira,3
asmongold,archii_,1
asmongold,nightfury_treann,1
cuppcaake,kirarakitten,22
cuppcaake,leapfrogassassin,1
cuppcaake,goat12619,1
cuppcaake,d0rzan1,10
asmongold,tsm_starfire,1
cuppcaake,goat12619,1
xqcow,criptaike,1
cuppcaake,d0rzan1,1
cuppcaake,bunnygguk,17
asmongold,a_flying_lion,1
cuppcaake,cupcakeb0t,8
cuppcaake,iggy310,2
xqcow,647billy25bob,1
asmongold,blubbey,5
loltyler1,stanman073,3
cuppcaake,cupcakeb0t,9
cuppcaake,gx1101,3
kalashnikovmediatv,pharaohez,0
cuppcaake,gdgmm,10
xqcow,ridinghorse100,1
bobross,stintedair,13
xqcow,tobs25xd,6
asmongold,archii_,1
asmongold,jjrodrigues6,1
asmongold,lehtori2,3
loltyler1,imnorix,1
asmongold,unilluminated,1
kalashnikovmediatv,rtoorik,1
xqcow,mike0ndrugs,9
cuppcaake,goat12619,3
bobross,gamewolf62,5
bobross,fraerok92,5
cuppcaake,kaylamcflyxo,2
xqcow,bumzoid,2
asmongold,deathora,4
asmongold,makemecrazy123,1
cuppcaake,tuskegeeheir,4
cuppcaake,drquentin,4
loltyler1,0gmudb0n3r,1
cuppcaake,zeroalphapoint0,1
kalashnikovmediatv,1_pni,0
cuppcaake,seltyo,5
xqcow,redgale74,1
asmongold,sulcus85,9
cuppcaake,cupcakeb0t,8
cuppcaake,cupcakeb0t,45
cuppcaake,goat12619,3
cuppcaake,whiskeytommy,6
cuppcaake,sprocketwizard1,1
cuppcaake,cupcakeb0t,8
asmongold,grzzles,1
cuppcaake,goat12619,4
cuppcaake,cupcakeb0t,8
kalashnikovmediatv,trshmdo,0
cuppcaake,blender_66,2
cuppcaake,kiden,11
cuppcaake,goat12619,5
xqcow,ow_dawn,1
xqcow,devorerr,3
cuppcaake,iczeromega1,2
loltyler1,derravia,3
cuppcaake,angelpharah,7
cuppcaake,iczeromega1,14
asmongold,theartofdrinking,2
cuppcaake,goat12619,10
cuppcaake,leviathanprym,12
asmongold,xuukiii,1
asmongold,deavengaming,1
xqcow,nuki__,3
asmongold,ichiorochi,2
kalashnikovmediatv,dathgabentwich,0
cuppcaake,tractor_ow,4
cuppcaake,fishcolator,16
kalashnikovmediatv,twinkcsgo,0
cuppcaake,bunnygguk,11
asmongold,mugikun,1
cuppcaake,restrictedaxess,11
xqcow,darksino,40
cuppcaake,gx1101,6
cuppcaake,evangelinep,1
asmongold,an8u,3
asmongold,g00fball8,0
cuppcaake,hollow_lashen,8
kalashnikovmediatv,moobot,3
cuppcaake,heyyimkatee,2
kalashnikovmediatv,shanonyo,0
cuppcaake,d0rzan1,2
cuppcaake,gx1101,4
kalashnikovmediatv,cassel_de,1
xqcow,kaiser_chillhelm,1
xqcow,eppubarrel,1
xqcow,riyu,1
cuppcaake,shd_bot,1
cuppcaake,leviathanprym,12
cuppcaake,iczeromega1,6
cuppcaake,evangelinep,1
cuppcaake,ritz1906,2
cuppcaake,heyyimkatee,5
kalashnikovmediatv,vardanmu,0
cuppcaake,rhase,14
giantwaffle,enlightenedmint,5
cuppcaake,gx1101,3
cuppcaake,bunnygguk,20
cuppcaake,emkayism,1
loltyler1,lolorca,5
cuppcaake,kaylamcflyxo,4
kalashnikovmediatv,vf_ua,0
cuppcaake,pandora2k_,2
kalashnikovmediatv,psixerp,0
cuppcaake,darthrada99,5
kalashnikovmediatv,vardanmu,0
cuppcaake,naeture,1
cuppcaake,rhase,3
kalashnikovmediatv,piligrino2127,1
cuppcaake,coolaidmonkey,1
cuppcaake,rhase,6
xqcow,pixul_tv,1
cuppcaake,cupcakeb0t,8
asmongold,deathwish_96,2
asmongold,sliceolyfe,1
kalashnikovmediatv,mega_my,0
xqcow,jumptwiice,3
asmongold,windl1916,2
asmongold,arcticwolfscm,2
kalashnikovmediatv,th3suspecttv,0
asmongold,fisbas1231,1
cuppcaake,feuer_psycho,7
asmongold,sportabort,1
asmongold,kuddos1,3
cuppcaake,gx1101,4
asmongold,oliver262011a,12
cuppcaake,rhase,15
asmongold,maxblacko,0
cuppcaake,tractor_ow,5
cuppcaake,leviathanprym,15
cuppcaake,bunnygguk,22
asmongold,pawel127721,1
xqcow,mustdiekill,2
cuppcaake,rhase,5
asmongold,supersonic40,24
cuppcaake,heyyimkatee,9
cuppcaake,iczeromega1,1
asmongold,snagprophet,1
asmongold,hellfunky27,6
cuppcaake,fishcolator,10
asmongold,thesith420,2
asmongold,drak568,1
bobross,krdshrk,6
asmongold,tiresias_ow,1
cuppcaake,bunnygguk,32
cuppcaake,rhase,8
cuppcaake,xxmcpgamerxx,1
cuppcaake,heyyimkatee,24
xqcow,jon_bovi_pepejam,52
cuppcaake,binakat,1
cuppcaake,mad_madame_em,2
cuppcaake,c4g3d9,3
cuppcaake,rhase,2
cuppcaake,heyyimkatee,1
asmongold,warcry_54,2
cuppcaake,sithkira,7
loltyler1,thecleverclone,4
cuppcaake,nanogoddess417,21
xqcow,chogloc,1
cuppcaake,cupcakeb0t,44
cuppcaake,patriotsman123,1
bobross,lichtenzym,3
asmongold,headphonesincoffee,4
asmongold,omgacow,2
cuppcaake,saltyunie,1
asmongold,thattoastyghost,1
giantwaffle,mightexe,9
cuppcaake,tractor_ow,1
cuppcaake,cupcakeb0t,8
xqcow,twoip,3
xqcow,wintergengar,1
xqcow,mxgeneration,2
cuppcaake,iczeromega1,5
asmongold,tor4loll,2
bobross,jellyfilledonuts,4
cuppcaake,ohavarice_,11
loltyler1,sparky7432389,5
xqcow,xzedzero,1
xqcow,jazzypunk88,10
asmongold,claritycraft,2
cuppcaake,bunnygguk,4
cuppcaake,shd_bot,1
cuppcaake,evangelinep,1
cuppcaake,trashdvamainn,1
cuppcaake,hollow_lashen,24
asmongold,legoliket,1
cuppcaake,lazuligif,1
cuppcaake,iczeromega1,30
loltyler1,corkz20,1
cuppcaake,gx1101,16
cuppcaake,evangelinep,3
cuppcaake,ritz1906,3
cuppcaake,xbonechuck,1
cuppcaake,sithkira,5
cuppcaake,hollowrkt,1
cuppcaake,shd_bot,5
cuppcaake,rhase,1
cuppcaake,ohavarice_,1
cuppcaake,whiskeytommy,83
bobross,atlasthekyle,1
asmongold,zaydom,1
cuppcaake,rhase,1
cuppcaake,d0rzan1,3
giantwaffle,kronis01,9
cuppcaake,heyyimkatee,4
cuppcaake,cupcakeb0t,8
cuppcaake,gx1101,2
chemicaldragoon,rethinkreality,24
chemicaldragoon,lunaticjoke,20
cuppcaake,gx1101,6
cuppcaake,goddammittim,7
cuppcaake,zokay7,2
cuppcaake,zokay7,6
loltyler1,saxg743,1
xqcow,blackmood92,1
chemicaldragoon,domesticuz,20
cuppcaake,heyyimkatee,1
cuppcaake,heyyimkatee,3
cuppcaake,nanogoddess417,36
asmongold,peace_froggy,1
chemicaldragoon,akachapzs,7
cuppcaake,maicaila,7
cuppcaake,whiskeytommy,41
asmongold,crizek128,3
cuppcaake,gx1101,2
xqcow,snow_w_,1
cuppcaake,cupcakeb0t,9
cuppcaake,bunnygguk,5
xqcow,kingnoobz,1
cuppcaake,rhase,1
cuppcaake,zokay7,3
cuppcaake,d0rzan1,2
cuppcaake,royals25,6
cuppcaake,rhase,1
asmongold,mattykm,1
asmongold,simblast,3
xqcow,imkallen,32
loltyler1,i_love_all_the_trihards,1
cuppcaake,princessstitchface,1
asmongold,reksam,2
cuppcaake,zokay7,8
asmongold,victoriakae,1
cuppcaake,cupcakeb0t,8
cuppcaake,cupcakeb0t,8
loltyler1,nightbot,5
cuppcaake,royals25,3
xqcow,nosferatuu666,4
cuppcaake,unhappybiscuit,3
xqcow,nrj71,1
cuppcaake,st_jimmy9,9
xqcow,v32vv1c24c,3
asmongold,jm11,1
asmongold,privatmolkerei,1
cuppcaake,bunnygguk,8
asmongold,wubber,2
xqcow,ghost_aydan,18
xqcow,acydow,68
asmongold,causecurse,2
loltyler1,imrunningitdowntop,4
cuppcaake,cupcakeb0t,8
xqcow,ruin2k,59
cuppcaake,bunnygguk,3
xqcow,kemetyl1980,1
cuppcaake,heyyimkatee,6
cuppcaake,ritz1906,3
cuppcaake,piloxking,8
xqcow,adralen,1
chemicaldragoon,ozzybape,3
chemicaldragoon,exoticblast586,22
chemicaldragoon,mattweil,11
cuppcaake,bunnygguk,3
cuppcaake,rhase,7
cuppcaake,whiskeytommy,29
asmongold,aggnog,14
cuppcaake,sithkira,4
asmongold,righteousnicky,2
chemicaldragoon,sheesh_grizzly,9
cuppcaake,daraxeny,1
bobross,aviate27,3
cuppcaake,whiskeytommy,12
giantwaffle,gnargl,6
loltyler1,hellakatoc,7
cuppcaake,d0rzan1,1
cuppcaake,heyyimkatee,4
xqcow,acroz,1
asmongold,elconan04,1
bobross,jaud34,2
cuppcaake,jamieistired,5
giantwaffle,moobot,4
asmongold,miggymcmiggy,1
xqcow,merlograsso,32
cuppcaake,genjishimadass,16
cuppcaake,mirandemia,8
cuppcaake,dreija,9
cuppcaake,joybeth,12
cuppcaake,d0rzan1,7
asmongold,faelmist,15
cuppcaake,mariahxyz,1
asmongold,theshadock,1
loltyler1,cellxero,18
asmongold,valacedk,16
xqcow,kittyponysaur,1
chemicaldragoon,twitchclassystachy,9
cuppcaake,vexedvalentine,16
cuppcaake,saltyunie,1
cuppcaake,d0rzan1,1
cuppcaake,tractor_ow,21
chemicaldragoon,mattweil,11
cuppcaake,mariahxyz,1
cuppcaake,lilbunnytank,1
cuppcaake,cupcakeb0t,8
loltyler1,kwixie,5
cuppcaake,cupcakeb0t,21
giantwaffle,redbiscuits,1
cuppcaake,midnightherald,4
bobross,badaroth_lol,1
xqcow,daniel_fvcp,3
cuppcaake,glucose2187,9
cuppcaake,daisystar_,14
cuppcaake,trashdvamainn,13
cuppcaake,gx1101,5
cuppcaake,fireboltgoddess,0
cuppcaake,bonnie5yt,8
cuppcaake,rachelady123,1
loltyler1,yego,12
cuppcaake,cupcakeb0t,8
cuppcaake,ladyartemis_ow,8
cuppcaake,rachelady123,3
bobross,colebuckmaster,1
bobross,mummymomma,3
cuppcaake,xbonechuck,4
cuppcaake,koopk1,1
cuppcaake,gleomia,9
xqcow,rockkrispies,2
asmongold,coldes0,1
cuppcaake,neoade,8
cuppcaake,joybeth,7
cuppcaake,vexedvalentine,2
cuppcaake,rustyred,11
cuppcaake,ladyartemis_ow,10
cuppcaake,blues1990,6
cuppcaake,comicsan,16
cuppcaake,katfeinexb,14
chemicaldragoon,ttvwuneach,3
cuppcaake,d0rzan1,1
xqcow,pr7me_,89
asmongold,zar0dd,5
cuppcaake,cupcakeb0t,8
asmongold,maisonaustyn,2
cuppcaake,trakain,2
xqcow,floppy18,1
cuppcaake,zorgzy,1
xqcow,delta3388,1
cuppcaake,d0rzan1,5
bobross,darthwolf_,4
loltyler1,classiesthobo,7
cuppcaake,mscat08,1
cuppcaake,cupcakeb0t,8
cuppcaake,heyyimkatee,15
asmongold,ticcyfn,1
xqcow,tredz_,3
loltyler1,maxblax1,2
cuppcaake,lysydarling,3
cuppcaake,ziri__kirin,1
cuppcaake,ladyartemis_ow,3
asmongold,high_newn,1
xqcow,octaviuslikesdisco,2
giantwaffle,jaydepps00,1
cuppcaake,cupcakeb0t,45
cuppcaake,rhase,3
cuppcaake,zokay7,4
cuppcaake,tractor_ow,3
asmongold,thielebag,1
cuppcaake,slendyman37,1
xqcow,remotepls,2
xqcow,enlargements,75
loltyler1,joeschaefer_,1
cuppcaake,gx1101,6
cuppcaake,joybeth,3
xqcow,smileyboiy,48
cuppcaake,tinykestrel13,4
cuppcaake,tinykestrel13,4
cuppcaake,rhase,10
chemicaldragoon,dynastyofwolves,5
xqcow,bigdave41uk,3
chemicaldragoon,mattweil,11
chemicaldragoon,mattweil,11
chemicaldragoon,mattweil,11
loltyler1,kannyktodo,2
loltyler1,0gmudb0n3r,1
giantwaffle,baconhamburger420,2
bobross,jaud34,6
bobross,jazzworthy,8
xqcow,kekeroniii,34
xqcow,mushroom981,1
asmongold,trashdingo0,0
asmongold,sierrasnow,2
chemicaldragoon,lunaticjoke,20
chemicaldragoon,outvoted,16
giantwaffle,enlightenedmint,2
xqcow,seeii,4
loltyler1,pott5torken,6
loltyler1,terrancoleman,2
xqcow,exclamemes,2
asmongold,n1ckke,2
xqcow,maskmedia,6
asmongold,obscurio_darksword,1
giantwaffle,schwirm,0
asmongold,shiawasehs,3
asmongold,sulcus85,2
xqcow,floppy18,1
asmongold,killakletty,4
cuppcaake,gx1101,11
cuppcaake,kingkarr97,3
cuppcaake,ritz1906,1
cuppcaake,cupcakeb0t,3
asmongold,deeven,1
asmongold,goonerking,2
bobross,salamin0,1
loltyler1,drdondungus,20
loltyler1,moonkaass,1
xqcow,doujinshi_and_jav_fapper,5
loltyler1,professor_midge,1
asmongold,trashdingo0,1
cuppcaake,d0rzan1,8
cuppcaake,joybeth,13
cuppcaake,zokay7,9
cuppcaake,d0rzan1,4
asmongold,rekragamm,2
giantwaffle,a_lunatic,1
bobross,labrat_00,4
cuppcaake,ciocolate,3
cuppcaake,rachelady123,4
cuppcaake,seltyo,3
cuppcaake,zokay7,7
cuppcaake,d00m3dkn1ght,6
bobross,r17411n,3
asmongold,inzighttv,1
asmongold,jamsterixd,1
asmongold,clocktree22,4
xqcow,caslty,1
loltyler1,notnuclearsharkhead,1
xqcow,12btw_exe,3
bobross,labrat_00,16
asmongold,ludricio,2
xqcow,funkyspunkmunky,20
cuppcaake,rhase,6
asmongold,hotspot_,6
loltyler1,jeeis,3
cuppcaake,gx1101,6
cuppcaake,princessstitchface,5
xqcow,dervguy,1
cuppcaake,princessstitchface,8
xqcow,naebic,1
asmongold,irnxbru,3
bobross,jaud34,1
asmongold,high_newn,1
loltyler1,lacazrie,5
bobross,nott_nuit,1
asmongold,trashdingo0,1
bobross,dotogoto,3
asmongold,the_l_guy,1
asmongold,a_pimp_named_slickback,5
xqcow,datboiislice,11
asmongold,gourra,8
asmongold,noxix_uk,5
bobross,alfhien,1
asmongold,canwegetapoginchat,4
asmongold,makket,3
xqcow,matth3wsquared,1
asmongold,1137,1
xqcow,glintexas,1
xqcow,snorkel_,2
bobross,mummymomma,2
xqcow,surfbrah,1
asmongold,kaptaintg,1
loltyler1,lolorca,2
bobross,wordofwind,7
asmongold,krste322,4
asmongold,zackary011,0
xqcow,btx_tv,4
xqcow,ekkojj,1
asmongold,archii_,0
loltyler1,uzistarcraft,1
xqcow,callumshell1,1
giantwaffle,qwyit,6
xqcow,opher,2
xqcow,cole6011,1
chemicaldragoon,itsez__,14
xqcow,ryanb4d5,10
xqcow,tame__01,10
asmongold,eskah1,4
asmongold,derekthehobo,1
chemicaldragoon,itsmeanmug,2
chemicaldragoon,nightbot,7
chemicaldragoon,itsmeanmug,2
xqcow,thaakee05,1
asmongold,big_homi3,3
chemicaldragoon,flavouredblazed,3
loltyler1,the_zona_zoo,5
loltyler1,zaratrusta5,1
loltyler1,porklet,4
xqcow,edve,6
asmongold,tomo123,1
xqcow,nembsuu,3
chemicaldragoon,icysythe,4
loltyler1,itzmeej,1
loltyler1,nizzy_of,2
giantwaffle,1patrickpumphreynorcal,1
bobross,therealponnx,3
asmongold,ludricio,3
xqcow,quiksy,45
asmongold,thrashish,1
asmongold,blacknyellowz,5
bobross,deathpenguin438,1
asmongold,kittypowa,1
asmongold,generalsmrdiguz,1
giantwaffle,arrgath12,1
asmongold,breetbreetlol,1
bobross,nikhoy,3
chemicaldragoon,freshfatfish,18
chemicaldragoon,hass9k,4
xqcow,instantaxcess,0
xqcow,allwinwastaken,49
xqcow,jungletwitchtv,2
xqcow,jenoay,32
chemicaldragoon,itsmeanmug,3
xqcow,xaaa,30
xqcow,mike0ndrugs,10
chemicaldragoon,domesticuz,20
xqcow,colaguypepsi,4
bobross,lim3fru1t,1
bobross,beenespe,3
chemicaldragoon,jettdawson_15,2
xqcow,leonniz,3
xqcow,alexcardinale,4
chemicaldragoon,lunaticjoke,20
xqcow,jungletwitchtv,2
loltyler1,cringelord67,1
xqcow,frosty_cupcake,2
bobross,johnd_ow,5
xqcow,nam_o_clock,1
xqcow,jamessss21,0
xqcow,lockzhy,1
xqcow,potateeeeees,5
xqcow,kukumbaz,3
chemicaldragoon,illonixdark,25
giantwaffle,turbologic,2
xqcow,rory_oc,1
loltyler1,pantomim3,3
loltyler1,overlewd,5
chemicaldragoon,schnozzola,13
xqcow,koreansrop,80
chemicaldragoon,flavouredblazed,3
chemicaldragoon,cytate,6
chemicaldragoon,elijah6254,1
giantwaffle,sarneezy,1
xqcow,darknessx420,1
xqcow,diexode,2
loltyler1,vurderlak,1
giantwaffle,moobot,7
xqcow,daltnation,2
chemicaldragoon,chefzain,13
loltyler1,markster2777,9
chemicaldragoon,dabeaches,2
loltyler1,morfarn,7
chemicaldragoon,ultimatenoob64,7
xqcow,koisoi,1
loltyler1,dlicousedog280,4
xqcow,kronazen,1
chemicaldragoon,illonixdark,5
giantwaffle,qwyit,2
xqcow,eleanoot,1
loltyler1,recus234,4
loltyler1,kamala9779,6
chemicaldragoon,schnozzola,13
xqcow,dimwitted,2
loltyler1,feveromo,0
loltyler1,joeschaefer_,2
xqcow,zack12359,1
loltyler1,redpao,2
chemicaldragoon,domesticuz,20
chemicaldragoon,lunaticjoke,20
chemicaldragoon,g3n3sis93,18
chemicaldragoon,persiasquad,7
chemicaldragoon,dyzblackout100,27
giantwaffle,stengath,6
chemicaldragoon,itsfortnitekid,1
xqcow,phillyxnative,17
xqcow,ahujet,48
chemicaldragoon,itsfortnitekid,1
chemicaldragoon,illonixdark,8
xqcow,gumpy90,1
chemicaldragoon,dyzblackout100,27
bobross,minipie172,3
bobross,marrmar015,3
giantwaffle,enlightenedmint,5
xqcow,nexttimesweetie,1
xqcow,satarath,1
giantwaffle,mr_pacman,1
giantwaffle,blackcatn0face,13
xqcow,nixteet,1
giantwaffle,blackcatn0face,5
xqcow,drowzyx,1
xqcow,koisoi,1
danteh,cantthinkofnamee,6
danteh,salieriow,3
danteh,salieriow,5
disguisedtoast,mr8domino8,2
uberhaxornova,yaboinopyu,1
uberhaxornova,torkahn808,5
uberhaxornova,flaminhotcheetopuff,3
disguisedtoast,rom970,3
danteh,mooglelord21,12
danteh,twistedmetals,2
disguisedtoast,tiansebas1,1
danteh,lalkie,17
danteh,cfxrenaissance,7
danteh,tryhard777777777,10
uberhaxornova,babyinacorner,1
danteh,kittykat_,3
danteh,keralaa,6
danteh,salieriow,5
xqcow,julztorm,1
danteh,lalkie,11
uberhaxornova,leeoh_00,1
chemicaldragoon,ttl_cashouttv,4
uberhaxornova,miyuki34,2
disguisedtoast,kirsiyin_,1
danteh,redshell,5
xqcow,spaghettiseeds,5
danteh,confoo,4
danteh,keralaa,2
danteh,xbadxninjax,3
danteh,lashedcub,5
danteh,friedqtip,2
danteh,lashedcub,6
xqcow,redpls,1
danteh,redshell,5
danteh,ngrathen92,3
danteh,keralaa,1
danteh,moozow,20
danteh,kalishnikity,4
danteh,keralaa,2
giantwaffle,shinkirocode,1
danteh,big_mayberry,5
bobross,r17411n,1
danteh,friedqtip,5
uberhaxornova,botkrs,1
danteh,keralaa,11
uberhaxornova,torkahn808,1
danteh,legacypro2,1
giantwaffle,thebodge,2
xqcow,mintyfreshylol,3
xqcow,moistsaltsminion,5
disguisedtoast,brian8158571,1
danteh,xbadxninjax,7
danteh,moozow,7
danteh,d3sp4ir,3
danteh,xbadxninjax,3
danteh,iced_ow,2
disguisedtoast,somesingularperson,1
giantwaffle,dakkon03,3
uberhaxornova,villains3,1
danteh,clifeeeee,1
danteh,rewreckz,3
danteh,mentos2315,2
danteh,imi4tth3w,16
danteh,moozow,1
danteh,pine4pplem4n,4
danteh,salieriow,4
danteh,keralaa,4
uberhaxornova,villains3,5
danteh,keralaa,3
uberhaxornova,thievishnickel,8
danteh,twistedmetals,2
disguisedtoast,iqueque,1
danteh,bbistheman21,5
danteh,benydroid,10
danteh,greeneggsandsam13,3
danteh,kxytra,1
danteh,greeneggsandsam13,2
danteh,izzyow,10
danteh,dehy,1
danteh,big_mayberry,8
danteh,keralaa,5
danteh,eatingfeet,2
danteh,zombs,8
chemicaldragoon,sorryurbadd,4
danteh,lashedcub,3
danteh,powercoffee,4
danteh,nightwingttsf,5
danteh,lalkie,17
disguisedtoast,jimjam185,2
danteh,shreyv7,5
danteh,lucasaugst,3
danteh,lstar97,10
danteh,strongerow,1
danteh,zombs,1
danteh,lalkie,3
chemicaldragoon,sorryurbadd,5
danteh,keralaa,1
danteh,supernooberino,1
uberhaxornova,mozinqo,2
danteh,lstar97,0
danteh,ijuventino,4
danteh,nightbot,7
danteh,keralaa,2
danteh,bbistheman21,9
danteh,munzzor,4
giantwaffle,butterwhales,1
uberhaxornova,alexander10042,4
danteh,kittykat_,0
uberhaxornova,kitsune_s,1
danteh,lana__rhoades,5
danteh,friedqtip,4
danteh,big_mayberry,8
danteh,lalkie,2
giantwaffle,mossmonk,3
danteh,munzzor,3
danteh,ijuventino,4
danteh,a55eater12,4
uberhaxornova,khey_,1
danteh,woojin45,8
danteh,woojin45,4
danteh,lucasaugst,3
xqcow,v_shot,1
danteh,iced_ow,5
danteh,iced_ow,2
danteh,bennybreezy91,1
uberhaxornova,marmosalt,3
xqcow,instantaxcess,1
xqcow,mehshack,1
uberhaxornova,kitsune_s,3
danteh,salieriow,6
danteh,iwatobiloveclub,7
danteh,moozow,2
danteh,gut5,14
danteh,big_mayberry,17
danteh,medliness,7
danteh,krtn1,2
uberhaxornova,bigboytom24,0
danteh,iwatobiloveclub,17
danteh,iris09,4
danteh,moozow,2
danteh,gut5,5
danteh,gut5,1
danteh,rejid,17
danteh,vinzclortho,5
danteh,sladqow,17
danteh,moozow,4
chemicaldragoon,sorryurbadd,5
danteh,iris09,16
danteh,flstudiobruh,1
uberhaxornova,justinadams13,8
disguisedtoast,2cool4myself,3
danteh,sobi021,7
uberhaxornova,iiavalancheii,3
danteh,izzyow,15
uberhaxornova,boybiue,1
danteh,munraj,2
danteh,munraj,8
uberhaxornova,brendan_pancake,6
giantwaffle,greedyjawa,2
xqcow,rule34andhentai,1
xqcow,n7liam,2
chemicaldragoon,lxsolarflarexl,6
xqcow,12btw_exe,0
danteh,nightbot,7
danteh,sladqow,2
danteh,ohana_ow,4
danteh,twistedmetals,2
danteh,munzzor,0
danteh,big_mayberry,17
disguisedtoast,relicks2,1
disguisedtoast,seraph_luke,4
uberhaxornova,amirrockit,6
uberhaxornova,jeannnbean,7
danteh,concieved_7,1
chemicaldragoon,domesticuz,20
danteh,arti1337,4
giantwaffle,geektastic_tim,0
uberhaxornova,chickendogvr,1
xqcow,cow1,1
disguisedtoast,timewasted1,1
danteh,munzzor,2
danteh,moozow,4
danteh,big_mayberry,17
chemicaldragoon,sorryurbadd,5
chemicaldragoon,flavouredblazed,3
danteh,npcjerry,7
disguisedtoast,vorux1,3
danteh,iambrethren,1
danteh,lalkie,5
chemicaldragoon,sorryurbadd,4
uberhaxornova,infxnitium,11
uberhaxornova,gumbymma,1
giantwaffle,krutoilol,2
uberhaxornova,cherryx,2
uberhaxornova,slowsalad,1
danteh,ohana_ow,1
danteh,iris09,1
danteh,iwatobiloveclub,1
danteh,iris09,1
danteh,bittercoffeeee,3
danteh,dorfanos,2
danteh,twistedmetals,5
danteh,cdiaz9ow,3
uberhaxornova,maedaebee,2
danteh,dorfanos,2
danteh,somestr8guy,7
disguisedtoast,zade_kun,4
uberhaxornova,galitano,3
danteh,trouxa_pay2win,1
uberhaxornova,danny_mtz95,5
danteh,richjoo,6
uberhaxornova,unicorn_mermaid,1
danteh,izzyow,4
danteh,munzzor,7
xqcow,ate_tv,16
uberhaxornova,res0nare,5
uberhaxornova,zavr0s,1
danteh,illumina1337,4
danteh,kriosfn,5
xqcow,maiwuuu,45
uberhaxornova,danny_mtz95,5
danteh,slashngnr79,3
danteh,iced_ow,1
danteh,nightbot,7
danteh,m_sam,1
danteh,loldanny,1
danteh,paulhiyt,4
danteh,beiibeii90,3
danteh,hotmommaz,2
danteh,lalkie,1
danteh,pandora5709,8
danteh,illumina1337,7
danteh,danomightt,1
danteh,dorfanos,2
danteh,moozow,8
danteh,masterchann,2
danteh,zombs,1
uberhaxornova,ken_mayor,7
danteh,xbadxninjax,4
danteh,twistedmetals,0
chemicaldragoon,domesticuz,20
danteh,xbadxninjax,3
chemicaldragoon,atomic__slayer,4
danteh,rejid,1
danteh,ohana_ow,3
danteh,rewreckz,3
danteh,concieved_7,3
danteh,ohana_ow,1
danteh,konsumiere,1
danteh,owcaleb,2
danteh,a__teammate,8
danteh,masterchann,2
danteh,nightwingttsf,0
danteh,benydroid,6
giantwaffle,taintedllama,2
danteh,sensiblegear,4
danteh,yawelcoom,1
danteh,fizzyburr,1
danteh,kci04012,1
chemicaldragoon,ttl_cashouttv,6
danteh,nightbot,20
danteh,npcjerry,3
danteh,moozow,11
danteh,tadeoblanco,0
danteh,leethtern,1
danteh,c3v4ns,2
danteh,a__teammate,1
danteh,chamlord7,9
danteh,jamesgord,1
danteh,battlefieldover9000,1
danteh,a__teammate,2
danteh,cantthinkofnamee,6
danteh,masterchann,1
danteh,belovedzofias,2
danteh,c3v4ns,1
danteh,evo_ben,1
danteh,jinnyjelly,1
danteh,starlight_sky,0
danteh,draconic__,3
danteh,richjoo,6
danteh,chamlord7,1
danteh,npcjerry,4
danteh,iced_ow,3
danteh,lana__rhoades,5
danteh,kci04012,1
danteh,voltex_ow,8
danteh,garrfl,1
danteh,medliness,1
danteh,theboyinthewindow,6
danteh,slashngnr79,1
danteh,sobi021,1
danteh,afdfwq,1
danteh,zombs,5
danteh,maddokawai,1
danteh,lipton__,4
danteh,garrfl,1
danteh,heyimchristine,3
danteh,concieved_7,5
danteh,jascetic,2
danteh,sempiturtl3,3
xqcow,malte5e,2
danteh,fortremy,11
danteh,zombs,6
danteh,twistedmetals,4
danteh,heyimchristine,2
danteh,sp00kie88,15
danteh,qnn_mc,4
danteh,brbrts,9
disguisedtoast,berylliumpoisoning,2
danteh,internetal,1
danteh,ksfksf,4
danteh,legacypro2,9
uberhaxornova,griffin3342,6
danteh,e_pizza,12
danteh,salieriow,13
danteh,anzai_,3
danteh,masterchann,13
danteh,anzai_,0
uberhaxornova,ast3risky,5
danteh,concieved_7,6
danteh,a__teammate,8
danteh,eclipse_ttv,4
danteh,zombs,1
uberhaxornova,hellotherefellowgamers,2
danteh,twistedmetals,5
danteh,baka_47,7
danteh,internetal,3
danteh,zombs,2
disguisedtoast,fartingjas,0
danteh,chumcha1,3
danteh,big_mayberry,8
uberhaxornova,nachokitopito,1
danteh,lipton__,4
danteh,masterchann,2
danteh,google5237,6
danteh,chamlord7,2
danteh,owcrim,2
uberhaxornova,rtz_hates_brown,1
danteh,twistedmetals,2
danteh,completecircut3,2
danteh,rejid,5
danteh,xninjax10_,2
disguisedtoast,timewasted1,2
uberhaxornova,yaboinopyu,4
bobross,pyzoomtv,1
disguisedtoast,farewelltransmission,2
uberhaxornova,cottoncandyquartz,2
giantwaffle,kdf2883,0
giantwaffle,drunkmelonpan,2
disguisedtoast,equinox_fall,6
uberhaxornova,iiavalancheii,2
uberhaxornova,xdnighthawkxd,5
uberhaxornova,slinic,2
uberhaxornova,itsboo,4
uberhaxornova,flavoredo_,5
uberhaxornova,will_scottt,18
uberhaxornova,trackpad_only_,6
uberhaxornova,saladfingers808,1
uberhaxornova,nightbot,1
uberhaxornova,matthewl18,3
giantwaffle,dixiew0lf,2
uberhaxornova,ast3risky,3
uberhaxornova,nadeedee_,3
uberhaxornova,dirtydolphin,3
uberhaxornova,peanusbenisweenus,1
uberhaxornova,robburciaga,3
uberhaxornova,ink_swiftness,7
uberhaxornova,justinadams13,9
uberhaxornova,shamefu1,1
giantwaffle,jonaspetdragon,1
giantwaffle,inconstant,6
giantwaffle,erock_11,4
uberhaxornova,rent0nim0r0xas,4
uberhaxornova,coolguyanthony,3
uberhaxornova,allprostreams,10
uberhaxornova,sgt_recka,9
uberhaxornova,skillwatch56,12
uberhaxornova,mlmcclin,6
uberhaxornova,bipolerdragon1,15
giantwaffle,lilacraze,5
giantwaffle,albertabeef8,13
uberhaxornova,snakedagger9,2
uberhaxornova,zavr0s,1
uberhaxornova,hyjinks1,8
uberhaxornova,swish3r,1
giantwaffle,strategicadvantage,1
uberhaxornova,leeoh_00,2
uberhaxornova,friedmombo,1
uberhaxornova,charlottes_cake,4
uberhaxornova,ast3risky,1
uberhaxornova,mckaydlhaaa,1
uberhaxornova,shamefu1,3
uberhaxornova,weskenian,6
uberhaxornova,cerixis,2
uberhaxornova,kingpresiden,1
chemicaldragoon,domesticuz,20
bobross,turboyassar94,4
uberhaxornova,randombike98,5
uberhaxornova,legacy_destroyer,3
uberhaxornova,omnibooper,5
uberhaxornova,pureskilletz,1
uberhaxornova,brkradoz,1
uberhaxornova,mlmcclin,4
uberhaxornova,squigglyjinxxjams,7
uberhaxornova,kitlein_04,7
uberhaxornova,ken_mayor,2
uberhaxornova,zubsero,1
uberhaxornova,jenchii,1
giantwaffle,luk_2288,6
uberhaxornova,psychopanda9g,5
uberhaxornova,sorieah,1
giantwaffle,619srt,2
uberhaxornova,acranberry,1
uberhaxornova,rent0nim0r0xas,2
uberhaxornova,tiarimoore,2
uberhaxornova,jankysquares,8
giantwaffle,torvein,3
uberhaxornova,evanito,2
giantwaffle,dahc_,1
uberhaxornova,sunshine_shiba,4
uberhaxornova,marmosalt,4
uberhaxornova,imahero_tk,4
uberhaxornova,beefactory1,1
uberhaxornova,randombike98,8
uberhaxornova,nightbot,5
uberhaxornova,hyeener,6
chemicaldragoon,xjstanleyx,35
giantwaffle,leeter1337,2
uberhaxornova,mrgoonbones,7
chemicaldragoon,ttv_wishyouskill,5
uberhaxornova,swish3r,1
uberhaxornova,lazykao,8
chemicaldragoon,sheesh_grizzly,10
uberhaxornova,proton509,2
uberhaxornova,orr5,4
uberhaxornova,bonelessaxolotl,1
uberhaxornova,untrimmedwhiskers,1
chemicaldragoon,ysnzii12,10
chemicaldragoon,ysnzii12,11
uberhaxornova,jimmykissins,9
uberhaxornova,tiarimoore,3
uberhaxornova,kingpresiden,2
giantwaffle,pyroredragon,1
giantwaffle,fyrestorm24,1
chemicaldragoon,nutblower269,17
uberhaxornova,garrett32798,4
uberhaxornova,mckaydlhaaa,1
chemicaldragoon,ttl_cashouttv,4
giantwaffle,goddamnbees,1
uberhaxornova,recoil8,3
uberhaxornova,babukus,1
uberhaxornova,dirtydolphin,1
giantwaffle,ebaron13,1
uberhaxornova,waahn0,1
chemicaldragoon,nutblower269,17
uberhaxornova,janschutz,4
uberhaxornova,anayan123,1
uberhaxornova,swaveydragn,9
uberhaxornova,galitano,4
uberhaxornova,evanito,1
uberhaxornova,cottoncandyquartz,1
uberhaxornova,noxy_goro,1
uberhaxornova,simplesquamousepithelium,7
uberhaxornova,minyaloth,9
uberhaxornova,friedmombo,6
uberhaxornova,karnevalkas,1
uberhaxornova,cherrysnarf,1
chemicaldragoon,ttl_cashouttv,4
chemicaldragoon,iconicyabo,17
chemicaldragoon,domesticuz,20
giantwaffle,rare__potato,1
uberhaxornova,squigglyjinxxjams,3
chemicaldragoon,x_blitzy_x,2
uberhaxornova,blubehriluv,2
uberhaxornova,bottle_of_mustard,6
chemicaldragoon,dyzblackout100,27
uberhaxornova,dirtydolphin,1
uberhaxornova,janschutz,2
uberhaxornova,kiyamez,7
uberhaxornova,nightbot,1
chemicaldragoon,onlytraelz,2
uberhaxornova,nopemp4,2
uberhaxornova,deadpixel21,2
chemicaldragoon,ttl_cashouttv,3
chemicaldragoon,domesticuz,20
uberhaxornova,squigglyjinxxjams,5
uberhaxornova,sir_gunter1,1
chemicaldragoon,onlytraelz,2
chemicaldragoon,sorryurbadd,6
uberhaxornova,evanito,1
rallied,eazymane,1
uberhaxornova,deadmanwalking_11,1
rallied,yeezydadon,5
rallied,fortnitexetro,1
uberhaxornova,manofield,1
uberhaxornova,manofield,2
uberhaxornova,ignis_heart,2
rallied,cassella6,4
uberhaxornova,ojolto,1
uberhaxornova,thebreadbowl,1
uberhaxornova,rockerr94,2
uberhaxornova,mrgoonbones,1
uberhaxornova,yonray,2
giantwaffle,karbn,2
uberhaxornova,roby_gill,2
uberhaxornova,cherrysnarf,1
chemicaldragoon,infamousgemini3,17
giantwaffle,2kwik4u,2
uberhaxornova,yamete_bigpapi_james,1
chemicaldragoon,onlytraelz,2
bobross,kt_spyzer,5
uberhaxornova,thatkerri,5
rallied,monstrumomen,29
rallied,zoomfui,2
rallied,dcnboi,3
clintstevens,hawkd0j0,1
rallied,g_hatch,3
rallied,monstrumomen,21
rallied,eyetewns,10
clintstevens,swushwoi,1
chemicaldragoon,skydaddyy5,5
uberhaxornova,swaveydragn,1
uberhaxornova,jyuiex,6
clintstevens,plead,2
clintstevens,deleted_denizen,5
uberhaxornova,snakedagger9,2
clintstevens,dead_red_101,19
clintstevens,forest_fires,1
giantwaffle,theskgrimreaper,1
rallied,cassella6,6
rallied,thenerdfactor3,1
uberhaxornova,source2,1
chemicaldragoon,skydaddyy5,8
rallied,thenerdfactor3,10
clintstevens,swushwoi,3
rallied,nightbot,3
rallied,thenerdfactor3,2
rallied,nightbot,10
clintstevens,grandmaster_corgi,7
rallied,dcnboi,2
rallied,daschreff,2
rallied,dcnboi,2
chemicaldragoon,ttvwuneach,14
clintstevens,lemp,7
uberhaxornova,rimon98,1
bobross,gamewolf62,3
clintstevens,ossirian,3
giantwaffle,agnostics,2
rallied,godzzyyy,6
bobross,kendineefekan,1
uberhaxornova,miyuki34,1
chemicaldragoon,ttl_cashouttv,5
clintstevens,m4fia,14
clintstevens,zephyrr88,3
rallied,darkszn,1
uberhaxornova,nachokitopito,4
rallied,kidthewiz,3
rallied,leroyv2,1
rallied,willhtx,4
clintstevens,drizzydrake,1
rallied,eazymane,6
clintstevens,nyororos,1
bobross,nogflole,3
uberhaxornova,diamondgengar,3
clintstevens,annoyingindividual,1
chemicaldragoon,jamie7douglas,9
rallied,h0wln,9
rallied,zachaye,4
uberhaxornova,mudkipkillr,2
clintstevens,annoyingindividual,1
rallied,wtjukes,7
rallied,rainfurlong1,1
bobross,goatyachty,2
uberhaxornova,yoshimtu,14
rallied,eyetewns,5
chemicaldragoon,mightypony19,8
rallied,willhtx,3
chemicaldragoon,ttl_cashouttv,4
clintstevens,welldonewithketchup,29
rallied,g_hatch,9
clintstevens,turtleman200,4
clintstevens,terps___,1
rallied,itscambur,37
rallied,willhtx,1
rallied,willhtx,1
clintstevens,nnnnickame,1
rallied,eyetewns,10
chemicaldragoon,ttl_cashouttv,4
rallied,g_hatch,6
rallied,fataldriftt,1
chemicaldragoon,fgz_ryderz,27
bobross,caffeinatednpc,3
chemicaldragoon,sheesh_grizzly,10
chemicaldragoon,adibhosale,13
chemicaldragoon,baran1k,3
chemicaldragoon,sheesh_grizzly,10
chemicaldragoon,ttv_wishyouskill,5
clintstevens,magicalhobo3000,5
uberhaxornova,rent0nim0r0xas,2
uberhaxornova,xattackxviperx,1
bobross,mddonnergott,11
uberhaxornova,ken_mayor,1
clintstevens,nites,1
uberhaxornova,not_even_epic,7
uberhaxornova,dr_ownsalot,4
clintstevens,alloe,2
chemicaldragoon,adammovo,2
uberhaxornova,mrgoonbones,1
chemicaldragoon,ysnzii12,4
chemicaldragoon,papaboom,5
clintstevens,gubop12,7
clintstevens,rip_oceanman,5
clintstevens,wiredpeach,1
chemicaldragoon,oh_jayyyy,25
clintstevens,canecaneshane,2
clintstevens,rikzoo,1
clintstevens,trilliondollarbills,4
uberhaxornova,iamlegend45,3
chemicaldragoon,adibhosale,13
clintstevens,feelsgoodlooksbad,1
chemicaldragoon,domesticuz,20
giantwaffle,imnotlirik,1
clintstevens,squishywizrd,8
bobross,mrsaltykay,13
bobross,joanneramencup,4
rallied,fortnitexetro,6
giantwaffle,hassassin,3
clintstevens,padase03,16
clintstevens,gwerf,2
clintstevens,lemp,1
bobross,masladohya,4
giantwaffle,nahku,0
chemicaldragoon,tinkertaylor42,8
rallied,tclev22,5
rallied,omxgakun,9
rallied,ncyfy,1
rallied,tmini,5
rallied,agerts,8
uberhaxornova,favouritepho,1
uberhaxornova,miyuki34,2
clintstevens,rabbitrun_,9
bobross,nogflole,2
rallied,agerts,3
uberhaxornova,ast3risky,5
rallied,ariesp,3
chemicaldragoon,baaskaas_595,3
clintstevens,medic_foxx,4
clintstevens,marcabrito,3
rallied,ariesp,1
clintstevens,jeansjeansjeans666,1
clintstevens,badger3110,5
clintstevens,jordanvdxx,1
clintstevens,retwix,15
clintstevens,chef_zack,4
rallied,eyetewns,9
clintstevens,animeisreallycool,20
rallied,nightbot,5
rallied,i_never_finish_anyth,10
chemicaldragoon,adibhosale,13
rallied,zachaye,2
rallied,tclev22,1
rallied,mminorr,6
rallied,ofuryious,8
rallied,omxgakun,7
rallied,yiizzy___,2
clintstevens,germwarfart,84
clintstevens,cheekyapple5,1
rallied,ariesp,3
rallied,wyzfartv,18
uberhaxornova,squigglyjinxxjams,3
rallied,leafs__pvp,8
rallied,insergxnt,1
rallied,theonlyxfactor,1
rallied,ofuryious,1
rallied,stellarmoves,1
clintstevens,chuckthegypsy,13
rallied,tmini,1
uberhaxornova,futsunoningen,1
rallied,thenerdfactor3,1
clintstevens,marcabrito,1
clintstevens,actafabula,3
clintstevens,lawhsia,3
chemicaldragoon,maze_misty,3
chemicaldragoon,maze_misty,1
clintstevens,rabbitotm,3
uberhaxornova,ast3risky,8
clintstevens,austin296,8
uberhaxornova,thesucceth,1
uberhaxornova,squigglyjinxxjams,9
rallied,stellarmoves,2
rallied,ariesp,8
chemicaldragoon,fgz_ryderz,2
rallied,omxgakun,1
chemicaldragoon,dyzblackout100,27
uberhaxornova,mrgoonbones,0
clintstevens,mulcher29,8
rallied,mminorr,2
clintstevens,chuckthegypsy,3
rallied,mminorr,5
rallied,nightbot,5
rallied,mminorr,1
rallied,jagwyar,3
uberhaxornova,kitsuthefox,5
clintstevens,dingm8,1
chemicaldragoon,oh_jayyyy,25
rallied,dokoalas,6
clintstevens,irish_picklez,0
rallied,chasemorris1505,4
rallied,jurkytv,1
rallied,jurkytv,3
clintstevens,jblockax,10
rallied,g_hatch,10
clintstevens,donutsifuentes,1
uberhaxornova,danny_mtz95,2
uberhaxornova,confettiboy,1
clintstevens,rglonghorn54,2
uberhaxornova,startopnova,1
uberhaxornova,lupiker2,1
clintstevens,hirusen,1
clintstevens,spghtt,4
clintstevens,icedoverfox,2
bobross,stevefusionx,2
uberhaxornova,ast3risky,6
uberhaxornova,tearquilas,1
uberhaxornova,swaveydragn,4
bobross,gamewolf62,2
uberhaxornova,oliverdjango,1
uberhaxornova,dr_ownsalot,26
clintstevens,romankhn,1
uberhaxornova,mrgoonbones,2
rallied,nightbot,5
clintstevens,danklord420opticblazeit,4
rallied,nahtivgb,1
rallied,misra1234,5
chemicaldragoon,ttl_cashouttv,2
clintstevens,meghz,1
bobross,callmetgods,2
clintstevens,mrswirly12,5
uberhaxornova,tamale0,1
uberhaxornova,amirrockit,10
clintstevens,krisbae,1
rallied,jagwyar,3
uberhaxornova,sihanakaba,10
bobross,cosbyy,5
clintstevens,chickenlivernuts,1
clintstevens,yoshipsi,1
chemicaldragoon,domesticuz,20
clintstevens,megajoe,1
clintstevens,padase03,3
chemicaldragoon,adibhosale,12
rallied,xv_flash,3
bobross,brainoneohone,1
uberhaxornova,tamale0,1
uberhaxornova,notsteven4sure,18
uberhaxornova,calikid13,1
chemicaldragoon,dynastyofwolves,6
uberhaxornova,surrealmilk,4
clintstevens,chef_zack,8
uberhaxornova,leoh9595,1
uberhaxornova,skullpoo,1
chemicaldragoon,dynastyofwolves,6
uberhaxornova,strato_master,4
uberhaxornova,seanocga,4
rallied,owizard,1
bobross,kyleidos,1
uberhaxornova,itsboo,5
clintstevens,grandpm,1
clintstevens,noctis_dissidens,1
chemicaldragoon,tinkertaylor42,10
rallied,nightbot,8
clintstevens,nyororos,6
clintstevens,worldtracker,2
clintstevens,orangemilf,1
clintstevens,vilonu,1
clintstevens,applemangospoon,2
clintstevens,firemanzz,2
clintstevens,radiopleb,2
rallied,windfully1,1
uberhaxornova,blubehriluv,1
clintstevens,nyororos,1
uberhaxornova,jeled,1
uberhaxornova,kitcatace,1
uberhaxornova,hk47droidn,6
uberhaxornova,cummibear,2
clintstevens,deadlyflower58,1
uberhaxornova,nosavedata,5
rallied,eyetewns,11
clintstevens,cluntbotstovens,23
chemicaldragoon,dynastyofwolves,9
dakotaz,jballer_0713,4
dakotaz,snake228_133,1
dakotaz,lui_yourmom,4
uberhaxornova,zelda643,2
clintstevens,niatnuom,1
dakotaz,theham06,4
dakotaz,wompingdroid,3
clintstevens,0zeyre,6
uberhaxornova,acidspitter,1
bobross,alex_is_me400,1
clintstevens,chef_zack,1
dakotaz,satvik11,2
chemicaldragoon,dynastyofwolves,9
uberhaxornova,kbennettcv,1
uberhaxornova,rent0nim0r0xas,1
uberhaxornova,stupidbichdisorder,2
clintstevens,twillz01,12
clintstevens,dothiro,21
clintstevens,bongalusdodalus,2
dakotaz,vahram13,4
dakotaz,williss30201,3
dakotaz,jimmyisbadatgames,4
bobross,daaxpepino,3
dakotaz,hypperphone,3
uberhaxornova,thesucceth,1
bobross,dbt_frankdabest,5
clintstevens,althir_twitch,5
dakotaz,lmc_hoodie,0
uberhaxornova,sunshine_shiba,2
dakotaz,syth_sniper01,0
uberhaxornova,longdongwong69,4
rallied,blazinforce,6
clintstevens,nawtypaticake,1
uberhaxornova,squigglyjinxxjams,3
dakotaz,kingshak24,1
clintstevens,donutsifuentes,5
clintstevens,trutoob,1
clintstevens,shinoberry,22
clintstevens,heyypierce,2
rallied,eyetewns,2
rallied,silleyyy_,1
dakotaz,bradley_wilcox1,9
rallied,perkplayz,1
chemicaldragoon,dynastyofwolves,13
clintstevens,wackson97,1
uberhaxornova,notkaworu,1
rallied,eyetewns,1
bobross,tinyawkward,2
bobross,caffeinatednpc,8
dakotaz,piinchhh,16
uberhaxornova,jaypi3,1
dakotaz,fusiionhah,5
dakotaz,f2_kha,1
dakotaz,revive_me_plz,2
clintstevens,mona3301,2
rallied,ikarodo,1
rallied,nightbot,3
rallied,baronti,1
clintstevens,mona3301,9
rallied,misra1234,1
dakotaz,kenmathewwz,7
dakotaz,jakepowell086,7
uberhaxornova,thesucceth,0
uberhaxornova,cccute890,2
uberhaxornova,evanito,1
clintstevens,trueterroroftalos,1
uberhaxornova,woogyt,3
bobross,5qrl,1
rallied,xv_flash,2
leonblack,gladbane88,3
leonblack,hgchgyfy7,3
uberhaxornova,rambino_lfc,2
rallied,jaesic,6
rallied,rallied,9
leonblack,jewbacca37,1
clintstevens,brady_twitch,4
rallied,scottyurr,1
leonblack,nightbot,1
rallied,scottyurr,5
rallied,silleyyy_,4
clintstevens,cateman,1
rallied,freakreborn,1
rallied,tbezoom,2
clintstevens,macjoatmon,4
leonblack,purposefull,7
rallied,jaesic,3
chemicaldragoon,shadowreaper442,4
uberhaxornova,cottoncandyquartz,10
rallied,nastradomustv,4
uberhaxornova,thedispencery,1
leonblack,gladbane88,2
rallied,goodthumbs,4
uberhaxornova,moon2coffee,1
rallied,jagwyar,4
chemicaldragoon,shadowreaper442,1
dakotaz,nightbot,17
clintstevens,kitsuneonyx,7
rallied,thoward00,4
chemicaldragoon,shadowreaper442,4
leonblack,ultimatetodd,1
dakotaz,jasperonyt,3
leonblack,joe_skopec,3
chemicaldragoon,ttv_wishyouskill,5
dakotaz,voogieman420,1
clintstevens,ummno_content,9
rallied,freskko,4
leonblack,gladbane88,2
clintstevens,salty2k_,1
leonblack,purposefull,3
rallied,willhtx,4
uberhaxornova,thedikthepimpthefinest,2
clintstevens,supersponge341,3
chemicaldragoon,drax_101,10
uberhaxornova,longdongwong69,3
uberhaxornova,narat,1
leonblack,cameel,4
uberhaxornova,sad2death,4
dakotaz,pulsefye,5
dakotaz,vision_ivxy,2
leonblack,twytchy47,1
chemicaldragoon,ttv_wishyouskill,5
leonblack,gladbane88,1
dakotaz,revive_me_plz,2
dakotaz,carson1700,5
rallied,sslime__,9
bobross,anime_b0y,2
dakotaz,laumonte,2
leonblack,twytchy47,20
leonblack,twytchy47,1
leonblack,joe_skopec,15
clintstevens,rudi91,4
leonblack,nightbot,4
uberhaxornova,meatheadvillain,3
clintstevens,o_circles,3
dakotaz,nightbot,2
uberhaxornova,manofield,16
dakotaz,vision_ivxy,2
leonblack,twytchy47,7
clintstevens,mystknfn,1
dakotaz,wixs,1
clintstevens,mr_4head,1
clintstevens,emotes_hurt,5
rallied,thoward00,12
leonblack,rafaelx1bm2,3
rallied,nightbot,8
leonblack,rafaelx1bm2,4
rallied,nightbot,8
clintstevens,jhood,7
dakotaz,deathpenguin777,3
rallied,thoward00,2
rallied,thundlr,6
rallied,nightbot,12
clintstevens,injectz91,6
clintstevens,haywire__needy,4
dakotaz,cameronbaele,17
dakotaz,abdelkareem_hamdan,7
dakotaz,wronglotus66,1
chemicaldragoon,twitch_henry_j,5
leonblack,zeeyee,1
bobross,gargamel____,3
leonblack,cyber_dev,5
clintstevens,nicktheilart,1
clintstevens,memoryleak,3
uberhaxornova,playdeustv,5
clintstevens,vantheman25,1
leonblack,purposefull,2
leonblack,perry8782,1
clintstevens,phoenix_lvt,3
leonblack,twytchy47,9
dakotaz,ugn_logi,8
clintstevens,terps___,8
dakotaz,vahram13,20
clintstevens,przemekelo02,1
clintstevens,dirtydave91,4
leonblack,anthraxcite,11
rallied,shaun1092,4
rallied,fortnitexetro,17
uberhaxornova,sk4nkaroo,1
rallied,thealfacracka,2
clintstevens,oreo_sc,6
rallied,fortnitexetro,1
clintstevens,bluefaith_,2
dakotaz,its_angel_01,1
leonblack,eloquentbambi,3
uberhaxornova,aim_ttv,6
chemicaldragoon,themcscene_tkm,22
uberhaxornova,benster137,4
clintstevens,furrywulfz,5
uberhaxornova,shaun121212,1
clintstevens,herdey,1
uberhaxornova,ven217,3
leonblack,kruzrsc,6
clintstevens,computer_321,2
dakotaz,lenabobenaa,1
chemicaldragoon,domesticuz,20
uberhaxornova,aim_ttv,5
uberhaxornova,theshole,4
leonblack,twytchy47,3
clintstevens,mockyngjay21,4
clintstevens,yinyang0427,2
uberhaxornova,spflow,5
uberhaxornova,montevidi,1
leonblack,turk37hands,6
leonblack,antqt,1
bobross,spicetoglory,0
clintstevens,illuminethan,2
leonblack,perry8782,13
dakotaz,yoboyquagmire,5
leonblack,cyber_dev,4
uberhaxornova,aeraaaa,1
uberhaxornova,dazedbadger42,2
leonblack,looseygoosey10,10
uberhaxornova,shaqpac51,3
clintstevens,izukuxd,1
clintstevens,youngsoon,1
dakotaz,chrismariotv,8
uberhaxornova,stupidbichdisorder,6
leonblack,graywolves,26
leonblack,nightbot,8
clintstevens,cateman,84
clintstevens,squigc,1
leonblack,eloquentbambi,4
bobross,blackstatus61,9
leonblack,spacerazjr,10
bobross,r17411n,1
bobross,mushies404,2
clintstevens,ripjontron,84
bobross,vorpalthumb,9
uberhaxornova,enderbloxrules,1
bobross,pr0st0ner,1
chemicaldragoon,baran1k,4
uberhaxornova,ali_thema,7
uberhaxornova,syelent,14
clintstevens,aimsu,1
clintstevens,marc720,9
clintstevens,blatblat,2
uberhaxornova,real_life_mess,3
clintstevens,marc720,12
leonblack,graywolves,6
dakotaz,quantanial,10
clintstevens,rislear,2
uberhaxornova,kiddspaded,3
clintstevens,icantf331myface,3
clintstevens,wyndpulse,2
leonblack,doolygrace,14
clintstevens,shinyninja,4
clintstevens,kujikawa,2
dakotaz,hollandx72,1
clintstevens,djsmize,3
clintstevens,mafusen,1
dakotaz,mrfury23,6
uberhaxornova,hk47droidn,20
clintstevens,kingoftalon,1
clintstevens,username1234543212345,1
clintstevens,senyorsalty,9
clintstevens,orfacu99,2
clintstevens,effinmoonshine,1
dakotaz,potr,2
uberhaxornova,big_mossy,2
clintstevens,dogeee12333,1
leonblack,terraplex,1
clintstevens,oneillz1130,3
clintstevens,303devilfish,3
clintstevens,dogeee12333,1
dakotaz,logo_thebozo,2
uberhaxornova,jopzz1150,3
clintstevens,diooobrando,2
leonblack,cyber_dev,5
clintstevens,diooobrando,1
uberhaxornova,karmarey,11
clintstevens,chef_nick,2
leonblack,twytchy47,6
clintstevens,ob3s3cam3l,1
clintstevens,liamlikesthg,2
uberhaxornova,zegorykz,6
leonblack,zeeyee,1
clintstevens,willybert,1
uberhaxornova,ali_thema,4
uberhaxornova,favouritepho,5
uberhaxornova,real_life_mess,12
clintstevens,kasieonline,9
clintstevens,dollerchan,1
clintstevens,the_m3ssiah10,4
leonblack,cyber_dev,1
clintstevens,itssergiow,0
clintstevens,silver1god,1
dakotaz,slickmontana1296,27
dakotaz,brodew,5
leonblack,cyber_dev,5
leonblack,entertainme_imbored,2
uberhaxornova,practicalbnj,1
leonblack,cyber_dev,5
leonblack,thingsfan,1
dakotaz,exodusghost_,5
leonblack,twytchy47,4
uberhaxornova,not_even_epic,4
clintstevens,gaulven,1
leonblack,omek6,5
leonblack,anthraxcite,2
clintstevens,bufnug,5
clintstevens,moobot,10
chemicaldragoon,deputywf,41
uberhaxornova,l0rdenki,17
leonblack,cyber_dev,10
uberhaxornova,lonexgodxhand,4
leonblack,omek6,1
uberhaxornova,cueto69,1
clintstevens,nekyou,1
clintstevens,imthatoneguy64,4
clintstevens,stevedode,4
clintstevens,chuckthegypsy,1
clintstevens,tehpay,8
clintstevens,infintee,20
leonblack,ihaveagoldfishsowhat,2
clintstevens,illuminethan,2
clintstevens,angeltam,4
chemicaldragoon,deputywf,41
leonblack,gewbz,7
dakotaz,niziocodered1914,4
uberhaxornova,thesucceth,1
leonblack,zeeyee,7
clintstevens,cheshiredoor,3
uberhaxornova,beasterxnovum,1
uberhaxornova,squigglyjinxxjams,10
leonblack,zeeyee,1
uberhaxornova,real_life_mess,1
clintstevens,nyororos,3
leonblack,turk_,3
uberhaxornova,hk47droidn,12
leonblack,turk_,0
chemicaldragoon,domesticuz,20
clintstevens,deadlyflower58,1
clintstevens,mrkibbs_nz,15
leonblack,purposefull,2
leonblack,eloquentbambi,1
leonblack,sleep_assist,5
leonblack,zeeyee,1
leonblack,nightbot,1
clintstevens,callmehtoxic,20
leonblack,ninjichor,9
uberhaxornova,thesucceth,3
clintstevens,despacitoroyale,3
leonblack,lutano_hots,11
clintstevens,hajuhn,6
leonblack,purposefull,2
clintstevens,benjirman88,5
bobross,tanookimonster,11
clintstevens,infintee,3
clintstevens,fapnapz,2
dakotaz,asvpxjeff_,2
dakotaz,old_khalid,6
chemicaldragoon,trashyfortniteme,13
uberhaxornova,cottoncandyquartz,1
leonblack,entertainme_imbored,1
leonblack,leopz_,1
leonblack,turk_,11
clintstevens,eriksteezy,1
leonblack,anthraxcite,1
leonblack,omek6,1
uberhaxornova,jeffersonsteel_flex,3
uberhaxornova,kingpresiden,1
clintstevens,froskenkalle,3
uberhaxornova,omegacringelord,1
leonblack,turk_,3
clintstevens,icy_diamonds,1
clintstevens,funkkey,1
clintstevens,chillest_bread,1
leonblack,leopz_,5
clintstevens,updownleftrightab,5
clintstevens,yawp_er,40
uberhaxornova,jeffersonsteel_flex,2
bobross,doodlebobjnr,3
clintstevens,imthatoneguy64,1
uberhaxornova,gumjack,1
bobross,mflib5,3
leonblack,graywolves,2
clintstevens,tuxxy73,3
dakotaz,niziocodered1914,1
uberhaxornova,khey_,1
leonblack,entertainme_imbored,2
uberhaxornova,mattyd703,9
clintstevens,skormze,1
leonblack,eloquentbambi,4
clintstevens,onred,20
clintstevens,coke_zero,42
leonblack,gladbane88,14
leonblack,okaycarol,3
leonblack,zeeyee,3
leonblack,anthraxcite,7
uberhaxornova,zavr0s,1
clintstevens,jewcijewfro,1
leonblack,anthraxcite,3
clintstevens,redalloy,2
chemicaldragoon,domesticuz,20
clintstevens,dogeee12333,1
uberhaxornova,cueto69,1
uberhaxornova,favouritepho,1
clintstevens,infintee,2
uberhaxornova,ignis_heart,1
clintstevens,jeansjeansjeans666,2
leonblack,apolation_,1
dakotaz,btothettothee,5
clintstevens,pinkthings,5
bobross,imblueaqua,1
bobross,poisonousmochi,1
leonblack,gaddie86,6
leonblack,eloquentbambi,5
uberhaxornova,nitefirez,2
clintstevens,przemekelo02,2
uberhaxornova,eflit,2
dakotaz,nightbot,14
leonblack,eloquentbambi,3
leonblack,looseygoosey10,7
clintstevens,snipebeach,1
dakotaz,chocolategirlxx,4
clintstevens,nekyou,2
clintstevens,catkebab,1
chemicaldragoon,mightypony19,8
uberhaxornova,surrealmilk,1
leonblack,anthraxcite,2
clintstevens,vintagehamburger,15
bobross,brandykins,3
leonblack,dema7,7
chemicaldragoon,ke_reckless,9
bobross,xyeklops,5
leonblack,geodude_,2
clintstevens,gamefreakpro,2
leonblack,gladbane88,10
bobross,mrgrayl,2
bobross,pyromancer,4
dakotaz,destinylmao,5
leonblack,dullsmile,1
leonblack,graywolves,9
uberhaxornova,khey_,2
clintstevens,ti_inspire,6
leonblack,dykinz,2
bobross,xyeklops,2
clintstevens,campbie,1
clintstevens,askatazun,1
clintstevens,spiffymeat,2
clintstevens,jetchikin,1
uberhaxornova,montevidi,5
clintstevens,versacepython,1
uberhaxornova,thesucceth,3
leonblack,omek6,6
chemicaldragoon,domesticuz,20
chemicaldragoon,t_wow,36
bobross,limonade,4
uberhaxornova,phillipthe3rd,2
leonblack,trashlordnikita,6
uberhaxornova,surrealmilk,4
uberhaxornova,viper_frost,1
clintstevens,gullwingss,4
clintstevens,funkkey,3
uberhaxornova,imightcheap,1
leonblack,purposefull,7
uberhaxornova,thesucceth,1
uberhaxornova,surrealmilk,1
bobross,poisonousmochi,5
uberhaxornova,favouritepho,3
uberhaxornova,sirtenlee,5
uberhaxornova,kleiark,3
uberhaxornova,lillthebox,1
leonblack,purposefull,5
clintstevens,lilalfredo,3
leonblack,pokerblue6386,3
uberhaxornova,justdewit10,7
uberhaxornova,cris1481,3
uberhaxornova,cocohd,1
uberhaxornova,iconsumeanimepusy,1
uberhaxornova,antares987,1
leonblack,nightbot,4
bobross,beastlynynja,9
uberhaxornova,disfaceplank,1
uberhaxornova,dylsco3,2
dakotaz,itzmezwarrior,11
uberhaxornova,iconsumeanimepusy,1
leonblack,purposefull,1
bobross,murderparty,5
uberhaxornova,sirtenlee,1
bobross,puffpuffkeep,3
uberhaxornova,sagevibe,1
leonblack,voffe,6
uberhaxornova,evanito,1
uberhaxornova,kitcatace,3
uberhaxornova,khey_,5
clintstevens,icantf331myface,2
leonblack,eloquentbambi,1
clintstevens,ninjajack95,6
leonblack,eloquentbambi,6
uberhaxornova,real_life_mess,1
clintstevens,silver1god,1
clintstevens,bcuz,9
uberhaxornova,rent0nim0r0xas,1
clintstevens,a__dunc,2
clintstevens,fidds,5
clintstevens,iitzmidnightt,3
bobross,dingfri,5
leonblack,iammryuk,8
uberhaxornova,squigglyjinxxjams,8
bobross,stop_banning_my_homies,2
uberhaxornova,real_life_mess,11
chemicaldragoon,themcscene_tkm,22
leonblack,eloquentbambi,3
dakotaz,itzmezwarrior,3
leonblack,ninjichor,8
clintstevens,sunephef,3
clintstevens,kabonen,22
uberhaxornova,favouritepho,4
clintstevens,potato956,2
bobross,noothero,3
clintstevens,jd_ssb,3
clintstevens,a_newbe,0
clintstevens,illuminethan,1
chemicaldragoon,sweetjavablue,7
leonblack,geodude_,4
leonblack,nightbot,1
clintstevens,warmpancake,3
clintstevens,marcush1,8
clintstevens,duskztar,1
clintstevens,cultistx,13
clintstevens,energy_kyouka,1
bobross,youranimeotaku,3
leonblack,perry8782,3
leonblack,iammryuk,5
leonblack,jewbacca37,2
leonblack,ninjichor,10
clintstevens,feelsgoodlooksbad,7
uberhaxornova,king_graveth,2
uberhaxornova,yuhikyaku,4
clintstevens,yoelement,32
chemicaldragoon,zzmadcapzz,10
clintstevens,evan__m,1
leonblack,eloquentbambi,11
clintstevens,feelsgoodlooksbad,1
leonblack,necrosack,24
uberhaxornova,real_life_mess,7
uberhaxornova,zesenshu,1
dakotaz,mah_alleinir,4
chemicaldragoon,mightypony19,8
clintstevens,merc3,1
clintstevens,r33f3r,4
bobross,kelenheller_,3
clintstevens,callmehtoxic,3
dakotaz,mririshsolo,17
dakotaz,jonesy21,4
leonblack,graywolves,10
uberhaxornova,immasirjohn,2
clintstevens,iitzmidnightt,2
leonblack,fa11enlight,8
uberhaxornova,imikmiki,2
bobross,planiciesresiduais,1
clintstevens,cairthenn,1
clintstevens,thejon,20
clintstevens,ricultima,1
dakotaz,marcioman5,3
dakotaz,mphipps7373,2
clintstevens,heyosegueda,4
clintstevens,hahaa12btwhahaa,2
dakotaz,hellhyena,1
dakotaz,nightbot,30
uberhaxornova,kingpresiden,1
uberhaxornova,squigglyjinxxjams,7
leonblack,garbagemanz,9
leonblack,eloquentbambi,8
dakotaz,hanxiiii,3
dakotaz,gage_ej257,8
clintstevens,leuse,7
dakotaz,its_angel_01,2
dakotaz,vannybanks,2
uberhaxornova,jvez22,2
clintstevens,clowds,7
chemicaldragoon,ysnzii12,4
clintstevens,popesquidward,1
leonblack,eloquentbambi,6
chemicaldragoon,imockingsxcto,2
uberhaxornova,rent0nim0r0xas,7
leonblack,boofaloompa,5
clintstevens,kingofthebrocean,1
uberhaxornova,toastedtostito,11
chemicaldragoon,ysnzii12,6
clintstevens,acidrain123456,2
leonblack,purposefull,1
clintstevens,wanngus,1
leonblack,bighead_104,11
leonblack,voffe,2
chemicaldragoon,jmaedask8t,9
uberhaxornova,nightbot,7
uberhaxornova,bigboytom24,6
clintstevens,randomguy4629,38
leonblack,boofaloompa,5
clintstevens,dukeofrockinghm,1
chemicaldragoon,sm_6,1
chemicaldragoon,sm_6,1
clintstevens,imthatoneguy64,1
clintstevens,jeansjeansjeans666,30
chemicaldragoon,walruzplayz,1
chemicaldragoon,sm_6,1
clintstevens,energy_kyouka,1
leonblack,catmafia420,4
bobross,karnif3x,2
uberhaxornova,real_life_mess,10
leonblack,trashlordnikita,12
bobross,realvondutch,4
clintstevens,vathris14,1
clintstevens,chrisboringone,5
leonblack,boofaloompa,5
dakotaz,drchronic21,4
dakotaz,zaeshaun1289,4
bobross,scholaris1,1
clintstevens,manami4604,5
bobross,limonade,2
bobross,kelenheller_,4
uberhaxornova,squigglyjinxxjams,4
clintstevens,pkthunder__,1
leonblack,adamcolas,11
clintstevens,dylantonn,1
clintstevens,lily_white1405,4
uberhaxornova,kiddspaded,1
leonblack,trashlordnikita,1
uberhaxornova,kiddspaded,2
leonblack,pyratrum_,5
bobross,realvondutch,14
clintstevens,eightingco,5
clintstevens,timoteh,40
leonblack,graywolves,8
clintstevens,hey_manuel,4
bobross,kelenheller_,3
uberhaxornova,abellachan,1
uberhaxornova,vterrax,1
clintstevens,ventrix_p,7
clintstevens,illuminethan,1
clintstevens,sharkracer69,3
uberhaxornova,mohsincanadian,4
clintstevens,zelamin,1
leonblack,gladbane88,16
chemicaldragoon,mightypony19,8
clintstevens,dylantonn,1
clintstevens,whisper_me_a_trihard,2
uberhaxornova,cpu_amai,1
leonblack,gladbane88,2
leonblack,boofaloompa,5
dakotaz,jimmythornseed1,2
uberhaxornova,amirrockit,9
chemicaldragoon,mightypony19,8
uberhaxornova,twitch_be_thicc,11
bobross,puffpuffkeep,1
uberhaxornova,rent0nim0r0xas,4
chemicaldragoon,ysnzii12,4
chemicaldragoon,mightypony19,8
leonblack,iammryuk,4
chemicaldragoon,ttv_wishyouskill,5
clintstevens,etanngn,11
chemicaldragoon,ysnzii12,5
clintstevens,romannyc,6
leonblack,wlejon,2
uberhaxornova,funbun_draws,1
leonblack,dykinz,5
bobross,bootysoldier,7
chemicaldragoon,itzangelgaming,4
clintstevens,youngsoon,1
clintstevens,izukuxd,1
uberhaxornova,futboljugador4,1
leonblack,graywolves,6
clintstevens,elementboy747,11
leonblack,nostradanus,1
clintstevens,m_s_c_o_t,1
leonblack,contsi,10
chemicaldragoon,mrxhats,4
leonblack,notquid,25
clintstevens,stonerox,2
clintstevens,gustavbabaev,1
clintstevens,drmdsmoke,7
leonblack,cakeplz,3
leonblack,garbagemanz,11
leonblack,sofakinng,14
clintstevens,warmpancake,7
leonblack,dykinz,5
clintstevens,romankhn,4
bobross,4m4ze,1
dakotaz,iqwikzy,5
leonblack,wlejon,2
clintstevens,sivarro,1
clintstevens,sivarro,1
bobross,sngweiwei,1
bobross,raywastak3n,1
dakotaz,kidoublelu,4
clintstevens,rev_4_life,10
dakotaz,nightbot,8
chemicaldragoon,itscashclutch,4
uberhaxornova,toastedtostito,1
clintstevens,aceunown,3
leonblack,gladbane88,4
chemicaldragoon,mrxhats,1
dakotaz,los_benz,2
bobross,evermolt,2
chemicaldragoon,brainless_ttv,7
uberhaxornova,jason18705,8
clintstevens,amysmom,11
leonblack,gladbane88,0
leonblack,graywolves,9
clintstevens,rooinmachoonall,7
leonblack,blehgopie,6
leonblack,behaved,12
bobross,constip8dmidget,7
leonblack,zeeyee,1
clintstevens,feelsgoodlooksbad,1
clintstevens,meowguy2,5
clintstevens,ecorel,1
clintstevens,deminboy,7
clintstevens,krazycow,0
clintstevens,injectz91,3
clintstevens,babynorthwest,9
clintstevens,jtiajor,0
dakotaz,io22,4
bobross,alwayshufferwot,9
clintstevens,krazycow,1
clintstevens,jasbobrown,7
uberhaxornova,drumbeat,1
bobross,averyclarke_,10
clintstevens,lpdstreams,5
leonblack,graywolves,22
uberhaxornova,qwyit,3
clintstevens,peejs,1
leonblack,gladbane88,8
uberhaxornova,sunda_exu,7
leonblack,zeeyee,1
uberhaxornova,saultoonz,6
leonblack,xmtn0726,1
leonblack,jewbacca37,15
leonblack,zeeyee,17
uberhaxornova,drumbeat,1
clintstevens,drizzydrake,1
bobross,choppaz,2
clintstevens,ohkos,1
leonblack,trashlordnikita,14
clintstevens,mapexx,2
uberhaxornova,t0aster_strud3l,3
leonblack,eloquentbambi,4
uberhaxornova,khey_,2
dakotaz,hardgamer2555,3
clintstevens,kackboontv,25
clintstevens,campbie,6
dakotaz,jennc,6
chemicaldragoon,yaboytox1c,1
leonblack,iris777,10
uberhaxornova,derpgolem,1
leonblack,dykinz,9
leonblack,dykinz,6
uberhaxornova,derpgolem,5
uberhaxornova,real_life_mess,1
uberhaxornova,rizata,1
clintstevens,humbeto,3
leonblack,nightbot,24
uberhaxornova,squigglyjinxxjams,5
leonblack,zeeyee,1
leonblack,combat_blaze,1
clintstevens,quest_log,1
leonblack,solcar25,3
clintstevens,quest_log,2
clintstevens,shwobble,3
leonblack,wlejon,3
leonblack,graywolves,11
dakotaz,ngnl_scrandumb,1
dakotaz,brianxdior,3
clintstevens,thatsjazzy,5
clintstevens,merylstreep,6
clintstevens,303devilfish,1
bobross,avoidsya,3
uberhaxornova,stupidbichdisorder,5
leonblack,trashlordnikita,4
chemicaldragoon,mightypony19,8
leonblack,graywolves,7
leonblack,eloquentbambi,4
chemicaldragoon,sambr,4
leonblack,pvtsandvich,5
clintstevens,redhurricane1998,13
leonblack,eloquentbambi,6
leonblack,dykinz,8
bobross,wheatgreaserweirdwolf,6
dakotaz,queenoftheyamz,2
leonblack,beandip2483,13
clintstevens,klasickman,3
clintstevens,daleberto,3
dakotaz,dasnorkopsgang,3
uberhaxornova,itsboo,1
uberhaxornova,crazzybob1231,1
uberhaxornova,minzyy_,1
leonblack,sempiv,1
leonblack,nightbot,24
clintstevens,redresolve,2
clintstevens,weskopad,1
forsen,bubblefate,1
uberhaxornova,zegorykz,1
uberhaxornova,crazzybob1231,3
chemicaldragoon,itscashclutch,2
uberhaxornova,kingpresiden,1
chemicaldragoon,itscashclutch,2
chemicaldragoon,mightypony19,8
uberhaxornova,ignis_heart,1
uberhaxornova,spartan_clees,2
uberhaxornova,montevidi,2
clintstevens,gigarcade,4
clintstevens,jessi3k3,1
chemicaldragoon,hqnchoo,9
uberhaxornova,real_life_mess,5
clintstevens,potentenergy,1
uberhaxornova,griffin3342,1
dakotaz,jmc2112,9
forsen,kaliaukko,2
uberhaxornova,elligater,1
clintstevens,weeblol,3
chemicaldragoon,mightypony19,8
bobross,mikespastryarts,6
uberhaxornova,crunkpal,1
uberhaxornova,drumbeat,1
clintstevens,dennismoeller,12
clintstevens,ricoo08,1
bobross,oddysee3030,4
bobross,yuzuklerin_efendisi,2
forsen,noerty,4
leonblack,okaycarol,2
leonblack,jondarawr,5
uberhaxornova,im_poppy___,2
chemicaldragoon,hqnchoo,1
leonblack,buckets1013,1
clintstevens,sharkracer69,5
clintstevens,itz_lunatic,6
uberhaxornova,ryc3n,2
uberhaxornova,syelent,2
uberhaxornova,tampon_dispenser,1
uberhaxornova,hellishcerberu,1
clintstevens,a_r_t_e_a,4
clintstevens,pidgeontoad,1
uberhaxornova,crazzybob1231,1
chemicaldragoon,hqnchoo,11
uberhaxornova,rubyjem98,1
forsen,knoxviiie,3
uberhaxornova,unknownlolz,1
uberhaxornova,yonray,1
uberhaxornova,sharksfan28,1
uberhaxornova,nikisaurus19,1
uberhaxornova,drakohjin,1
bobross,albuxan,3
uberhaxornova,tambambam,11
dakotaz,savage_swirl13,8
uberhaxornova,chubkowski,1
uberhaxornova,pinkiouspiecous,1
forsen,bubblefate,3
uberhaxornova,topryman,4
forsen,huni4president,9
clintstevens,dontwinfriendswithsalad,4
uberhaxornova,spartan_clees,1
uberhaxornova,dominik3341,1
uberhaxornova,princesssjimin,3
clintstevens,kingofthebrocean,6
uberhaxornova,smackmytwitchup,1
uberhaxornova,foxxbe13,1
uberhaxornova,real_life_mess,2
uberhaxornova,thievishnickel,1
uberhaxornova,rvcjew,1
uberhaxornova,kingpresiden,1
uberhaxornova,sparkymusic,4
uberhaxornova,kastalls,1
leonblack,jewbacca37,7
bobross,mordekaiserthegreat,1
leonblack,trashlordnikita,4
forsen,huni4president,4
uberhaxornova,toadw12official,1
uberhaxornova,mixmew,1
uberhaxornova,cris1481,1
leonblack,gladbane88,6
uberhaxornova,peoplearecraycray,1
uberhaxornova,sinimo7,1
uberhaxornova,stupidbichdisorder,1
forsen,derpatr0nic,1
uberhaxornova,soulessvoid,1
uberhaxornova,knowg0,1
leonblack,voffe,4
leonblack,sirakain,1
leonblack,sirakain,6
uberhaxornova,abstractdeer_,9
uberhaxornova,freshlive,7
leonblack,eloquentbambi,1
forsen,aintevenmadtho,1
forsen,scamazhs,5
forsen,aintevenmadtho,6
clintstevens,warlord_,1
leonblack,perry8782,2
uberhaxornova,normies_ewww,1
uberhaxornova,oliverdjango,4
clintstevens,kuwzy,29
uberhaxornova,tambambam,8
bobross,squigatoo,8
uberhaxornova,freshlive,1
leonblack,gladbane88,1
leonblack,wlejon,5
uberhaxornova,itsboo,1
clintstevens,thatpiedude,1
bobross,chief_smash,10
leonblack,wlejon,6
clintstevens,roastytoasty2,11
chemicaldragoon,hqnchoo,8
clintstevens,itzcurryy,2
uberhaxornova,schmittyva,17
clintstevens,csmidget,1
forsen,colderon,1
bobross,gakiikag,3
dakotaz,mythic_3,12
clintstevens,tngkaynos,3
bobross,unit_0,2
forsen,ezspeezy,4
clintstevens,sirpogchamp,3
uberhaxornova,zechunkypanda,1
bobross,wheatgreaserweirdwolf,2
uberhaxornova,bowzintv,2
uberhaxornova,t0aster_strud3l,8
uberhaxornova,squigglyjinxxjams,4
uberhaxornova,happy_karl,0
leonblack,trashlordnikita,16
leonblack,eloquentbambi,7
dakotaz,ooohleo,9
uberhaxornova,zavr0s,1
uberhaxornova,t0aster_strud3l,6
clintstevens,flubbabubbawubbajubba,3
dakotaz,ttv_chronospower,11
clintstevens,causing,9
leonblack,perry8782,13
uberhaxornova,arrowhighway,1
uberhaxornova,kitsune_s,1
uberhaxornova,kingpresiden,1
chemicaldragoon,itscashclutch,27
uberhaxornova,akxfolife,1
uberhaxornova,amirrockit,2
uberhaxornova,drumbeat,2
clintstevens,devklokz,1
uberhaxornova,bobbytum,2
bobross,brizone,6
clintstevens,saevidicus,1
leonblack,graywolves,9
uberhaxornova,foxxbe13,1
uberhaxornova,babyinacorner,1
clintstevens,icantf331myface,1
uberhaxornova,freshlive,1
uberhaxornova,drakohjin,1
uberhaxornova,diesel11747,1
uberhaxornova,clulesryce,1
forsen,vanillah,1
uberhaxornova,sharksfan28,1
clintstevens,woddles,1
dakotaz,zyllohhh,23
uberhaxornova,funbun_draws,1
clintstevens,hwkish,35
uberhaxornova,zegorykz,1
uberhaxornova,masterpuffy,1
uberhaxornova,blubehriluv,1
uberhaxornova,warbrand,1
uberhaxornova,amirrockit,5
uberhaxornova,bowzintv,1
uberhaxornova,norfolk_enchants88,2
uberhaxornova,basedbuttfat,1
uberhaxornova,handu,1
uberhaxornova,mentalbow,1
uberhaxornova,sirtacoiv,1
uberhaxornova,herbyhigs,1
uberhaxornova,cthulhuism,1
uberhaxornova,crykos,1
uberhaxornova,knowg0,1
clintstevens,artdoesmatter,1
leonblack,graywolves,7
uberhaxornova,now_that_is_epic,2
uberhaxornova,soulam1,1
uberhaxornova,immasirjohn,1
bobross,corsairean,3
uberhaxornova,onionwater707,1
dakotaz,fullmtlthademon,1
bobross,randomcookie12,1
uberhaxornova,anavrein,2
uberhaxornova,colour76,1
uberhaxornova,montevidi,1
clintstevens,minicando,10
clintstevens,a_r_t_e_a,15
uberhaxornova,sailorsirena,1
uberhaxornova,kokoro_breaker,1
uberhaxornova,arabora,1
uberhaxornova,funbun_draws,1
uberhaxornova,unknownlolz,2
forsen,badoge,3
clintstevens,cormic,0
clintstevens,javilp13,2
uberhaxornova,shaun121212,1
clintstevens,1nfested,1
uberhaxornova,syntaxkat,1
uberhaxornova,o0starr0o,1
leonblack,gladbane88,17
clintstevens,thatpiedude,1
forsen,scamazhs,3
clintstevens,callmehtoxic,18
uberhaxornova,megmegg,3
uberhaxornova,dannydubbs,1
uberhaxornova,russiah,4
uberhaxornova,rubyjem98,1
clintstevens,please_do_not_gift_me_sub,2
uberhaxornova,schmittyva,1
uberhaxornova,intro_nrd,3
clintstevens,xchip102,5
bobross,hoizer0,1
uberhaxornova,real_life_mess,5
uberhaxornova,shaun121212,6
leonblack,slingersam,3
chemicaldragoon,afiramos,7
uberhaxornova,achandary,2
leonblack,trashlordnikita,13
leonblack,behaved,9
leonblack,eloquentbambi,14
clintstevens,rooinmachoonall,5
forsen,peekaboo_goodman,9
forsen,jakethedog__,8
forsen,nobasolo,8
leonblack,behaved,22
uberhaxornova,tambambam,7
uberhaxornova,stupidbichdisorder,10
clintstevens,dredn0k,4
uberhaxornova,matrocity,6
uberhaxornova,orr5,3
dakotaz,sux_8,2
uberhaxornova,nikisaurus19,3
uberhaxornova,wumbokill,4
uberhaxornova,tambambam,4
forsen,vanillah,1
clintstevens,cal44a,5
forsen,guikuza,16
uberhaxornova,rizata,4
leonblack,trashlordnikita,10
clintstevens,spiffymeat,2
leonblack,gaddie86,1
clintstevens,hwkish,24
uberhaxornova,pgh__chill,6
uberhaxornova,kileyyt,2
uberhaxornova,rusty_mountain,1
uberhaxornova,sandwunch,1
uberhaxornova,sailorsirena,2
uberhaxornova,mintyspice1,1
uberhaxornova,nld72,1
uberhaxornova,woogyt,1
uberhaxornova,orr5,7
leonblack,eloquentbambi,8
uberhaxornova,jayyqueline,1
uberhaxornova,woeku,1
uberhaxornova,friedkalimari,1
uberhaxornova,hotzimo13,1
chemicaldragoon,afiramos,9
uberhaxornova,woogyt,1
uberhaxornova,stupidbichdisorder,2
uberhaxornova,real_life_mess,7
uberhaxornova,bowzintv,1
dakotaz,zyllohhh,8
uberhaxornova,pancakesrenku,2
uberhaxornova,chebbyuwu,1
uberhaxornova,septism96,5
uberhaxornova,darrevus,1
uberhaxornova,yuhikyaku,2
uberhaxornova,crossfacefighter,1
uberhaxornova,karmarey,1
clintstevens,baclex,1
chemicaldragoon,blackdoodler,15
uberhaxornova,crykos,1
chemicaldragoon,blackdoodler,2
clintstevens,harujino,3
chemicaldragoon,hqnchoo,10
leonblack,eloquentbambi,6
uberhaxornova,sailorsirena,1
uberhaxornova,fire_imunkey,1
skiddlerrs,jonmarc,5
dakotaz,helraiser419,15
clintstevens,cal44a,1
leonblack,combat_blaze,2
chemicaldragoon,mightypony19,8
uberhaxornova,a_ok_flo,1
uberhaxornova,doskiilee,1
leonblack,zeeyee,1
skiddlerrs,theperplexedone,2
forsen,kylgu,1
clintstevens,snipitysnipety,1
skiddlerrs,jessicaonrs,1
uberhaxornova,reversegameplay,1
skiddlerrs,shents,2
chemicaldragoon,jeffy1425,5
uberhaxornova,riftenal,1
uberhaxornova,skyskynub,1
bobross,tastyk_,3
clintstevens,xcommandercoolx,2
skiddlerrs,barelylegalrs,1
uberhaxornova,arrowhighway,1
clintstevens,aktrio,5
uberhaxornova,kingpresiden,1
skiddlerrs,j0rdan_p,1
bobross,unsimplecasual,9
uberhaxornova,mspeedy465,1
uberhaxornova,hailcaesar1,1
clintstevens,callmehtoxic,18
uberhaxornova,jjthep1nkranger,1
uberhaxornova,blubehriluv,2
skiddlerrs,jeeeeeeeeeeeeeeeeeeeeeeel,1
uberhaxornova,immasirjohn,1
uberhaxornova,real_life_mess,2
uberhaxornova,freshlive,9
bobross,downoff,2
skiddlerrs,bruhscape,1
leonblack,zeeyee,1
clintstevens,zoopjoop,5
bobross,the_housewife,4
skiddlerrs,onis_live,9
skiddlerrs,knarfers,2
forsen,bob_baws,3
uberhaxornova,matrocity,2
uberhaxornova,squigglyjinxxjams,14
skiddlerrs,barelylegalrs,1
skiddlerrs,onis_live,1
skiddlerrs,knarfers,1
dakotaz,zuniheart,8
forsen,ey8u332,2
skiddlerrs,fragileboar1,3
uberhaxornova,handu,23
uberhaxornova,ganordan,1
skiddlerrs,thyjuicebox,2
uberhaxornova,ubercrqzy,4
clintstevens,ayiare,1
leonblack,eloquentbambi,2
skiddlerrs,j0rdan_p,1
skiddlerrs,aoaagoldbot,29
skiddlerrs,theaustraliandruglord,2
clintstevens,eygrr,1
chemicaldragoon,owenpower24,24
uberhaxornova,wumbokill,5
skiddlerrs,painzo,4
skiddlerrs,whaleblast,14
rifftrax,sliami,2
rifftrax,weedsmoker,9
rifftrax,sliami,1
rifftrax,terribly_white_ghost,1
clintstevens,naykir,7
rifftrax,eiregard,3
forsen,guikuza,1
rifftrax,sliami,1
rifftrax,rollergator,1
rifftrax,jed_tesd_toad,1
rifftrax,mblackowl,20
uberhaxornova,devomatics,6
rifftrax,jason_bergeron,4
rifftrax,dreamlicker,4
rifftrax,sliami,2
rifftrax,sliami,2
rifftrax,mblackowl,8
rifftrax,knotts__,1
rifftrax,arescuetoaster,3
rifftrax,naychdc,1
rifftrax,sliami,1
rifftrax,sliami,1
uberhaxornova,kingpresiden,1
rifftrax,rollergator,5
rifftrax,jason_bergeron,5
rifftrax,riffw_santos,4
rifftrax,sliami,1
bobross,colonelputty,19
rifftrax,superunknown94,2
rifftrax,rollergator,1
rifftrax,jason_bergeron,3
rifftrax,arescuetoaster,10
rifftrax,superunknown94,5
rifftrax,helloblue,1
uberhaxornova,crankytits,1
uberhaxornova,kiddspaded,1
rifftrax,jason_bergeron,2
rifftrax,dreamlicker,1
rifftrax,sunarel,1
uberhaxornova,kiddspaded,1
rifftrax,sliami,1
rifftrax,sliami,4
clintstevens,x0rdid,11
rifftrax,arescuetoaster,4
rifftrax,mblackowl,10
rifftrax,weedsmoker,1
rifftrax,sliami,1
rifftrax,superunknown94,8
uberhaxornova,bowzintv,1
rifftrax,jason_bergeron,7
rifftrax,narusao,4
rifftrax,jed_tesd_toad,7
rifftrax,arescuetoaster,8
rifftrax,superunknown94,1
rifftrax,jason_bergeron,4
rifftrax,pawsed,8
rifftrax,dreamlicker,5
rifftrax,streamelements,28
rifftrax,superunknown94,4
rifftrax,naychdc,2
rifftrax,rollergator,10
rifftrax,jason_bergeron,8
rifftrax,arescuetoaster,6
rifftrax,naychdc,3
rifftrax,eiregard,1
rifftrax,riffw_santos,6
rifftrax,knotts__,1
rifftrax,dreamlicker,1
rifftrax,sunarel,1
rifftrax,arescuetoaster,10
rifftrax,narusao,6
uberhaxornova,squigglyjinxxjams,7
rifftrax,tbt__thebigtoe,1
rifftrax,streamelements,15
rifftrax,weedsmoker,3
rifftrax,jason_bergeron,6
rifftrax,sliami,4
rifftrax,rollergator,2
dakotaz,tripp_tank,1
rifftrax,arescuetoaster,8
rifftrax,riffw_santos,6
rifftrax,knotts__,1
rifftrax,jason_bergeron,2
rifftrax,sliami,2
rifftrax,naychdc,5
rifftrax,weedsmoker,3
rifftrax,jason_bergeron,6
rifftrax,sliami,2
rifftrax,rollergator,4
rifftrax,sliami,2
rifftrax,liantathedk,2
rifftrax,arathercrowdedhouse,13
rifftrax,tbt__thebigtoe,4
skiddlerrs,shents,2
clintstevens,quest_log,5
rifftrax,riffw_santos,1
rifftrax,streamelements,20
rifftrax,arescuetoaster,11
rifftrax,pawsed,0
skiddlerrs,shents,2
rifftrax,naychdc,5
skiddlerrs,totalvoid,4
skiddlerrs,iredemptional,7
rifftrax,sliami,4
rifftrax,legacyofaltered,3
rifftrax,rifftrax,1
rifftrax,knotts__,1
rifftrax,sliami,6
rifftrax,soaringtrumpet,3
rifftrax,pawsed,4
forsen,bentyr1,3
rifftrax,sliami,8
clintstevens,velocinator,2
rifftrax,sliami,4
dakotaz,yonatan_sela,16
rifftrax,thelovelyconch,1
rifftrax,pawsed,1
rifftrax,rifftrax,1
rifftrax,arescuetoaster,6
rifftrax,jason_bergeron,4
rifftrax,knotts__,1
rifftrax,sliami,4
rifftrax,rollergator,5
bobross,darthwolf_,2
forsen,ripa27,2
bobross,emmaisbadatgames,3
skiddlerrs,wangkebab,7
rifftrax,jason_bergeron,10
dakotaz,unknwnfever,4
rifftrax,sliami,9
rifftrax,sliami,5
uberhaxornova,leechycast,4
rifftrax,arescuetoaster,13
rifftrax,sliami,11
rifftrax,pawsed,19
rifftrax,soaringtrumpet,1
uberhaxornova,geidamu,1
dakotaz,bomb,3
clintstevens,mingleedong,4
rifftrax,mblackowl,9
skiddlerrs,joto,2
rifftrax,sliami,5
uberhaxornova,highimhigh,2
rifftrax,pawsed,5
rifftrax,sliami,7
rifftrax,liantathedk,3
rifftrax,jason_bergeron,1
rifftrax,soaringtrumpet,2
rifftrax,edmendo,1
rifftrax,rifftrax,1
rifftrax,liantathedk,3
forsen,chosen_of_nurgle,1
rifftrax,jason_bergeron,4
rifftrax,arescuetoaster,5
rifftrax,sliami,3
uberhaxornova,larrylongschlong69,3
rifftrax,mblackowl,6
rifftrax,arescuetoaster,8
rifftrax,commonchaos,1
rifftrax,streamelements,15
clintstevens,ssbbaffoon,4
clintstevens,douglebi10,1
rifftrax,sliami,6
rifftrax,sliami,3
rifftrax,mblackowl,7
rifftrax,rifftrax,3
rifftrax,arescuetoaster,1
rifftrax,arathercrowdedhouse,13
rifftrax,pawsed,18
rifftrax,soaringtrumpet,1
rifftrax,pawsed,1
rifftrax,streamelements,23
chemicaldragoon,carlauo,8
rifftrax,sliami,1
rifftrax,mblackowl,5
skiddlerrs,envytherabbit,6
rifftrax,sliami,6
rifftrax,sliami,6
rifftrax,arescuetoaster,10
rifftrax,jason_bergeron,4
uberhaxornova,amirrockit,8
uberhaxornova,moonshine2213,5
rifftrax,sliami,21
rifftrax,arescuetoaster,10
rifftrax,eiregard,9
clintstevens,battled0g,8
rifftrax,sliami,5
rifftrax,pokerjoker811,9
rifftrax,sliami,8
rifftrax,sliami,6
rifftrax,jason_bergeron,10
rifftrax,sliami,1
rifftrax,weedsmoker,1
rifftrax,sliami,11
uberhaxornova,a_ok_flo,7
rifftrax,jason_bergeron,1
rifftrax,streamelements,3
rifftrax,arescuetoaster,9
skiddlerrs,huxleys,10
rifftrax,sliami,10
forsen,rotator1,1
rifftrax,jason_bergeron,1
skiddlerrs,envytherabbit,1
skiddlerrs,wunderbumms,5
skiddlerrs,totalvoid,10
rifftrax,jason_bergeron,3
rifftrax,arescuetoaster,8
rifftrax,weedsmoker,8
chemicaldragoon,chopperlm,8
skiddlerrs,ineedmatss,4
skiddlerrs,wunderbumms,1
uberhaxornova,dingobiff,1
forsen,djoka,2
rifftrax,jason_bergeron,6
skiddlerrs,xealgushel,4
chemicaldragoon,locochimp,6
clintstevens,xaverion616,4
bobross,emmaisbadatgames,1
skiddlerrs,ben_slade1,1
dakotaz,therealgoodspeed,1
forsen,dino_ttv,2
skiddlerrs,wangkebab,11
rifftrax,jason_bergeron,1
rifftrax,streamelements,14
clintstevens,unctioussc,28
leonblack,itsbacon,11
bobross,mister9ner,2
clintstevens,squ1dgey,4
uberhaxornova,azarox67,4
uberhaxornova,freshlive,2
uberhaxornova,soggily,6
rifftrax,pawsed,1
rifftrax,streamelements,11
rifftrax,jason_bergeron,1
forsen,ey8u332,1
clintstevens,aceunown,11
uberhaxornova,dr_santa_claus,1
rifftrax,arathercrowdedhouse,4
skiddlerrs,skils_,8
dakotaz,revenge_bvf,15
uberhaxornova,longdongwong69,3
forsen,pielgd,1
skiddlerrs,slainthedragon,16
skiddlerrs,zyro0,1
uberhaxornova,cummibear,5
skiddlerrs,gokillanoob,4
skiddlerrs,wing_chun,24
chemicaldragoon,owenpower24,24
skiddlerrs,bobbybigbaloney,6
clintstevens,drizzydrake,8
skiddlerrs,gibboozz,10
chemicaldragoon,owenpower24,24
skiddlerrs,gokillanoob,1
skiddlerrs,bobbybigbaloney,6
skiddlerrs,angera,11
skiddlerrs,duppytv,8
uberhaxornova,yuhikyaku,2
skiddlerrs,imuddyy,1
skiddlerrs,zayzor2,20
uberhaxornova,fliptrickerhd,7
bobross,errice85,3
skiddlerrs,aynjelz,4
chemicaldragoon,blackdoodler,15
bobross,s_t_e_f_a_a_n,1
clintstevens,secsless_secsiness,1
uberhaxornova,elligater,5
bobross,bomb_site_b,5
rifftrax,arescuetoaster,2
uberhaxornova,kingpresiden,1
rifftrax,weedsmoker,15
rifftrax,pajamagraham,4
uberhaxornova,montevidi,9
rifftrax,weedsmoker,7
rifftrax,jason_bergeron,3
chemicaldragoon,baran1k,10
rifftrax,jason_bergeron,5
rifftrax,weedsmoker,1
rifftrax,arescuetoaster,15
rifftrax,mariuslecter,10
rifftrax,jason_bergeron,3
rifftrax,jason_bergeron,4
leonblack,zeeyee,1
rifftrax,pajamagraham,7
rifftrax,eiregard,16
rifftrax,weedsmoker,11
chemicaldragoon,chopperlm,8
chemicaldragoon,chopperlm,2
rifftrax,mblackowl,8
rifftrax,narusao,16
skiddlerrs,himon,21
dakotaz,ttv_chronospower,2
rifftrax,mariuslecter,17
rifftrax,weedsmoker,12
clintstevens,pahhu,4
rifftrax,jason_bergeron,1
skiddlerrs,hazdog9087,9
rifftrax,mblackowl,6
clintstevens,lullatsch_,1
rifftrax,emperorbush_22,4
skiddlerrs,abrieftbag,12
clintstevens,skyoon,1
bobross,coroime,2
clintstevens,natsuno_p,1
clintstevens,elrixxx,1
rifftrax,bad_so_far,1
rifftrax,streamelements,15
clintstevens,starhamev,2
rifftrax,mariuslecter,3
rifftrax,apples_papples,14
forsen,wvovaw,1
skiddlerrs,belgiumbtw,8
skiddlerrs,zayzor2,12
rifftrax,jason_bergeron,9
skiddlerrs,zayzor2,1
skiddlerrs,aoaagoldbot,29
dakotaz,ooohleo,9
skiddlerrs,klasket,1
clintstevens,drizzydrake,1
clintstevens,despacitoroyale,3
skiddlerrs,legitawol,13
clintstevens,deadbomb,46
skiddlerrs,rsn_gbh,1
skiddlerrs,daveneedsxp,13
skiddlerrs,aynjelz,1
skiddlerrs,pyro_osrs,2
skiddlerrs,changajax1337,1
forsen,mountaindx,1
clintstevens,luigiisevil,46
rifftrax,jason_bergeron,5
clintstevens,eyysilva,4
rifftrax,sliami,2
rifftrax,arescuetoaster,3
rifftrax,sliami,7
rifftrax,sliami,1
leonblack,zeeyee,1
rifftrax,apples_papples,2
skiddlerrs,pyro_osrs,1
rifftrax,sliami,6
rifftrax,soaringtrumpet,1
rifftrax,streamelements,2
rifftrax,arescuetoaster,5
rifftrax,glitchedqueen,3
rifftrax,jason_bergeron,2
rifftrax,pokerjoker811,11
rifftrax,sliami,1
rifftrax,jason_bergeron,5
rifftrax,sliami,4
rifftrax,jason_bergeron,8
rifftrax,arescuetoaster,6
rifftrax,jason_bergeron,7
rifftrax,tbt__thebigtoe,4
clintstevens,xeal_btw,17
rifftrax,sliami,3
skiddlerrs,minieggs,2
skiddlerrs,squiddle__,10
skiddlerrs,totalvoid,3
dakotaz,jmc2112,18
leonblack,itsbacon,3
rifftrax,reallivedinosaur,1
rifftrax,streamelements,1
bobross,papa_exoi,1
bobross,slayer3k,9
leonblack,drivron,3
rifftrax,jason_bergeron,10
forsen,matyske,0
rifftrax,arescuetoaster,8
skiddlerrs,lordlepper,5
leonblack,slingersam,8
rifftrax,apples_papples,18
bobross,fantasiavsr,1
bobross,r0bbeejk,1
clintstevens,sobuddah,1
skiddlerrs,zayzor2,7
rifftrax,riffw_santos,4
rifftrax,knotts__,1
rifftrax,mblackowl,2
rifftrax,rifftrax,2
rifftrax,mblackowl,6
clintstevens,herdey,1
rifftrax,arescuetoaster,1
clintstevens,dazednconfused,1
leonblack,garbagemanz,0
leonblack,deadbolts,23
skiddlerrs,wolfofodin,14
forsen,ardeen,1
leonblack,nightbot,24
skiddlerrs,luc_a,2
bobross,slayer3k,4
chemicaldragoon,carlauo,14
leonblack,deadbolts,16
leonblack,zeeyee,1
skiddlerrs,textiicle,5
chemicaldragoon,t_wow,36
leonblack,nightbot,24
skiddlerrs,luc_a,13
bobross,darlingnicki,3
skiddlerrs,theofficialgimp,7
skiddlerrs,kekkale,10
skiddlerrs,le4chanhacke,8
skiddlerrs,eetumakinen,10
forsen,predaxio,1
bobross,descadeirado,2
clintstevens,gravitygravy,10
rifftrax,jason_bergeron,1
rifftrax,streamelements,2
rifftrax,pajamagraham,1
rifftrax,streamelements,3
clintstevens,philharmonic,11
rifftrax,snesgirl89,1
rifftrax,soaringtrumpet,1
rifftrax,streamelements,1
rifftrax,apples_papples,1
skiddlerrs,pyro_osrs,1
skiddlerrs,boeyjangles,5
skiddlerrs,fn_pro,6
rifftrax,riffw_santos,5
rifftrax,knotts__,1
rifftrax,rifftrax,2
skiddlerrs,focus410,1
chemicaldragoon,carlauo,14
bobross,yunitex,1
skiddlerrs,stan4mod,1
rifftrax,knotts__,1
rifftrax,jason_bergeron,1
rifftrax,soaringtrumpet,1
rifftrax,streamelements,3
rifftrax,thelovelyconch,3
rifftrax,brisbylife,1
skiddlerrs,wolfofodin,1
rifftrax,riffw_santos,3
rifftrax,apples_papples,2
skiddlerrs,akumegami,0
rifftrax,thelovelyconch,1
rifftrax,sunarel,4
rifftrax,thelovelyconch,1
rifftrax,pajamagraham,1
leonblack,leon1884,1
skiddlerrs,zayzor2,18
skiddlerrs,iredemptional,5
bobross,darlingnicki,2
clintstevens,easternmist,4
skiddlerrs,wolfofodin,15
skiddlerrs,itszyai,1
clintstevens,gspr,1
skiddlerrs,zayzor2,8
skiddlerrs,brawrs,5
chemicaldragoon,chopperlm,10
skiddlerrs,focus410,2
skiddlerrs,wolfofodin,6
skiddlerrs,rspvprodigy,6
clintstevens,smoerbit,5
skiddlerrs,iredemptional,0
leonblack,eloquentbambi,5
clintstevens,pikamaniac517,6
leonblack,zeeyee,1
bobross,akninjamomma09,1
bobross,piinchhh,7
skiddlerrs,rspvprodigy,10
clintstevens,mcsm00th69,1
skiddlerrs,zayzor2,14
skiddlerrs,itszyai,15
forsen,smorc_makre_bot,0
clintstevens,b22blue,5
skiddlerrs,positivepush,13
leonblack,terraplex,1
clintstevens,growl,7
forsen,ilkirito,2
skiddlerrs,eetumakinen,2
skiddlerrs,wooobuz,2
skiddlerrs,iisy,4
skiddlerrs,eetumakinen,1
leonblack,contsi,1
skiddlerrs,stanthetallman,1
skiddlerrs,raincityneversleeps,5
skiddlerrs,sameeee,1
skiddlerrs,stilloosrs,3
skiddlerrs,gokillanoob,3
skiddlerrs,destinykidosrs,1
bobross,manycookies,6
forsen,king_komrade,7
clintstevens,giuffa_,9
leonblack,itsbacon,7
bobross,simonangleflod,1
skiddlerrs,allstar99,1
chemicaldragoon,carlauo,14
clintstevens,gumballshark,9
dakotaz,ozkannkaymaz,1
clintstevens,mcsm00th69,1
skiddlerrs,wannabeosrs,1
skiddlerrs,skkj,3
clintstevens,tukezzi,17
skiddlerrs,ben_slade1,1
clintstevens,a_r_t_e_a,14
clintstevens,warlord_,1
dakotaz,rhhl_23,5
clintstevens,fluffytennisball,1
rifftrax,rifftrax,7
rifftrax,apples_papples,1
leonblack,zyxy,1
rifftrax,riffw_santos,1
rifftrax,xdollchelsea,1
rifftrax,weedsmoker,2
leonblack,drivron,5
rifftrax,rifftrax,1
rifftrax,arescuetoaster,8
rifftrax,mblackowl,16
rifftrax,brisbylife,2
rifftrax,macleod34,6
rifftrax,rifftrax,1
rifftrax,arescuetoaster,10
dakotaz,devenrao,15
chemicaldragoon,chopperlm,10
chemicaldragoon,carlauo,14
clintstevens,vollian,1
bobross,r0bbeejk,2
clintstevens,upsi,1
clintstevens,alphazerobr,9
bobross,antitrust1,1
forsen,trum_,1
clintstevens,rogise,1
clintstevens,imthewinter_,3
clintstevens,m_4_x_,1
dakotaz,nightbot,8
bobross,domaslolltu,0
clintstevens,kaepee,13
forsen,the_ethanol,4
bobross,jippies,1
bobross,kin_kin,1
clintstevens,secondjewsus,33
leonblack,slingersam,12
leonblack,deadbolts,9
leonblack,art_sev,1
forsen,meadmug,1
dakotaz,iownallscrubs,3
clintstevens,princesswhitecream,1
clintstevens,obtronix,7
forsen,reclinerrage,1
leonblack,eloquentbambi,5
leonblack,deadbolts,1
rifftrax,emperorbush_22,4
rifftrax,rowrow_,3
leonblack,zeeyee,1
rifftrax,rowrow_,3
rifftrax,emperorbush_22,2
rifftrax,riffw_santos,3
dakotaz,nickjaccz,1
forsen,legenairy,2
clintstevens,aiding,1
leonblack,slingersam,5
bobross,raiidable,0
bobross,kin_kin,0
clintstevens,kittykatpartyhat,19
clintstevens,darhkar,2
clintstevens,best_pleb,8
bobross,domo_p1,2
chemicaldragoon,baran1k,15
leonblack,zeeyee,1
forsen,badassketchup,4
clintstevens,myrivenisclean,1
clintstevens,warlord_,1
bobross,sentryjman,0
forsen,eiful,1
clintstevens,surq_,5
clintstevens,devklokz,1
rifftrax,pawsed,3
rifftrax,streamelements,5
rifftrax,ohbot,5
rifftrax,hahmstrung,7
forsen,axel030,1
rifftrax,jason_bergeron,11
rifftrax,pajamagraham,12
rifftrax,riffw_santos,3
rifftrax,xdollchelsea,5
rifftrax,weedsmoker,1
rifftrax,riffw_santos,2
rifftrax,xdollchelsea,2
rifftrax,xdollchelsea,6
rifftrax,pawsed,3
rifftrax,arescuetoaster,6
rifftrax,jason_bergeron,10
rifftrax,soaringtrumpet,1
rifftrax,apples_papples,15
rifftrax,arescuetoaster,2
rifftrax,arescuetoaster,4
rifftrax,naychdc,2
rifftrax,pajamagraham,10
rifftrax,jason_bergeron,3
rifftrax,puzzledmonkeytree,5
rifftrax,puzzledmonkeytree,2
rifftrax,apples_papples,3
rifftrax,macleod34,1
rifftrax,apples_papples,4
rifftrax,emperorbush_22,16
rifftrax,streamelements,5
rifftrax,ohbot,3
clintstevens,quote_me_if_whomps,2
clintstevens,jewcijewfro,2
rifftrax,pawsed,9
leonblack,eloquentbambi,3
rifftrax,streamelements,5
rifftrax,ohbot,3
leonblack,eloquentbambi,4
rifftrax,xdollchelsea,5
rifftrax,emperorbush_22,1
rifftrax,streamelements,13
rifftrax,jason_bergeron,7
rifftrax,weedsmoker,2
rifftrax,jason_bergeron,3
rifftrax,xdollchelsea,10
rifftrax,macleod34,2
bobross,jnineyy,1
rifftrax,pokerjoker811,1
rifftrax,apples_papples,2
rifftrax,thelovelyconch,2
rifftrax,pawsed,12
clintstevens,kiichikhaosreigns,8
rifftrax,arescuetoaster,4
rifftrax,finvara,6
clintstevens,moobot,10
rifftrax,captjamestderp,1
rifftrax,shazmaru,1
rifftrax,mblackowl,3
clintstevens,myrivenisclean,1
rifftrax,pajamagraham,14
clintstevens,succcdaddy,1
rifftrax,soaringtrumpet,1
rifftrax,xdollchelsea,7
clintstevens,mcsm00th69,1
rifftrax,xdollchelsea,9
rifftrax,apples_papples,7
rifftrax,narusao,4
rifftrax,arescuetoaster,5
rifftrax,xdollchelsea,1
rifftrax,macleod34,7
forsen,imredeyee,1
rifftrax,weedsmoker,2
rifftrax,pawsed,16
rifftrax,rifftrax,4
rifftrax,jason_bergeron,3
rifftrax,arescuetoaster,8
rifftrax,emperorbush_22,17
rifftrax,streamelements,5
rifftrax,ohbot,3
rifftrax,pajamagraham,8
rifftrax,weedsmoker,2
rifftrax,hahmstrung,1
rifftrax,emperorbush_22,1
dakotaz,figgyy02,2
rifftrax,streamelements,14
rifftrax,pawsed,1
leonblack,itsbacon,4
rifftrax,streamelements,6
rifftrax,ohbot,6
leonblack,eloquentbambi,7
rifftrax,arescuetoaster,16
rifftrax,glitchedqueen,1
rifftrax,emperorbush_22,5
rifftrax,rowrow_,1
rifftrax,pajamagraham,2
rifftrax,arescuetoaster,9
rifftrax,rifftrax,1
clintstevens,atte902,2
rifftrax,emperorbush_22,3
rifftrax,streamelements,5
rifftrax,ohbot,4
rifftrax,brisbylife,4
dakotaz,crittt,15
rifftrax,jason_bergeron,1
rifftrax,lino,6
rifftrax,macleod34,7
rifftrax,riffw_santos,1
rifftrax,tuck359,1
rifftrax,rowrow_,5
rifftrax,pajamagraham,4
rifftrax,xdollchelsea,8
rifftrax,rowrow_,8
rifftrax,tuck359,0
clintstevens,ricelancer,5
rifftrax,arescuetoaster,1
rifftrax,streamelements,10
clintstevens,moozzcow,18
rifftrax,xdollchelsea,1
rifftrax,lino,4
rifftrax,rifftrax,4
rifftrax,sliami,2
rifftrax,lino,2
rifftrax,xdollchelsea,6
rifftrax,sliami,2
rifftrax,sliami,6
rifftrax,emperorbush_22,14
rifftrax,knotts__,1
rifftrax,brisbylife,7
rifftrax,arescuetoaster,9
rifftrax,frankyranky,1
rifftrax,tuck359,4
rifftrax,jason_bergeron,2
rifftrax,sliami,10
rifftrax,macleod34,3
rifftrax,lino,1
rifftrax,jason_bergeron,1
rifftrax,streamelements,5
bobross,spoom_live,2
rifftrax,pajamagraham,1
rifftrax,puzzledmonkeytree,2
rifftrax,necroglobule,11
rifftrax,weedsmoker,8
rifftrax,xdollchelsea,4
rifftrax,brisbylife,5
rifftrax,pajamagraham,2
rifftrax,introvertedgiant,1
clintstevens,qaz_21,2
rifftrax,introvertedgiant,1
clintstevens,jongib,3
leonblack,eloquentbambi,3
clintstevens,prince_war25,5
chemicaldragoon,chopperlm,8
leonblack,eloquentbambi,2
forsen,jokerass15,4
leonblack,itsbacon,4
clintstevens,quadcoretez,2
clintstevens,bubblegumalcohol,1
leonblack,dandyraven,3
leonblack,zeeyee,1
leonblack,eloquentbambi,1
bobross,darthwolf_,3
chemicaldragoon,jaybeeno,4
bobross,thedrakmerop,5
leonblack,nightbot,6
leonblack,garbagemanz,26
clintstevens,sgtwhitepepper,4
leonblack,egzakt,10
forsen,smartythehaywire,1
dakotaz,michaelp160,3
leonblack,sengalang,1
clintstevens,nuozi,6
leonblack,graywolves,1
forsen,firewhip1,2
clintstevens,dogeee12333,2
clintstevens,tokeei,15
leonblack,zeeyee,4
clintstevens,starstruck_baby_ghost,3
clintstevens,tinycloud_,1
clintstevens,kradetv,1
clintstevens,xenoda,1
forsen,lantsovwalz,1
clintstevens,alamoramos,1
dakotaz,the_mr_ree100,1
leonblack,skeptical_reptile,1
clintstevens,jjamrog,2
clintstevens,bobby_mink,5
clintstevens,flauntyy,3
clintstevens,bobby_mink,1
clintstevens,beefchelokebab,5
leonblack,nostradanus,6
leonblack,zeeyee,0
clintstevens,perdey,4
bobross,duarucaneabrdauthdaert,6
clintstevens,wiseoldsage,1
bobross,obmguitarist,1
clintstevens,pioskiosk,4
clintstevens,cairthenn,1
clintstevens,xenoda,1
clintstevens,harunoshiobana,1
clintstevens,wi1dseven,11
dakotaz,iamthefifthwind,2
clintstevens,masamune13x,1
clintstevens,hahaa12btwhahaa,2
leonblack,garbagemanz,5
clintstevens,mcsm00th69,1
bobross,auriel511,1
leonblack,eloquentbambi,6
forsen,fanofsalmon,1
leonblack,sirakain,1
clintstevens,azoruk,11
clintstevens,jmonayyylmao,1
clintstevens,atelectasis,11
clintstevens,revler1,36
forsen,axel030,2
leonblack,tommyhdribbla,6
clintstevens,atelectasis,7
clintstevens,elkones,1
forsen,vanillah,1
leonblack,sirakain,5
clintstevens,bel_,1
clintstevens,evillute,3
leonblack,sirakain,14
leonblack,sirakain,1
forsen,sachi__,1
clintstevens,quote_me_if_whomps,2
clintstevens,naav,2
dakotaz,crypod,4
clintstevens,mingleedong,24
dakotaz,iamthefifthwind,2
clintstevens,heyitsaeris,58
clintstevens,lovelypookie,6
leonblack,eloquentbambi,1
forsen,vaulttec_representative,2
clintstevens,tiggitz,7
bobross,greenhowitzer,7
bobross,ztj95,3
clintstevens,xshadoww_s,4
clintstevens,elkones,2
clintstevens,xenoda,2
clintstevens,sofeo,1
leonblack,schaltschrank,1
leonblack,lobsterzilla,6
dakotaz,ooohleo,5
bobross,graavyboat,10
leonblack,eloquentbambi,5
leonblack,zeeyee,7
leonblack,ojurb,6
leonblack,zeeyee,6
leonblack,yung_jensill,4
leonblack,fa11enlight,9
leonblack,nostradanus,9
leonblack,graywolves,4
forsen,thepiter333,2
dakotaz,icemanlive1,3
leonblack,rjdoute,2
bobross,salty_the_merciless,1
forsen,pepega_spain2,4
leonblack,fa11enlight,12
leonblack,zlacheem,1
leonblack,ojurb,4
leonblack,rjdoute,5
leonblack,sirakain,3
leonblack,gladbane88,8
leonblack,graywolves,5
forsen,dimensjon,1
leonblack,phaboo,1
forsen,fakrettin,4
leonblack,graywolves,2
leonblack,eloquentbambi,5
leonblack,stergios21mitrakis,1
forsen,snusbot,5
dakotaz,kareemz1,4
leonblack,rjdoute,1
leonblack,beardedrager,1
leonblack,eloquentbambi,4
leonblack,gladbane88,7
leonblack,rjdoute,15
leonblack,zeeyee,1
leonblack,rjdoute,10
leonblack,ojurb,9
forsen,vanillah,2
dakotaz,aka_umut,1
forsen,waterlem0nthefruit,1
leonblack,itsbacon,9
leonblack,darkarceusx,1
leonblack,gladbane88,2
bobross,notthinkingg,1
leonblack,eloquentbambi,2
forsen,snusbot,5
leonblack,eloquentbambi,1
forsen,kotor_is_canon,1
forsen,ezspeezy,5
bobross,notoriouslyso,1
leonblack,qoalas,3
leonblack,sirakain,6
forsen,pig_benis_,1
dakotaz,dominic2007,1
forsen,haslamatias,4
dakotaz,deezordee,11
leonblack,armred,4
dakotaz,jmc2112,1
forsen,pudgegamer,5
bobross,dawningwolf,5
dakotaz,gevede1994,2
forsen,axel030,8
forsen,deatron,4
dakotaz,xxtypicalpatrickxx,4
dakotaz,underated_legend,0
bobross,narumiuwu,1
bobross,darthwolf_,1
dakotaz,the_mr_ree100,7
bobross,king5003,11
bobross,darkworldorder,4
bobross,hydra052,2
forsen,lirtestra,1
bobross,dawningwolf,2
dakotaz,aleciaslayz,9
dakotaz,mrwessa,4
bobross,arsene_lupin,1
bobross,kwarkovic,3
rdulive,stayinmytrapm8,5
rdulive,vomitory92,3
rdulive,half_sole,3
forsen,tony__montana777,1
rdulive,piticultwitch,3
forsen,adstar,2
rdulive,streamelements,7
forsen,haslamatias,1
forsen,yobatf2,2
rdulive,solaniumg,2
rdulive,yenxa,1
forsen,vertipiano,0
dakotaz,xxstunner3_16xx,8
rdulive,thefire_nation,4
forsen,asimovmage,1
rdulive,simylol,12
rdulive,thefire_nation,3
rdulive,thefire_nation,4
forsen,roope_ankka,1
forsen,axel030,1
rdulive,u3517603,11
forsen,abyssion,1
dakotaz,ipsychotis,1
rdulive,weebaygame,5
iam_chappie,zilko_,2
iam_chappie,funky83monkey,3
iam_chappie,funky83monkey,2
iam_chappie,jakevsall,18
iam_chappie,funky83monkey,8
forsen,tehyodo,14
iam_chappie,nightbot,32
bobross,notoriouslyso,1
iam_chappie,jakevsall,6
forsen,cspice,3
iam_chappie,fossilx03,2
iam_chappie,publius0,1
iam_chappie,iamthewarrior7,1
iam_chappie,lilboozy1234,5
iam_chappie,funky83monkey,1
iam_chappie,nightbot,2
iam_chappie,cambiasso,1
iam_chappie,wildaim,1
iam_chappie,jakevsall,15
iam_chappie,publius0,2
iam_chappie,therealbah,10
iam_chappie,nightbot,4
iam_chappie,2muchcrack,2
iam_chappie,thepanfilo,3
iam_chappie,jakevsall,2
iam_chappie,wilthethrilll,2
iam_chappie,therealbah,6
iam_chappie,publius0,11
iam_chappie,jakevsall,5
iam_chappie,euria_,4
forsen,ben3212,1
iam_chappie,nightbot,32
bobross,fulishproductions,1
rdulive,lawreyhd,1
iam_chappie,therealbah,22
iam_chappie,jakevsall,6
forsen,snusbot,16
iam_chappie,graffitigainz,6
dakotaz,tdogg04,3
rdulive,rtheeraser,7
rdulive,kyoonaw,3
forsen,hubertusndf,1
forsen,bourants,1
dakotaz,thenotoriousckh,15
forsen,beza93,3
rdulive,mrvovo,5
rdulive,evyrev,2
rdulive,hadhadl,6
dakotaz,ooohleo,3
forsen,warp_mft,3
iam_chappie,bonkdaconk13,10
dakotaz,ipsychotis,1
iam_chappie,publius0,3
iam_chappie,jaden_smith_eyes,19
iam_chappie,graffitigainz,7
bobross,schwerverletzt,1
rdulive,mrvovo,1
forsen,ydvh,12
rdulive,solaniumg,2
bobross,zlevi1337,1
rdulive,mimirs_fountain,3
rdulive,hionut,10
rdulive,dedooky,2
bobross,mdog_21,1
rdulive,enieo,5
bobross,zlevi1337,5
rdulive,matthieist,4
dakotaz,nightbot,8
bobross,gnomemoretears,4
iam_chappie,echose7en,7
forsen,z_geez,1
forsen,asimovmage,2
iam_chappie,bobbafettishist,7
rdulive,blueyesowl,1
iam_chappie,cota1r,8
iam_chappie,jaden_smith_eyes,3
iam_chappie,graffitigainz,16
iam_chappie,graffitigainz,4
iam_chappie,incogneeto12021,2
iam_chappie,graffitigainz,9
iam_chappie,steviejg,19
iam_chappie,incogneeto12021,4
forsen,mrbheng,2
iam_chappie,niceguy237,12
iam_chappie,tankhealsdps,3
iam_chappie,c9chase,5
iam_chappie,niceguy237,2
bobross,mondik9,7
iam_chappie,nightbot,32
iam_chappie,tankhealsdps,12
forsen,tony__montana777,2
iam_chappie,incogneeto12021,3
dakotaz,nightbot,5
iam_chappie,graffitigainz,8
rdulive,jobbly,1
rdulive,u3517603,5
iam_chappie,tankhealsdps,33
rdulive,ezclappa,3
iam_chappie,incogneeto12021,1
iam_chappie,lil_swoop,9
iam_chappie,incogneeto12021,2
iam_chappie,cambiasso,15
iam_chappie,publius0,5
iam_chappie,angrydragon22,1
iam_chappie,nightbot,5
iam_chappie,publius0,13
iam_chappie,publius0,21
iam_chappie,djtickle,16
iam_chappie,incogneeto12021,1
bobross,livingstontf,1
iam_chappie,fluffypickle28,28
iam_chappie,nightbot,19
iam_chappie,incogneeto12021,1
iam_chappie,lone_wolf__234,14
iam_chappie,legendofpayne,23
iam_chappie,nightbot,32
iam_chappie,lil_swoop,1
rdulive,casie1,1
rdulive,ambitionrl,2
rdulive,lawreyhd,8
dakotaz,xxstunner3_16xx,18
iam_chappie,angrydragon22,1
iam_chappie,incogneeto12021,9
iam_chappie,tdawgo731,3
iam_chappie,incogneeto12021,3
iam_chappie,incogneeto12021,3
iam_chappie,publius0,3
iam_chappie,publius0,1
iam_chappie,angrydragon22,1
iam_chappie,publius0,2
iam_chappie,cambiasso,7
iam_chappie,chadaction,2
iam_chappie,d3levv,2
iam_chappie,ctunrated,4
iam_chappie,uisdeadnow,2
giantwaffle,nerub24,9
forsen,viet___,6
loltyler1,neekeru,5
giantwaffle,twiggeezy,1
forsen,sphnxone,7
giantwaffle,lekipeki,12
loltyler1,tyltedd,4
forsen,some_kind_of_god_of_lolis,20
forsen,dasrit3,7
giantwaffle,verpackung,1
giantwaffle,habitzreuter,2
loltyler1,aznum,2
forsen,some_kind_of_god_of_lolis,20
forsen,uol_is_gooder_than_tsm,10
forsen,dasrit3,16
giantwaffle,eglaer,7
giantwaffle,kruiser,1
loltyler1,ejay424,5
giantwaffle,moobot,3
bobross,beancherry,10
forsen,mecenat,9
forsen,kaffeesahne340,1
giantwaffle,vdbr,1
giantwaffle,toderiox,1
giantwaffle,butonz,1
bobross,x_smite_x,21
loltyler1,stefdzeks00,1
forsen,cringe_ranger,1
loltyler1,notezrea,1
loltyler1,clarolieo,77
forsen,suspensio,1
forsen,kobys_,11
loltyler1,loltrailer1omegalul,1
giantwaffle,ihaveasteak,1
bobross,walkingsleep,1
bobross,quiksand,5
loltyler1,astrozombie01,1
giantwaffle,harelu,1
giantwaffle,xandervr,2
giantwaffle,gball323,2
giantwaffle,tweetyy,2
loltyler1,rexxsai,4
giantwaffle,nevara19,2
forsen,maxquez,19
giantwaffle,dagg0s,1
loltyler1,hixxar,1
loltyler1,hyukoh7,3
forsen,rash1233,4
loltyler1,gishwee,1
forsen,milonia,1
loltyler1,msharrison,1
giantwaffle,power_on_the_way_,1
loltyler1,luxas__,1
bobross,malteje,2
forsen,mozuthegreat,1
giantwaffle,moobot,14
loltyler1,gp__6,1
forsen,kriz1337,2
giantwaffle,solar_reset_,4
loltyler1,rek_sai_only,2
giantwaffle,thesilentknight,3
giantwaffle,xbufferface,6
giantwaffle,murdoc_qb,1
bobross,unitytechnology,4
loltyler1,frank_hm,8
loltyler1,erhaanzee,12
giantwaffle,lotaballs,1
loltyler1,gollum1622,1
giantwaffle,kreiss11,3
forsen,captaincrunched,1
loltyler1,smokedza,1
bobross,ganbin_js,24
forsen,sawigetti2,1
forsen,bigmautain,2
giantwaffle,itsyaboybranden,1
bobross,simplychenable,6
loltyler1,bria37,0
loltyler1,schwagl0rd,3
loltyler1,itsnotsara,9
giantwaffle,awilddavethatstreams,4
loltyler1,themralfek,2
bobross,torachu36,1
bobross,cass_plums,2
loltyler1,falteringrain,2
bobross,pasu,2
forsen,bleachdrinker69420,3
forsen,some_kind_of_god_of_ayaya,9
forsen,soniclettuce,5
giantwaffle,firstclasspvtparts,2
giantwaffle,dantheazn_,6
bobross,genoow,7
giantwaffle,hiookami,2
bobross,bobbyboi,3
bobross,brendaziel,3
giantwaffle,romanempires01,3
giantwaffle,futilewarrior,4
loltyler1,aerosai,3
forsen,johnnyblazex,8
bobross,ashido59,1
giantwaffle,atlas131,8
loltyler1,grizchicago,1
giantwaffle,kaiserwolff,1
giantwaffle,chroumie,1
bobross,moobot,4
loltyler1,themountain1995,2
giantwaffle,datrichardguy,2
loltyler1,quantum__mechanics,1
loltyler1,lolorca,1
giantwaffle,moobot,32
forsen,treeofwood,22
giantwaffle,national89,1
giantwaffle,enumiz,2
giantwaffle,full_bloom,2
chemicaldragoon,sweeswe,1
loltyler1,emendo23,7
forsen,johnnyblazex,6
giantwaffle,ezuki,4
giantwaffle,blacksajin,1
loltyler1,kirby_the_pink,1
giantwaffle,blacksajin,3
bobross,bobbyboi,1
kalashnikovmediatv,waydex,1
loltyler1,stonepaq,1
loltyler1,xhastyd,1
loltyler1,brawnski,2
chemicaldragoon,dylzez,2
bobross,simplychenable,5
loltyler1,varietyler1,4
loltyler1,rowen_42,1
kalashnikovmediatv,inviicz,0
chemicaldragoon,jswalker1220,11
giantwaffle,thelegendarylastpotatoe,3
kalashnikovmediatv,waydex,0
kalashnikovmediatv,inviicz,0
chemicaldragoon,tropycc,20
loltyler1,boostedbonoboi,1
bobross,simplychenable,2
forsen,yadaibich,1
giantwaffle,montysmilez,2
loltyler1,feelsdance,1
loltyler1,dogaman,1
giantwaffle,soultiger777,1
bobross,bobbyboi,2
chemicaldragoon,thestupidityevent,2
giantwaffle,black_matter__,1
chemicaldragoon,bloodtre,4
giantwaffle,enumiz,7
loltyler1,shadowcrimson,6
chemicaldragoon,twitchtvkhaotic,2
kalashnikovmediatv,wilsontopcs,0
giantwaffle,enloch,1
giantwaffle,golfercab,1
kalashnikovmediatv,kapper_ez,0
giantwaffle,stankydanky,1
forsen,caleb223,9
forsen,moonnchild,9
forsen,taro1,9
chemicaldragoon,twitchtvkhaotic,5
chemicaldragoon,dynastyofwolves,4
chemicaldragoon,fgz_dydy,4
forsen,ilay122,4
chemicaldragoon,jthug1n,7
chemicaldragoon,fgz_ryderz,27
forsen,viridis_1311,1
giantwaffle,full_bloom,1
giantwaffle,sainsational,3
chemicaldragoon,aifonex,1
chemicaldragoon,sickblindking,1
chemicaldragoon,twitchtvkhaotic,7
giantwaffle,firstclasspvtparts,2
giantwaffle,lxtures,1
chemicaldragoon,tropycc,4
bobross,zfastech360,8
darksydephil,dsp_t_pose_counter,1
darksydephil,babymangaming123abc,9
darksydephil,johnthefool,7
darksydephil,missgreenstuff,1
darksydephil,weeb_dumass,1
hieggroll,moobot,6
giantwaffle,delta3388,1
chemicaldragoon,itsyhboidysr,5
loltyler1,kappathe3rd,4
chemicaldragoon,sightfn,5
loltyler1,summit1gbiggestfan,4
darksydephil,wdayday,1
loltyler1,suggadaddy07,13
darksydephil,fluttershy1970,2
darksydephil,thegoodluckking,1
darksydephil,grazydream,3
loltyler1,supersanic456,2
darksydephil,missgreenstuff,6
darksydephil,babymangaming123abc,5
darksydephil,oguguaanunoby,7
darksydephil,weeb_dumass,1
darksydephil,yung_remy,13
darksydephil,djsandex,2
darksydephil,salmonberry_falconhole,10
darksydephil,stooopid_dood,1
darksydephil,properpangolin,2
darksydephil,dkpgames,6
darksydephil,wealthyentrepreneur78,1
giantwaffle,preciouslarvabanjo,2
darksydephil,grazydream,2
darksydephil,dsp_t_pose_counter,7
bobross,deh_quack,1
darksydephil,missgreenstuff,5
darksydephil,babymangaming123abc,4
darksydephil,hero2zerooo,2
hieggroll,cheesytot935,9
darksydephil,analyzedx69,1
darksydephil,babymangaming123abc,2
darksydephil,thegoodluckking,5
giantwaffle,duff2487,3
giantwaffle,nikopss,4
forsen,snusbot,11
giantwaffle,vortecks__,3
loltyler1,krazystanbg,1
giantwaffle,stunnnade,1
chemicaldragoon,shelome,9
giantwaffle,persalmon,1
giantwaffle,therock607,3
bobross,mrbeastisg0d,5
loltyler1,nightbot,25
hieggroll,cheesytot935,21
chemicaldragoon,sweeswe,3
loltyler1,jordan420,1
hieggroll,cheesytot935,11
chemicaldragoon,shelome,5
giantwaffle,datrichardguy,6
giantwaffle,cpt_golfz,1
loltyler1,k3irving,2
loltyler1,nightbot,5
giantwaffle,phillips1337,7
hieggroll,cheesytot935,8
giantwaffle,synthwaveking,0
forsen,culkin_,1
cuppcaake,richie12232,3
loltyler1,stickey4,1
cuppcaake,napsta_block,1
bobross,mrikea_commentates,3
cuppcaake,overwatchlibrarian,23
chemicaldragoon,chopperlm,8
cuppcaake,blazegow,3
cuppcaake,mang0_sk,6
bobross,plorris,1
loltyler1,mrbilbo_baggins,4
cuppcaake,merlotlo,7
cuppcaake,floogle,5
cuppcaake,mooncat457,1
cuppcaake,notaname7901,3
loltyler1,orangepeanuthead,2
giantwaffle,r3verend,12
giantwaffle,lurkingzombie,2
loltyler1,taxseasoning,1
forsen,mr_nobodo,2
loltyler1,elwarriorjg,20
giantwaffle,xflame,1
loltyler1,dox_ret,4
loltyler1,krillzo,18
loltyler1,starspliter,1
hieggroll,muratilhan_23,1
giantwaffle,marfrio,1
chemicaldragoon,lexurrr_,2
chemicaldragoon,tcrom_,10
chemicaldragoon,superpatata2,8
chemicaldragoon,bloodtre,4
giantwaffle,mashuti,9
bobross,resurrection_hell,3
giantwaffle,wooli,10
giantwaffle,nibnalin,10
kalashnikovmediatv,russiannongrat,0
chemicaldragoon,nightbot,10
giantwaffle,theopticnoob,1
giantwaffle,chroumie,1
chemicaldragoon,tcrom_,10
chemicaldragoon,syntax_trash,2
giantwaffle,tlk___,3
forsen,liquidator_lol,1
bobross,nofiltersony,5
forsen,trihard_yoinker,3
chemicaldragoon,sightfn,5
kalashnikovmediatv,blits2233,0
bobross,laubylosh,2
giantwaffle,verb0sity,6
bobross,jackai,2
giantwaffle,zackilicious,1
chemicaldragoon,chopperlm,15
chemicaldragoon,tjader,3
chemicaldragoon,tjader,5
hieggroll,rtotony,3
kalashnikovmediatv,ricardoins,1
chemicaldragoon,sightfn,5
forsen,rheno142,1
chemicaldragoon,sightfn,27
forsen,thethinur,3
chemicaldragoon,dynastyofwolves,5
forsen,vilarya,2
chemicaldragoon,fgz_dydy,2
giantwaffle,dusk_kn1ght,1
chemicaldragoon,knightmarefart,4
giantwaffle,mumonz,7
forsen,hassnastyy,1
chemicaldragoon,dynastyofwolves,5
forsen,hi134chi,1
forsen,paugin,6
kalashnikovmediatv,moobot,3
giantwaffle,frooonti,12
bobross,esheep,1
bobross,saihberg,13
forsen,karatekeks27,5
bobross,nofiltersony,10
giantwaffle,3py0n,7
giantwaffle,kometsans,10
giantwaffle,cruduxy,6
giantwaffle,azathoph,2
giantwaffle,krispo123,21
bobross,carpo97x,2
chemicaldragoon,exoticblast586,10
chemicaldragoon,jtthegreat2018,2
chemicaldragoon,jtthegreat2018,3
forsen,ptitjo97,1
forsen,baehjer57,1
chemicaldragoon,isaaclangan1,2
bobross,the1andonlystarman,1
bobross,jexxpants,1
chemicaldragoon,sightfn,9
chemicaldragoon,jtthegreat2018,1
bobross,iisawesome14,1
bobross,zeldorino,1
chemicaldragoon,chopperlm,12
giantwaffle,715209,1
bobross,yagamiunbridled,0
bobross,clem________,8
chemicaldragoon,persiasquad,8
giantwaffle,sliverking,5
giantwaffle,hecticspaniard,1
bobross,esheep,8
bobross,makable,3
chemicaldragoon,xxjmand28xx,12
bobross,sunnnyftw,5
bobross,carpo97x,1
chemicaldragoon,exoticblast586,1
giantwaffle,mcfarmer,1
giantwaffle,miugis,3
bobross,satomi_kazokyo,4
bobross,jasperjoppi,6
giantwaffle,brainbottle,1
giantwaffle,jitz10,1
giantwaffle,toonvincke,3
giantwaffle,3q3r,1
giantwaffle,dapram,5
giantwaffle,papachabo,4
chemicaldragoon,flickzfps,10
giantwaffle,shadowbreakerr,14
chemicaldragoon,xxjmand28xx,2
chemicaldragoon,hass9k,6
chemicaldragoon,reioadz_,16
giantwaffle,dapram,3
bobross,silfverberg_33,7
bobross,simplychenable,6
giantwaffle,iamjellyking,7
chemicaldragoon,carlauo,4
chemicaldragoon,sightfn,5
chemicaldragoon,fgz_dydy,2
chemicaldragoon,fgz_dydy,6
giantwaffle,bammboodle,9
chemicaldragoon,bloodtre,22
chemicaldragoon,dynastyofwolves,5
chemicaldragoon,gsanderzyt,4
hieggroll,stporoshenko,10
hieggroll,moobot,6
bustaj,ramosisking,1
bustaj,ramosisking,1
bustaj,ramosisking,4
bustaj,prettikittii,14
bustaj,ramosisking,6
bustaj,prettikittii,5
bustaj,prettikittii,4
bustaj,apollord,3
bustaj,apollord,2
bustaj,prettikittii,1
bustaj,ramosisking,1
bustaj,apollord,8
bustaj,ramosisking,1
bustaj,bustaj_bot,13
bustaj,ramosisking,5
bustaj,prettikittii,16
bustaj,bustaj_bot,9
bustaj,apollord,12
bustaj,apollord,11
bustaj,prettikittii,6
bustaj,apollord,1
bustaj,apollord,6
bustaj,prettikittii,11
bustaj,prettikittii,17
bustaj,prettikittii,1
bustaj,apollord,7
bustaj,prettikittii,8
bustaj,prettikittii,4
bustaj,apollord,5
bustaj,prettikittii,16
bustaj,prettikittii,7
bustaj,duckzgo,20
bustaj,duckzgo,9
bustaj,duckzgo,6
bustaj,prettikittii,10
bustaj,duckzgo,4
bustaj,prettikittii,2
bustaj,duckzgo,3
bustaj,prettikittii,5
bustaj,kanzl0l,1
bustaj,bustaj_bot,10
bustaj,duckzgo,19
bustaj,apollord,4
bustaj,duckzgo,11
bustaj,apollord,14
bustaj,duckzgo,6
bustaj,bustaj_bot,13
bustaj,joeldeus,3
bustaj,prettikittii,19
bustaj,joeldeus,5
bustaj,duckzgo,21
bustaj,yellowfreak2,16
bustaj,apollord,6
bustaj,yellowfreak2,10
bustaj,smooshbunch,14
bustaj,prettikittii,2
bustaj,yumpickles,5
bustaj,therealokulis,5
bustaj,smooshbunch,10
bustaj,therealokulis,8
bustaj,abscond,1
bustaj,ghostdaddy,2
bustaj,prettikittii,2
bustaj,yumpickles,13
bustaj,prettikittii,12
bustaj,ghostdaddy,2
bustaj,yumpickles,8
bustaj,prettikittii,7
bustaj,ghostdaddy,3
bustaj,therealokulis,6
bustaj,duckzgo,13
bustaj,yumpickles,7
bustaj,duckzgo,10
bustaj,ghostdaddy,1
bustaj,yumpickles,15
bustaj,yumpickles,7
bustaj,duckzgo,31
bustaj,ghostdaddy,4
bustaj,yumpickles,18
bustaj,i_am_sim,14
bustaj,duckzgo,8
bustaj,ghostdaddy,12
bustaj,duckzgo,11
bustaj,duckzgo,8
bustaj,yumpickles,3
bustaj,duckzgo,4
bustaj,ordinaryorder,15
bustaj,yumpickles,12
bustaj,duckzgo,15
bustaj,ordinaryorder,6
bustaj,yumpickles,10
bustaj,caryn12,7
bustaj,duckzgo,8
bustaj,caryn12,14
bustaj,duckzgo,22
bustaj,gaffaontwitch,4
bustaj,yumpickles,15
bustaj,apollord,12
bustaj,apollord,10
bustaj,yumpickles,10
bustaj,ordinaryorder,13
bustaj,duckzgo,12
bustaj,ordinaryorder,1
bustaj,gaffaontwitch,2
bustaj,usedpapercup,1
bustaj,usedpapercup,2
bustaj,duckzgo,18
bustaj,yumpickles,9
bustaj,duckzgo,5
bustaj,yumpickles,4
bustaj,yumpickles,8
bustaj,yumpickles,8
bustaj,usedpapercup,20
bustaj,usedpapercup,8
bustaj,yumpickles,2
bustaj,yumpickles,13
bustaj,nicaragua00,17
bustaj,nicaragua00,6
bustaj,yumpickles,15
bustaj,duckzgo,28
bustaj,apollord,6
bustaj,resresb,4
bustaj,mansion416,5
bustaj,nicaragua00,15
bustaj,resresb,1
bustaj,resresb,1
bustaj,apollord,5
bustaj,lethomasb,24
bustaj,yumpickles,9
bustaj,mansion416,11
bustaj,lethomasb,3
bustaj,prettikittii,8
bustaj,bustaj_bot,19
bustaj,lethomasb,1
bustaj,bustaj_bot,19
bustaj,yumpickles,4
bustaj,yumpickles,6
bustaj,usedpapercup,4
bustaj,apollord,10
bustaj,prettikittii,2
bustaj,yumpickles,3
bustaj,resresb,7
bustaj,iorchestrate,5
bustaj,resresb,1
bustaj,yumpickles,6
bustaj,apollord,1
bustaj,resresb,1
bustaj,yumpickles,12
bustaj,prettikittii,23
bustaj,yumpickles,4
bustaj,prettikittii,8
bustaj,nicaragua00,3
bustaj,usedpapercup,5
bustaj,prettikittii,3
bustaj,prettikittii,3
bustaj,mansion416,9
bustaj,lethomasb,18
bustaj,nicaragua00,7
bustaj,ordinaryorder,6
bustaj,yumpickles,6
bustaj,resresb,4
bustaj,prettikittii,4
bustaj,resresb,1
bustaj,prettikittii,13
bustaj,resresb,1
bustaj,nicaragua00,4
bustaj,yumpickles,1
bustaj,gaffaontwitch,1
bustaj,yumpickles,8
bustaj,bustaj_bot,18
bustaj,usedpapercup,5
bustaj,prettikittii,7
bustaj,yumpickles,15
bustaj,apollord,10
bustaj,prettikittii,5
bustaj,nicaragua00,5
bustaj,merlinjsh,1
bustaj,bustaj_bot,10
bustaj,apollord,30
bustaj,mansion416,3
bustaj,yumpickles,1
bustaj,yumpickles,6
bustaj,nicaragua00,10
bustaj,yumpickles,6
bustaj,yumpickles,8
bustaj,mansion416,11
bustaj,gaffaontwitch,1
bustaj,mansion416,11
bustaj,yumpickles,9
bustaj,mansion416,4
bustaj,yumpickles,1
bustaj,yumpickles,9
bustaj,mansion416,3
bustaj,prettikittii,4
bustaj,yumpickles,5
bustaj,gr8ful_dad,2
bustaj,yumpickles,5
bustaj,nicaragua00,3
bustaj,yumpickles,12
bustaj,prettikittii,2
bustaj,kryptpoker,4
bustaj,mansion416,13
bustaj,mansion416,4
bustaj,yumpickles,1
bustaj,yumpickles,4
bustaj,mansion416,3
bustaj,prettikittii,15
bustaj,gaffaontwitch,1
bustaj,nicaragua00,35
bustaj,prettikittii,5
bustaj,yumpickles,5
bustaj,yumpickles,5
bustaj,mansion416,3
bustaj,nicaragua00,27
bustaj,usedpapercup,7
bustaj,usedpapercup,5
bustaj,usedpapercup,8
bustaj,yumpickles,8
bustaj,prettikittii,0
bustaj,prettikittii,1
bustaj,5hahan,3
bustaj,5hahan,1
bustaj,bustaj_bot,24
bustaj,apollord,4
bustaj,nicaragua00,6
bustaj,prettikittii,3
bustaj,yumpickles,4
bustaj,yumpickles,7
bustaj,mansion416,11
bustaj,yumpickles,10
bustaj,prettikittii,5
bustaj,nicaragua00,14
bustaj,bustaj_bot,16
bustaj,nicaragua00,18
bustaj,yumpickles,5
bustaj,prettikittii,9
bustaj,sardlne,6
bustaj,yumpickles,6
bustaj,prettikittii,3
bustaj,prettikittii,1
bustaj,prettikittii,4
bustaj,yumpickles,6
bustaj,sardlne,9
giantwaffle,trickyraid,4
bustaj,gaffaontwitch,1
bustaj,yumpickles,1
bustaj,yumpickles,6
bustaj,icepinklemonade,4
bustaj,yumpickles,5
xqcow,timotheeh,2
bustaj,usedpapercup,5
bustaj,zeddyhs,4
giantwaffle,nuuf,4
xqcow,prometheanow,2
bustaj,prettikittii,16
bustaj,nicaragua00,8
bustaj,zeddyhs,2
xqcow,baz_oh,0
bustaj,prettikittii,11
xqcow,gnatr6,3
bustaj,lethomasb,17
xqcow,fossabot,22
giantwaffle,rawrsong,4
bustaj,zeddyhs,6
giantwaffle,kayutooo,1
giantwaffle,mister_introductory,3
bustaj,usedpapercup,4
bustaj,philter,8
bustaj,usedpapercup,10
bobross,grafkaufkraft,1
bustaj,mansion416,5
bustaj,lethomasb,19
bustaj,prettikittii,6
bustaj,mansion416,4
giantwaffle,dybbro26,3
bustaj,yumpickles,1
bustaj,mansion416,6
bustaj,mansion416,4
bustaj,prettikittii,11
bustaj,mansion416,15
bustaj,usedpapercup,5
bobross,sammythemutt,2
xqcow,vincentcrazyyyyyy,3
giantwaffle,zebrasarasa,1
giantwaffle,codyi,1
bustaj,philter,2
bustaj,prettikittii,4
bustaj,yumpickles,12
giantwaffle,blazeorite,1
bustaj,philter,11
bustaj,prettikittii,7
giantwaffle,showtimeatylers88,6
bustaj,prettikittii,14
giantwaffle,egorlass,2
bustaj,prettikittii,21
giantwaffle,qwyit,1
giantwaffle,jared948,4
xqcow,gazroz,3
bustaj,prettikittii,8
bustaj,prettikittii,3
giantwaffle,guarcer,1
bustaj,prettikittii,13
bustaj,mansion416,6
giantwaffle,propermurderu,1
bustaj,philter,9
bustaj,ovoldox,12
xqcow,manateeus,1
giantwaffle,thedarksoldiercl,4
bustaj,philter,2
giantwaffle,zuilde,1
giantwaffle,bigbaddan0,3
bustaj,philter,8
bustaj,gaffaontwitch,1
bustaj,mansion416,4
bustaj,prettikittii,5
bustaj,prettikittii,3
giantwaffle,nicklesj,3
bustaj,prettikittii,7
bustaj,mansion416,8
giantwaffle,katchfraze,1
bustaj,philter,15
bustaj,prettikittii,9
giantwaffle,figaaa,2
bustaj,prettikittii,8
giantwaffle,afkcodemonkey,1
giantwaffle,jonas_,1
bobross,elite_soba,12
xqcow,solve_me,0
xqcow,vanishyi,1
bustaj,philter,19
bobross,nightnate1024,1
giantwaffle,docx118,1
giantwaffle,thinklike,1
bustaj,mansion416,6
xqcow,eifelheim,1
xqcow,xteeroex3,1
giantwaffle,janaasaas,4
bustaj,prettikittii,5
giantwaffle,fadamaka,1
giantwaffle,sir_bacongaming,2
xqcow,genesishero_,1
bustaj,philter,3
bustaj,bama9,16
giantwaffle,samuraixi,1
bobross,nightnate1024,2
bustaj,bustaj_bot,10
bustaj,prettikittii,1
bustaj,mansion416,4
bustaj,bustaj_bot,16
bustaj,prettikittii,1
bustaj,prettikittii,3
bustaj,prettikittii,9
giantwaffle,umper_,1
bobross,ryanjaz,10
bustaj,philter,2
bustaj,philter,2
bustaj,prettikittii,9
bustaj,prettikittii,3
bustaj,philter,4
xqcow,batjoke25,6
bustaj,bama9,1
bustaj,philter,2
bobross,r17411n,3
bustaj,doublearon902,1
xqcow,k_exists,3
bustaj,bustaj_bot,10
bustaj,philter,5
xqcow,indiaraj,1
giantwaffle,nickonil,17
bobross,charmzorz,9
bustaj,prettikittii,1
bustaj,philter,7
giantwaffle,fbiwearamagnum,1
giantwaffle,simplyjet,1
giantwaffle,plmnko543,1
giantwaffle,hello_isaac,3
bustaj,drsaltersonn,30
bustaj,worstnidoce,7
giantwaffle,zenultracrepidarians,1
bustaj,usedpapercup,10
bustaj,usedpapercup,1
bustaj,usedpapercup,4
xqcow,mailsy,1
bustaj,keke87cc,1
bobross,jukenthebox,2
giantwaffle,smellygoatz,2
bustaj,philter,3
giantwaffle,lorddavarius,2
bustaj,bustaj_bot,13
bustaj,drsaltersonn,14
bustaj,philter,2
bustaj,philter,1
bobross,rankadoodle,1
xqcow,paprikarow,12
xqcow,voidolt,2
bustaj,hutch6060,1
bustaj,bustaj_bot,8
bustaj,bustaj_bot,9
giantwaffle,hykisho,7
bustaj,rizen_hs,2
bustaj,bustaj_bot,8
xqcow,tocinah,1
xqcow,dapurpleturtle2,2
bobross,powpit,1
bobross,heyzybaby,1
bustaj,bujabeza,3
bustaj,philter,2
bustaj,abscond,1
bustaj,philter,5
bobross,djostin,4
bobross,sammythemutt,6
bustaj,abscond,7
bobross,jaybird____,5
bobross,avgunknown,7
xqcow,toastymofo,2
xqcow,hamxd,1
bobross,nasaan,19
bustaj,chris_thundercock,18
bustaj,zcheshyre,5
bustaj,philter,5
bustaj,philter,10
bustaj,mopperhoss,13
bustaj,philter,5
bustaj,synevil,1
bustaj,synevil,2
giantwaffle,jmper,4
bustaj,prettikittii,14
xqcow,dr_owl,48
bustaj,synevil,6
bustaj,philter,2
bustaj,synevil,5
giantwaffle,breceluu,5
giantwaffle,duskchills,2
bustaj,synevil,10
giantwaffle,unluckyseven,4
bustaj,trihard_from_france,4
xqcow,darjoot,1
bustaj,synevil,10
bustaj,philter,6
bustaj,j_tmorales,8
xqcow,dory_,0
bustaj,prettikittii,6
bustaj,bujabeza,9
xqcow,ishqwn,10
bustaj,drsaltersonn,19
xqcow,its_zak,1
bobross,thejerusalemman,2
giantwaffle,dmgvol,2
xqcow,thetankxpert,1
bustaj,synevil,10
bustaj,drsaltersonn,3
xqcow,em7eet,1
xqcow,asiank0ala,1
xqcow,chickenuggerr,2
bustaj,synevil,9
giantwaffle,ambi7ion,5
bustaj,synevil,8
bobross,clapattacker69,2
bustaj,drsaltersonn,9
bustaj,trihard_from_france,3
bustaj,mopperhoss,11
bobross,dragonscale1992,6
giantwaffle,unluckyseven,2
bustaj,worstnidoce,5
bustaj,trihard_from_france,7
xqcow,tirellius,1
bustaj,prettikittii,17
bustaj,ramosisking,4
bobross,captaincanuck11,1
bobross,andinis,6
bobross,chunkygamin,7
xqcow,d_a_r_l_i_n_g,1
xqcow,runedweller,4
bustaj,drsaltersonn,10
bustaj,prettikittii,21
bustaj,mopperhoss,13
bobross,nasaan,7
giantwaffle,moobot,8
bustaj,synevil,23
bustaj,synevil,8
xqcow,aiksvartgul,1
bustaj,prettikittii,6
giantwaffle,rubylooper,1
bustaj,bustaj_bot,16
bobross,mcbolas,3
giantwaffle,xxnicety1xx,1
bobross,r17411n,13
giantwaffle,fooker,7
xqcow,rottnsox,1
bobross,presence_eternal,1
giantwaffle,sr_wov,1
bustaj,justinwjj,2
giantwaffle,simonj621,1
bustaj,icepinklemonade,10
xqcow,procodoiii,0
bustaj,mopperhoss,19
giantwaffle,mnbxnaga,3
giantwaffle,tatrip,2
giantwaffle,uenvyofficial,1
bustaj,synevil,3
bustaj,blackbak,6
xqcow,ch4risma1,1
giantwaffle,jfrost6,1
lillypain,lvlalik,1
lillypain,lillypain,2
xqcow,santiohyeah2,5
lillypain,lvlalik,1
bustaj,drsaltersonn,9
bustaj,drsaltersonn,4
lillypain,lillypain,4
lillypain,lillypain,2
lillypain,lvlalik,1
lillypain,lvlalik,1
bustaj,blackbak,10
giantwaffle,masterofcringe,1
bustaj,blackbak,4
bustaj,bustaj_bot,13
bustaj,blackbak,4
bobross,imwadeyo,1
xqcow,reallarz,2
giantwaffle,kittyeval,6
bustaj,j_tmorales,1
bustaj,blackbak,10
giantwaffle,earthpig2,2
xqcow,hexiusmaximus,4
bobross,crayzsoul34,5
giantwaffle,hallunic,2
giantwaffle,shikaku09,2
bustaj,zaelisia,9
giantwaffle,uggens,1
giantwaffle,bdaguy,5
bustaj,zaelisia,18
lillypain,bylboteebagginz,3
lillypain,bylboteebagginz,15
giantwaffle,forestgumo,2
giantwaffle,teary_gamer,4
bustaj,prettikittii,1
giantwaffle,getrektplebs,4
bobross,lemimique,1
bustaj,zaelisia,15
giantwaffle,draxos_,9
bustaj,ndjskdnksksl,3
bustaj,ndjskdnksksl,4
bustaj,abscond,1
bustaj,stormcrowcentral,1
giantwaffle,nosillla,1
bustaj,stormcrowcentral,1
bustaj,chris_thundercock,2
bustaj,abscond,1
xqcow,moistsaltsminion,2
bustaj,stormcrowcentral,16
bobross,schitstainn,1
bobross,glimmlord,3
giantwaffle,solidlysnake,3
giantwaffle,rbot316,1
bustaj,chris_thundercock,2
bustaj,worstnidoce,5
xqcow,adventuresoflife,16
xqcow,subscroof,1
bustaj,icepinklemonade,1
bustaj,bustaj_bot,10
xqcow,mmwwmmwwmmwwmwmwwmwwmwwmw,1
bustaj,chris_thundercock,33
bustaj,yumpickles,1
bustaj,prettikittii,1
bustaj,yumpickles,14
bustaj,yumpickles,8
bustaj,chris_thundercock,10
bustaj,philter,4
bustaj,yumpickles,7
bustaj,alwaysquads,6
bustaj,philter,1
giantwaffle,pband1256,2
bobross,bindox,15
bustaj,prettikittii,3
bustaj,yumpickles,11
bustaj,mopperhoss,9
xqcow,ch4risma1,1
giantwaffle,soultiger777,1
bustaj,yumpickles,9
xqcow,vaollan,2
giantwaffle,icantwaittodiealone,6
bobross,wateringcan2,7
bustaj,yumpickles,8
bustaj,yumpickles,3
bustaj,chris_thundercock,3
bustaj,yumpickles,1
bustaj,bustaj_bot,19
xqcow,colonel_rookie,3
xqcow,monsieurclavet,2
bustaj,chris_thundercock,2
giantwaffle,goru1221,1
xqcow,problematik9001,5
giantwaffle,drwinston0boogie,2
bobross,r3dmandoto,10
bustaj,cloudyhs,5
xqcow,wrathprayer,1
bustaj,joeldeus,9
xqcow,rackpatt,2
bustaj,zyrios7,4
giantwaffle,nicklesj,2
bustaj,zyrios7,1
bustaj,zyrios7,1
giantwaffle,skygtr350,4
giantwaffle,parmesiani,8
xqcow,crysrng,5
bustaj,famine_tv,4
xqcow,rheno142,6
xqcow,dory_,1
bustaj,abscond,4
bustaj,abscond,3
bustaj,famine_tv,7
bustaj,drsaltersonn,3
xqcow,kecil,2
bustaj,zyrios7,7
bustaj,zyrios7,7
xqcow,ansonx10,2
bustaj,drsaltersonn,9
giantwaffle,cashbandico0t,1
giantwaffle,wakoi,3
xqcow,imbluetrust,3
giantwaffle,dagmoo,13
xqcow,michaelcreed1,1
xqcow,seouljah_boi,40
bobross,theprophit,2
xqcow,0________________________,1
bobross,kidopog,1
giantwaffle,zodiak032,9
giantwaffle,sakiru,5
bobross,monsieurmann,5
giantwaffle,butterwhales,1
xqcow,solutoooo,18
lillypain,xxsammyii,1
lillypain,xxsammyii,1
lillypain,lillypain,2
bobross,iqof22,2
lillypain,xxsammyii,2
lillypain,lillypain,7
lillypain,lillypain,5
lillypain,xxsammyii,4
lillypain,lillypain,11
lillypain,lillypain,10
lillypain,xxsammyii,10
lillypain,xxsammyii,3
lillypain,myelomia0,1
xqcow,homelesssmurf,1
lillypain,lillypain,4
lillypain,lillypain,14
lillypain,punchahpack,1
lillypain,xxsammyii,1
lillypain,lillypain,7
bobross,minovskyflight,7
giantwaffle,alonefliz,2
lillypain,lillypain,6
lillypain,lillypain,8
lillypain,myelomia0,6
lillypain,lillypain,4
lillypain,mimisoo27,4
lillypain,lillypain,10
bustaj,prettikittii,1
bustaj,bustaj_bot,8
bustaj,pascoahs,1
bustaj,pascoahs,7
bustaj,prettikittii,21
xqcow,nezhai,0
lillypain,myelomia0,9
bobross,ya_boy_thicc,4
lillypain,myelomia0,2
xqcow,lazy_trihard,1
giantwaffle,imskillig,1
bobross,mcbolas,2
bustaj,26stacks,2
giantwaffle,cashbandico0t,3
bobross,frankvyne,1
bobross,ya_boy_thicc,10
lillypain,myelomia0,6
giantwaffle,flexcellentt,3
lillypain,punchahpack,5
bobross,eventfulbowl279,1
bustaj,duckzgo,5
lillypain,myelomia0,2
bobross,realbarbaerchen,0
lillypain,bigsips,10
giantwaffle,rawrinyourface,4
bustaj,worstnidoce,2
lillypain,bigsips,7
giantwaffle,jeffrodeathrow,2
lillypain,lillypain,1
lillypain,myelomia0,3
lillypain,highimmike1,8
lillypain,highimmike1,1
bustaj,gaverion,9
lillypain,lillypain,8
bustaj,drsaltersonn,31
bustaj,nowhitelighters,3
lillypain,highimmike1,2
lillypain,highimmike1,4
giantwaffle,virety,5
lillypain,highimmike1,8
giantwaffle,upgradedbobby,1
lillypain,jmeyerphotos,11
giantwaffle,humpierpablo22,1
lillypain,highimmike1,5
lillypain,highimmike1,7
lillypain,highimmike1,3
lillypain,highimmike1,2
xqcow,julztorm,1
bustaj,zyrios7,5
lillypain,heyitslonestar,2
lillypain,highimmike1,7
lillypain,lillypain,2
bobross,simmonds91,2
bustaj,zyrios7,4
lillypain,punchahpack,5
lillypain,highimmike1,1
giantwaffle,fournoah,10
lillypain,officialmrd_kn,2
lillypain,highimmike1,1
bustaj,gaverion,6
xqcow,gertss,1
bustaj,gaverion,9
bustaj,snazzberries33,1
xqcow,godawgs1825,12
giantwaffle,zest249,7
bustaj,bustaj_bot,19
lillypain,jmeyerphotos,2
lillypain,jmeyerphotos,2
xqcow,hitm4n639,1
lillypain,highimmike1,5
xqcow,thegreatpanda,1
xqcow,mundmen,32
giantwaffle,kronovi,1
bustaj,zyrios7,13
lillypain,punchahpack,5
lillypain,kezzybear242,0
lillypain,highimmike1,2
xqcow,speeedboooost,0
lillypain,strangelevel,1
lillypain,bigsips,1
lillypain,highimmike1,1
lillypain,lillypain,1
lillypain,highimmike1,2
lillypain,lillypain,2
lillypain,bigsips,1
xqcow,shwobble,1
lillypain,highimmike1,8
lillypain,lillypain,5
lillypain,highimmike1,0
lillypain,lillypain,6
lillypain,lillypain,12
lillypain,bigsips,2
lillypain,bigsips,3
bustaj,caryn12,7
lillypain,lvlalik,1
lillypain,highimmike1,8
lillypain,highimmike1,1
xqcow,vincentcrazyyyyyy,0
lillypain,bigsips,4
bustaj,sardlne,7
bustaj,sardlne,6
bustaj,sardlne,5
xqcow,lilcarlos,1
xqcow,akumagaminghd,2
lillypain,bigsips,1
xqcow,dankline,3
lillypain,bigsips,8
bustaj,caryn12,10
bustaj,bustaj_bot,16
bobross,coolcidprod,11
lillypain,lillypain,3
lillypain,bigsips,23
lillypain,lillypain,10
lillypain,punchahpack,5
lillypain,bigsips,4
bobross,r17411n,3
lillypain,bigsips,30
giantwaffle,mythicthunder,16
bustaj,zanaoria123,1
lillypain,bigsips,3
bustaj,caryn12,3
lillypain,bigsips,9
giantwaffle,siiverknight,1
bustaj,zanaoria123,1
lillypain,bigsips,1
lillypain,bigsips,1
lillypain,bigsips,4
xqcow,ansonx10,2
xqcow,soenyo,6
xqcow,taisenpai_,1
bustaj,caryn12,16
lillypain,lillypain,1
lillypain,bigsips,2
lillypain,bigsips,3
giantwaffle,smolander,1
giantwaffle,gawlfer,5
giantwaffle,cocobytes,2
lillypain,punchahpack,2
bustaj,bustaj_bot,13
lillypain,bigsips,6
lillypain,johnmatt144,10
bustaj,caryn12,11
lillypain,bigsips,1
bustaj,caryn12,6
lillypain,bigsips,6
lillypain,johnmatt144,13
lillypain,bigsips,2
giantwaffle,jack_l0,4
bustaj,caryn12,12
giantwaffle,insighterio,2
lillypain,johnmatt144,19
bustaj,zanaoria123,7
lillypain,lillypain,2
bustaj,zanaoria123,7
lillypain,lillypain,10
giantwaffle,r0bzki,2
lillypain,lillypain,9
xqcow,smoodietwoshoes,1
lillypain,johnmatt144,31
lillypain,johnmatt144,5
lillypain,lillypain,10
giantwaffle,sithius75,9
xqcow,deandrethegamer0,0
bustaj,caryn12,7
xqcow,merlograsso,0
bustaj,caryn12,6
bustaj,caryn12,4
lillypain,johnmatt144,5
bustaj,zanaoria123,3
bustaj,caryn12,11
bustaj,bujabeza,7
lillypain,lillypain,8
xqcow,mightyoaks,1
lillypain,johnmatt144,13
giantwaffle,cpufreezer,4
giantwaffle,beatenbyanoob,2
bustaj,worstnidoce,6
lillypain,mimisoo27,1
bustaj,rlapsesc,1
giantwaffle,deepdish_pizza,1
lillypain,punchahpack,5
giantwaffle,fcmotive,2
bustaj,zanaoria123,4
bustaj,mopperhoss,8
bustaj,rlapsesc,12
xqcow,rouben,1
bustaj,worstnidoce,1
bustaj,worstnidoce,1
lillypain,lillypain,13
xqcow,sitandrotate,1
lillypain,bigsips,4
lillypain,bigsips,14
giantwaffle,janaasaas,1
lillypain,johnmatt144,6
xqcow,jasminehit,13
giantwaffle,blainztil,4
bustaj,bustaj_bot,13
bustaj,caryn12,8
bustaj,zanaoria123,4
bustaj,tomatikosiki,3
bustaj,bustaj_bot,8
xqcow,volknner,42
giantwaffle,synthwaveking,1
bustaj,zanaoria123,5
giantwaffle,ctroebke,1
bustaj,caryn12,6
giantwaffle,kronovi,1
bustaj,rlapsesc,4
giantwaffle,zxmbieking,1
giantwaffle,serpentra,2
bustaj,mopperhoss,4
bustaj,caryn12,6
bustaj,caryn12,0
giantwaffle,halloer,1
bustaj,caryn12,5
bustaj,tomatikosiki,0
giantwaffle,vortecks__,5
giantwaffle,ecu_55,2
giantwaffle,itsbotzilla,1
bustaj,mopperhoss,1
xqcow,binkelderg,1
lillypain,lvlalik,0
giantwaffle,reppystyle,2
bustaj,zanaoria123,2
bustaj,mopperhoss,3
lillypain,punchahpack,5
xqcow,glveme1second,2
bustaj,tomatikosiki,0
giantwaffle,tanaros,8
giantwaffle,bombz_tv,2
lillypain,strangelevel,1
lillypain,heyitslonestar,2
lillypain,tkoctwitchlife,2
bustaj,icepinklemonade,6
lillypain,tkoctwitchlife,2
giantwaffle,dutrockbridge,1
lillypain,highimmike1,7
lillypain,highimmike1,4
lillypain,tkoctwitchlife,9
lillypain,tkoctwitchlife,2
lillypain,lillypain,2
giantwaffle,koonival,4
bustaj,rlapsesc,18
bustaj,caryn12,9
xqcow,jann_jann,0
giantwaffle,tacomaster_27,1
bustaj,kippenkurbler,9
xqcow,dory_,18
bustaj,zanaoria123,2
bustaj,icepinklemonade,9
giantwaffle,vindeeg,2
giantwaffle,viper475,3
bustaj,worstnidoce,4
bustaj,caryn12,16
bustaj,mopperhoss,16
bustaj,rlapsesc,10
giantwaffle,l0ng_xd,1
lillypain,punchahpack,1
giantwaffle,lunaticcyclone,2
bustaj,caryn12,12
bustaj,caryn12,7
xqcow,terminus345,1
bustaj,caryn12,7
xqcow,cmonbr_omegalul,1
bustaj,worstnidoce,5
bustaj,icepinklemonade,3
giantwaffle,dagmoo,1
xqcow,cyberwarriorz,4
lillypain,tkoctwitchlife,6
lillypain,tkoctwitchlife,8
lillypain,lillypain,1
lillypain,tkoctwitchlife,2
lillypain,lillypain,3
bobross,sniperlyte,3
lillypain,lillypain,3
bustaj,duckzgo,18
bustaj,caryn12,12
giantwaffle,shinomuro,1
bustaj,icepinklemonade,9
bustaj,gaverion,1
giantwaffle,barbaricderek,5
giantwaffle,mayhem_69,11
bustaj,gaverion,4
bustaj,zanaoria123,12
bustaj,caryn12,10
bustaj,icepinklemonade,3
giantwaffle,hunk2811,8
giantwaffle,cpufreezer,2
lillypain,punchahpack,1
bustaj,majszi_hs,4
lillypain,mimisoo27,2
giantwaffle,driftndream,1
xqcow,farmimplement,18
bustaj,rlapsesc,23
lillypain,lillypain,2
giantwaffle,electricchapel,10
lillypain,lillypain,3
lillypain,lillypain,8
lillypain,lillypain,4
lillypain,lillypain,6
giantwaffle,smelly_y,1
giantwaffle,teslapigeon,2
giantwaffle,kbtoyz7,2
xqcow,liibiii,1
bustaj,rlapsesc,3
giantwaffle,likuidsnk,12
giantwaffle,spillshot12,5
giantwaffle,nexhunter,2
lillypain,lillypain,2
giantwaffle,markrod48,0
lillypain,kerp94,3
lillypain,lillypain,2
lillypain,kerp94,8
giantwaffle,puudding,3
lillypain,highimmike1,1
giantwaffle,flyiing_squirrel,1
lillypain,noquestionkid420,10
lillypain,noquestionkid420,3
giantwaffle,ebaron13,1
lillypain,punchahpack,5
naparoo,grimgrod,7
giantwaffle,overpathos,1
lillypain,kezzybear242,0
bustaj,duckzgo,15
lillypain,lillypain,5
naparoo,grimgrod,1
lillypain,kezzybear242,9
giantwaffle,kylethechampionbrah,4
xqcow,punkfacechase,12
lillypain,bigsips,9
bustaj,worstnidoce,4
lillypain,lillypain,3
lillypain,lillypain,8
lillypain,bigsips,2
lillypain,heyitslonestar,2
giantwaffle,glykosrower,16
lillypain,bigsips,10
bustaj,kippenkurbler,14
lillypain,bigsips,4
giantwaffle,squiishiness,10
bustaj,icepinklemonade,7
lillypain,bigsips,6
lillypain,heyitslonestar,9
lillypain,lvlalik,1
lillypain,bigsips,2
lillypain,lvlalik,3
lillypain,bigsips,4
bustaj,nixfromthe6,7
bustaj,kippenkurbler,4
lillypain,bigsips,4
bustaj,nixfromthe6,20
bustaj,worstnidoce,2
bustaj,nixfromthe6,4
bustaj,mintastic_,5
bustaj,icepinklemonade,4
lillypain,bigsips,3
lillypain,bigsips,3
lillypain,kerp94,8
lillypain,punchahpack,5
lillypain,bigsips,5
lillypain,kerp94,2
xqcow,kiwikid_was_the_problem,1
bustaj,nixfromthe6,10
lillypain,bigsips,22
lillypain,bigsips,6
bustaj,iorchestrate,2
lillypain,bigsips,8
bustaj,duckzgo,4
lillypain,highimmike1,2
bustaj,bustaj_bot,13
lillypain,mimisoo27,1
bustaj,nixfromthe6,2
xqcow,tummyhawk,19
giantwaffle,saltt_life,3
xqcow,draenji,2
bustaj,icepinklemonade,5
bustaj,lokioot,6
bustaj,mintastic_,5
bustaj,abscond,6
bustaj,abscond,1
bustaj,kippenkurbler,2
lillypain,bigsips,3
giantwaffle,andyt53,5
lillypain,bigsips,5
bustaj,nixfromthe6,15
bustaj,caryn12,27
bustaj,nixfromthe6,2
xqcow,lidiaplays,3
lillypain,geneslicer,15
lillypain,geneslicer,14
lillypain,johnmatt144,8
lillypain,johnmatt144,4
lillypain,bigsips,11
bustaj,icepinklemonade,5
lillypain,geneslicer,11
bustaj,abscond,1
xqcow,wheelyfreaky,0
lillypain,geneslicer,9
lillypain,punchahpack,1
lillypain,kestrel1992,1
bustaj,abscond,3
tjsmith,gdick281,1
tjsmith,vampy_rhombus5006,1
tjsmith,iballistickitty2,1
tjsmith,enstrike123,2
tjsmith,xqueenisabellax,4
tjsmith,reisaweirdo,9
tjsmith,teganfay97,1
tjsmith,mamishoo,2
tjsmith,accompliss,2
tjsmith,pizzapetebot,36
lillypain,geneslicer,16
tjsmith,chaoticxgood,6
tjsmith,mekostarshine,4
tjsmith,sakuu21,2
tjsmith,pizzapetebot,10
tjsmith,huntaway_x,1
tjsmith,marpeck,2
tjsmith,fallenintrovert,12
tjsmith,maatuskamayhem,7
tjsmith,mc_gober,2
tjsmith,riley_smiley13,6
tjsmith,idkimaudrey,4
tjsmith,gdick281,11
tjsmith,urboiskinnybennnnis,4
tjsmith,chicaandsquirt,1
tjsmith,ableblo53,9
tjsmith,whiterosedreaper,4
tjsmith,notmyname3623,5
tjsmith,pizzapetebot,8
lillypain,geneslicer,1
tjsmith,riley_smiley13,1
tjsmith,hanksquarepants,3
tjsmith,itselena97,9
tjsmith,bella2901,1
tjsmith,ronnypotatur,4
tjsmith,activestairs,5
tjsmith,marpeck,4
tjsmith,riley_smiley13,1
tjsmith,tayler736,3
tjsmith,riley_smiley13,1
tjsmith,accompliss,1
tjsmith,shoutingjoker64,2
xqcow,averybrown14,4
tjsmith,squishymainyt,3
tjsmith,marpeck,8
tjsmith,lmnag60,40
tjsmith,wolfguy84,1
tjsmith,futureeviloverlord,4
tjsmith,mcbett129,9
tjsmith,whiterosedreaper,2
tjsmith,miyukichann,9
tjsmith,cheekabeeeka,3
tjsmith,urboiskinnybennnnis,2
tjsmith,huntaway_x,4
tjsmith,harpkoukla,3
tjsmith,itselena97,1
tjsmith,monicacoolfire,3
tjsmith,torirollins23,2
tjsmith,accompliss,12
tjsmith,staticdata,2
tjsmith,z_jammer7rfy9,4
tjsmith,mamishoo,6
tjsmith,whiterosedreaper,2
tjsmith,cutteone,3
bustaj,zakromdnb,2
tjsmith,gayforthesun,4
tjsmith,mikaelaplier,4
tjsmith,hanksquarepants,5
tjsmith,gdick281,11
lillypain,geneslicer,16
tjsmith,cheekabeeeka,3
tjsmith,gayforthesun,1
tjsmith,whiterosedreaper,3
tjsmith,cantfindausernamehelpme,4
tjsmith,reisaweirdo,9
tjsmith,maddie_spn,4
tjsmith,riley_smiley13,2
tjsmith,darkmagicsweetheart22,1
tjsmith,monicacoolfire,5
tjsmith,syneios,1
tjsmith,gayforthesun,3
tjsmith,wolf3593,9
tjsmith,bidum44,2
tjsmith,pizzapetebot,11
tjsmith,pizzapetebot,16
tjsmith,bella2901,3
tjsmith,pizzapetebot,16
tjsmith,maddie_spn,1
tjsmith,tooticky,2
tjsmith,crankycal_,1
tjsmith,cantfindausernamehelpme,1
tjsmith,pizzapetebot,15
tjsmith,itselena97,1
tjsmith,marpeck,5
tjsmith,pizzapetebot,15
tjsmith,notmyname3623,1
tjsmith,light_176,2
tjsmith,staticdata,1
tjsmith,pizzapetebot,15
tjsmith,idkimaudrey,1
tjsmith,makaylathelovin,1
tjsmith,urboiskinnybennnnis,2
tjsmith,bidum44,1
tjsmith,pizzapetebot,15
tjsmith,huntaway_x,4
tjsmith,jsanchez10,1
tjsmith,harpkoukla,4
tjsmith,aboredcactus,1
tjsmith,pizzapetebot,15
tjsmith,crankycal_,2
tjsmith,mcbett129,7
tjsmith,empathmagickgirl,3
tjsmith,chaotictaylor,8
tjsmith,nyaa573,1
tjsmith,monicacoolfire,2
tjsmith,pizzapetebot,15
tjsmith,sakuu21,1
tjsmith,tayler736,2
tjsmith,lizawithazed,2
tjsmith,pizzapetebot,24
tjsmith,kodi1417,7
tjsmith,notmyname3623,14
tjsmith,trashswm,1
tjsmith,looneyboystreamer,26
tjsmith,teganfay97,4
tjsmith,simmalla,1
tjsmith,maddie_spn,4
tjsmith,z_jammer7rfy9,5
tjsmith,onthegales,1
tjsmith,pizzapetebot,15
tjsmith,thisboi67,1
tjsmith,dragntails,2
tjsmith,miyukichann,2
tjsmith,pizzapetebot,15
tjsmith,izukou,1
tjsmith,quietlyaz,2
tjsmith,whiterosedreaper,6
tjsmith,pizzapetebot,7
tjsmith,babybluestargirl,1
tjsmith,osufandan,1
tjsmith,mikaelaplier,4
tjsmith,whiterosedreaper,1
tjsmith,viviun,9
tjsmith,wildgaming124,5
tjsmith,looneyboystreamer,30
tjsmith,zodirok,2
tjsmith,mcbett129,2
tjsmith,ronnypotatur,17
tjsmith,twistedaydreams,6
tjsmith,torirollins23,2
tjsmith,pizzapetebot,7
tjsmith,marpeck,10
tjsmith,bidum44,3
tjsmith,hologirl5,3
tjsmith,cheekabeeeka,2
tjsmith,gayforthesun,7
tjsmith,iballistickitty2,4
tjsmith,cheekabeeeka,1
tjsmith,monicacoolfire,1
tjsmith,cantaloupia,6
tjsmith,maddie_spn,1
tjsmith,cutteone,8
tjsmith,lilbirb1,8
tjsmith,activestairs,16
tjsmith,itselena97,3
tjsmith,lilbirb1,3
tjsmith,graciegirlblogs,8
tjsmith,quietlyaz,4
tjsmith,tayler736,1
tjsmith,monicacoolfire,1
tjsmith,mekostarshine,8
tjsmith,cantfindausernamehelpme,6
tjsmith,simmalla,1
tjsmith,abbyyschroeder12,1
tjsmith,riley_smiley13,17
tjsmith,mcbett129,4
tjsmith,lilbirb1,6
tjsmith,sampledcape3,4
tjsmith,harpkoukla,10
tjsmith,pizzapetebot,11
tjsmith,pizzapetebot,15
tjsmith,ronnypotatur,7
tjsmith,pizzapetebot,15
tjsmith,light_176,3
tjsmith,pizzapetebot,15
tjsmith,monicacoolfire,3
tjsmith,marpeck,3
tjsmith,solaris_mcgregor,1
tjsmith,haleykline,3
lillypain,geneslicer,1
tjsmith,pizzapetebot,15
tjsmith,gdick281,1
tjsmith,pizzapetebot,15
tjsmith,twistedaydreams,4
tjsmith,squishymainyt,1
tjsmith,maddie_spn,1
tjsmith,looneyboystreamer,1
tjsmith,darlingnikkii,1
tjsmith,teganfay97,3
tjsmith,huntaway_x,2
tjsmith,z_jammer7rfy9,2
tjsmith,dawn_ebyth,2
tjsmith,makaylathelovin,3
tjsmith,pizzapetebot,11
tjsmith,trashswm,3
tjsmith,urboiskinnybennnnis,1
tjsmith,kaitylioncub04,1
tjsmith,accompliss,4
tjsmith,sakuu21,13
tjsmith,pizzapetebot,15
tjsmith,babybluestargirl,3
tjsmith,renstole17,1
tjsmith,mcbett129,4
tjsmith,pizzapetebot,15
tjsmith,kaylathekindone,11
tjsmith,harpkoukla,3
tjsmith,monicacoolfire,4
tjsmith,tooticky,2
tjsmith,pizzapetebot,15
tjsmith,sonmam_,1
tjsmith,twistedaydreams,4
tjsmith,cheekabeeeka,2
tjsmith,abbyyschroeder12,1
tjsmith,kodi1417,1
tjsmith,pizzapetebot,15
tjsmith,jsanchez10,1
tjsmith,marpeck,2
tjsmith,monicacoolfire,1
tjsmith,pizzapetebot,15
tjsmith,cantfindausernamehelpme,1
tjsmith,mikaelaplier,4
tjsmith,iballistickitty2,1
tjsmith,internesteryume,2
tjsmith,accompliss,1
tjsmith,simmalla,1
tjsmith,abby5577,1
tjsmith,quietlyaz,4
tjsmith,mekostarshine,1
tjsmith,itselena97,4
tjsmith,nyaa573,2
tjsmith,wbdragon7,1
tjsmith,graciegirlblogs,3
tjsmith,ronnypotatur,1
tjsmith,collingaines1,1
tjsmith,activestairs,6
tjsmith,sunshinekris,1
tjsmith,squishymainyt,8
tjsmith,thisboi67,1
tjsmith,sakuu21,1
tjsmith,monicacoolfire,3
tjsmith,bidum44,3
lillypain,geneslicer,10
tjsmith,haleykline,1
tjsmith,turmonkey,4
tjsmith,abbyyschroeder12,4
lillypain,geneslicer,1
tjsmith,teganfay97,2
tjsmith,futureeviloverlord,7
tjsmith,iballistickitty2,3
tjsmith,whiterosedreaper,5
tjsmith,renstole17,4
tjsmith,oliverbmbr,4
tjsmith,collingaines1,3
tjsmith,activestairs,2
tjsmith,agentofcha0s82,4
tjsmith,monicacoolfire,2
tjsmith,mcbett129,3
tjsmith,miyukichann,6
lillypain,geneslicer,17
tjsmith,pizzapetebot,7
tjsmith,ronnypotatur,15
tjsmith,piecesofandrew,1
bustaj,mansion416,5
tjsmith,monicacoolfire,1
tjsmith,crankycal_,1
tjsmith,accompliss,4
tjsmith,herolink,7
tjsmith,msrushi,6
tjsmith,darkmagicsweetheart22,9
tjsmith,pizzapetebot,7
tjsmith,wolf3593,5
tjsmith,mcbett129,5
tjsmith,hologirl5,3
tjsmith,babybluestargirl,13
tjsmith,whiterosedreaper,4
tjsmith,abunyui,1
tjsmith,accompliss,2
bustaj,mansion416,12
tjsmith,nickynick1230,1
tjsmith,miyukichann,2
tjsmith,accompliss,7
tjsmith,accompliss,2
tjsmith,pizzapetebot,36
tjsmith,cheekabeeeka,6
lillypain,geneslicer,13
tjsmith,quietlyaz,4
xqcow,bobthecat15,1
bustaj,zakromdnb,4
tjsmith,lmnag60,5
lillypain,geneslicer,1
tjsmith,z_jammer7rfy9,4
tjsmith,mcbett129,2
tjsmith,bidum44,4
tjsmith,whiterosedreaper,4
tjsmith,cutteone,8
tjsmith,collingaines1,1
tjsmith,cantaloupia,12
bustaj,zakromdnb,1
tjsmith,marpeck,7
giantwaffle,cashbandico0t,1
tjsmith,sakuu21,13
tjsmith,kaitylioncub04,2
tjsmith,staticdata,7
tjsmith,alanaisapenguin,5
tjsmith,rizunekochan,1
tjsmith,abunyui,1
tjsmith,cheekabeeeka,4
tjsmith,graciegirlblogs,2
tjsmith,snowqween1604,2
bustaj,lurkerlz,2
tjsmith,cutteone,2
tjsmith,cheekabeeeka,4
tjsmith,whiterosedreaper,3
tjsmith,graciegirlblogs,2
tjsmith,twistedaydreams,3
bustaj,lurkerlz,1
tjsmith,cutteone,5
tjsmith,awsome23423,1
tjsmith,mcbett129,17
tjsmith,darkmagicsweetheart22,2
tjsmith,turmonkey,1
tjsmith,crankycal_,3
tjsmith,accompliss,1
tjsmith,trashswm,2
tjsmith,staticdata,3
tjsmith,agentofcha0s82,3
tjsmith,izukou,2
tjsmith,cheekabeeeka,11
tjsmith,zodirok,10
tjsmith,whiterosedreaper,1
tjsmith,abunyui,2
tjsmith,miyukichann,5
tjsmith,tooticky,2
tjsmith,darkmagicsweetheart22,12
tjsmith,alanaisapenguin,7
tjsmith,bidum44,3
tjsmith,marpeck,6
tjsmith,neon_dusk,1
tjsmith,z_jammer7rfy9,3
tjsmith,itselena97,10
giantwaffle,aaronntm,1
tjsmith,msrushi,6
tjsmith,babybluestargirl,17
tjsmith,lizawithazed,8
tjsmith,simmalla,1
tjsmith,charman56,2
tjsmith,pizzapetebot,12
tjsmith,onthegales,1
tjsmith,lilbirb1,3
tjsmith,pizzapetebot,16
tjsmith,whiterosedreaper,1
tjsmith,kawaiizombiiee,8
tjsmith,pizzapetebot,10
tjsmith,cantfindausernamehelpme,9
tjsmith,pizzapetebot,16
tjsmith,light_176,2
tjsmith,pizzapetebot,16
tjsmith,futureeviloverlord,1
tjsmith,abunyui,1
tjsmith,cheekabeeeka,3
tjsmith,mikaelaplier,1
tjsmith,sarenthelost,6
tjsmith,pizzapetebot,16
tjsmith,angelags823,1
tjsmith,pizzapetebot,16
tjsmith,riker8558,2
tjsmith,sakuu21,5
tjsmith,kingzgshadow,13
tjsmith,nyaa573,1
tjsmith,trashswm,1
tjsmith,cantfindausernamehelpme,1
tjsmith,mikaelaplier,6
tjsmith,alanaisapenguin,1
tjsmith,onthegales,1
tjsmith,abby5577,1
tjsmith,cutteone,5
tjsmith,crankycal_,1
tjsmith,simmalla,4
tjsmith,accompliss,5
tjsmith,renstole17,5
tjsmith,cheekabeeeka,2
bustaj,lurkerlz,2
tjsmith,alanaisapenguin,1
tjsmith,mekostarshine,10
tjsmith,ronnypotatur,2
tjsmith,haleykline,1
tjsmith,z_jammer7rfy9,1
tjsmith,mcbett129,8
tjsmith,futureeviloverlord,3
tjsmith,itselena97,3
tjsmith,simmalla,1
tjsmith,miyukichann,3
tjsmith,renstole17,1
tjsmith,aboredcactus,1
lillypain,geneslicer,8
tjsmith,squishymainyt,1
tjsmith,cutteone,1
tjsmith,mikaelaplier,2
tjsmith,light_176,6
tjsmith,urboiskinnybennnnis,4
tjsmith,pizzapetebot,7
tjsmith,tooticky,3
tjsmith,cheekabeeeka,3
tjsmith,msrushi,8
lillypain,geneslicer,3
tjsmith,thisboi67,3
tjsmith,lizawithazed,1
tjsmith,cutteone,3
tjsmith,mcbett129,3
tjsmith,bidum44,21
tjsmith,cheekabeeeka,2
tjsmith,harpkoukla,5
tjsmith,melonmarie,4
tjsmith,squishymainyt,4
tjsmith,izukou,8
tjsmith,table_14,2
tjsmith,kawaiizombiiee,4
tjsmith,chicaandsquirt,2
tjsmith,eurekaradiofire,2
tjsmith,idkimaudrey,4
lillypain,punchahpack,1
tjsmith,staticdata,2
tjsmith,alanaisapenguin,4
tjsmith,whiterosedreaper,2
tjsmith,cantfindausernamehelpme,2
tjsmith,onthegales,1
tjsmith,thatisheckanicebro,7
tjsmith,onthegales,1
tjsmith,crankycal_,2
tjsmith,urboiskinnybennnnis,3
tjsmith,kaylathekindone,2
tjsmith,dawn_ebyth,0
tjsmith,ronnypotatur,2
tjsmith,cutteone,3
tjsmith,onthegales,2
tjsmith,chicaandsquirt,9
tjsmith,mcbett129,7
tjsmith,abunyui,3
tjsmith,marpeck,4
tjsmith,mikaelaplier,1
tjsmith,sarenthelost,3
tjsmith,itselena97,6
tjsmith,whiterosedreaper,1
bustaj,worstnidoce,2
bustaj,abscond,2
lillypain,highimmike1,8
giantwaffle,itskay0,5
lillypain,highimmike1,1
xqcow,shaunywauny25,1
xqcow,bigppgirl,16
lillypain,geneslicer,8
giantwaffle,qwyit,1
giantwaffle,geersart,5
lillypain,lillypain,1
lillypain,lillypain,4
lillypain,lillypain,4
lillypain,lillypain,1
giantwaffle,rufwon,6
lillypain,geneslicer,5
lillypain,hg_csquar3dz,2
lillypain,geneslicer,11
bustaj,hutch6060,10
lillypain,geneslicer,27
lillypain,johnmatt144,9
lillypain,heyitslonestar,16
xqcow,sodwasdf,81
bustaj,zakromdnb,7
bobross,hi_itsdaisy,2
bustaj,zakromdnb,3
giantwaffle,deepdaze,0
xqcow,anime_pug,20
lillypain,punchahpack,1
lillypain,johnmatt144,11
lillypain,johnmatt144,4
bustaj,bustaj,10
bustaj,hutch6060,11
bustaj,duckzgo,9
lillypain,johnmatt144,24
bustaj,kippenkurbler,16
bustaj,duckzgo,5
lillypain,johnmatt144,7
xqcow,thagamerizhere,2
lillypain,johnmatt144,1
lillypain,johnmatt144,1
lillypain,johnmatt144,1
bustaj,kippenkurbler,8
giantwaffle,jimmy2tap,2
bustaj,worstnidoce,1
bustaj,bustaj_bot,9
bustaj,hutch6060,3
bustaj,abscond,4
bustaj,iorchestrate,6
bustaj,zakromdnb,3
bustaj,ryong20,9
bustaj,worstnidoce,1
bustaj,ryong20,1
xqcow,hoetarokujo,2
bustaj,worstnidoce,6
bustaj,iorchestrate,4
xqcow,gurglingskate69,40
giantwaffle,gorillamasks,2
bustaj,bustaj_bot,13
giantwaffle,llama921,10
giantwaffle,mastermindx421,5
lillypain,punchahpack,2
bustaj,worstnidoce,6
giantwaffle,fresco8,1
bustaj,iorchestrate,2
bustaj,worstnidoce,1
bustaj,cc_gbf,3
xqcow,oshtwaddup34,1
giantwaffle,beepaz,2
bustaj,stevie_gunk,4
lillypain,fat_thor,3
giantwaffle,stattraksounds,3
giantwaffle,whykk,14
bustaj,xamaael,1
bustaj,gaverion,6
bustaj,stevie_gunk,7
bustaj,stevie_gunk,16
xqcow,hypaholicuk,22
lillypain,bigsips,4
lillypain,bigsips,3
lillypain,jmeyerphotos,11
bustaj,i_am_sim,4
bustaj,i_am_sim,5
lillypain,bigsips,6
lillypain,bigsips,6
bustaj,cc_gbf,2
lillypain,bigsips,1
bustaj,stevie_gunk,3
xqcow,littlebigguy16,1
xqcow,daspaz,1
lillypain,punchahpack,2
giantwaffle,saikoro12012,2
lillypain,geneslicer,9
lillypain,geneslicer,0
xqcow,bwade95200,2
bustaj,xboyish_gigglesx,7
lillypain,lillypain,2
giantwaffle,iamdarzer,2
giantwaffle,mahmuffin,1
lillypain,geneslicer,1
bustaj,abscond,6
giantwaffle,kato_v1,6
lillypain,fat_thor,6
bustaj,stevie_gunk,19
giantwaffle,bigbaddan0,1
giantwaffle,ummon_,3
bustaj,i_am_sim,3
bustaj,stevie_gunk,37
xqcow,tzelathiel,36
giantwaffle,nydes,8
giantwaffle,quosmo,4
bustaj,i_am_sim,8
bustaj,stevie_gunk,18
giantwaffle,beepaz,1
bustaj,eyunu,7
giantwaffle,audioraincloud5s,1
bustaj,eyunu,6
xqcow,silverpike4,1
bustaj,icepinklemonade,0
bustaj,icepinklemonade,2
bustaj,ramosisking,1
bustaj,bustaj_bot,8
bustaj,ramosisking,5
bustaj,ramosisking,5
bustaj,icepinklemonade,16
giantwaffle,ricoo08,1
bustaj,ramosisking,0
bustaj,worstnidoce,7
bustaj,bustaj_bot,19
giantwaffle,themetalfreak360,13
bustaj,eyunu,10
bustaj,eyunu,2
giantwaffle,starkhaus,8
bustaj,stevie_gunk,31
giantwaffle,syphixtv,7
giantwaffle,khaostheory34,13
xqcow,mitescere,3
xqcow,ajr71,2
bustaj,thecraftyone_,5
xqcow,crazy_canadian89,1
giantwaffle,tyrionwills,1
bustaj,hutch6060,4
bustaj,stevie_gunk,7
xqcow,artsyf,1
giantwaffle,philipfern_123,1
bobross,im_not_repeating_that,1
bustaj,stevie_gunk,3
bustaj,hutch6060,8
bustaj,hutch6060,5
bustaj,bustaj,8
bustaj,bustaj_bot,16
xqcow,furiosmech,1
xqcow,ezriomc,72
bustaj,hutch6060,11
giantwaffle,muhd_azzam,1
bustaj,cc_gbf,1
bustaj,icepinklemonade,5
xqcow,helixflame,36
bustaj,hutch6060,5
xqcow,versus_ow,1
bustaj,thecraftyone_,10
bustaj,hutch6060,15
xqcow,europort40,1
bustaj,thecantelope,2
bustaj,cc_gbf,1
bustaj,thecantelope,3
bustaj,thecraftyone_,9
bobross,scotro77,1
bustaj,thecantelope,13
bustaj,stevie_gunk,9
bustaj,cc_gbf,5
bustaj,thecantelope,8
giantwaffle,datguyisrael,1
bustaj,thecantelope,14
bustaj,thecantelope,6
bustaj,ramosisking,5
bustaj,thecantelope,5
bustaj,stevie_gunk,17
bustaj,thecantelope,12
bustaj,thecantelope,4
giantwaffle,fire_punch,2
bustaj,stevie_gunk,4
xqcow,h20gb,54
xqcow,funnydankmaymays,1
bustaj,thecantelope,16
bustaj,thecantelope,2
giantwaffle,dimenstud,3
bustaj,kippenkurbler,42
bustaj,thecantelope,3
bustaj,hutch6060,50
bustaj,stevie_gunk,11
giantwaffle,maimvice13,5
xqcow,maxkhor95,11
bustaj,stevie_gunk,3
giantwaffle,msharrison,3
bustaj,stevie_gunk,4
bustaj,thecantelope,6
giantwaffle,seithrius,6
bustaj,stevie_gunk,1
xqcow,moltenearth,1
bustaj,kivonb,2
bustaj,kivonb,1
bustaj,thecantelope,8
bustaj,thecantelope,2
bustaj,thecantelope,5
bustaj,thecantelope,2
bustaj,kivonb,4
bustaj,thecantelope,16
bustaj,thecantelope,8
bustaj,stevie_gunk,23
xqcow,gamerz1m,46
bustaj,tgil15,6
xqcow,gamed0m_,1
bustaj,thecantelope,3
giantwaffle,seeker987,1
bustaj,thecraftyone_,3
bustaj,bustaj,1
bustaj,bustaj_bot,10
bustaj,stevie_gunk,19
bustaj,thecantelope,6
bustaj,stevie_gunk,2
bustaj,stevie_gunk,6
bobross,jerrybarrera3,3
giantwaffle,weaponii,1
bustaj,thecraftyone_,3
giantwaffle,adaptctrl,8
bustaj,bustaj_bot,19
giantwaffle,krakenjaws,1
xqcow,gringowxd,1
xqcow,stefanmate98,1
giantwaffle,moobot,8
bustaj,bustaj,9
giantwaffle,ningelo,1
bustaj,bjjyugioh,0
giantwaffle,littlelilykitten,1
xqcow,say_cheesy,1
giantwaffle,duskchills,3
xqcow,slava1,1
bustaj,purpledrvnk,3
bustaj,bjjyugioh,9
bustaj,purpledrvnk,20
xqcow,xqcmonkaw,1
bustaj,purpledrvnk,3
giantwaffle,kendo177,7
bustaj,stevie_gunk,16
bustaj,bjjyugioh,3
bustaj,purpledrvnk,1
bustaj,stevie_gunk,2
bustaj,purpledrvnk,5
bustaj,purpledrvnk,3
xqcow,fossabot,25
giantwaffle,edwardlaser,1
xqcow,bstyulz,42
bustaj,purpledrvnk,1
bustaj,bjjyugioh,13
bustaj,purpledrvnk,2
bustaj,icepinklemonade,4
bustaj,purpledrvnk,6
bobross,dieoxin0,1
bustaj,bjjyugioh,1
bustaj,purpledrvnk,2
giantwaffle,shishof1,1
giantwaffle,omnisssiah,3
bustaj,purpledrvnk,11
giantwaffle,smirrpirr,1
xqcow,yungjeffer,1
avew1004,hellojekyll,0
bustaj,purpledrvnk,2
avew1004,hellojekyll,0
bustaj,purpledrvnk,4
avew1004,hellojekyll,0
bustaj,ramosisking,1
xqcow,fossabot,21
bustaj,stevie_gunk,1
bustaj,stevie_gunk,7
giantwaffle,anotherpudgesmurf,12
bustaj,ramosisking,10
bustaj,purpledrvnk,13
giantwaffle,0ld_deus,1
bustaj,hotmeowth_hs,6
bustaj,purpledrvnk,9
bustaj,wavelength_intl,8
bustaj,hotmeowth_hs,4
bustaj,purpledrvnk,7
bustaj,stevie_gunk,7
xqcow,handsomewalnut,1
bustaj,ramosisking,5
bustaj,purpledrvnk,2
bustaj,purpledrvnk,4
giantwaffle,ninjaknight222,4
giantwaffle,alonefliz,3
xqcow,josnel_loco,2
bustaj,purpledrvnk,16
giantwaffle,excalibur57,1
bustaj,bustaj_bot,13
bustaj,ramosisking,1
bustaj,abscond,4
bustaj,purpledrvnk,5
bustaj,purpledrvnk,1
bustaj,abscond,4
bustaj,purpledrvnk,2
bustaj,abscond,6
bustaj,purpledrvnk,1
bustaj,abscond,4
xqcow,trlhard_7_,18
xqcow,kaidenisbad,3
bustaj,purpledrvnk,7
bustaj,purpledrvnk,2
bustaj,cc_gbf,3
giantwaffle,kometsans,3
bustaj,purpledrvnk,14
bustaj,purpledrvnk,1
bustaj,abscond,2
bustaj,basin3,3
xqcow,b_halleck24,18
bustaj,stevie_gunk,18
giantwaffle,twitchy_d00d,1
giantwaffle,pafugl,1
bustaj,n0tcharles,1
bustaj,bustaj_bot,10
xqcow,junsaurusrex,1
bustaj,stevie_gunk,0
xqcow,noakis,2
bustaj,purpledrvnk,15
bustaj,cc_gbf,8
bustaj,bjjyugioh,5
bustaj,purpledrvnk,4
bustaj,bjjyugioh,7
giantwaffle,captainharlockspacepirate,1
bustaj,merlinjsh,1
giantwaffle,edwardlaser,11
giantwaffle,originade,1
bustaj,merlinjsh,11
bustaj,simonju1998,1
bustaj,bustaj,1
giantwaffle,oli26,1
xqcow,druic,1
bustaj,thatstowelie,7
giantwaffle,pipeman1221,5
bobross,awperhand100,5
bustaj,simonju1998,14
giantwaffle,dutrockbridge,1
xqcow,salamandric,1
xqcow,x_pepega_x,1
bustaj,simonju1998,11
xqcow,treesapling_,1
bustaj,icepinklemonade,1
xqcow,oddlybrando,0
bustaj,simonju1998,10
bustaj,stevie_gunk,1
giantwaffle,dutrockbridge,6
bustaj,duckzgo,5
bustaj,duckzgo,8
xqcow,tyidorpvp,6
bustaj,simonju1998,8
bustaj,bustaj,11
bustaj,stevie_gunk,6
giantwaffle,thelimpz,1
giantwaffle,homelessadolph,3
bustaj,simonju1998,11
bustaj,asunathl,4
bustaj,luker_hs,5
bustaj,papajasonhs,11
bustaj,simonju1998,23
xqcow,jacobthetron,1
bustaj,papajasonhs,3
bustaj,icepinklemonade,3
bustaj,simonju1998,30
bustaj,ramosisking,8
xqcow,nexttimesweetie,1
bustaj,papajasonhs,14
bobross,isohlated,4
bustaj,ramosisking,3
bustaj,duckzgo,5
bustaj,duckzgo,5
bustaj,papajasonhs,11
bustaj,papajasonhs,4
bobross,aquaticgaming64,1
bustaj,duckzgo,5
bustaj,duckzgo,5
bustaj,simonju1998,15
bustaj,bustaj_bot,16
bobross,dabstraact,1
bustaj,icepinklemonade,10
bustaj,papajasonhs,9
bustaj,simonju1998,10
bustaj,icepinklemonade,8
xqcow,notrokitkid,1
bustaj,icepinklemonade,4
bustaj,duckzgo,12
bobross,eddie_effin_g,4
bustaj,xboyish_gigglesx,4
bustaj,xboyish_gigglesx,1
xqcow,randwr367,3
bustaj,bustaj,1
bustaj,duckzgo,9
bustaj,duckzgo,14
bobross,highcalibrebore,8
bobross,thankyoujeffverycool,11
bustaj,welfare_ninja,4
xqcow,taisenpai_,1
xqcow,willschaeffer,1
bobross,noehbahdie,1
bustaj,mansion416,5
bobross,highcalibrebore,2
bobross,hateitorlovett,1
bustaj,abrasi0ndk,7
xqcow,terramay,2
bustaj,welfare_ninja,4
bustaj,duckzgo,19
bobross,armour8k,2
bustaj,welfare_ninja,11
xqcow,kagunedark,5
bustaj,duckzgo,1
bustaj,xboyish_gigglesx,1
bustaj,duckzgo,3
bobross,highcalibrebore,11
bustaj,welfare_ninja,3
bustaj,xboyish_gigglesx,9
bustaj,duckzgo,8
bustaj,welfare_ninja,14
bobross,realgoby,1
bustaj,xboyish_gigglesx,2
bustaj,icepinklemonade,5
bustaj,bustaj_bot,13
bustaj,welfare_ninja,1
bustaj,xboyish_gigglesx,4
bustaj,welfare_ninja,9
bustaj,icepinklemonade,15
bustaj,mansion416,4
missing_talent,sweeeazy,6
bustaj,khaonichs,9
bustaj,abscond,8
xqcow,mintychoc,2
xqcow,spear0w,3
bustaj,talal9999999,5
bobross,povvercrazy,1
bustaj,khaonichs,8
xqcow,timmytoina,4
bustaj,talal9999999,4
bustaj,khaonichs,1
bustaj,talal9999999,6
xqcow,amjed707,1
bobross,f4m1lyguy10,1
bustaj,xboyish_gigglesx,2
bobross,fast_fappers,2
bustaj,bustaj_bot,19
bustaj,techneek,1
bustaj,duckzgo,11
xqcow,kaidenisbad,1
xqcow,nebulous_punchelli,1
bustaj,xboyish_gigglesx,6
bustaj,khaonichs,9
bustaj,shelk_hs,12
xqcow,evemption,2
bustaj,xboyish_gigglesx,8
bustaj,khaonichs,7
xqcow,nvelasquez596,1
bustaj,dadies,3
xqcow,jacobthetron,1
xqcow,g00fball8,1
bustaj,duckzgo,15
xqcow,danygoxx,5
bustaj,xboyish_gigglesx,11
bustaj,shelk_hs,1
bustaj,xboyish_gigglesx,5
bobross,xpshrine,1
bobross,noctley,2
bustaj,duckzgo,23
bustaj,worstnidoce,1
bustaj,shelk_hs,9
bustaj,xboyish_gigglesx,7
bustaj,khaonichs,9
bustaj,duckzgo,21
bustaj,xboyish_gigglesx,5
bustaj,xboyish_gigglesx,10
bustaj,worstnidoce,1
bobross,hellblade425,1
bustaj,xboyish_gigglesx,9
bustaj,duckzgo,12
bustaj,xboyish_gigglesx,11
dakotaz,oofwhat,3
dakotaz,dimfortnite123,7
bobross,eviltwinnumber2,5
bustaj,dadies,1
dakotaz,babyjchaos,2
xqcow,manchestoleu,70
bustaj,dadies,12
dakotaz,ikey0524,1
dakotaz,thenightmare4576,5
bustaj,dadies,1
bustaj,dadies,1
bustaj,worstnidoce,7
bustaj,worstnidoce,2
bustaj,xboyish_gigglesx,1
bustaj,worstnidoce,4
bustaj,worstnidoce,1
bustaj,dadies,4
bobross,r17411n,1
bustaj,duckzgo,19
xqcow,eham,32
dakotaz,straightpredictions,14
xqcow,hellops_,2
bobross,kitfoxpunton,4
bustaj,duckzgo,39
dakotaz,thebushman_yt,1
dakotaz,outxpiayed,6
bustaj,prettikittii,12
bustaj,xboyish_gigglesx,3
bobross,rockonbourne,1
dakotaz,ghost_inhaie,15
bustaj,duckzgo,17
dakotaz,waylonfa,5
dakotaz,blackyosher,9
dakotaz,cauchy004,4
dakotaz,nojo_17,1
bustaj,xboyish_gigglesx,1
dakotaz,androgodslay,1
bustaj,bustaj_bot,13
bustaj,duckzgo,13
bustaj,duckzgo,10
dakotaz,xxxmlgplayerlolopxxx17392,4
dakotaz,goblinappa,1
bobross,irionx,3
bustaj,bustaj,2
dakotaz,bacongame1,13
bustaj,xboyish_gigglesx,4
dakotaz,jaeelllyn,1
bustaj,xboyish_gigglesx,3
bustaj,xboyish_gigglesx,2
bustaj,icepinklemonade,6
bustaj,duckzgo,1
bustaj,duckzgo,7
bustaj,icepinklemonade,2
dakotaz,androgodslay,1
bustaj,xboyish_gigglesx,23
bustaj,duckzgo,33
dakotaz,mikecusmano,1
bobross,shrimp2u,7
bustaj,prettikittii,5
bustaj,xboyish_gigglesx,11
bustaj,xboyish_gigglesx,3
bustaj,xboyish_gigglesx,4
bustaj,duckzgo,29
bustaj,prettikittii,7
bustaj,prettikittii,1
dakotaz,nightbot,8
dakotaz,mason3ttv,6
otherjesus,the_rasist_man,1
bustaj,xboyish_gigglesx,13
bustaj,bustaj_bot,19
dakotaz,geesh21,4
otherjesus,the_rasist_man,20
bustaj,xboyish_gigglesx,11
bobross,fulishproductions,1
bustaj,prettikittii,12
bustaj,duckzgo,3
dakotaz,itsmerloo,8
dakotaz,binomobb,4
bustaj,xboyish_gigglesx,8
bustaj,duckzgo,23
bustaj,prettikittii,12
bustaj,xboyish_gigglesx,6
bustaj,prettikittii,7
bustaj,i_am_sim,25
bustaj,duckzgo,31
bustaj,icepinklemonade,12
bustaj,prettikittii,5
bustaj,duckzgo,9
bobross,ritue12,4
bustaj,xboyish_gigglesx,9
bustaj,prettikittii,6
bobross,boartank,14
dakotaz,billy_btw,1
bustaj,duckzgo,6
bustaj,kokoblok_,4
bustaj,xboyish_gigglesx,17
bustaj,dadies,13
bobross,iamjosephcutler,5
bustaj,duckzgo,14
dakotaz,daequan____hairline,8
bustaj,xboyish_gigglesx,14
bustaj,prettikittii,12
dakotaz,b1gtiny,9
bustaj,duckzgo,22
dakotaz,itzvyzai,1
bustaj,xboyish_gigglesx,11
bustaj,xboyish_gigglesx,8
bustaj,bustaj_bot,16
bustaj,xboyish_gigglesx,18
bustaj,xboyish_gigglesx,10
bustaj,dadies,6
bustaj,abscond,3
otherjesus,danyingyang,3
bustaj,abscond,5
dakotaz,xtrozia,1
bustaj,xboyish_gigglesx,11
bobross,fubis,1
bustaj,dadies,4
bobross,mark_in_austin,4
dakotaz,tetongrizzly,3
bustaj,duckzgo,8
dakotaz,str8rippinwyatt22,4
otherjesus,danyingyang,2
bustaj,xboyish_gigglesx,7
bobross,r17411n,1
otherjesus,danyingyang,23
dakotaz,kratosandhisboi,2
bustaj,kokoblok_,6
bustaj,cc_gbf,9
otherjesus,danyingyang,9
bustaj,abscond,4
bustaj,dadies,12
bustaj,xboyish_gigglesx,1
bustaj,kokoblok_,2
dakotaz,poptartmuffin69,6
dakotaz,linaa94,9
bustaj,prettikittii,16
bustaj,abscond,4
dakotaz,jm_theog,11
bustaj,xboyish_gigglesx,18
dakotaz,burgesspeter,3
dakotaz,ismael_g1v,2
dakotaz,heronate8,12
dakotaz,aiden_holtman,26
bustaj,cc_gbf,7
bustaj,prettikittii,4
otherjesus,danyingyang,2
otherjesus,danyingyang,6
dakotaz,squirtailplays,4
dakotaz,j_vizion,18
bustaj,xboyish_gigglesx,5
dakotaz,jdofficial18,1
dakotaz,mikeybabs29,1
dakotaz,balla_salt,1
bustaj,cc_gbf,11
dakotaz,norequestions,1
dakotaz,tiiffanyyxo,3
bustaj,xboyish_gigglesx,6
bustaj,duckzgo,9
bustaj,xboyish_gigglesx,4
otherjesus,danyingyang,25
bustaj,xboyish_gigglesx,4
otherjesus,danyingyang,10
bustaj,duckzgo,6
bustaj,duckzgo,5
otherjesus,danyingyang,22
otherjesus,danyingyang,14
bustaj,worstnidoce,4
bustaj,duckzgo,6
bustaj,abscond,4
otherjesus,danyingyang,9
bustaj,cc_gbf,13
bustaj,bustaj_bot,13
dakotaz,missmariahyo,13
bustaj,worstnidoce,12
bustaj,xboyish_gigglesx,3
dakotaz,theisaac303,3
bustaj,duckzgo,28
bustaj,worstnidoce,4
otherjesus,danyingyang,8
bobross,backseatboi,3
otherjesus,danyingyang,3
otherjesus,danyingyang,12
bustaj,xboyish_gigglesx,9
bustaj,simonju1998,8
bustaj,worstnidoce,3
bustaj,xboyish_gigglesx,3
bobross,evo_drifter,5
bustaj,worstnidoce,4
bustaj,caryn12,11
bustaj,duckzgo,25
bustaj,kokoblok_,5
bustaj,kokoblok_,5
bobross,tracercore,7
bustaj,kokoblok_,2
bustaj,kokoblok_,1
bobross,slyyyle,1
bobross,gyurin,9
dakotaz,jm_theog,4
dakotaz,blasttt_kingggx,6
bustaj,caryn12,2
dakotaz,seck1ngcsgo,28
bobross,eightysevenx,2
dakotaz,l337ch0p5,4
otherjesus,danyingyang,0
bustaj,bustaj_bot,13
dakotaz,nursefern,7
dakotaz,infinite_penguins,18
bustaj,caryn12,4
bustaj,caryn12,6
otherjesus,danyingyang,8
dakotaz,xtrozia,2
otherjesus,danyingyang,1
otherjesus,danyingyang,3
bobross,2chuu4uu,2
dakotaz,svipeone,29
bustaj,caryn12,2
otherjesus,danyingyang,2
dakotaz,akserone,2
dakotaz,brownwhitepanties,3
dakotaz,jimmythornseed1,6
dakotaz,keefetwo,7
bobross,oznr,2
dakotaz,dubiousbat,1
dakotaz,tripysoulzz,12
dakotaz,abbannnn,7
bustaj,kokoblok_,13
dakotaz,suptonicz,5
bustaj,kokoblok_,5
dakotaz,nightbot,8
dakotaz,rakhi1,6
bustaj,pascoahs,5
bustaj,pascoahs,1
dakotaz,zekeweed,1
otherjesus,danyingyang,2
otherjesus,otherjesus,3
otherjesus,danyingyang,2
otherjesus,otherjesus,3
dakotaz,armando7805,8
bustaj,ordinaryorder,1
dakotaz,dubiousbat,3
bustaj,ordinaryorder,1
bustaj,caryn12,13
bustaj,pascoahs,14
bustaj,caryn12,5
otherjesus,danyingyang,3
dakotaz,dubiousbat,1
otherjesus,danyingyang,1
bobross,esotank69,7
bustaj,pascoahs,8
bustaj,caryn12,4
bustaj,caryn12,1
leonblack,jewbacca37,4
leonblack,rjdoute,4
bustaj,pascoahs,8
dakotaz,missmariahyo,6
bustaj,pascoahs,9
leonblack,this_is_mr_something,3
bustaj,kokoblok_,12
bustaj,pascoahs,6
bustaj,kokoblok_,4
bustaj,pindead,27
bustaj,pascoahs,6
dakotaz,memo_420,9
dakotaz,dubiousbat,1
leonblack,graywolves,5
bobross,hairyburrito42,1
bustaj,pascoahs,19
bustaj,pindead,23
bustaj,pascoahs,9
bustaj,pascoahs,7
bustaj,bustaj_bot,13
leonblack,combat_blaze,1
dakotaz,gcheez42084,1
bustaj,pascoahs,6
bustaj,pascoahs,2
bustaj,pascoahs,6
dakotaz,lonesum,4
bustaj,cc_gbf,25
bustaj,pascoahs,5
leonblack,eloquentbambi,8
bustaj,kokoblok_,3
leonblack,eloquentbambi,1
dakotaz,lonesum,8
bustaj,pascoahs,4
leonblack,gorkm,4
bustaj,pascoahs,9
bustaj,pascoahs,6
bustaj,kokoblok_,17
bustaj,kokoblok_,3
leonblack,eloquentbambi,8
dakotaz,dubiousbat,1
dakotaz,dasnorkopsgang,8
bobross,tsquints,1
leonblack,splashmd,6
bustaj,kokoblok_,6
bustaj,pascoahs,3
bustaj,icepinklemonade,3
leonblack,scraaatch,9
leonblack,gewbz,11
leonblack,mkatmel,12
bobross,typokign1,4
leonblack,garbagemanz,10
leonblack,leomessiwins,11
bobross,tracercore,11
leonblack,sirakain,7
bobross,eightysevenx,3
leonblack,garbagemanz,4
leonblack,garbagemanz,3
leonblack,sirakain,2
leonblack,sirakain,2
leonblack,purposefull,4
leonblack,nightbot,8
leonblack,sirakain,2
dakotaz,negligence,26
leonblack,garbagemanz,3
dakotaz,chronicsmokcloud,1
leonblack,sirakain,1
leonblack,nightbot,5
leonblack,gladbane88,3
leonblack,sofakinng,7
dakotaz,raffi1300,1
leonblack,dema7,2
leonblack,stonedcheesus,1
chapo,13chaoslord13,12
chapo,pivt,20
chapo,fishballcs,6
chapo,riskay,2
chapo,13chaoslord13,1
chapo,fishballcs,8
chapo,sweetdweams,17
dakotaz,alwayzchillin07,7
bobross,deckyroo,3
bobross,antitrust1,1
chapo,tomix1606,10
chapo,portalbb,0
chapo,cknoxy,6
chapo,streamelements,17
chapo,sweetdweams,13
chapo,cknoxy,12
dakotaz,mythic_3,6
leonblack,gladbane88,10
chapo,tomix1606,15
chapo,13chaoslord13,6
chapo,13chaoslord13,3
chapo,holywood88,7
dakotaz,savagezhizhi,7
bobross,its__vash,6
dakotaz,infact_,6
leonblack,garbagemanz,7
leonblack,garbagemanz,10
leonblack,adamcolas,18
chapo,tomix1606,9
bobross,potateeeeees,5
chapo,toughsquid,3
leonblack,jewbacca37,15
chapo,thatguyy77,15
chapo,cknoxy,8
leonblack,ninjichor,30
chapo,holywood88,12
chapo,streamelements,11
leonblack,jewbacca37,1
chapo,portalbb,12
dakotaz,ozscotty79,11
chapo,portalbb,3
chapo,thatguyy77,1
chapo,riskay,5
chapo,riskay,3
chapo,tomix1606,11
chapo,thatguyy77,1
chapo,streamelements,23
leonblack,adamcolas,14
leonblack,nase9,2
dakotaz,infact_,8
leonblack,adamcolas,5
chapo,cknoxy,4
dakotaz,vroomy3234,5
chapo,cknoxy,5
chapo,imragedaddy,1
chapo,tomix1606,9
leonblack,purposefull,1
chapo,tomix1606,4
chapo,cknoxy,1
leonblack,eloquentbambi,3
chapo,cknoxy,5
chapo,tomix1606,0
chapo,cknoxy,1
leonblack,sleep_assist,3
chapo,streamelements,25
chapo,riskay,3
chapo,riskay,2
leonblack,adamcolas,9
leonblack,garbagemanz,8
chapo,streamelements,10
chapo,riskay,3
chapo,cknoxy,1
chapo,tomix1606,1
chapo,cknoxy,1
chapo,cknoxy,2
chapo,cknoxy,3
dakotaz,conconwall,15
chapo,tomix1606,9
chapo,tomix1606,3
chapo,rychysg,3
leonblack,garbagemanz,15
chapo,riskay,2
chapo,rychysg,4
chapo,rychysg,2
chapo,yarnedndangerous,8
leonblack,purposefull,2
leonblack,jewbacca37,2
chapo,riskay,0
chapo,cknoxy,7
chapo,cknoxy,1
dakotaz,aleciaslayz,5
chapo,kidwatts24,17
chapo,rychysg,6
leonblack,garbagemanz,4
chapo,dk_246,4
chapo,imragedaddy,10
bobross,antitrust1,1
chapo,maddawg138,5
bobross,skylinez33,1
chapo,yarnedndangerous,2
chapo,revenge94,8
leonblack,turk_,1
leonblack,dema7,1
leonblack,gladbane88,18
leonblack,graywolves,6
dakotaz,davisrt8,1
chapo,riskay,9
chapo,riskay,6
chapo,riskay,2
chapo,riskay,3
chapo,riskay,4
chapo,stoaontwitch,1
chapo,thatguyy77,4
chapo,imragedaddy,1
chapo,stoaontwitch,10
chapo,god_instinctz,7
chapo,yarnedndangerous,4
chapo,thatguyy77,1
chapo,streamelements,18
chapo,riskay,3
chapo,titandestruction,4
chapo,riskay,6
leonblack,nase9,4
chapo,kidwatts24,7
chapo,bigchorizo12,8
chapo,god_instinctz,3
chapo,streamelements,20
chapo,tyr_main,5
chapo,riskay,13
dakotaz,aiwou,2
chapo,luna_psych,1
chapo,riskay,4
chapo,luna_psych,4
megam0gwai,ledzeppelingwent,20
chapo,j21996,14
chapo,god_instinctz,12
chapo,holywood88,7
bobross,fauxdaddy,4
chapo,holywood88,1
chapo,tyr_main,4
chapo,god_instinctz,4
megam0gwai,ledzeppelingwent,4
megam0gwai,yumyummb,6
megam0gwai,duofanell,4
megam0gwai,shermiecos,14
megam0gwai,archon_art,31
chapo,gam3freak99,5
dakotaz,xshooz,7
chapo,holywood88,2
chapo,gam3freak99,3
chapo,riskay,3
chapo,revenge94,7
chapo,riskay,4
chapo,yarnedndangerous,2
chapo,thatguyy77,2
chapo,holywood88,9
bobross,algomalvado,2
leonblack,jewbacca37,39
chapo,stoaontwitch,2
chapo,streamelements,11
chapo,god_instinctz,5
chapo,adburnss,4
megam0gwai,shermiecos,4
chapo,thatguyy77,1
chapo,gam3freak99,5
chapo,god_instinctz,1
megam0gwai,ubbermon,13
chapo,revenge94,1
chapo,adburnss,1
megam0gwai,thegenedon,2
megam0gwai,yumyummb,16
megam0gwai,shermiecos,12
megam0gwai,freezedota,18
dakotaz,nursefern,3
chapo,nepneps,1
chapo,god_instinctz,3
chapo,revenge94,1
chapo,skyclimberhd,1
chapo,god_instinctz,1
chapo,streamelements,23
chapo,skyclimberhd,2
chapo,rikkis_cy,2
dakotaz,acethecase,4
chapo,starjunk,8
chapo,kidwatts24,3
chapo,tomix1606,13
leonblack,nase9,10
megam0gwai,yumyummb,3
megam0gwai,shermiecos,3
megam0gwai,duofanell,6
megam0gwai,arakneos,8
megam0gwai,shermiecos,7
leonblack,ninjichor,11
megam0gwai,ubbermon,13
chapo,streamelements,10
megam0gwai,yumyummb,9
chapo,thatguyy77,1
chapo,thatguyy77,1
chapo,streamelements,42
megam0gwai,yumyummb,2
megam0gwai,shermiecos,3
bobross,puddledweller,1
chapo,cknoxy,13
chapo,yarnedndangerous,1
chapo,streamelements,42
chapo,yarnedndangerous,5
chapo,chibinyanna,1
chapo,streamelements,42
megam0gwai,shermiecos,2
chapo,chibinyanna,1
chapo,chibinyanna,1
chapo,streamelements,13
leonblack,zlacheem,3
leonblack,crystal_dawn_,8
megam0gwai,yumyummb,4
megam0gwai,archon_art,37
chapo,streamelements,17
megam0gwai,ledzeppelingwent,5
dakotaz,jambaro,1
dakotaz,junta7,2
dakotaz,ipoggaren55,1
dakotaz,bigboi14582,8
chapo,silentzodiac,2
dakotaz,athan9,1
dakotaz,timwalters2402,8
megam0gwai,myrteal,10
megam0gwai,shermiecos,6
chapo,tomix1606,13
chapo,revenge94,0
megam0gwai,justdemo93,24
megam0gwai,arakneos,1
megam0gwai,shermiecos,4
chapo,streamelements,25
bobross,abugz26,8
dakotaz,xvisal,1
megam0gwai,ledzeppelingwent,3
chapo,chibinyanna,13
megam0gwai,grapplr,5
megam0gwai,archon_art,13
leonblack,graywolves,16
megam0gwai,grapplr,4
chapo,zslp,9
megam0gwai,syracus23,5
megam0gwai,ledzeppelingwent,2
megam0gwai,grapplr,3
megam0gwai,grapplr,4
megam0gwai,riru55,17
megam0gwai,shermiecos,2
chapo,gam3freak99,5
megam0gwai,yumyummb,8
bobross,blitzcomet_,8
leonblack,nightbot,1
megam0gwai,archon_art,16
megam0gwai,nightbot,11
chapo,rolfsonofashepard,4
megam0gwai,grapplr,4
megam0gwai,grapplr,3
chapo,streamelements,10
dakotaz,hop1505,3
leonblack,nightbot,29
megam0gwai,arakneos,46
chapo,skyclimberhd,5
megam0gwai,grapplr,4
chapo,gam3freak99,7
chapo,yarnedndangerous,3
megam0gwai,grapplr,6
megam0gwai,nereid__,1
chapo,gam3freak99,6
chapo,chibinyanna,3
megam0gwai,kralondrej,1
dakotaz,tmiller,3
leonblack,omniglob,1
megam0gwai,kralondrej,3
megam0gwai,absolut2100,1
megam0gwai,absolut2100,2
dakotaz,xx616_gunrue,4
megam0gwai,absolut2100,1
megam0gwai,grapplr,13
megam0gwai,syracus23,2
megam0gwai,absolut2100,2
megam0gwai,grapplr,9
megam0gwai,nereid__,1
dakotaz,brandon_araya,3
chapo,holywood88,6
megam0gwai,yumyummb,3
chapo,bfry0,13
megam0gwai,grapplr,12
leonblack,jewbacca37,1
chapo,tomix1606,15
leonblack,veedfeed,2
megam0gwai,vesok127,3
megam0gwai,kralondrej,2
megam0gwai,waytocoolz,3
megam0gwai,grapplr,4
chapo,aurehcg,1
dakotaz,biggethan99,19
chapo,gam3freak99,18
megam0gwai,grapplr,8
leonblack,ihosty,4
leonblack,jewbacca37,9
megam0gwai,calrael,10
chapo,kidwatts24,13
megam0gwai,xaron_in,2
megam0gwai,grapplr,4
megam0gwai,tunoak,4
chapo,gam3freak99,14
chapo,chibinyanna,4
megam0gwai,yumyummb,7
leonblack,ihosty,4
chapo,tomix1606,14
megam0gwai,nereid__,2
megam0gwai,snakello,7
dakotaz,brownwhitepanties,8
megam0gwai,kevor24,6
megam0gwai,taeyeon__ss,3
megam0gwai,arakneos,8
megam0gwai,taeyeon__ss,4
megam0gwai,grapplr,1
megam0gwai,nereid__,0
megam0gwai,vesok127,5
chapo,skyclimberhd,4
megam0gwai,grapplr,10
megam0gwai,xaron_in,0
megam0gwai,skurke_,12
megam0gwai,razor1n,3
megam0gwai,absolut2100,0
megam0gwai,kralondrej,1
megam0gwai,razor1n,0
chapo,yarnedndangerous,1
megam0gwai,imburgerlover,0
leonblack,dema7,1
megam0gwai,dioskas,0
megam0gwai,tunoak,8
megam0gwai,kralondrej,3
megam0gwai,absolut2100,0
megam0gwai,vesok127,0
megam0gwai,grapplr,10
megam0gwai,absolut2100,0
megam0gwai,kevor24,0
megam0gwai,chasekappa,0
megam0gwai,blackfox_gw,6
megam0gwai,absolut2100,0
megam0gwai,ledzeppelingwent,6
megam0gwai,absolut2100,0
megam0gwai,coolcat_ward,1
megam0gwai,absolut2100,1
megam0gwai,razor1n,0
megam0gwai,grapplr,11
chapo,fancytapshoes,4
megam0gwai,absolut2100,1
megam0gwai,snakello,2
megam0gwai,barnadoe,5
megam0gwai,grapplr,7
chapo,stoaontwitch,2
megam0gwai,tunoak,5
megam0gwai,grapplr,7
chapo,aurehcg,11
megam0gwai,grapplr,4
megam0gwai,absolut2100,3
megam0gwai,yumyummb,6
megam0gwai,grapplr,5
megam0gwai,imstupid94,8
chapo,chibinyanna,2
megam0gwai,kevor24,2
megam0gwai,snakello,7
megam0gwai,imstupid94,2
megam0gwai,tunoak,9
megam0gwai,xaron_in,6
megam0gwai,grapplr,8
chapo,yarnedndangerous,2
megam0gwai,imstupid94,11
megam0gwai,imstupid94,5
megam0gwai,kevor24,1
megam0gwai,grapplr,12
megam0gwai,barnadoe,4
megam0gwai,kralondrej,1
megam0gwai,imstupid94,9
megam0gwai,absolut2100,1
megam0gwai,tunoak,6
chapo,chibinyanna,1
chapo,streamelements,34
chapo,streamelements,20
megam0gwai,calrael,21
megam0gwai,absolut2100,6
megam0gwai,yumyummb,1
chapo,quis4412,8
leonblack,omniglob,2
megam0gwai,absolut2100,3
megam0gwai,absolut2100,0
chapo,72eal5on374k,7
chapo,yarnedndangerous,1
chapo,streamelements,10
chapo,chapo,1
chapo,streamelements,34
megam0gwai,grapplr,14
megam0gwai,grapplr,5
megam0gwai,kevor24,4
megam0gwai,syracus23,7
megam0gwai,yumyummb,13
megam0gwai,ganbatte_kudasai,2
megam0gwai,skurke_,2
megam0gwai,archon_art,9
leonblack,dema7,2
megam0gwai,grapplr,28
megam0gwai,imstupid94,17
leonblack,sirakain,5
megam0gwai,ledzeppelingwent,3
megam0gwai,pyrestone,13
leonblack,purposefull,1
megam0gwai,absolut2100,7
megam0gwai,67percentez,3
megam0gwai,yandrac,17
dakotaz,kwiikemart,2
chapo,t00quick,10
megam0gwai,arakneos,31
chapo,chibinyanna,1
megam0gwai,fenohs,1
megam0gwai,suobig,11
chapo,yarnedndangerous,2
megam0gwai,winnd,22
megam0gwai,fenohs,3
megam0gwai,calrael,1
megam0gwai,mythicalbrit,4
chapo,t00quick,3
dakotaz,dominik_g_,10
chapo,t00quick,1
megam0gwai,ledzeppelingwent,2
megam0gwai,suobig,9
megam0gwai,arakneos,2
megam0gwai,kevor24,3
megam0gwai,nereid__,9
leonblack,crystal_dawn_,20
megam0gwai,suobig,11
megam0gwai,arakneos,13
bobross,trix_halo,0
leonblack,omniglob,6
megam0gwai,suobig,4
megam0gwai,nereid__,3
dakotaz,villmsmusic,7
chapo,72eal5on374k,12
megam0gwai,suobig,5
megam0gwai,arakneos,9
chapo,the_lazy_afrojack,1
chapo,holywood88,1
chapo,zoetrain,4
chapo,czarcasim16,0
megam0gwai,suobig,6
chapo,zoetrain,6
megam0gwai,arakneos,7
chapo,zoetrain,4
megam0gwai,suobig,7
chapo,zoetrain,11
dakotaz,chocolategirlxx,3
chapo,yarnedndangerous,5
megam0gwai,arakneos,4
megam0gwai,winnd,2
megam0gwai,suobig,1
megam0gwai,suobig,2
chapo,72eal5on374k,5
leonblack,swagzillionaire,4
megam0gwai,nereid__,11
megam0gwai,suobig,5
megam0gwai,winnd,1
megam0gwai,arakneos,9
megam0gwai,yumyummb,3
chapo,streamelements,23
megam0gwai,arakneos,5
chapo,quis4412,2
leonblack,graywolves,10
chapo,rikkis_cy,3
chapo,streamelements,20
megam0gwai,grapplr,7
megam0gwai,yumyummb,9
megam0gwai,grapplr,2
megam0gwai,mythicalbrit,2
megam0gwai,mythicalbrit,5
megam0gwai,grapplr,7
megam0gwai,mythicalbrit,6
megam0gwai,grapplr,4
megam0gwai,grapplr,6
megam0gwai,suobig,11
megam0gwai,grapplr,9
chapo,t00quick,2
megam0gwai,grapplr,5
chapo,starjunk,4
megam0gwai,mythicalbrit,18
megam0gwai,impgangboss,13
megam0gwai,grapplr,10
megam0gwai,kralondrej,12
megam0gwai,grapplr,6
chapo,sams_neckbeard_,1
leonblack,combat_blaze,1
dakotaz,lonesum,6
megam0gwai,absolut2100,2
megam0gwai,mythicalbrit,5
megam0gwai,razor1n,1
megam0gwai,hueness40,4
megam0gwai,arakneos,16
megam0gwai,absolut2100,3
megam0gwai,ledzeppelingwent,4
chapo,starjunk,7
chapo,72eal5on374k,6
chapo,streamelements,25
chapo,mrfriendly176,14
chapo,sweetdweams,10
chapo,frequentsee,10
chapo,flory6661,1
chapo,sweetdweams,13
chapo,mrfriendly176,8
chapo,rep1ze,1
chapo,nepneps,1
chapo,holywood88,6
chapo,holywood88,1
chapo,chibinyanna,12
chapo,cowtown360,5
chapo,13chaoslord13,3
chapo,zoetrain,1
chapo,iblamethehost,1
chapo,chibinyanna,5
chapo,holywood88,2
chapo,holywood88,1
chapo,silentzodiac,4
chapo,aurehcg,2
chapo,13chaoslord13,1
chapo,nepneps,1
chapo,72eal5on374k,5
chapo,13chaoslord13,1
chapo,fancytapshoes,3
chapo,13chaoslord13,5
chapo,zoetrain,7
chapo,cowtown360,11
chapo,drummerboy219,2
chapo,iblamethehost,5
dakotaz,alwayzchillin07,1
chapo,holywood88,11
chapo,sweetdweams,10
chapo,chibinyanna,1
chapo,streamelements,42
chapo,yarnedndangerous,1
chapo,streamelements,42
chapo,thatguyy77,1
chapo,streamelements,42
chapo,streamelements,10
chapo,13chaoslord13,6
chapo,skyclimberhd,9
chapo,streamelements,10
chapo,cowtown360,15
chapo,13chaoslord13,3
bobross,tommi_salami69,3
chapo,deathhater012,5
chapo,chibinyanna,4
leonblack,graywolves,1
bobross,trix_halo,2
chapo,chibinyanna,14
chapo,streamelements,17
chapo,starjunk,9
chapo,iblamethehost,1
chapo,darax87,1
chapo,darax87,2
chapo,darax87,4
chapo,fancytapshoes,3
chapo,iblamethehost,8
chapo,darax87,8
chapo,fancytapshoes,2
megam0gwai,arakneos,12
megam0gwai,nightbot,11
chapo,holygzess,2
chapo,iblamethehost,5
chapo,nuk3platinum,1
megam0gwai,nereid__,11
megam0gwai,tunoak,2
chapo,fancytapshoes,9
megam0gwai,suobig,4
megam0gwai,arakneos,19
megam0gwai,arakneos,8
chapo,yarnedndangerous,12
megam0gwai,grunge69,6
chapo,fancytapshoes,10
chapo,holygzess,15
megam0gwai,arakneos,14
chapo,13chaoslord13,5
chapo,13chaoslord13,6
chapo,streamelements,31
chapo,chibinyanna,1
megam0gwai,ubbermon,7
megam0gwai,grunge69,2
chapo,iblamethehost,4
chapo,holygzess,5
chapo,nuk3platinum,2
megam0gwai,suobig,7
chapo,iblamethehost,5
megam0gwai,nereid__,5
leonblack,eloquentbambi,7
megam0gwai,suobig,9
megam0gwai,nereid__,1
megam0gwai,uwliss,1
megam0gwai,merchant,4
megam0gwai,killmepls82,9
leonblack,amberheard,2
leonblack,purposefull,3
megam0gwai,assassin21beka,4
megam0gwai,arakneos,11
megam0gwai,nereid__,1
leonblack,nightbot,9
megam0gwai,tunoak,3
megam0gwai,arakneos,2
leonblack,eloquentbambi,8
megam0gwai,ubbermon,3
megam0gwai,tunoak,2
megam0gwai,nereid__,4
megam0gwai,hueness40,4
leonblack,amberheard,4
megam0gwai,enotpoloskun,8
megam0gwai,arakneos,2
megam0gwai,tunoak,7
leonblack,sofakinng,14
leonblack,eloquentbambi,3
megam0gwai,bimpz,1
leonblack,sofakinng,13
megam0gwai,hueness40,1
leonblack,amberheard,1
megam0gwai,arakneos,7
leonblack,lilithedemon,1
leonblack,sirakain,1
megam0gwai,phearce,2
megam0gwai,yumyummb,1
leonblack,rossmerickson,12
megam0gwai,arakneos,2
megam0gwai,hueness40,4
megam0gwai,uwliss,1
megam0gwai,filium101,1
megam0gwai,ledzeppelingwent,6
leonblack,pyratrum_,5
dakotaz,ozscotty79,11
megam0gwai,hueness40,1
megam0gwai,absolut2100,4
megam0gwai,madshowkh,19
megam0gwai,jerok99,16
megam0gwai,impgangboss,8
megam0gwai,myrteal,26
megam0gwai,yumyummb,10
megam0gwai,arakneos,9
megam0gwai,screamdelic,9
megam0gwai,zascarnazam,9
megam0gwai,kralondrej,3
megam0gwai,nereid__,4
megam0gwai,merchant,4
forsen,eiful,2
dakotaz,nightbot,8
leonblack,combat_blaze,15
megam0gwai,voldemar_lemberg,2
megam0gwai,denka1231,4
megam0gwai,arakneos,3
megam0gwai,denka1231,2
megam0gwai,merchant,1
megam0gwai,r0guedigit,8
megam0gwai,denka1231,5
megam0gwai,smithspanky,1
megam0gwai,qvoth,4
megam0gwai,ledzeppelingwent,3
megam0gwai,nereid__,6
forsen,snakearmpit,2
megam0gwai,impgangboss,6
bobross,bravura_zenith,3
leonblack,sofakinng,6
leonblack,ninjichor,3
megam0gwai,biscoitocremoso,10
megam0gwai,yourisp,7
megam0gwai,ledzeppelingwent,5
megam0gwai,phearce,19
megam0gwai,yourisp,2
megam0gwai,deck16,4
megam0gwai,arakneos,2
megam0gwai,coffinangel,13
leonblack,sofakinng,3
megam0gwai,ledzeppelingwent,11
leonblack,graywolves,13
dakotaz,nightbot,15
megam0gwai,calrael,23
megam0gwai,kralondrej,4
megam0gwai,kralondrej,1
megam0gwai,poijackpoi,2
leonblack,spoookie,16
leonblack,olafcio200,3
megam0gwai,questmode_bot,31
megam0gwai,yourisp,12
megam0gwai,kralondrej,11
megam0gwai,ledzeppelingwent,15
megam0gwai,kumya03,10
leonblack,sirakain,5
megam0gwai,ganbatte_kudasai,6
megam0gwai,ledzeppelingwent,4
megam0gwai,fugly357,8
megam0gwai,lennon624,12
megam0gwai,nereid__,10
megam0gwai,ganbatte_kudasai,1
bobross,phase221,6
forsen,gachimaster69,1
forsen,pikikd,1
leonblack,graywolves,5
leonblack,sofakinng,1
leonblack,purposefull,4
forsen,zyrwoot,1
iam_chappie,facetious777,0
leonblack,dkids2,1
iam_chappie,bazzam75,0
iam_chappie,0ostin,1
megam0gwai,riru55,25
megam0gwai,dansw4no,14
megam0gwai,rasatak,9
megam0gwai,fugly357,9
megam0gwai,longkaisa,9
megam0gwai,brunocamargo97,14
forsen,horrorfromdeep,1
megam0gwai,dansw4no,11
megam0gwai,chowyourfat,17
megam0gwai,calrael,5
megam0gwai,myrrshock,5
megam0gwai,omgmikewtf,8
megam0gwai,myrrshock,3
megam0gwai,programadorsincero,1
leonblack,mathemagic,1
megam0gwai,fugly357,17
megam0gwai,shermiecos,1
forsen,rearinjection,5
megam0gwai,shermiecos,1
leonblack,eloquentbambi,6
megam0gwai,zalenor,11
forsen,slantefarslummesen,1
megam0gwai,calrael,9
megam0gwai,screamdelic,2
megam0gwai,thegenedon,1
megam0gwai,shermiecos,2
megam0gwai,myrrshock,3
megam0gwai,his_xlnc,5
megam0gwai,thegenedon,5
forsen,badluck4you,2
megam0gwai,jacoblovefood,2
megam0gwai,yourisp,5
megam0gwai,safewood,11
leonblack,mamaluigisspaghetti,3
megam0gwai,jacoblovefood,7
megam0gwai,shermiecos,3
megam0gwai,impgangboss,8
megam0gwai,chowyourfat,12
megam0gwai,jacoblovefood,3
megam0gwai,shermiecos,4
megam0gwai,dansw4no,6
megam0gwai,shermiecos,1
megam0gwai,shermiecos,14
megam0gwai,vicarious_one,19
megam0gwai,jacoblovefood,5
megam0gwai,phearce,8
bobross,sslucianswifu,1
megam0gwai,zalenor,33
megam0gwai,randommemer_,7
megam0gwai,riru55,19
megam0gwai,sanreizan,6
megam0gwai,mrblanes,13
megam0gwai,jazzo007,9
forsen,javirheo,2
megam0gwai,shermiecos,1
megam0gwai,nightbot,19
megam0gwai,senutna_mds,6
megam0gwai,mrblanes,2
megam0gwai,mrblanes,3
megam0gwai,mrblanes,1
megam0gwai,jacoblovefood,9
megam0gwai,shermiecos,3
megam0gwai,zalenor,16
megam0gwai,senutna_mds,5
megam0gwai,quatix_xd,8
megam0gwai,calrael,30
megam0gwai,randommemer_,15
megam0gwai,shermiecos,18
forsen,axel030,3
megam0gwai,rasatak,6
megam0gwai,senutna_mds,13
forsen,mrbigshotfirecheif,0
megam0gwai,zalenor,13
megam0gwai,shermiecos,3
forsen,frjnglkjelikgvjerlkjgf,0
megam0gwai,senutna_mds,9
megam0gwai,shermiecos,4
megam0gwai,mrblanes,22
megam0gwai,jacoblovefood,1
megam0gwai,zalenor,3
megam0gwai,jacoblovefood,5
megam0gwai,shermiecos,10
megam0gwai,randommemer_,17
megam0gwai,programadorsincero,11
megam0gwai,questmode_bot,33
megam0gwai,shermiecos,4
megam0gwai,sekritz,1
megam0gwai,senutna_mds,8
megam0gwai,calrael,26
megam0gwai,acurra,33
megam0gwai,spiesgear,18
megam0gwai,randommemer_,4
megam0gwai,safewood,15
megam0gwai,sekritz,1
megam0gwai,theraven8989,3
megam0gwai,38sweep,13
megam0gwai,calrael,6
megam0gwai,zetonegi,19
megam0gwai,shermiecos,10
megam0gwai,randommemer_,17
megam0gwai,ygrassil,5
leonblack,murphyspark,1
megam0gwai,shermiecos,2
megam0gwai,acurra,8
dakotaz,rravenclaw2016,2
megam0gwai,ganbatte_kudasai,1
megam0gwai,calrael,23
dakotaz,pilgrim_02,5
megam0gwai,shermiecos,9
megam0gwai,senutna_mds,7
forsen,samlada,16
megam0gwai,shermiecos,3
megam0gwai,rasatak,1
megam0gwai,chowyourfat,3
megam0gwai,mrblanes,1
megam0gwai,acurra,1
megam0gwai,screamdelic,5
megam0gwai,shermiecos,3
megam0gwai,rasatak,1
megam0gwai,safewood,13
megam0gwai,sekritz,1
megam0gwai,nereid__,3
megam0gwai,calrael,20
forsen,axel030,2
dakotaz,nightbot,8
megam0gwai,shermiecos,7
forsen,some_kind_of_specimen,3
megam0gwai,senutna_mds,7
megam0gwai,zetonegi,28
megam0gwai,ygrassil,4
megam0gwai,calrael,19
leonblack,amberheard,1
megam0gwai,jarou_k,8
megam0gwai,senutna_mds,1
megam0gwai,nereid__,7
megam0gwai,nereid__,1
megam0gwai,varvikvik,9
megam0gwai,rasatak,1
megam0gwai,senutna_mds,12
megam0gwai,screamdelic,4
megam0gwai,trendnoob,2
megam0gwai,calrael,10
megam0gwai,ganbatte_kudasai,1
megam0gwai,varvikvik,8
megam0gwai,screamdelic,2
megam0gwai,zetonegi,24
forsen,thedarknessarising,1
megam0gwai,senutna_mds,5
megam0gwai,nereid__,6
leonblack,rawgbeats,4
megam0gwai,ygrassil,8
megam0gwai,calrael,3
megam0gwai,ygrassil,12
leonblack,es0teric,6
megam0gwai,habituz,3
megam0gwai,happy_1733,11
megam0gwai,jarou_k,27
megam0gwai,screamdelic,3
dakotaz,chocolategirlxx,3
megam0gwai,artifactando,6
megam0gwai,nereid__,2
leonblack,eloquentbambi,6
megam0gwai,jarou_k,2
dakotaz,skeletalarkeus,3
leonblack,nightbot,8
megam0gwai,nightbot,11
megam0gwai,screamdelic,2
megam0gwai,lennon624,5
megam0gwai,duckyydota,1
megam0gwai,calrael,10
megam0gwai,rasatak,3
megam0gwai,zarthais,13
megam0gwai,errorash_,8
megam0gwai,yourisp,14
megam0gwai,regnarson,8
megam0gwai,safewood,9
megam0gwai,omgmikewtf,5
megam0gwai,sayomul,7
megam0gwai,regnarson,1
megam0gwai,errorash_,3
bobross,outcoid,7
megam0gwai,errorash_,3
forsen,bigmautain,9
dakotaz,tenboom_nz,4
megam0gwai,nereid__,2
megam0gwai,logadd2,13
megam0gwai,artifactando,10
megam0gwai,zetonegi,5
megam0gwai,omgmikewtf,8
leonblack,eloquentbambi,2
megam0gwai,nereid__,11
megam0gwai,madshowkh,2
megam0gwai,zalenor,5
megam0gwai,programadorsincero,5
megam0gwai,phearce,7
dakotaz,etk1981,3
bobross,monkeyheroeh,2
megam0gwai,calrael,22
megam0gwai,myrrshock,35
megam0gwai,zalenor,12
megam0gwai,zetonegi,19
megam0gwai,jarou_k,19
megam0gwai,omgmikewtf,9
megam0gwai,safewood,10
megam0gwai,zetonegi,13
megam0gwai,artifactando,6
megam0gwai,impgangboss,18
dakotaz,rolexonwrist,1
megam0gwai,onedelan,2
megam0gwai,habituz,22
megam0gwai,korvotv,6
megam0gwai,ganbatte_kudasai,5
megam0gwai,leonardi23,6
megam0gwai,programadorsincero,4
megam0gwai,theazrean,18
megam0gwai,korvotv,2
forsen,cntbreak,6
megam0gwai,myrrshock,4
megam0gwai,calrael,15
megam0gwai,yandrac,16
megam0gwai,calrael,11
megam0gwai,screamdelic,4
megam0gwai,kaythal,10
megam0gwai,korvotv,5
megam0gwai,rasatak,8
megam0gwai,zetonegi,15
megam0gwai,myrrshock,2
megam0gwai,myrrshock,2
megam0gwai,4onoki,1
megam0gwai,sayomul,6
megam0gwai,zetonegi,14
megam0gwai,leonardi23,7
megam0gwai,theazrean,9
megam0gwai,myrrshock,2
megam0gwai,myrrshock,2
forsen,sirspex,1
dakotaz,chrismariotv,4
forsen,gweekgobxs,1
leonblack,nightbot,24
megam0gwai,azzdon,2
forsen,fluid1337,5
megam0gwai,azzdon,7
megam0gwai,questmode_bot,31
megam0gwai,korvotv,12
megam0gwai,korvotv,5
forsen,patterneater,1
megam0gwai,shermiecos,1
leonblack,pyratrum_,14
iam_chappie,zombiepresident7,13
iam_chappie,fearzum,2
iam_chappie,zombiepresident7,6
leonblack,invictus6568,5
iam_chappie,chill0uttt,11
leonblack,nightbot,4
leonblack,crystal_dawn_,2
megam0gwai,nicolinonez1,3
rifftrax,macleod34,7
rifftrax,xdollchelsea,6
rifftrax,yummymeat,4
rifftrax,revolver_ocelot8,12
rifftrax,xdollchelsea,1
rifftrax,discordia_dog,4
megam0gwai,mr_ecko09,6
rifftrax,blurrybigfoot74,8
megam0gwai,gnurrgard,1
rifftrax,keldavor,9
rifftrax,discordia_dog,16
rifftrax,blurrybigfoot74,5
rifftrax,revolver_ocelot8,22
megam0gwai,mr_ecko09,6
megam0gwai,myrrshock,9
rifftrax,discordia_dog,13
megam0gwai,thomasthe,6
megam0gwai,gnurrgard,1
megam0gwai,mr_ecko09,7
megam0gwai,kaythal,7
megam0gwai,gnurrgard,2
megam0gwai,thomasthe,3
megam0gwai,calrael,9
megam0gwai,gnurrgard,4
megam0gwai,donuts142,9
megam0gwai,l3gendar,8
megam0gwai,kaythal,11
megam0gwai,myrrshock,2
megam0gwai,jarou_k,12
megam0gwai,donuts142,0
megam0gwai,gnurrgard,2
megam0gwai,gnurrgard,2
megam0gwai,justdemo93,6
megam0gwai,cleedow,21
megam0gwai,justdemo93,1
megam0gwai,teeeeeooooo,1
megam0gwai,myrrshock,18
megam0gwai,rasatak,1
megam0gwai,gnurrgard,5
megam0gwai,warchield,1
megam0gwai,nereid__,3
dakotaz,jennc,6
megam0gwai,happy_1733,6
megam0gwai,calrael,20
megam0gwai,myrrshock,6
megam0gwai,sayomul,4
megam0gwai,happy_1733,8
megam0gwai,nereid__,5
megam0gwai,warchield,9
megam0gwai,cleedow,1
megam0gwai,yumyummb,5
forsen,chrisonps2in420p,2
megam0gwai,splashfire,25
dakotaz,hoodedmist,1
megam0gwai,sayomul,5
dakotaz,plahnts,6
iam_chappie,snm_kissell,6
iam_chappie,m_cisco22,4
iam_chappie,chill0uttt,4
iam_chappie,chill0uttt,0
megam0gwai,justdemo93,16
iam_chappie,rocky459,1
iam_chappie,nightbot,17
iam_chappie,snm_kissell,2
iam_chappie,chill0uttt,5
iam_chappie,vbpotthead,11
iam_chappie,chill0uttt,2
iam_chappie,m_cisco22,3
iam_chappie,doctor7death,11
megam0gwai,teeeeeooooo,1
megam0gwai,shermiecos,8
megam0gwai,warchield,10
megam0gwai,kaythal,5
megam0gwai,koxeida,6
megam0gwai,kaythal,8
megam0gwai,rasatak,1
dakotaz,tenboom_nz,2
megam0gwai,shermiecos,1
megam0gwai,leonardi23,4
megam0gwai,grunge69,1
megam0gwai,nightbot,5
megam0gwai,zarthais,7
iam_chappie,snm_kissell,3
megam0gwai,yumyummb,1
dakotaz,nexuh6,14
megam0gwai,koxeida,8
iam_chappie,fearzum,5
megam0gwai,yumyummb,8
megam0gwai,myrteal,5
megam0gwai,lordab4ddon,3
megam0gwai,lordab4ddon,1
megam0gwai,zarthais,11
megam0gwai,nightbot,11
iam_chappie,nightbot,19
dakotaz,ipsychotis,2
megam0gwai,lordab4ddon,3
megam0gwai,calrael,9
megam0gwai,splashfire,14
megam0gwai,overview25,4
megam0gwai,yumyummb,3
megam0gwai,lordab4ddon,4
megam0gwai,michel199999,14
megam0gwai,kaythal,2
megam0gwai,lordab4ddon,5
megam0gwai,kaythal,10
megam0gwai,sayomul,6
iam_chappie,youaretrash121,0
megam0gwai,rasatak,3
iam_chappie,nightbot,32
megam0gwai,koxeida,4
megam0gwai,nereid__,1
iam_chappie,snm_kissell,21
megam0gwai,programadorsincero,2
iam_chappie,fearzum,11
megam0gwai,safewood,9
megam0gwai,nereid__,4
megam0gwai,koxeida,4
iam_chappie,nightbot,9
megam0gwai,lordab4ddon,3
iam_chappie,snm_kissell,15
megam0gwai,lordab4ddon,2
megam0gwai,kokonotsu,3
megam0gwai,karpatros,3
megam0gwai,sayomul,9
megam0gwai,rushiidota,1
megam0gwai,rasatak,4
megam0gwai,nereid__,2
megam0gwai,lordab4ddon,4
megam0gwai,donuts142,1
megam0gwai,happy_1733,3
megam0gwai,lordab4ddon,2
megam0gwai,calrael,12
megam0gwai,happy_1733,1
megam0gwai,binhosuaid,3
megam0gwai,zascarnazam,2
megam0gwai,elpomidor,0
megam0gwai,szosti122,2
megam0gwai,six_feat_under,5
megam0gwai,screamdelic,1
iam_chappie,snm_kissell,1
iam_chappie,m_cisco22,1
megam0gwai,tragedy65,11
megam0gwai,splashfire,2
megam0gwai,shermiecos,1
iam_chappie,snm_kissell,3
megam0gwai,calrael,4
megam0gwai,overview25,1
iam_chappie,ragnarwalters,13
megam0gwai,shermiecos,6
megam0gwai,overview25,2
megam0gwai,shermiecos,2
megam0gwai,overview25,2
iam_chappie,theph1nest,10
megam0gwai,ganbatte_kudasai,2
megam0gwai,rushiidota,1
megam0gwai,rasatak,4
megam0gwai,overview25,1
megam0gwai,tubytherat,1
megam0gwai,myrrshock,19
megam0gwai,yumyummb,3
megam0gwai,yandrac,12
megam0gwai,shrimpanzer,4
megam0gwai,screamdelic,6
forsen,kukrab,1
forsen,soulsandbonfires,2
iam_chappie,fearzum,1
megam0gwai,r0guedigit,4
iam_chappie,nightbot,32
iam_chappie,fearzum,12
forsen,cryptik7,1
iam_chappie,zkendroo,1
iam_chappie,akahecc,6
dakotaz,smurfkylling,1
iam_chappie,akahecc,1
bobross,snojetsst,4
megam0gwai,binhosuaid,4
megam0gwai,calrael,10
megam0gwai,tubytherat,3
megam0gwai,binhosuaid,1
megam0gwai,nightbot,19
megam0gwai,yumyummb,24
megam0gwai,xobject261,11
megam0gwai,calrael,8
iam_chappie,peterk2k,0
dakotaz,sniperlama3342,19
dakotaz,btothettothee,21
iam_chappie,twitch_grimreaper_,1
iam_chappie,princemac,14
iam_chappie,huwie35,8
iam_chappie,twitch_grimreaper_,1
iam_chappie,shinchan2795,7
iam_chappie,razgrox,7
iam_chappie,gopuri,4
iam_chappie,turtlelogik,3
iam_chappie,blackpistol_tcg,3
megam0gwai,u_eyeballing_me,7
iam_chappie,snaske_twitch,6
megam0gwai,pyrestone,7
iam_chappie,blackpistol_tcg,12
iam_chappie,jiggyd420,4
iam_chappie,nibornob,5
iam_chappie,mramazingxx,1
iam_chappie,mrkliin,22
iam_chappie,snm_kissell,2
iam_chappie,fr0stypaw,6
iam_chappie,iizrotiika,1
iam_chappie,razgrox,6
megam0gwai,calrael,14
megam0gwai,shrimpanzer,15
iam_chappie,blackpistol_tcg,2
megam0gwai,calrael,5
iam_chappie,blackpistol_tcg,1
megam0gwai,shermiecos,6
iam_chappie,creedz34,9
iam_chappie,snm_kissell,4
iam_chappie,turtlelogik,28
iam_chappie,mrkliin,6
iam_chappie,rated_n,1
iam_chappie,snm_kissell,2
iam_chappie,bigwhitegiraffe,28
iam_chappie,mrkliin,5
iam_chappie,razgrox,3
bobross,uselessjunck,3
iam_chappie,mramazingxx,5
iam_chappie,mramazingxx,4
iam_chappie,mramazingxx,6
iam_chappie,snm_kissell,0
iam_chappie,bigwhitegiraffe,1
forsen,coachanalystandpro,1
iam_chappie,snm_kissell,4
iam_chappie,strungfx,3
iam_chappie,turtlelogik,26
iam_chappie,outlaw_87_v2,3
iam_chappie,cutts750,5
iam_chappie,mramazingxx,2
megam0gwai,ledraj,6
iam_chappie,razgrox,1
megam0gwai,calrael,1
forsen,niceboi74,1
megam0gwai,ledraj,1
dakotaz,btothettothee,11
megam0gwai,yumyummb,8
megam0gwai,yumyummb,4
megam0gwai,calrael,4
dakotaz,mfwebo,2
megam0gwai,questmode_bot,29
megam0gwai,yumyummb,5
megam0gwai,mrmithos,7
forsen,golantrev,1
megam0gwai,yumyummb,9
megam0gwai,six_feat_under,9
megam0gwai,calrael,10
megam0gwai,onedelan,10
megam0gwai,thelizarddkingg,8
megam0gwai,yumyummb,5
megam0gwai,faraday_lenz,1
dakotaz,ganjatv,6
megam0gwai,demonada626,9
megam0gwai,yumyummb,2
megam0gwai,olorloser,7
megam0gwai,nereid__,1
forsen,trihard_from_hawaii,1
megam0gwai,calrael,6
megam0gwai,screamdelic,2
megam0gwai,67percentez,1
megam0gwai,szosti122,6
megam0gwai,teeeeeooooo,2
megam0gwai,patientmatt,1
megam0gwai,roachisback,6
megam0gwai,icicle_duelyst,9
megam0gwai,d3str0cti0n,8
iam_chappie,razgrox,2
megam0gwai,patientmatt,6
megam0gwai,yandrac,3
iam_chappie,incogneeto12021,1
iam_chappie,outlaw_87_v2,6
bobross,namelessbelle,2
iam_chappie,incogneeto12021,1
iam_chappie,cerealg0d,4
megam0gwai,yumyummb,10
dakotaz,yourangel21,31
bobross,nitemare2004,1
hitch,hitch__bot,2
iam_chappie,outlaw_87_v2,4
hitch,anond24,4
megam0gwai,yumyummb,9
megam0gwai,nangert,4
hitch,thesaiyanbatsy,3
hitch,xoxogossipcat,6
hitch,impactvelocity,1
hitch,hitch__bot,9
megam0gwai,myrrshock,7
megam0gwai,roachisback,4
megam0gwai,phearce,14
hitch,hawkster1968,2
hitch,mahcahwaca,6
forsen,vezu_,2
hitch,impactvelocity,1
hitch,hitch__bot,4
hitch,mahcahwaca,6
hitch,abrasivesniper,1
hitch,zedzys,6
hitch,medihv_wow,11
megam0gwai,pipas_,13
hitch,kingkiio,9
megam0gwai,faraday_lenz,9
megam0gwai,yumyummb,5
megam0gwai,pipas_,1
megam0gwai,real2su,5
hitch,impactvelocity,3
hitch,thesaiyanbatsy,3
megam0gwai,faraday_lenz,1
hitch,thefeelskappaman,11
hitch,souleymann,7
hitch,oliviatsayle,14
megam0gwai,nereid__,6
megam0gwai,ledzeppelingwent,10
hitch,zedzys,8
hitch,mahcahwaca,2
megam0gwai,batband,4
megam0gwai,demonada626,5
iam_chappie,nightbot,32
dakotaz,name_lyx,1
hitch,vliamv,3
hitch,deltadan1980,12
hitch,aleismar,2
hitch,terrytoad1,8
hitch,twitch_destroyed_my_life,7
forsen,moat_lulker,5
hitch,seviy,1
hitch,leonidov2,1
megam0gwai,rimejk_,1
hitch,szotyi3,2
hitch,dominoz416,1
forsen,sickhammer,5
hitch,aleismar,3
megam0gwai,nereid__,6
megam0gwai,golliwog1,1
megam0gwai,teeeeeooooo,1
megam0gwai,clonecharlie,14
iam_chappie,incogneeto12021,9
megam0gwai,pyrestone,4
megam0gwai,nereid__,8
megam0gwai,issparc,7
hitch,jono1,7
megam0gwai,pxshivan,4
bobross,kool992704,3
megam0gwai,imagomortistv,4
megam0gwai,bass_cino,10
megam0gwai,trilles,2
hitch,dominoz416,1
hitch,10fatfingers,5
hitch,yozfalcon1,1
megam0gwai,trilles,8
hitch,seviy,4
megam0gwai,real2su,7
hitch,krinklez__,21
hitch,aleismar,2
megam0gwai,golliwog1,2
hitch,xoxogossipcat,7
hitch,thefeelskappaman,3
hitch,cynicalsarcasmo,11
iam_chappie,snm_kissell,7
megam0gwai,batband,8
hitch,collect0r,8
megam0gwai,golliwog1,1
hitch,helbiggetje,8
hitch,aleismar,2
iam_chappie,tr4k4n,7
hitch,pmk_888,2
hitch,souleymann,1
hitch,aleismar,2
hitch,10fatfingers,5
iam_chappie,snm_kissell,5
hitch,stashzbot,2
hitch,mahcahwaca,1
iam_chappie,outlaw_87_v2,7
iam_chappie,funkyjumpymonkey,9
iam_chappie,incogneeto12021,3
hitch,jono1,1
hitch,hitch__bot,3
megam0gwai,zarthais,6
hitch,yozfalcon1,1
hitch,twitch_destroyed_my_life,1
forsen,penneropa,2
megam0gwai,solongnthnx,2
hitch,icelandic_polar_bear,2
hitch,aleismar,1
hitch,abrasivesniper,1
megam0gwai,icicle_duelyst,13
hitch,hitch__bot,3
hitch,hawkster1968,2
megam0gwai,nereid__,10
megam0gwai,nightbot,11
hitch,thefeelskappaman,17
megam0gwai,yumyummb,10
hitch,impactvelocity,1
hitch,bobbis888,1
hitch,icelandic_polar_bear,1
hitch,aleismar,7
megam0gwai,nereid__,12
hitch,memeej,8
hitch,mahcahwaca,8
hitch,mahcahwaca,8
forsen,trum_,5
megam0gwai,twistero0o,5
megam0gwai,yumyummb,1
hitch,mahcahwaca,7
hitch,bailey_xoxo,7
hitch,aleismar,3
hitch,cowboys_in_levis,6
hitch,bailey_xoxo,6
megam0gwai,leevanec,18
hitch,tabascosh0t,1
hitch,souleymann,2
hitch,hitch__bot,43
megam0gwai,yumyummb,2
hitch,whiteberry1972,2
forsen,gapz38,1
hitch,impactvelocity,1
hitch,azzy5463,1
hitch,upperkingjr,7
hitch,darkheretic,4
hitch,jimbobpbw,14
hitch,aleismar,2
hitch,stashzbot,8
hitch,bailey_xoxo,7
hitch,twitch_destroyed_my_life,3
hitch,mahcahwaca,1
hitch,hitch__bot,6
hitch,azzy5463,1
hitch,ya_boi_taters__underscore,4
forsen,notonebit,1
hitch,bailey_xoxo,11
hitch,souleymann,4
hitch,aleismar,6
hitch,sureshotgazza1,7
hitch,stashzbot,3
hitch,icrittmypants,6
hitch,whiteberry1972,3
bobross,qu4dratus,1
megam0gwai,clonecharlie,16
hitch,krinklez__,6
hitch,aleismar,3
hitch,gaki_von_dieh,4
forsen,jeiplague,1
bobross,melonumvxa,1
hitch,retrontology,3
hitch,thesaiyanbatsy,4
hitch,extreme2themax_,11
hitch,stashzbot,3
hitch,krinklez__,5
hitch,memeej,9
bobross,beam_reach,4
hitch,hawkster1968,3
hitch,bailey_xoxo,5
hitch,thefeelskappaman,5
forsen,jon_bovi_pepejam,8
hitch,mahcahwaca,9
hitch,dominoz416,10
hitch,darkheretic,3
hitch,impactvelocity,1
hitch,okidokiman,9
hitch,krinklez__,3
dakotaz,ajing10,11
hitch,thefeelskappaman,4
hitch,upperkingjr,13
hitch,hitch__bot,3
hitch,souleymann,3
hitch,ya_boi_taters__underscore,14
hitch,ya_boi_taters__underscore,1
hitch,bailey_xoxo,7
hitch,extreme2themax_,15
hitch,tobev,3
hitch,twitch_destroyed_my_life,5
hitch,impactvelocity,1
hitch,10fatfingers,7
forsen,starfishheat,3
forsen,voidscomber,2
hitch,souleymann,6
megam0gwai,yumyummb,14
hitch,collect0r,13
hitch,impactvelocity,1
megam0gwai,danm1124,5
hitch,bailey_xoxo,9
megam0gwai,shermiecos,6
hitch,10fatfingers,4
hitch,impactvelocity,1
hitch,ozziecarnt,5
hitch,bailey_xoxo,2
megam0gwai,shermiecos,1
hitch,hawkster1968,3
iam_chappie,ovlbeso,4
hitch,terrytoad1,4
hitch,aphictions,4
hitch,bailey_xoxo,2
megam0gwai,myrrshock,9
hitch,ozziecarnt,6
megam0gwai,shermiecos,9
iam_chappie,funkyjumpymonkey,4
hitch,ya_boi_taters__underscore,6
hitch,majikm,6
hitch,hitch__bot,3
hitch,jordancruzzzz,5
megam0gwai,sayomul,3
hitch,gaki_von_dieh,18
megam0gwai,nereid__,3
hitch,retrontology,4
hitch,souleymann,8
megam0gwai,tarttari,8
iam_chappie,adidice7,5
megam0gwai,nereid__,6
hitch,totzire1,3
hitch,majikm,4
hitch,bailey_xoxo,1
megam0gwai,pyrestone,9
hitch,hitch__bot,10
iam_chappie,adidice7,1
iam_chappie,incogneeto12021,2
hitch,phayth,10
dakotaz,mitchnic81,12
megam0gwai,shermiecos,5
megam0gwai,leevanec,3
hitch,10fatfingers,9
hitch,sureshotgazza1,5
hitch,dominoz416,1
hitch,anond24,8
hitch,bailey_xoxo,4
hitch,terrytoad1,15
hitch,donkey_dressed_asaunicorn,6
hitch,ucelen,2
hitch,hawkster1968,3
hitch,itscreepz,6
megam0gwai,jacoblovefood,18
hitch,oinke,2
hitch,spider_66,11
hitch,bailey_xoxo,3
hitch,twitch_destroyed_my_life,13
iam_chappie,epicsclive,1
iam_chappie,incogneeto12021,3
hitch,bailey_xoxo,6
iam_chappie,glacials20,11
hitch,count_zero_,11
hitch,souleymann,2
hitch,zedzys,2
hitch,mahcahwaca,4
forsen,bladerip,2
megam0gwai,shermiecos,5
hitch,twitch_destroyed_my_life,1
iam_chappie,zachtheboss7,1
hitch,vapersbaking,5
iam_chappie,smokeythereaper,2
iam_chappie,spicyhesus,2
hitch,souleymann,5
hitch,impactvelocity,19
hitch,vapersbaking,1
hitch,twitch_destroyed_my_life,1
iam_chappie,glacials20,5
iam_chappie,epicsclive,3
hitch,deedeeoriginals,10
megam0gwai,jacoblovefood,8
hitch,10fatfingers,9
iam_chappie,flamingredvam,5
hitch,glandheadcity,2
hitch,lakesis,20
hitch,bailey_xoxo,0
hitch,phayth,1
iam_chappie,adidice7,14
iam_chappie,daalex1711,5
hitch,extreme2themax_,3
megam0gwai,shermiecos,3
megam0gwai,nereid__,10
hitch,dominoz416,10
hitch,ferriswheel99,2
hitch,toadinapintglass,5
megam0gwai,bezi772,5
hitch,majikm,5
hitch,sureshotgazza1,3
hitch,souleymann,5
hitch,extreme2themax_,1
dantastic_tv,mister_howitzer,2
dantastic_tv,mister_howitzer,1
forsen,soulsandbonfires,4
dantastic_tv,mister_howitzer,2
dantastic_tv,frootblaster,2
dantastic_tv,sinclairfromsimbabwe,1
dantastic_tv,dantasticbot,37
megam0gwai,panvanocka,10
bobross,eidessa,1
hitch,ozziecarnt,1
megam0gwai,gandalf_2077,10
megam0gwai,yumyummb,5
dantastic_tv,mudjahydin,15
hitch,extreme2themax_,4
dantastic_tv,acebythebay,7
hitch,mahcahwaca,1
megam0gwai,quphadota,3
dantastic_tv,therealplayperfect,1
dantastic_tv,wugyeah,11
dantastic_tv,dumasofrivia,2
dantastic_tv,hands_celebratory,6
hitch,nacreoussky,9
dantastic_tv,x17beats,1
hitch,hitch__bot,10
megam0gwai,shermiecos,1
megam0gwai,nereid__,10
dantastic_tv,dantasticbot,6
hitch,bailey_xoxo,1
hitch,souleymann,6
dantastic_tv,dantasticbot,6
dantastic_tv,mister_howitzer,2
dantastic_tv,dantasticbot,6
iam_chappie,incogneeto12021,7
hitch,hedenske_skekke,1
dantastic_tv,dantasticbot,9
dantastic_tv,mrlulba,5
dantastic_tv,gomorrha,2
dantastic_tv,dantasticbot,6
dantastic_tv,dantasticbot,6
dantastic_tv,kilgore____trout,5
dantastic_tv,dantasticbot,6
hitch,ozziecarnt,2
dantastic_tv,gloriousbees,8
dantastic_tv,dantasticbot,6
megam0gwai,yumyummb,17
dantastic_tv,dantasticbot,7
iam_chappie,dagamos,9
dantastic_tv,theicekid,2
dantastic_tv,mudjahydin,7
dantastic_tv,dantasticbot,6
dantastic_tv,panic_ave,1
hitch,mahcahwaca,5
dantastic_tv,dantasticbot,6
iam_chappie,zilko_,5
dantastic_tv,x17beats,3
iam_chappie,adidice7,21
dantastic_tv,wugyeah,4
dantastic_tv,dantasticbot,6
hitch,donkey_dressed_asaunicorn,2
dantastic_tv,the_gyro_of_thyme,3
hitch,nacreoussky,2
hitch,glixlplix,13
dantastic_tv,dantasticbot,6
dantastic_tv,btnfoxtv,3
dantastic_tv,x17beats,5
hitch,kittyann84,26
hitch,murermesteren,20
dantastic_tv,emilthewizard,12
dantastic_tv,dantasticbot,6
dantastic_tv,gomorrha,17
dantastic_tv,dantasticbot,6
dantastic_tv,wugyeah,8
hitch,glandheadcity,28
dantastic_tv,misterlakes,6
megam0gwai,tubytherat,3
hitch,hitch__bot,14
dantastic_tv,dantasticbot,6
hitch,trisxtan,4
dantastic_tv,rockmanexe1,3
dantastic_tv,dantasticbot,10
hitch,kingkoffe,3
dantastic_tv,dantasticbot,6
megam0gwai,nereid__,7
dantastic_tv,hands_celebratory,5
dantastic_tv,dantasticbot,6
dantastic_tv,dumasofrivia,8
dantastic_tv,x17beats,2
hitch,david_haller,1
hitch,toadinapintglass,9
hitch,ottof1re,1
hitch,glixlplix,16
dantastic_tv,dantasticbot,6
megam0gwai,screamdelic,2
iam_chappie,ovlbeso,5
dantastic_tv,dantasticbot,6
iam_chappie,incogneeto12021,4
hitch,xoxogossipcat,5
dantastic_tv,dantasticbot,6
dantastic_tv,dantasticbot,6
megam0gwai,zarthais,4
dantastic_tv,x17beats,7
hitch,drunkensynder,11
hitch,glandheadcity,28
megam0gwai,shermiecos,3
hitch,murermesteren,20
dantastic_tv,dantasticbot,6
iam_chappie,outlaw_87_v2,1
hitch,eckonut72,16
forsen,pftest2207375,8
iam_chappie,zilko_,1
dantastic_tv,drunken_at_altersheim,47
iam_chappie,nologang,4
hitch,tobev,6
megam0gwai,yumyummb,12
dantastic_tv,dantasticbot,6
megam0gwai,sayomul,13
dantastic_tv,dantasticbot,6
hitch,oliviatsayle,4
iam_chappie,snm_kissell,2
iam_chappie,incogneeto12021,4
hitch,glandheadcity,1
dantastic_tv,hands_celebratory,5
megam0gwai,yumyummb,7
dantastic_tv,x17beats,2
hitch,mahcahwaca,22
hitch,col_izr,4
hitch,ya_boi_taters__underscore,5
bobross,channelgorf,5
dantastic_tv,the_gyro_of_thyme,2
hitch,twitch_destroyed_my_life,7
iam_chappie,gopuri,7
dantastic_tv,majong100,3
megam0gwai,questmode_bot,41
hitch,glandheadcity,14
iam_chappie,bazzam75,1
dantastic_tv,jinxmew,2
dantastic_tv,dantasticbot,21
hitch,mahcahwaca,2
hitch,mahcahwaca,4
dantastic_tv,faht,3
iam_chappie,ovlbeso,13
dantastic_tv,dantasticbot,8
megam0gwai,rfx0,6
iam_chappie,ragnarwalters,7
hitch,glandheadcity,3
hitch,eckonut72,6
dantastic_tv,dantasticbot,6
dantastic_tv,buhanisson,1
dantastic_tv,dantasticbot,6
hitch,glixlplix,11
bobross,metahumvn,6
hitch,zedzys,5
dantastic_tv,acebythebay,1
dantastic_tv,emilthewizard,7
iam_chappie,dagamos,8
dantastic_tv,emilthewizard,1
dantastic_tv,emilthewizard,1
hitch,seviy,3
hitch,glandheadcity,1
iam_chappie,dagamos,6
hitch,hitch__bot,9
megam0gwai,rfx0,1
hitch,twitch_destroyed_my_life,2
dantastic_tv,acebythebay,4
megam0gwai,rfx0,1
dantastic_tv,acebythebay,1
hitch,lakesis,10
dantastic_tv,acebythebay,3
hitch,eckonut72,1
hitch,hitch__bot,9
hitch,quasimonk,5
dantastic_tv,maceprowindu,12
dantastic_tv,the_gyro_of_thyme,2
dantastic_tv,fullmetalchocolate,10
dantastic_tv,majong100,1
dantastic_tv,dantasticbot,6
megam0gwai,nereid__,6
bobross,xnowku,2
dantastic_tv,gloriousbees,6
dantastic_tv,dantasticbot,5
hitch,dominoz416,6
hitch,twitch_destroyed_my_life,1
iam_chappie,nightbot,14
megam0gwai,rfx0,4
bobross,socloseagain,1
bobross,fischkimme,3
iam_chappie,zilko_,4
hitch,hawkster1968,1
megam0gwai,faraday_lenz,5
dantastic_tv,wugyeah,11
hitch,legendestream,8
hitch,cuckoldxo,1
iam_chappie,ovlbeso,12
hitch,shabbatai,1
hitch,hitch__bot,8
hitch,sureshotgazza1,9
dantastic_tv,majong100,14
iam_chappie,dagamos,1
hitch,sureshotgazza1,1
iam_chappie,nologang,3
dantastic_tv,jinxmew,11
hitch,nacreoussky,3
hitch,vapersbaking,3
iam_chappie,dagamos,5
hitch,icrittmypants,4
dantastic_tv,cruelmercy,6
dantastic_tv,maceprowindu,4
hitch,mahcahwaca,6
dantastic_tv,wugyeah,1
dantastic_tv,misterlakes,1
iam_chappie,zilko_,7
hitch,jimbobpbw,7
hitch,quasimonk,7
dantastic_tv,jinxmew,0
dantastic_tv,drunken_at_altersheim,1
dantastic_tv,tahickz,5
dantastic_tv,tahickz,2
dantastic_tv,tahickz,2
dantastic_tv,pillarist,6
dantastic_tv,tahickz,2
hitch,eckonut72,6
dantastic_tv,pillarist,5
dantastic_tv,x17beats,12
hitch,legendestream,8
dantastic_tv,wugyeah,8
dantastic_tv,molbac,3
dantastic_tv,emilthewizard,15
hitch,dean050,6
dantastic_tv,misterlakes,6
dantastic_tv,wugyeah,11
dantastic_tv,dantasticbot,23
megam0gwai,screamdelic,6
dakotaz,thestinkyhippy,25
dantastic_tv,dantasticbot,8
dantastic_tv,shmirt_,9
dantastic_tv,runlikewalla,5
megam0gwai,nereid__,3
dantastic_tv,xdeliciousmangox,6
hitch,10fatfingers,6
dantastic_tv,pillarist,3
dantastic_tv,relic39,5
dantastic_tv,faht,5
dantastic_tv,biancabellaaus,3
megam0gwai,clonecharlie,10
megam0gwai,ledzeppelingwent,15
dantastic_tv,wugyeah,2
dantastic_tv,majong100,5
dantastic_tv,gloriousbees,1
hitch,hawkster1968,1
dantastic_tv,x17beats,7
dantastic_tv,the_gyro_of_thyme,1
hitch,vapersbaking,1
dantastic_tv,relic39,6
hitch,sureshotgazza1,7
dantastic_tv,wugyeah,2
hitch,hitch__bot,9
hitch,retrontology,1
dantastic_tv,jinxmew,2
hitch,hawkster1968,1
dantastic_tv,jeffd5,4
dantastic_tv,dantasticbot,24
hitch,mahcahwaca,6
dantastic_tv,runlikewalla,1
dantastic_tv,relic39,2
forsen,taddy27,1
dantastic_tv,dantasticbot,6
hitch,fishingmoby,1
dantastic_tv,x17beats,2
dantastic_tv,dantasticbot,6
dantastic_tv,dantasticbot,6
dantastic_tv,emilthewizard,4
hitch,tr4v_mc,6
dantastic_tv,relic39,8
dantastic_tv,emilthewizard,7
hitch,vapersbaking,1
dantastic_tv,x17beats,1
dantastic_tv,emilthewizard,2
dantastic_tv,emilthewizard,2
dantastic_tv,jeffd5,5
dantastic_tv,dantasticbot,11
dantastic_tv,the_gyro_of_thyme,4
dakotaz,hamlinzleftbuttcheek,10
dantastic_tv,dantasticbot,7
dantastic_tv,faht,2
dantastic_tv,emilthewizard,3
dantastic_tv,biancabellaaus,8
bobross,scummit69g,4
dantastic_tv,x17beats,3
hitch,hitch__bot,13
hitch,vapersbaking,1
hitch,extreme2themax_,34
dantastic_tv,jeffd5,1
dantastic_tv,dantasticbot,35
dantastic_tv,dantasticbot,15
hitch,aphictions,1
hitch,darkheretic,2
dantastic_tv,dantasticbot,6
hitch,topmarkspip,13
hitch,memeej,5
dantastic_tv,btnfoxtv,4
dantastic_tv,x17beats,1
hitch,aphictions,2
hitch,oliviatsayle,1
hitch,david_sanders,4
hitch,thefeelskappaman,4
hitch,hawkster1968,2
hitch,lakesis,8
dantastic_tv,jinxmew,5
dantastic_tv,marc22228,1
dantastic_tv,dantasticbot,32
hitch,dom6991,6
hitch,dom6991,0
dantastic_tv,emilthewizard,8
dantastic_tv,x17beats,3
dantastic_tv,pillarist,4
forsen,hagrid_,2
dantastic_tv,btnfoxtv,6
dantastic_tv,x17beats,4
dakotaz,mryellowwolf1208,8
dantastic_tv,x17beats,1
dakotaz,kryptek__tk,1
dantastic_tv,x17beats,2
dantastic_tv,the_gyro_of_thyme,4
dantastic_tv,marc22228,3
dantastic_tv,dantasticbot,23
dantastic_tv,marc22228,0
dantastic_tv,x17beats,1
dantastic_tv,x17beats,10
dantastic_tv,meatmixer,4
dantastic_tv,emilthewizard,5
dantastic_tv,runlikewalla,3
dantastic_tv,maceprowindu,9
dantastic_tv,dantasticbot,6
dantastic_tv,meatmixer,0
dantastic_tv,jinxmew,11
dantastic_tv,drpiolin,3
dantastic_tv,dantasticbot,24
dantastic_tv,fullmetalchocolate,3
dantastic_tv,vagnur,7
dantastic_tv,wugyeah,4
dantastic_tv,dantasticbot,7
dantastic_tv,x17beats,13
dantastic_tv,jeffd5,1
dantastic_tv,fullmetalchocolate,3
dantastic_tv,jeffd5,5
dantastic_tv,dantasticbot,37
dantastic_tv,biancabellaaus,5
dantastic_tv,biancabellaaus,3
dantastic_tv,emilthewizard,4
dantastic_tv,tahickz,3
dantastic_tv,dantasticbot,22
dantastic_tv,drpiolin,1
dantastic_tv,dantasticbot,34
bobross,channelgorf,9
dantastic_tv,faht,1
dantastic_tv,dantasticbot,11
dantastic_tv,tahickz,3
dantastic_tv,dantasticbot,7
dantastic_tv,vagnur,9
dantastic_tv,faht,3
dantastic_tv,dantasticbot,8
dantastic_tv,biancabellaaus,15
dantastic_tv,biancabellaaus,3
iam_chappie,zilko_,8
dantastic_tv,wugyeah,1
dantastic_tv,tahickz,20
dantastic_tv,x17beats,15
dantastic_tv,wugyeah,9
dantastic_tv,emilthewizard,7
iam_chappie,angrydragon22,2
dantastic_tv,the_gyro_of_thyme,1
dantastic_tv,dantasticbot,6
dantastic_tv,dantasticbot,6
iam_chappie,zilko_,12
hitch,krinklez__,5
hitch,oliviatsayle,6
iam_chappie,doctor7death,1
hitch,vapersbaking,1
hitch,seviy,5
hitch,vapersbaking,1
dantastic_tv,tankeraidenmaster,5
dantastic_tv,the_gyro_of_thyme,3
dantastic_tv,ingan5,1
iam_chappie,ovlbeso,1
dantastic_tv,the_gyro_of_thyme,1
dantastic_tv,ingan5,6
megam0gwai,nereid__,5
megam0gwai,bezi772,2
hitch,dom6991,1
bobross,talann,9
dantastic_tv,icymind,7
megam0gwai,errorash_,7
hitch,jotembruv,2
dantastic_tv,ingan5,5
megam0gwai,soundless_a,14
dantastic_tv,tankeraidenmaster,7
hitch,dbconor,8
megam0gwai,errorash_,5
dantastic_tv,emilthewizard,14
megam0gwai,supaxmugen,7
dantastic_tv,zapplex123,3
iam_chappie,nightbot,2
megam0gwai,supaxmugen,8
hitch,seviy,4
hitch,icrittmypants,8
iam_chappie,doctor7death,7
hitch,extreme2themax_,2
megam0gwai,screamdelic,5
dantastic_tv,tankeraidenmaster,7
hitch,neon_bonez,10
iam_chappie,incogneeto12021,1
iam_chappie,win_fam,4
iam_chappie,koda_marie19,0
hitch,mahcahwaca,12
hitch,ottof1re,1
dantastic_tv,pokifruit,5
dantastic_tv,dantasticbot,23
hitch,mahcahwaca,3
iam_chappie,incogneeto12021,2
hitch,extreme2themax_,9
dantastic_tv,pokifruit,1
dantastic_tv,dantasticbot,34
iam_chappie,saly_likes_blud,1
dantastic_tv,wugyeah,6
iam_chappie,wafflevalley,2
dantastic_tv,hot35boy,0
bobross,sturdybird,3
dantastic_tv,pillarist,2
bobross,gamerwolf4849,1
iam_chappie,snm_kissell,1
iam_chappie,cambiasso,2
megam0gwai,meiyady,6
megam0gwai,cleedow,17
iam_chappie,minnickboi,2
bobross,laukidh,18
iam_chappie,cambiasso,8
bobross,talann,1
iam_chappie,incogneeto12021,1
iam_chappie,funkyjumpymonkey,21
megam0gwai,nereid__,22
megam0gwai,shipwrektyt,1
iam_chappie,incogneeto12021,1
megam0gwai,shipwrektyt,9
megam0gwai,manared,7
megam0gwai,icicle_duelyst,2
megam0gwai,icicle_duelyst,9
megam0gwai,cleedow,8
megam0gwai,real2su,7
megam0gwai,shipwrektyt,10
megam0gwai,icicle_duelyst,1
iam_chappie,americangrilll,17
megam0gwai,cleedow,1
megam0gwai,shipwrektyt,5
iam_chappie,savagesauce17,9
megam0gwai,shipwrektyt,9
megam0gwai,manared,3
megam0gwai,icicle_duelyst,1
iam_chappie,warlockumbra,9
megam0gwai,xenoflame1,9
bobross,dlsmally,5
megam0gwai,real2su,3
megam0gwai,goldeneye_hd,2
iam_chappie,nightbot,19
dantastic_tv,tahickz,3
megam0gwai,skywave_tv,17
dantastic_tv,dantasticbot,6
bobross,gumpwv23,2
megam0gwai,manared,5
dantastic_tv,vagnur,1
megam0gwai,shipwrektyt,7
iam_chappie,savagesauce17,17
iam_chappie,angrydragon22,1
dantastic_tv,tahickz,5
dantastic_tv,tankeraidenmaster,6
megam0gwai,shipwrektyt,8
dantastic_tv,tahickz,1
megam0gwai,icicle_duelyst,0
iam_chappie,incogneeto12021,1
megam0gwai,shipwrektyt,5
megam0gwai,manared,1
megam0gwai,icicle_duelyst,3
dantastic_tv,wugyeah,1
megam0gwai,toppin5,12
megam0gwai,goldeneye_hd,3
iam_chappie,minnickboi,2
dantastic_tv,btnfoxtv,3
megam0gwai,goldeneye_hd,11
megam0gwai,shipwrektyt,11
iam_chappie,nightbot,32
megam0gwai,shipwrektyt,8
iam_chappie,cambiasso,7
megam0gwai,goldeneye_hd,1
iam_chappie,nightbot,4
megam0gwai,gandalf_2077,1
megam0gwai,icicle_duelyst,1
forsen,jamjacjoe,1
megam0gwai,sudo8,1
megam0gwai,manared,3
megam0gwai,soundless_a,14
megam0gwai,manared,1
megam0gwai,jacoblovefood,3
megam0gwai,sudo8,2
megam0gwai,soundless_a,1
iam_chappie,savagesauce17,13
megam0gwai,skywave_tv,4
iam_chappie,incogneeto12021,2
megam0gwai,sudo8,10
bobross,aerii_,1
megam0gwai,nereid__,1
megam0gwai,xsplint3r,18
megam0gwai,attomicus,7
megam0gwai,manared,3
iam_chappie,cambiasso,6
megam0gwai,yung_moolah_,1
megam0gwai,forkarleken,6
megam0gwai,soundless_a,1
megam0gwai,bezi772,7
megam0gwai,pyrestone,8
megam0gwai,puck5566,2
iam_chappie,funkyjumpymonkey,2
megam0gwai,renoncius,1
megam0gwai,nhnf,2
megam0gwai,hempmind,3
megam0gwai,keygee,11
megam0gwai,trilles,1
megam0gwai,coeurenhiver,3
megam0gwai,yung_moolah_,4
megam0gwai,pipas_,13
megam0gwai,forkarleken,3
megam0gwai,attomicus,5
megam0gwai,delatsatlas,2
megam0gwai,kingcool204,3
megam0gwai,soundless_a,3
megam0gwai,xsplint3r,1
megam0gwai,jacoblovefood,17
megam0gwai,renoncius,1
forsen,elegigglesavedmylife,1
megam0gwai,myrrshock,14
megam0gwai,nhnf,5
forsen,alfa21,4
megam0gwai,myrrshock,10
dakotaz,valioes,1
megam0gwai,soundless_a,3
megam0gwai,wallofsilence,8
megam0gwai,myrrshock,6
megam0gwai,nhnf,8
megam0gwai,forkarleken,4
megam0gwai,safewood,15
megam0gwai,manared,5
megam0gwai,penum,5
megam0gwai,attomicus,24
megam0gwai,questmode_bot,33
megam0gwai,ledzeppelingwent,9
megam0gwai,soundless_a,3
megam0gwai,truthfinder,20
megam0gwai,truedawnfm,1
megam0gwai,quphadota,2
megam0gwai,hempmind,5
iam_chappie,angrydragon22,1
iam_chappie,triplc,6
dakotaz,directdash,6
iam_chappie,supermaxgaming,15
forsen,snusbot,12
iam_chappie,capricorn_58,2
forsen,shadowlinkv,26
iam_chappie,nightbot,17
forsen,lonewolfilluminatieyes,1
iam_chappie,angrydragon22,1
iam_chappie,incogneeto12021,2
dakotaz,tenboom_nz,3
iam_chappie,americangrilll,6
iam_chappie,lookitsaimbot,2
iam_chappie,supermaxgaming,10
iam_chappie,nightbot,14
dakotaz,mr_boggins,1
iam_chappie,youaretrash121,9
iam_chappie,nightbot,9
iam_chappie,minnickboi,9
iam_chappie,enraged_playz,10
forsen,neko_87,1
iam_chappie,kidfree47,6
iam_chappie,americangrilll,3
bobross,gatoquadrado,3
iam_chappie,ck_coc,22
iam_chappie,angrydragon22,1
iam_chappie,minnickboi,19
iam_chappie,angrydragon22,1
iam_chappie,nightbot,5
iam_chappie,ck_coc,3
iam_chappie,incogneeto12021,8
iam_chappie,triplc,7
bobross,trinxxy,1
iam_chappie,triplc,0
iam_chappie,nightbot,32
iam_chappie,minnickboi,3
iam_chappie,lookitsaimbot,4
forsen,eivindur,1
bobross,imraphaelll,8
iam_chappie,ck_coc,3
iam_chappie,bogey3311,14
dakotaz,hucky__,5
dakotaz,chrismariotv,2
dakotaz,powerranger222,9
dakotaz,zyllohhh,7
bobross,easy31415,3
dakotaz,nightbot,14
dakotaz,geek_chicc,6
dakotaz,rootbeer3,9
bobross,elidy,2
rdulive,aeorge,2
bobross,squidzocker,9
rdulive,xardes__,2
dakotaz,cheezits_,17
rdulive,superbueb,1
bobross,channelgorf,4
rdulive,jcraiden,8
rdulive,kate707,9
rdulive,solaniumg,10
rdulive,kate707,2
iam_chappie,ace10d,11
iam_chappie,xzcrave,5
iam_chappie,xzcrave,1
dakotaz,blu_ingemann,13
iam_chappie,ace10d,7
iam_chappie,xzcrave,1
iam_chappie,angrydragon22,1
iam_chappie,ace10d,1
dakotaz,trix711,8
iam_chappie,xzcrave,1
rdulive,jcraiden,11
iam_chappie,angrydragon22,1
iam_chappie,zkendroo,6
rdulive,kate707,9
iam_chappie,zkendroo,1
rdulive,superbueb,1
iam_chappie,nightbot,8
iam_chappie,iam_chappie,1
iam_chappie,nightbot,70
rdulive,rdulive,1
iam_chappie,slugsgaming,10
iam_chappie,hothashbrown,1
iam_chappie,nightbot,70
iam_chappie,kidfree47,1
iam_chappie,jarrygg,17
iam_chappie,zkendroo,12
rdulive,dumek,6
iam_chappie,ace10d,23
iam_chappie,slugsgaming,21
iam_chappie,angrydragon22,1
iam_chappie,zilko_,4
iam_chappie,nightbot,19
bobross,holdurnosesmithers,8
dakotaz,ipsychotis,5
iam_chappie,zkendroo,23
iam_chappie,doctor7death,6
iam_chappie,errrico,3
iam_chappie,doctor7death,3
dakotaz,talon2400,1
rdulive,kate707,5
rdulive,yobimapi,8
iam_chappie,angrydragon22,1
iam_chappie,nightbot,2
iam_chappie,nightbot,32
iam_chappie,enraged_playz,5
rdulive,loldajoe,2
iam_chappie,ace10d,40
iam_chappie,puss_daddy,2
iam_chappie,kidfree47,1
iam_chappie,jaems_cs,1
iam_chappie,keiths2324,1
iam_chappie,craggle_18,5
rdulive,mof990,5
iam_chappie,unisciousnes,3
iam_chappie,bigmurdo1,1
iam_chappie,coltonslawinski,1
iam_chappie,zikiboaa,4
iam_chappie,hothashbrown,5
iam_chappie,r3c0n_dad,2
iam_chappie,alion4life,4
iam_chappie,1brnttoast1,3
iam_chappie,americangrilll,13
iam_chappie,zikiboaa,2
iam_chappie,unisciousnes,5
iam_chappie,errrico,3
iam_chappie,enraged_playz,9
iam_chappie,ace10d,8
iam_chappie,money304,2
iam_chappie,doctor7death,2
iam_chappie,angrydragon22,2
iam_chappie,bigmurdo1,8
iam_chappie,triplc,4
iam_chappie,triplc,7
iam_chappie,triplc,5
iam_chappie,mordongorey,4
rdulive,inlegend,7
rdulive,phantan304,4
iam_chappie,angrydragon22,9
iam_chappie,zkendroo,3
iam_chappie,enraged_playz,7
iam_chappie,doctor7death,5
iam_chappie,r3c0n_dad,5
iam_chappie,angrydragon22,2
iam_chappie,callmebroda,1
iam_chappie,triplc,6
iam_chappie,ssszan,8
rdulive,mrlexgr,7
iam_chappie,slugsgaming,21
iam_chappie,hothashbrown,6
rdulive,coinstone,11
iam_chappie,zkendroo,2
iam_chappie,shotgunyoass,1
iam_chappie,nightbot,32
rdulive,phantan304,8
iam_chappie,shotgunyoass,2
rdulive,gonzopunchi,10
rdulive,yobimapi,11
iam_chappie,ace10d,6
iam_chappie,xxdilligafxx,3
iam_chappie,zkendroo,1
iam_chappie,puss_daddy,4
iam_chappie,sev1,8
iam_chappie,slugsgaming,17
rdulive,loldajoe,10
iam_chappie,nightbot,8
iam_chappie,zkendroo,10
iam_chappie,hbrady01,20
iam_chappie,zkendroo,1
rdulive,phantan304,17
iam_chappie,ssszan,22
iam_chappie,nightbot,19
iam_chappie,hothashbrown,4
iam_chappie,hothashbrown,2
dakotaz,ipsychotis,6
iam_chappie,nightbot,32
iam_chappie,cousindrew1339,13
bobross,mrspookboy,2
rdulive,streamelements,23
iam_chappie,apraizeme,2
iam_chappie,incogneeto12021,4
iam_chappie,triplc,21
iam_chappie,incogneeto12021,5
iam_chappie,incogneeto12021,6
iam_chappie,incogneeto12021,6
iam_chappie,angrydragon22,3
iam_chappie,angrydragon22,4
iam_chappie,angrydragon22,4
iam_chappie,rsfan1977,5
iam_chappie,angrydragon22,1
iam_chappie,nightbot,14
iam_chappie,incogneeto12021,6
iam_chappie,incogneeto12021,5
bobross,wezzol,1
bobross,christato,1
iam_chappie,angrydragon22,1
iam_chappie,nightbot,9
rdulive,ajax2854,12
iam_chappie,triplc,2
iam_chappie,incogneeto12021,4
iam_chappie,triplc,2
iam_chappie,nightbot,14
iam_chappie,incogneeto12021,4
rdulive,gintokired,3
iam_chappie,angrydragon22,2
rdulive,hs_dyer,22
rdulive,superbueb,1
iam_chappie,triplc,7
iam_chappie,frostyfeces,13
rdulive,streamelements,11
thedgd,nikolaapostolov,0
rdulive,ajax2854,5
rdulive,michaelblue,6
rdulive,steelchiliboy,1
rdulive,emilbrun97,4
rdulive,superbueb,2
rdulive,ajax2854,14
rdulive,rodp69,1
rdulive,xardes__,1
rdulive,cloud9csgg,4
rdulive,yobimapi,2
rdulive,ridian_bg,13
dakotaz,nyaruksa,4
iam_chappie,zee_nick,1
rdulive,mrguwee,7
dakotaz,inf0rmed,6
iam_chappie,angrydragon22,4
iam_chappie,nightbot,17
iam_chappie,final_xg,4
iam_chappie,jdogpin,7
rdulive,rtheeraser,4
iam_chappie,funkyjumpymonkey,3
iam_chappie,errrico,5
iam_chappie,incogneeto12021,2
iam_chappie,triplc,6
iam_chappie,incogneeto12021,1
iam_chappie,1brnttoast1,9
bobross,whyisprinceolitaken,6
iam_chappie,funkyjumpymonkey,9
iam_chappie,nightbot,32
iam_chappie,package900,1
iam_chappie,nightbot,17
iam_chappie,triplc,6
rdulive,nallepalma,1
iam_chappie,funkyjumpymonkey,7
rdulive,streamelements,8
iam_chappie,triplc,2
iam_chappie,triplc,1
rdulive,brputerbaugh83,4
iam_chappie,stoss860420,1
iam_chappie,incogneeto12021,1
iam_chappie,thewright420,2
iam_chappie,ismaelcentenorivera,1
iam_chappie,ismaelcentenorivera,3
iam_chappie,funkyjumpymonkey,3
iam_chappie,errrico,7
iam_chappie,colin219881,4
rdulive,venomancerbaki,4
iam_chappie,nightbot,1
iam_chappie,hothashbrown,1
rdulive,phantan304,14
rdulive,nlghthawkk,7
bobross,whyisprinceolitaken,1
iam_chappie,praiseithard666,15
rdulive,lgd251,3
iam_chappie,praiseithard666,2
iam_chappie,angrydragon22,6
iam_chappie,angrydragon22,3
rdulive,kylefirman,9
rdulive,mrlexgr,1
rdulive,rodeon66,10
rdulive,rodeon66,10
iam_chappie,errrico,1
rdulive,nlghthawkk,4
rdulive,badyacs,6
iam_chappie,maddeezy2525,3
iam_chappie,praiseithard666,15
iam_chappie,dontrell69,4
rdulive,rtheeraser,2
iam_chappie,ragnarwalters,4
iam_chappie,angrydragon22,3
iam_chappie,angrydragon22,3
iam_chappie,angrydragon22,3
rdulive,soyahoy,7
rdulive,nlghthawkk,5
rdulive,neilfps,6
rdulive,mrlexgr,1
iam_chappie,gamercrusher30,1
iam_chappie,lawncrestbol,1
iam_chappie,iamjavvy,1
iam_chappie,nightbot,5
iam_chappie,incogneeto12021,2
iam_chappie,xzcrave,11
iam_chappie,itz_rel0aded,5
iam_chappie,hothashbrown,1
rdulive,ajax2854,2
rdulive,mrguwee,5
rdulive,hustler794,1
rdulive,buisnasd,1
rdulive,phantan304,2
rdulive,phuron,17
rdulive,fugkaksoispistededed,1
rdulive,pffthmgcdrgn,1
rdulive,yenxa,2
iam_chappie,ck_coc,3
rdulive,mrguwee,1
thedgd,genji123x,3
iam_chappie,nightbot,32
rdulive,bogdanm23,4
iam_chappie,xzcrave,6
rdulive,fugkaksoispistededed,1
iam_chappie,xzcrave,2
iam_chappie,ck_coc,1
rdulive,ridian_bg,3
rdulive,nlghthawkk,13
rdulive,lgd251,7
rdulive,yobimapi,6
rdulive,yenxa,6
rdulive,prettiestpony,4
rdulive,phantan304,1
rdulive,beych,6
iam_chappie,ck_coc,4
rdulive,amael96,9
iam_chappie,mnunzi,1
rdulive,nifrodel,3
iam_chappie,itz_mrcake,2
thedgd,genji123x,8
iam_chappie,erod1980,1
iam_chappie,triplc,1
iam_chappie,nightbot,5
iam_chappie,spicychamploo,4
rdulive,kellhus123,8
bobross,bustyems,1
rdulive,yenxa,6
rdulive,hs_dyer,8
rdulive,mrlexgr,4
rdulive,forefather,6
rdulive,phantan304,4
rdulive,hs_dyer,3
iam_chappie,ck_coc,8
rdulive,phantan304,1
iam_chappie,zkendroo,1
iam_chappie,nightbot,70
rdulive,entro003,1
rdulive,yenxa,10
dev1,albatros_ik,3
rdulive,yenxa,3
iam_chappie,erod1980,1
rdulive,pffthmgcdrgn,3
rdulive,entro003,1
rdulive,xxnam,0
iam_chappie,chosen_matty,1
iam_chappie,nightbot,2
dev1,martinhosnedl22,4
dev1,samster1,0
iam_chappie,george_white,4
rdulive,blackww_253,4
rdulive,soyahoy,3
iam_chappie,lawncrestbol,1
dev1,dan1triceps,4
rdulive,yenxa,14
dev1,fiilcs,16
iam_chappie,xzcrave,1
rdulive,hs_dyer,7
rdulive,apeinsupershape,1
dev1,avasty_,2
iam_chappie,george_white,8
rdulive,kellhus123,10
rdulive,yenxa,5
iam_chappie,torack1803,1
rdulive,nabiee,4
iam_chappie,triplc,10
iam_chappie,george_white,2
iam_chappie,george_white,2
dev1,zetcs,7
dakotaz,yonatan_sela,2
rdulive,amael96,4
dev1,vinopicc,17
iam_chappie,triplc,16
rdulive,die3telegion,3
iam_chappie,triplc,4
iam_chappie,kanton8999,3
rdulive,hip3rx,23
rdulive,gswblew321lead,2
rdulive,ktfy,10
rdulive,ktfy,10
iam_chappie,triplc,17
iam_chappie,triplc,3
rdulive,valia11,3
dev1,matyypp,5
iam_chappie,nightbot,32
rdulive,yenxa,3
dev1,srnk0,4
iam_chappie,errrico,1
iam_chappie,nightbot,2
rdulive,blackww_253,4
iam_chappie,chosen_matty,2
rdulive,ktfy,15
dev1,drasks,3
iam_chappie,thetrippinalien,22
dakotaz,dasnorkopsgang,3
rdulive,ktfy,1
iam_chappie,thetrippinalien,3
rdulive,badyacs,4
rdulive,hustler794,3
dev1,fpsssko,6
iam_chappie,erod1980,1
rdulive,nabiee,1
rdulive,yenxa,9
rdulive,yenxa,2
rdulive,ori0ntv,1
dev1,janickaa,3
rdulive,yenxa,5
iam_chappie,zilko_,4
rdulive,corpsepunch,7
iam_chappie,ck_coc,9
dev1,tina818,0
dev1,cooldark_cz,1
dev1,cooldark_cz,1
iam_chappie,triplc,14
dev1,kristynaa19,0
dev1,pekryy,4
iam_chappie,errrico,1
iam_chappie,angrydragon22,2
iam_chappie,thetrippinalien,5
iam_chappie,errrico,3
iam_chappie,angrydragon22,1
iam_chappie,itz_mrcake,3
iam_chappie,angrydragon22,1
rdulive,ktfy,1
dev1,teroooooo,6
rdulive,yenxa,15
iam_chappie,matttask42,1
rdulive,nifrodel,4
iam_chappie,nightbot,2
iam_chappie,kanton8999,1
iam_chappie,final_xg,9
iam_chappie,triplc,10
rdulive,badyacs,2
iam_chappie,xzcrave,6
iam_chappie,nightbot,70
iam_chappie,hothashbrown,2
dev1,lord1k,7
iam_chappie,kanton8999,1
rdulive,entro003,2
iam_chappie,nightbot,19
dev1,nightbot,19
rdulive,yenxa,13
rdulive,ori0ntv,5
iam_chappie,erod1980,1
iam_chappie,mnunzi,6
dev1,nescrope,7
iam_chappie,tyrino_gaming,4
iam_chappie,ck_coc,4
iam_chappie,angrydragon22,1
iam_chappie,errrico,2
iam_chappie,erod1980,4
iam_chappie,cerealg0d,2
dakotaz,eman58840,1
iam_chappie,mnunzi,16
iam_chappie,tyrino_gaming,4
dev1,matusss,3
iam_chappie,lawncrestbol,8
iam_chappie,thetrippinalien,1
iam_chappie,mizerymurkem,6
dev1,mathew109112,10
iam_chappie,mr_checkoutime,2
iam_chappie,mizerymurkem,2
iam_chappie,heyauntiee,2
iam_chappie,minnesotavikings,19
dakotaz,jack_attack0111,7
iam_chappie,just_z0rry,8
iam_chappie,lilpnutheadzay,12
iam_chappie,lilpnutheadzay,5
dev1,avlplayer,4
iam_chappie,jasper89c,8
iam_chappie,thewright420,6
dev1,nescrope,18
dev1,bez_beznyku,1
rdulive,aleximj,7
dev1,avasty_,4
dev1,fpsssko,12
rdulive,xan1982,4
dev1,space_pto,1
dev1,maxx_csgo,5
iam_chappie,errrico,0
dev1,adwarin,1
iam_chappie,triplc,1
iam_chappie,frostyfeces,6
rdulive,kraptine,1
iam_chappie,lilpnutheadzay,11
iam_chappie,triplc,1
dev1,koreanpizzaboy,3
iam_chappie,praiseithard666,3
iam_chappie,nightbot,6
iam_chappie,bobso79,8
dev1,woster,3
iam_chappie,nightbot,32
iam_chappie,chill0uttt,3
rdulive,itstron,2
dev1,matusss,8
dev1,martindavidmolis,4
dev1,bajoooz0rd,10
rdulive,soyahoy,4
rdulive,itstron,3
iam_chappie,ck_coc,5
iam_chappie,thetrippinalien,24
rdulive,twitchviewer1992,4
dev1,thenaxis,7
dev1,bendr0,1
dev1,tfs122,1
dakotaz,llxremixll,4
dev1,iammainn,3
dev1,punisherbj14,2
dev1,haxnamax,5
dev1,mathew109112,3
dev1,radenoff,6
giantwaffle,saltminerdoc,2
giantwaffle,gfqpr1882,1
dev1,mathew109112,7
dev1,dede0099,1
dev1,tfs122,2
dev1,vinopicc,1
dev1,iammainn,1
dev1,pechy16,1
dev1,cooldark_cz,3
dev1,kohinson,1
dev1,r31nn,5
dev1,marrinarcad,8
rdulive,streamelements,4
dev1,tryx513,3
dev1,lkat,3
dev1,marrinarcad,1
rdulive,grognosh2,1
dakotaz,my_snipes,7
iam_chappie,maddeezy2525,16
iam_chappie,mclovin483,7
giantwaffle,thelewdwiener,1
dakotaz,elementdankness,3
dakotaz,xitzwizx,8
dev1,cooldark_cz,1
iam_chappie,chill0uttt,11
dev1,papayaa,3
giantwaffle,saornagain,8
thedgd,joerodman,0
phenomengames,b39se9k,2
thedgd,joerodman,0
dev1,hlinkas,5
dev1,avasty_,6
thedgd,joerodman,0
dev1,martindavidmolis,17
dev1,pvmsk,5
dev1,avasty_,8
dev1,avasty_,8
thedgd,joerodman,0
iam_chappie,thetrippinalien,15
iam_chappie,angrydragon22,3
iam_chappie,angrydragon22,3
phenomengames,vasiliimikhailichenko51,0
phenomengames,bluegayart,0
giantwaffle,drunkornah,3
phenomengames,redkosenpai,0
phenomengames,redkosenpai,0
rdulive,yenxa,6
phenomengames,redkosenpai,3
rdulive,vladislav114,1
phenomengames,egorrr_rr,3
dev1,haxnamax,0
phenomengames,crazywizard0,2
rdulive,streamelements,11
thedgd,joerodman,0
dakotaz,fatmanfalls420,9
phenomengames,nazgul__angmar,0
rdulive,nifrodel,6
thedgd,joerodman,0
rdulive,streamelements,9
phenomengames,bluegayart,3
thedgd,joerodman,0
phenomengames,loopers102,0
phenomengames,redkosenpai,5
dev1,tryx513,1
rdulive,durrok,5
phenomengames,chimera1616,1
giantwaffle,boyashacka,1
rdulive,vtz_blindy,0
dev1,nfko11,3
phenomengames,irnesvaan,0
giantwaffle,uenvyofficial,5
phenomengames,ilyskaaj,0
phenomengames,scamgames,1
phenomengames,chimera1616,1
phenomengames,nekto_v_triko,6
dev1,toby_da_king,8
rdulive,yenxa,13
phenomengames,nightbot,9
phenomengames,goodlesskings,1
phenomengames,redkosenpai,3
phenomengames,lwthegame,1
rdulive,hip3rx,5
dev1,ghosthaxor,2
phenomengames,huyuciy,0
phenomengames,nightbot,4
phenomengames,lopatka_1337,1
dev1,c0c0nut7,3
dev1,nightbot,3
phenomengames,lopatka_1337,2
giantwaffle,myckvalerio,5
dev1,fpsssko,5
phenomengames,egorrr_rr,0
phenomengames,dr_d1ssonance,1
phenomengames,crazywizard0,1
phenomengames,switoi,0
phenomengames,tolstoy123,1
dev1,sithiuz,9
dev1,7luboxxx,2
phenomengames,redkosenpai,3
giantwaffle,razzzzzzzzzz,6
rdulive,streamelements,6
rdulive,nabiee,5
iam_chappie,angrydragon22,1
iam_chappie,thetrippinalien,1
dakotaz,chocolategirlxx,1
iam_chappie,zilko_,1
iam_chappie,taco_0,15
dev1,esunn7,2
iam_chappie,rsfan1977,2
iam_chappie,hothashbrown,3
phenomengames,redkosenpai,3
phenomengames,redkosenpai,3
phenomengames,redkosenpai,3
phenomengames,switoi,0
dakotaz,icantaffordsubs,2
iam_chappie,fin_ess,2
thedgd,joerodman,0
rdulive,nifrodel,1
dev1,prokda,2
phenomengames,kukutii,0
dakotaz,thismof0,2
iam_chappie,taco_0,2
thedgd,joerodman,0
iam_chappie,peterk2k,2
dev1,pauloo1605,2
dakotaz,mxlen5,1
iam_chappie,baelub9521,1
phenomengames,redkosenpai,3
rdulive,inspiredbygreen,6
dakotaz,xxstunner3_16xx,11
iam_chappie,stormzilla2006,42
rdulive,notbillcosby_,3
phenomengames,redkosenpai,3
iam_chappie,fin_ess,1
phenomengames,redkosenpai,3
iam_chappie,chaoswrekz,4
iam_chappie,kill_trip11,1
rdulive,franco_xxx,1
phenomengames,redkosenpai,3
rdulive,xquerbg,1
rdulive,streamelements,6
phenomengames,redkosenpai,3
dev1,escapeiztop,5
phenomengames,crazywizard0,2
iam_chappie,abc1996000,1
iam_chappie,imadankdad,6
phenomengames,redkosenpai,3
iam_chappie,bennunz,1
thedgd,joerodman,0
iam_chappie,bennunz,1
thedgd,joerodman,0
phenomengames,bluegayart,0
phenomengames,nightbot,31
iam_chappie,nightbot,32
dev1,nightbot,18
phenomengames,nekto_v_triko,6
phenomengames,lopatka_1337,0
phenomengames,irnesvaan,0
phenomengames,bluegayart,1
phenomengames,crazywizard0,3
thedgd,joerodman,0
iam_chappie,k1llax96,3
dev1,adwarin,10
dev1,prokda,3
phenomengames,lwthegame,1
phenomengames,redkosenpai,3
phenomengames,switoi,0
rdulive,yenxa,8
phenomengames,lopatka_1337,1
iam_chappie,gasman1017,7
dev1,williamquadriceps,6
dev1,nonesta16,1
thedgd,joerodman,0
thedgd,joerodman,0
dev1,fpsssko,12
rdulive,mrlexgr,2
thedgd,joerodman,0
phenomengames,switoi,0
rdulive,yenxa,8
phenomengames,lopatka_1337,6
phenomengames,crazywizard0,3
phenomengames,b39se9k,3
dev1,avasty_,8
rdulive,blackww_253,8
phenomengames,andou_kondo_daisuke,6
phenomengames,kukutii,0
phenomengames,chimera1616,7
phenomengames,lopatka_1337,3
iam_chappie,k1llax96,10
iam_chappie,thetrippinalien,1
dev1,adwarin,13
dev1,williamquadriceps,12
phenomengames,crazywizard0,2
phenomengames,lwthegame,1
dev1,janickaa,1
dev1,theartcz,5
phenomengames,andou_kondo_daisuke,6
dev1,renroe,1
dev1,nejakejyoshi,0
dev1,teeezyxd,4
dev1,mildorado,0
rdulive,bizouncehs,7
dev1,mojocopovedal,14
rdulive,lucjfe,1
rdulive,xxdeadend,8
dev1,kiko23,2
dev1,filipko001,13
dev1,iammainn,1
phenomengames,switoi,0
dev1,nastiak,17
dev1,peooo23,1
dev1,dissgree,3
dev1,iammainn,6
dev1,losradinos,2
dev1,greatgamerstanley,4
phenomengames,lopatka_1337,1
iam_chappie,hothashbrown,8
iam_chappie,louieutd09,1
dev1,iammainn,2
phenomengames,1bananamaner1,1
dev1,sithiuz,13
phenomengames,lwthegame,1
dev1,dvd1337sk,10
dakotaz,gmelite96,3
rdulive,ofthepeopleofthenight,2
dev1,peooo23,1
giantwaffle,ownlyone,5
phenomengames,b39se9k,1
iam_chappie,muffin975312,1
phenomengames,egorrr_rr,0
phenomengames,dumrush,0
iam_chappie,triplc,1
iam_chappie,nightbot,5
dev1,corpyx,5
phenomengames,switoi,0
phenomengames,nightbot,4
iam_chappie,angrydragon22,0
dev1,space_pto,13
phenomengames,lwthegame,1
iam_chappie,angrydragon22,1
phenomengames,andou_kondo_daisuke,3
phenomengames,kukutii,0
phenomengames,switoi,0
giantwaffle,ghostpants,2
phenomengames,lwthegame,0
iam_chappie,triplc,2
phenomengames,andou_kondo_daisuke,6
phenomengames,holhohol,0
phenomengames,dumrush,0
dev1,glitch058,1
phenomengames,holhohol,0
dev1,ivaks1,1
phenomengames,ilove_tomat,0
phenomengames,switoi,0
iam_chappie,triplc,28
phenomengames,dretertan,0
phenomengames,switoi,0
iam_chappie,triplc,3
giantwaffle,v5key,6
dev1,lukogod,6
iam_chappie,vinithelegends,3
dev1,stronk_blitz_player,2
rdulive,arcaddia_,1
rdulive,arcaddia_,1
giantwaffle,jatii,2
dev1,nastiak,15
phenomengames,spacejam010,0
rdulive,veiskryd,1
phenomengames,aluc_alucard,0
iam_chappie,vinithelegends,2
phenomengames,braurd,0
dev1,nonesta16,1
iam_chappie,vinithelegends,1
iam_chappie,abcerberus1,4
phenomengames,kazyma_kyn,3
rdulive,veiskryd,1
iam_chappie,maniacalmustache,1
rdulive,reseus,1
iam_chappie,triplc,8
dev1,funtomass,2
dev1,escapeiztop,12
rdulive,laserbamhs,6
phenomengames,b39se9k,0
iam_chappie,vinithelegends,4
iam_chappie,angrydragon22,1
iam_chappie,hothashbrown,38
phenomengames,braurd,0
phenomengames,nurs5566,0
phenomengames,switoi,0
dev1,sithiuz,1
dev1,teroooooo,5
rdulive,karshberlg,10
iam_chappie,hothashbrown,7
rdulive,blackww_253,5
dev1,marek2582,5
iam_chappie,thecrimsonfrenzy,10
iam_chappie,udontknomeson,8
phenomengames,retadlord,0
giantwaffle,muraveyy,1
iam_chappie,angrydragon22,6
iam_chappie,vinithelegends,1
phenomengames,itukas,1
dev1,mojocopovedal,5
giantwaffle,phantom_avenge,4
iam_chappie,xxjmack,4
dev1,ghost1sk,3
dev1,funtomass,1
phenomengames,redkosenpai,0
phenomengames,itukas,0
giantwaffle,zockmock,1
iam_chappie,perpetrat0r,9
iam_chappie,creamera113,5
iam_chappie,mjc91311,1
iam_chappie,nightbot,32
phenomengames,redkosenpai,0
phenomengames,redkosenpai,3
iam_chappie,hothashbrown,19
rdulive,bogdansky,10
phenomengames,nekto_v_triko,1
rdulive,stanilavestani,1
iam_chappie,angrydragon22,2
phenomengames,andou_kondo_daisuke,6
rdulive,yenxa,6
iam_chappie,perpetrat0r,5
iam_chappie,riflehog,2
dakotaz,ipsychotis,1
phenomengames,bronotozavr,0
phenomengames,redkosenpai,3
dev1,zajacos,4
phenomengames,itukas,3
iam_chappie,thecrimsonfrenzy,25
phenomengames,redkosenpai,0
rdulive,notbillcosby_,4
phenomengames,redkosenpai,3
iam_chappie,zilko_,1
phenomengames,lwthegame,1
rdulive,west4u2,10
iam_chappie,keemxdolo,2
dev1,nightbot,8
phenomengames,egorrr_rr,2
dev1,krostenko,6
dev1,iammainn,7
rdulive,yenxa,25
dev1,secret_player_sk,3
dev1,filipko001,8
phenomengames,redkosenpai,6
phenomengames,nekto_v_triko,1
rdulive,skiccho,30
dev1,epos_cz,7
phenomengames,redkosenpai,4
iam_chappie,xxjmack,1
dakotaz,kandji,4
rdulive,yenxa,7
iam_chappie,final_xg,5
rdulive,yenxa,3
phenomengames,itukas,3
rdulive,ajax2854,4
phenomengames,nurs5566,0
phenomengames,redkosenpai,3
iam_chappie,nightbot,5
iam_chappie,thecrimsonfrenzy,14
phenomengames,raschestka,4
iam_chappie,angrydragon22,2
iam_chappie,beastxpl,1
dev1,bez_beznyku,1
iam_chappie,angrydragon22,1
giantwaffle,queefrichards_,2
iam_chappie,zilko_,1
dev1,qwertyx64,1
iam_chappie,warbros_rey,1
iam_chappie,nightbot,17
iam_chappie,creamera113,1
dev1,adwarin,2
phenomengames,redkosenpai,3
iam_chappie,angrydragon22,2
iam_chappie,keemxdolo,7
phenomengames,redkosenpai,5
phenomengames,raschestka,0
iam_chappie,freedminds,1
phenomengames,redkosenpai,4
phenomengames,redkosenpai,3
phenomengames,andou_kondo_daisuke,6
phenomengames,redkosenpai,3
iam_chappie,ck_coc,6
iam_chappie,zilko_,4
iam_chappie,itstimmay,4
phenomengames,zlat_saymon,0
rdulive,blackww_253,6
iam_chappie,xxjmack,8
iam_chappie,angrydragon22,3
iam_chappie,xxjmack,1
rdulive,yukiess,11
iam_chappie,jpeltor,11
dakotaz,randogg785,6
dakotaz,combicommando,1
phenomengames,redkosenpai,0
iam_chappie,final_xg,3
dev1,beanixx,5
phenomengames,redkosenpai,3
phenomengames,redkosenpai,3
dakotaz,jfoley,1
dakotaz,kandji,19
giantwaffle,meekish,5
iam_chappie,stumagooo,6
iam_chappie,angrydragon22,5
phenomengames,lwthegame,0
phenomengames,nightbot,9
iam_chappie,nightbot,19
iam_chappie,peterk2k,15
iam_chappie,beastxpl,0
iam_chappie,angrydragon22,3
iam_chappie,final_xg,2
rdulive,u3517603,10
iam_chappie,foubrakz,5
iam_chappie,robotjesus42069,6
iam_chappie,package900,19
dev1,protzz,10
iam_chappie,xxjmack,6
phenomengames,raschestka,3
giantwaffle,caffie_,2
iam_chappie,royalbobwithcheese,35
iam_chappie,angrydragon22,2
iam_chappie,tekkz,14
iam_chappie,angrydragon22,3
iam_chappie,ogyounggucci,21
iam_chappie,xxsilentdeath_v,0
iam_chappie,riflehog,14
iam_chappie,jaems_cs,4
iam_chappie,dopdahl,9
rdulive,nicolbolas214,8
iam_chappie,slewcooker6,0
dev1,epos_cz,3
phenomengames,zlat_saymon,0
dev1,mr_srbsk,0
iam_chappie,bigbossman100,24
iam_chappie,foubrakz,1
phenomengames,letalmaster,7
iam_chappie,creamera113,4
iam_chappie,optimo_primed,9
iam_chappie,angrydragon22,2
rdulive,blackww_253,6
phenomengames,happasc2,0
iam_chappie,og_op_mcgee,25
iam_chappie,xxsilentdeath_v,0
iam_chappie,creamera113,1
phenomengames,happasc2,0
iam_chappie,triplc,22
dev1,certik6,1
iam_chappie,lawncrestbol,16
iam_chappie,slaytaniccc,9
phenomengames,heming_ernestuey,13
dev1,mrdement,7
phenomengames,happasc2,0
rdulive,mrlexgr,2
phenomengames,makrowhite,0
phenomengames,nightbot,4
phenomengames,masiro23,0
dakotaz,ipsychotis,1
phenomengames,edellicht,4
iam_chappie,swamp_donkie,0
dakotaz,worrun_tv,2
phenomengames,bluegayart,1
iam_chappie,ck_coc,20
giantwaffle,neph37,5
phenomengames,blinkiblonki,5
phenomengames,masiro23,0
phenomengames,letalmaster,6
iam_chappie,metacogman,5
phenomengames,ish_gdupo,8
rdulive,west4u2,13
rdulive,west4u2,13
iam_chappie,colin219881,27
phenomengames,san9ra5,6
iam_chappie,saucefest,2
phenomengames,raschestka,9
phenomengames,andou_kondo_daisuke,6
phenomengames,forty_dust,11
phenomengames,blinkiblonki,5
phenomengames,danmakzol,1
phenomengames,polite_pie,14
phenomengames,happasc2,0
giantwaffle,prince_chaotic,2
phenomengames,kainesdk,4
phenomengames,redkosenpai,4
phenomengames,3dfruit,0
iam_chappie,riflehog,2
phenomengames,masiro23,0
iam_chappie,tekkz,17
phenomengames,nekto_v_triko,6
phenomengames,san9ra5,2
phenomengames,nekto_v_triko,6
phenomengames,nekto_v_triko,6
iam_chappie,tekkz,34
iam_chappie,ck_coc,18
phenomengames,mixalpal2,1
iam_chappie,tekkz,17
phenomengames,dumrush,0
phenomengames,redkosenpai,0
phenomengames,b39se9k,3
phenomengames,aluc_alucard,0
phenomengames,redkosenpai,0
phenomengames,heming_ernestuey,6
phenomengames,aluc_alucard,0
phenomengames,raschestka,0
phenomengames,mege_maz,0
iam_chappie,stoff__,0
phenomengames,redkosenpai,0
phenomengames,ubermensch_kolya,3
phenomengames,vladik7,0
phenomengames,fenrisot,5
phenomengames,kalimbula,4
phenomengames,redkosenpai,0
iam_chappie,final_xg,5
phenomengames,nightbot,31
phenomengames,vikranchik,2
phenomengames,redkosenpai,3
phenomengames,moongrass994,1
iam_chappie,ck_coc,7
iam_chappie,tekkz,1
phenomengames,lomikfreemana,2
phenomengames,phenomengames,5
phenomengames,phenomengames,5
phenomengames,phenomengames,5
phenomengames,kenni53,4
iam_chappie,hothashbrown,16
phenomengames,san9ra5,2
iam_chappie,nightbot,2
phenomengames,vikranchik,0
phenomengames,kenni53,1
phenomengames,andou_kondo_daisuke,6
phenomengames,mcdiger01,1
iam_chappie,angrydragon22,2
rdulive,streamelements,9
phenomengames,makrowhite,1
phenomengames,dimon0396,0
iam_chappie,final_xg,11
phenomengames,redkosenpai,0
giantwaffle,saytos1,8
iam_chappie,tekkz,6
rdulive,mr_underpants,2
rdulive,ktfy,4
phenomengames,kirillponomarev_v,0
dev1,dev1,21
dakotaz,l337ch0p5,11
phenomengames,andou_kondo_daisuke,6
rdulive,west4u2,4
iam_chappie,tekkz,1
phenomengames,bluegayart,1
iam_chappie,tekkz,4
iam_chappie,final_xg,2
iam_chappie,flashyphil32,18
giantwaffle,ummon_,5
rdulive,zitiron,1
iam_chappie,final_xg,10
dev1,deemer29,8
iam_chappie,tekkz,2
phenomengames,nekto_v_triko,6
rdulive,godgabe,3
iam_chappie,tekkz,2
phenomengames,chimera1616,2
phenomengames,belich47,3
iam_chappie,final_xg,2
iam_chappie,nightbot,32
iam_chappie,tekkz,2
rdulive,ajax2854,10
iam_chappie,final_xg,1
iam_chappie,ck_coc,2
iam_chappie,final_xg,1
dev1,oxygenproduction,15
iam_chappie,tekkz,2
rdulive,blackww_253,3
phenomengames,prostoshake,0
iam_chappie,tekkz,5
iam_chappie,final_xg,6
phenomengames,andou_kondo_daisuke,6
phenomengames,chimera1616,3
iam_chappie,angrydragon22,1
rdulive,fyllokungen,1
dev1,nonesta16,6
iam_chappie,ck_coc,2
phenomengames,bluegayart,1
dev1,sevinnn,4
iam_chappie,final_xg,4
dev1,mtmaty16,7
giantwaffle,dimensionalshadow,1
dev1,oxygenproduction,16
iam_chappie,caydenskater,2
phenomengames,belich47,3
phenomengames,wocaonim,0
iam_chappie,caydenskater,3
iam_chappie,tekkz,4
iam_chappie,campbellcrew88,1
iam_chappie,angrydragon22,2
rdulive,twitchviewer1992,3
iam_chappie,creamera113,2
phenomengames,lwthegame,1
dev1,nejakejyoshi,14
rdulive,yenxa,5
phenomengames,andou_kondo_daisuke,6
iam_chappie,tekkz,3
rdulive,wooooly,1
dev1,escapeiztop,17
rdulive,hxc_hs,3
phenomengames,bluegayart,1
rdulive,twitchviewer1992,4
phenomengames,redkosenpai,3
phenomengames,obsida,8
dev1,arturovic,7
iam_chappie,ck_coc,4
dev1,kaarel_,12
rdulive,nlghthawkk,3
dev1,mrdement,3
dev1,replayxd_,9
iam_chappie,beastxpl,4
phenomengames,redkosenpai,3
phenomengames,chimera1616,1
phenomengames,nightbot,4
iam_chappie,nightbot,19
dev1,xssxssxs,1
dev1,connor2jzz,1
iam_chappie,creamera113,1
phenomengames,andou_kondo_daisuke,6
dev1,swonexis,1
phenomengames,redkosenpai,5
phenomengames,korzik88,0
iam_chappie,incogneeto12021,2
rdulive,blackww_253,7
dev1,tdh_,3
iam_chappie,angrydragon22,2
iam_chappie,tekkz,6
phenomengames,belich47,7
phenomengames,nekto_v_triko,0
rdulive,fr3quenttv,15
iam_chappie,incogneeto12021,4
phenomengames,korzik88,0
dev1,mrdement,2
phenomengames,redkosenpai,3
phenomengames,cooperfed,15
phenomengames,andou_kondo_daisuke,0
iam_chappie,incogneeto12021,2
phenomengames,fordagame,0
phenomengames,bluegayart,0
iam_chappie,hazenhigh,2
phenomengames,andou_kondo_daisuke,6
iam_chappie,angrydragon22,1
phenomengames,failitail,0
iam_chappie,triplc,2
rdulive,blackww_253,4
phenomengames,korzik88,3
phenomengames,dumrush,0
phenomengames,egorrr_rr,1
iam_chappie,ck_coc,6
rdulive,grumpykitten69,14
rdulive,blackww_253,6
phenomengames,bluegayart,0
phenomengames,redkosenpai,5
phenomengames,redkosenpai,0
phenomengames,andou_kondo_daisuke,6
dev1,radix963,5
phenomengames,bluegayart,1
iam_chappie,creamera113,4
iam_chappie,ck_coc,1
phenomengames,mr_viper98,0
iam_chappie,angrydragon22,1
iam_chappie,nightbot,5
iam_chappie,hazenhigh,5
iam_chappie,mnunzi,3
iam_chappie,kreeeeem,1
iam_chappie,nightbot,4
dev1,itachi478,1
dev1,yakmonster,2
iam_chappie,forster82,0
iam_chappie,renzoabc,2
dev1,brofx,2
phenomengames,kipling__,0
phenomengames,themozforcee,1
iam_chappie,triplc,16
phenomengames,bluegayart,4
phenomengames,themozforcee,0
iam_chappie,ck_coc,3
iam_chappie,gowgecka,2
giantwaffle,manz1,1
phenomengames,failitail,1
iam_chappie,rcaster,4
iam_chappie,rcaster,4
iam_chappie,wolfman724,1
phenomengames,nackeddedyska,1
iam_chappie,charlesa24,1
iam_chappie,triplc,1
iam_chappie,mightymane,1
iam_chappie,activ3edd1e530,1
iam_chappie,triplc,1
iam_chappie,keiths2324,1
dakotaz,pattylive,2
iam_chappie,incogneeto12021,3
iam_chappie,juju_vibes,1
iam_chappie,empty010,6
iam_chappie,renzoabc,1
iam_chappie,ck_coc,7
phenomengames,nurok23,2
iam_chappie,xvxroyalsxvx,1
phenomengames,andou_kondo_daisuke,6
iam_chappie,gowgecka,1
iam_chappie,ufirst,1
iam_chappie,curious_elliot,7
iam_chappie,mr__killshot,1
iam_chappie,mjc91311,5
iam_chappie,hazenhigh,1
iam_chappie,ck_coc,1
iam_chappie,mnunzi,1
iam_chappie,hosseinmh93,1
iam_chappie,greenlandpiper,1
phenomengames,nightbot,31
iam_chappie,nightbot,32
phenomengames,redkosenpai,3
iam_chappie,lawncrestbol,3
dev1,rand0mramb0,3
iam_chappie,marcusj1,1
phenomengames,redkosenpai,3
dev1,lachtansk,1
iam_chappie,angrydragon22,5
phenomengames,redkosenpai,0
iam_chappie,spotsbuddy,3
dev1,escapeiztop,4
phenomengames,redkosenpai,3
phenomengames,redkosenpai,3
phenomengames,andou_kondo_daisuke,6
iam_chappie,lawncrestbol,7
iam_chappie,wolfman724,1
iam_chappie,rcaster,1
iam_chappie,nightbot,2
iam_chappie,mnunzi,1
giantwaffle,codyyy__,1
rdulive,domse93,2
iam_chappie,lildikgirl,1
iam_chappie,lil_swoop,1
iam_chappie,angrydragon22,9
dev1,kaarel_,2
iam_chappie,curious_elliot,6
iam_chappie,hazenhigh,2
dev1,haxnamax,1
iam_chappie,mjc91311,2
rdulive,rtheeraser,2
iam_chappie,juju_vibes,2
iam_chappie,lil_swoop,1
rdulive,blackww_253,5
phenomengames,redkosenpai,3
iam_chappie,foubrakz,1
phenomengames,bluegayart,0
iam_chappie,karma8701,2
iam_chappie,tyrino_gaming,2
iam_chappie,lil_swoop,2
iam_chappie,triplc,2
dev1,space_pto,1
iam_chappie,spotsbuddy,1
iam_chappie,lawncrestbol,3
phenomengames,redkosenpai,1
dev1,jankomursk,1
iam_chappie,incogneeto12021,2
rdulive,yenxa,5
iam_chappie,weirdisland,2
dev1,m4rtyy_csgo,1
iam_chappie,ck_coc,3
dev1,tryx513,1
iam_chappie,udontknomeson,2
phenomengames,redkosenpai,0
rdulive,rtheeraser,4
phenomengames,redkosenpai,4
iam_chappie,xmingleex,1
iam_chappie,hnau,20
phenomengames,bluegayart,1
phenomengames,kipling__,0
iam_chappie,dubbyaa,1
dakotaz,itsm3ll0,1
iam_chappie,thetrippinalien,2
iam_chappie,curious_elliot,5
iam_chappie,hosseinmh93,1
iam_chappie,xmingleex,0
phenomengames,andou_kondo_daisuke,6
iam_chappie,mr_checkoutime,15
iam_chappie,hnau,20
iam_chappie,lawncrestbol,27
dev1,adwarin,5
phenomengames,bluegayart,0
phenomengames,nackeddedyska,1
iam_chappie,lawncrestbol,3
iam_chappie,curious_elliot,10
dev1,marqo852,1
dev1,mrdement,5
phenomengames,felixoided,0
dakotaz,l337ch0p5,7
iam_chappie,robotjesus42069,6
iam_chappie,cixelsyd17,1
dev1,mmisho_nl,1
dev1,hranolka_svk,1
phenomengames,andou_kondo_daisuke,6
iam_chappie,lawncrestbol,37
iam_chappie,mr__killshot,1
phenomengames,mrproper11,2
rdulive,yenxa,1
phenomengames,redkosenpai,3
phenomengames,themozforcee,0
dev1,forty_444,8
dev1,martinb1122,6
dev1,gavor666,22
rdulive,ajax2854,7
dev1,mmisho_nl,6
dev1,officialaway,7
phenomengames,redkosenpai,3
dev1,agmichal,3
dev1,kokotnacelo,1
dev1,ghost1sk,1
dev1,janickaa,8
dev1,fredyy20,4
phenomengames,nurok23,0
rdulive,bizouncehs,5
dev1,aifossk,1
phenomengames,nightbot,9
iam_chappie,nightbot,19
iam_chappie,lawncrestbol,15
rdulive,west4u2,8
phenomengames,san9ra5,2
giantwaffle,loldatfunny,1
phenomengames,andou_kondo_daisuke,6
phenomengames,nightbot,4
iam_chappie,nightbot,32
rdulive,ktfy,26
phenomengames,danilmaksudov2000,0
phenomengames,redkosenpai,3
phenomengames,egorrr_rr,0
giantwaffle,fishything,1
phenomengames,redkosenpai,3
dev1,officialaway,6
phenomengames,kipling__,2
phenomengames,san9ra5,3
dev1,nonesta16,1
dev1,topiinka,2
phenomengames,andou_kondo_daisuke,6
rdulive,nabiee,5
rdulive,notbillcosby_,1
dev1,bez_beznyku,1
giantwaffle,wendelbsilva_,1
phenomengames,redkosenpai,3
dev1,nejakejyoshi,1
dev1,kokotnacelo,1
dev1,searinox9,0
dev1,punisherbj14,3
phenomengames,amstelmeme,0
dev1,ghost1sk,1
phenomengames,felixoided,0
dev1,thenaxis,1
rdulive,nabiee,3
phenomengames,kipling__,1
phenomengames,sergay_walter,1
phenomengames,amstelmeme,0
phenomengames,amstelmeme,0
giantwaffle,lvyeartman,6
phenomengames,redkosenpai,0
phenomengames,andou_kondo_daisuke,6
phenomengames,redkosenpai,0
phenomengames,redkosenpai,3
phenomengames,dumrush,0
phenomengames,vasbasov,0
phenomengames,belich47,3
dakotaz,shankipottomus,2
phenomengames,amstelmeme,1
phenomengames,kipling__,2
phenomengames,amstelmeme,0
phenomengames,korzik88,4
phenomengames,redkosenpai,3
phenomengames,kipling__,0
phenomengames,scamgames,0
dev1,newwofficial,5
phenomengames,gold____fish,0
dev1,kokotnacelo,0
dev1,aifossk,0
rdulive,west4u2,1
phenomengames,sergay_walter,1
dev1,wickieown,1
dev1,shinibunny,3
dev1,mooores,2
phenomengames,redkosenpai,3
rdulive,19amg98,8
dev1,dudusik04,0
dev1,connor2jzz,8
dev1,mundy12,5
phenomengames,egorrr_rr,2
phenomengames,andou_kondo_daisuke,6
phenomengames,redkosenpai,3
dev1,danielsxcz,1
rdulive,notbillcosby_,1
rdulive,kementarii,2
phenomengames,kipling__,1
dev1,sumec258,11
rdulive,die3telegion,17
phenomengames,nurok23,0
phenomengames,semenov59,1
rdulive,uhtred_from_bebbanburg,6
rdulive,uhtred_from_bebbanburg,6
dev1,iammainn,4
phenomengames,redkosenpai,0
rdulive,kelethmos,1
dev1,tuareg97,5
dev1,tdh_,4
phenomengames,redkosenpai,3
rdulive,alexonlyworld,3
rdulive,silentsnails,3
rdulive,tranxiz,1
rdulive,nekemmindegy,2
rdulive,sasukeisbeck,6
rdulive,sasukeisbeck,6
dev1,albatros_ik,2
phenomengames,andou_kondo_daisuke,6
rdulive,diviuss,5
phenomengames,justdaddyalex,0
dev1,wickieown,6
rdulive,u3517603,29
phenomengames,lwthegame,1
dev1,samco0014,3
phenomengames,korzik88,3
dev1,sniperis27,8
rdulive,west4u2,5
phenomengames,nightbot,4
phenomengames,anaki00,1
rdulive,halcyongirl,0
dakotaz,xxbosshogg03xx,7
phenomengames,kipling__,1
phenomengames,nightbot,31
dev1,ghost1sk,1
dev1,ghost1sk,3
rdulive,valia11,4
giantwaffle,desheepy,1
dev1,space_pto,1
dev1,wickieown,1
dev1,cooldark_cz,1
dakotaz,kartikk07,8
dev1,space_pto,1
dev1,dudisk,1
dev1,kurtcodein51,1
dev1,pato20044,1
dev1,nastiak,1
dev1,dondiikk,1
dev1,happyslovak,3
phenomengames,semeroodnogonezhdut,1
dev1,aifossk,1
dev1,travexik,4
giantwaffle,lathander,1
dev1,officialaway,14
rdulive,beepbeepbeep3,8
dev1,fifko258,2
dev1,krbiak88,1
phenomengames,belich47,1
phenomengames,dobriypekar,1
giantwaffle,kevin09876543,1
phenomengames,semeroodnogonezhdut,0
phenomengames,justdaddyalex,1
dev1,johny_y_y,1
phenomengames,andou_kondo_daisuke,6
dev1,eeesky,2
phenomengames,felixoided,1
rdulive,west4u2,5
phenomengames,redkosenpai,3
rdulive,beepbeepbeep3,2
giantwaffle,doiteh,1
rdulive,ktfy,7
dakotaz,combicommando,1
phenomengames,redkosenpai,3
dev1,dudisk,6
dev1,officialaway,1
phenomengames,felixoided,1
phenomengames,begemotik_56,0
phenomengames,begemotik_56,0
phenomengames,dobriypekar,0
phenomengames,felixoided,0
phenomengames,redkosenpai,3
phenomengames,belich47,3
dev1,nejakejyoshi,2
dakotaz,hiphitv,4
phenomengames,andou_kondo_daisuke,6
dev1,nescrope,10
dev1,dudooo0,4
rdulive,loldajoe,7
rdulive,nejxy,4
giantwaffle,lelpena,4
giantwaffle,allybox,1
phenomengames,vlad3639h,0
rdulive,arran564,4
phenomengames,redkosenpai,3
rdulive,politeod,5
rdulive,politeod,5
phenomengames,raschestka,1
rdulive,19amg98,1
rdulive,badyacs,2
rdulive,kellhus123,1
rdulive,dumek,1
phenomengames,redkosenpai,3
rdulive,hiimthotd,7
phenomengames,belich47,3
dev1,officialaway,7
phenomengames,redkosenpai,3
phenomengames,felixoided,0
rdulive,kiixxx,11
dev1,toretko,5
dev1,resiow,1
dev1,flrr,1
dev1,kikoslaviskorba,2
dev1,mundy12,1
dev1,virbo011,1
dev1,m4rtyy_csgo,8
dev1,memorex77,5
dev1,jamescrof,1
dev1,r45t1k,2
rdulive,beer_trap,6
dev1,sniperis27,2
rdulive,ktfy,7
phenomengames,andou_kondo_daisuke,6
dev1,m4rtyy_csgo,2
dev1,fredyy20,2
dev1,m4rtyy_csgo,3
dev1,arturovic,10
phenomengames,nightbot,9
dev1,travexik,3
phenomengames,wasyapetechkin,0
phenomengames,dobriypekar,0
rdulive,loldajoe,2
dev1,connor2jzz,2
giantwaffle,expouhl,10
phenomengames,belich47,4
dev1,nonesta16,9
rdulive,palaosi,3
giantwaffle,rare__potato,1
dev1,extremett,1
dev1,xbladej,1
dev1,ahswag,1
phenomengames,nightbot,4
dev1,aifossk,1
dev1,blader153,1
dev1,sashagraj,2
rdulive,kellhus123,6
dev1,dudusik04,2
phenomengames,dobriypekar,0
giantwaffle,ieyo93i,8
rdulive,jagodovvy,7
giantwaffle,gluip,1
dev1,jin69afc,7
dev1,matusss,7
rdulive,19amg98,1
dev1,sch0ke,6
dev1,lipo18,1
phenomengames,korzik88,3
dev1,majagiss,3
dev1,brko95,3
dev1,secret_player_sk,5
dev1,damianeyo_,4
dev1,mojocopovedal,12
phenomengames,pro10096demon,0
dev1,martindavidmolis,4
dev1,nescrope,13
rdulive,oskurok,5
giantwaffle,w4ffle_bot,3
dev1,mojocopovedal,4
phenomengames,andou_kondo_daisuke,6
dev1,srnk0,3
dev1,beloch1,2
dev1,elkoo,3
dakotaz,gordito27,12
dev1,lolko131e3,2
phenomengames,nightbot,31
rdulive,sammechu,8
phenomengames,belich47,7
dev1,fredyy20,3
phenomengames,dobriypekar,1
dev1,wickieown,2
dev1,damianeyo_,4
rdulive,ktfy,5
dev1,judinojack,2
dev1,certik6,0
rdulive,grumpykitten69,13
phenomengames,godot228,0
phenomengames,nrake123,3
phenomengames,nekto_v_triko,2
phenomengames,nekto_v_triko,1
dakotaz,aleciaslayz,3
dakotaz,traplife_lazers,5
rdulive,gr1mm_reaper1no,5
dev1,majagiss,7
dev1,officialaway,9
rdulive,oskurok,5
phenomengames,qwertink,3
rdulive,rageesportsdarky,3
rdulive,kiixxx,1
rdulive,kellhus123,2
dev1,elkoo,7
dev1,lukeperezz,1
phenomengames,kipling__,0
rdulive,loldajoe,1
phenomengames,dobriypekar,3
rdulive,silentsnails,1
dev1,raptorr1337,9
rdulive,asdy811224,7
forsen,madnuffjew,1
rdulive,valentinwo,6
phenomengames,hikkikamori_,1
phenomengames,andou_kondo_daisuke,6
forsen,thel2reaper,4
forsen,siivagunnerfan69,1
rdulive,bb1995123,6
rdulive,bb1995123,6
rdulive,adamcim,12
dev1,danielsxcz,10
forsen,katplay,12
rdulive,nejxy,9
dev1,raptorr1337,1
rdulive,silentsnails,4
dev1,iammainn,5
kalashnikovmediatv,eugene_than,0
rdulive,alerick_wong,5
rdulive,uhtred_from_bebbanburg,4
rdulive,dumek,7
phenomengames,laskalavista,0
dakotaz,residentg6,15
phenomengames,laskalavista,0
phenomengames,nightbot,4
phenomengames,laskalavista,0
dev1,haisko__,1
rdulive,oskurok,1
rdulive,bs17618,1
dev1,fhornak,1
dakotaz,xnotnonox,3
phenomengames,student_student,1
dev1,mojocopovedal,8
dev1,nerwiq,0
dev1,spacesk_,0
dev1,tago77,3
dev1,samuelinhoj,6
dev1,teeezyxd,7
dev1,filipko001,2
phenomengames,angelo444619,1
phenomengames,angelo444619,0
rdulive,higgi17,2
rdulive,oskurok,1
rdulive,iampasos,3
dev1,timikesvk,3
dev1,twitchdefuser,4
dev1,itzmat3j,2
dev1,doctorsvk,1
phenomengames,begemotik_56,0
dev1,travexik,1
dev1,tr3blee,5
dev1,martin3421,8
dev1,smking_,1
rdulive,hionut,5
forsen,lryroth,7
forsen,xfaustviiix,3
dev1,extremett,1
dev1,sch0ke,1
dev1,timikesvk,2
forsen,eolnys,1
rdulive,ironoctothorpe,5
dev1,expertpetco,5
dakotaz,xitzwizx,7
phenomengames,asasinatsasin,0
phenomengames,andou_kondo_daisuke,6
rdulive,solaniumg,8
giantwaffle,woypres,5
rdulive,seeshark_,13
dev1,nastiak,4
rdulive,asdy811224,6
phenomengames,asasinatsasin,0
kalashnikovmediatv,infinitipd,0
phenomengames,belich47,1
rdulive,uhtred_from_bebbanburg,10
kalashnikovmediatv,dimasta777,0
phenomengames,felixoided,0
rdulive,kellhus123,1
phenomengames,student_student,0
dev1,electrolythen_official,1
rdulive,ironoctothorpe,1
dev1,lambi858,1
rdulive,solaniumg,8
rdulive,solaniumg,8
dev1,adwarin,4
dev1,mundy12,7
kalashnikovmediatv,royal_jack24,0
rdulive,everybodylovespwnstarz,2
rdulive,asdy811224,3
forsen,kriekon,14
forsen,wiseoldsage,1
rdulive,solaniumg,11
forsen,tailhorn,1
dev1,prokda,3
phenomengames,angelo444619,2
dev1,majagiss,4
forsen,mustiraikkonen,8
rdulive,solaniumg,11
phenomengames,scamgames,0
dev1,letec29,3
rdulive,venrai,1
dev1,peter4k,1
kalashnikovmediatv,timon228541,0
kalashnikovmediatv,gidryazan,0
rdulive,underl1g,2
forsen,minitbnn,9
dev1,haisko__,3
forsen,cryzeal,1
rdulive,kyoonaw,3
dakotaz,evanweaver01,5
kalashnikovmediatv,zvennov,2
dev1,frenky_o,1
dev1,extremett,1
dev1,tringug,1
dev1,admmowich,1
rdulive,vittuilevakorppi,2
dev1,xdlolmlgggwp,1
forsen,nursyy,1
dev1,parocek,2
rdulive,hr8938c,2
rdulive,hr8938c,2
dev1,raptorr1337,4
dev1,dudisk,5
rdulive,dankusmemeius,5
dev1,fpsssko,26
dev1,dyck9,2
dev1,sebrase,1
dev1,damianeyo_,1
dev1,mooores,4
rdulive,kellhus123,25
forsen,footlongsushi1,1
giantwaffle,thenevzone,2
phenomengames,nasty815,0
rdulive,rageesportsdarky,1
dev1,vinopicc,0
dev1,shadync,8
dev1,doctorsvk,1
phenomengames,scamgames,0
dev1,tago77,1
phenomengames,nightbot,9
dakotaz,hko_a,1
giantwaffle,linktothepasta,6
dev1,najsmen123,1
dev1,dudisk,30
rdulive,solaniumg,1
rdulive,loldajoe,1
rdulive,rostinator,1
phenomengames,angelo444619,0
forsen,asselindo,3
phenomengames,nightbot,4
dakotaz,suh_boo_boo,2
rdulive,arran564,2
rdulive,ajax2854,8
rdulive,enieo,1
rdulive,seeshark_,1
rdulive,nejxy,21
forsen,wololo3030,1
dakotaz,4lexaurus,8
dev1,dev1,7
dev1,r8land,1
dakotaz,ss_nickk,1
phenomengames,andou_kondo_daisuke,6
phenomengames,nightbot,31
kalashnikovmediatv,dimasta777,0
kalashnikovmediatv,alfadogi,2
bobross,easy31415,5
rdulive,thisisarnold,14
phenomengames,dumrush,1
rdulive,owen_gg,2
rdulive,loldajoe,4
rdulive,nabiee,2
phenomengames,kroshkanator,0
dev1,dudooo0,1
dev1,elmonsterko,1
rdulive,uhtred_from_bebbanburg,1
rdulive,gr1mm_reaper1no,2
rdulive,sadorgy,2
rdulive,toplegende,1
rdulive,thisisarnold,21
phenomengames,dumrush,1
rdulive,dankusmemeius,1
giantwaffle,hornypenguinbob,3
rdulive,dankusmemeius,1
rdulive,kellhus123,25
kalashnikovmediatv,trill1403,0
rdulive,thegamer97hs,1
phenomengames,felixoided,0
rdulive,lgd251,8
phenomengames,angelo444619,1
rdulive,jcraiden,5
rdulive,raddaya,21
kalashnikovmediatv,lubitelshkolnic,0
phenomengames,felixoided,1
dev1,nightbot,9
phenomengames,dumrush,1
kalashnikovmediatv,trill1403,0
rdulive,quaoliz,2
rdulive,dankusmemeius,46
dev1,kokotnacelo,4
dev1,iammainn,9
phenomengames,felixoided,0
dev1,justkogaro,3
kalashnikovmediatv,a_chugun,0
giantwaffle,mascolino,10
phenomengames,scamgames,3
forsen,seraphimv2,1
forsen,alexnt1,1
dev1,patres2212,13
rdulive,jerrydamage,7
phenomengames,angelo444619,1
rdulive,raddaya,15
dev1,patimati590,4
phenomengames,begemotik_56,0
rdulive,seeshark_,9
rdulive,iampasos,6
dev1,majagiss,11
phenomengames,andou_kondo_daisuke,6
dev1,tomec1_,5
phenomengames,angelo444619,1
phenomengames,wes64_rus,0
rdulive,silentsnails,0
phenomengames,dumrush,1
phenomengames,developertwitch,0
kalashnikovmediatv,furi0sohotmail,1
rdulive,seeshark_,2
rdulive,sodasupreme,5
rdulive,kellhus123,2
phenomengames,developertwitch,0
phenomengames,developertwitch,1
dev1,w8maxog,4
forsen,randers00,4
dev1,raptorr1337,1
forsen,randers00,4
rdulive,weebaygame,3
forsen,ryanadz,7
dev1,brujs,3
dev1,lord1k,3
kalashnikovmediatv,infinitipd,0
giantwaffle,cry0sky,2
rdulive,hytoma,2
kalashnikovmediatv,kalmar2996,0
kalashnikovmediatv,infinitipd,0
phenomengames,nightbot,4
dev1,w8maxog,0
dev1,danceeek,5
kalashnikovmediatv,fear2_1,0
kalashnikovmediatv,sneter,2
rdulive,vikehftw,14
phenomengames,andou_kondo_daisuke,6
kalashnikovmediatv,infinitipd,0
rdulive,bigsithlord,13
phenomengames,b1ade21,3
kalashnikovmediatv,sneter,0
phenomengames,b1ade21,1
phenomengames,developertwitch,0
phenomengames,korinredfox,0
kalashnikovmediatv,alfadogi,0
phenomengames,angelo444619,0
phenomengames,b1ade21,0
phenomengames,redkosenpai,3
phenomengames,trailfang,0
dev1,levi109,10
phenomengames,developertwitch,0
rdulive,nejxy,1
phenomengames,b1ade21,2
dev1,bajoooz0rd,6
forsen,toksaywok,1
phenomengames,b1ade21,1
dev1,fifko258,4
phenomengames,wes64_rus,0
dev1,kokotnacelo,0
phenomengames,redkosenpai,0
phenomengames,redkosenpai,4
phenomengames,developertwitch,0
phenomengames,angelo444619,1
dev1,iammainn,8
phenomengames,nightbot,31
phenomengames,redkosenpai,0
rdulive,raddaya,9
phenomengames,b1ade21,0
phenomengames,andou_kondo_daisuke,6
phenomengames,redkosenpai,3
dev1,iammainn,8
forsen,tekyy342,1
dev1,danceeek,4
dev1,nightbot,6
kalashnikovmediatv,alfadogi,1
phenomengames,korinredfox,0
phenomengames,redkosenpai,6
phenomengames,felixoided,1
phenomengames,redkosenpai,3
rdulive,historeeame,1
kalashnikovmediatv,moobot,4
phenomengames,nasty815,1
dev1,tringug,30
dev1,lambi858,1
dev1,ykulx,5
phenomengames,angelo444619,0
phenomengames,richard4thewin,0
dev1,sniperis27,3
phenomengames,redkosenpai,3
dev1,dejwidhajzelhof,4
phenomengames,redkosenpai,0
phenomengames,redkosenpai,3
dev1,niikofe,2
rdulive,sodasupreme,7
phenomengames,refodex,0
phenomengames,angelo444619,0
kalashnikovmediatv,moobot,3
dev1,tringug,10
giantwaffle,nizacx,4
forsen,im_a_mod_in_other_channel,2
rdulive,streamelements,32
giantwaffle,getbogged,10
rdulive,yourm0mismywaifu,3
dev1,huntizofficial,1
dev1,tringug,3
rdulive,kellhus123,4
dev1,iammainn,4
rdulive,rajoeeu,7
dev1,bukycraft001,2
phenomengames,redkosenpai,1
rdulive,d4rly_cz,1
dev1,expertpetco,7
rdulive,yourm0mismywaifu,5
phenomengames,andou_kondo_daisuke,6
phenomengames,redkosenpai,3
rdulive,historeeame,1
rdulive,historeeame,1
rdulive,gustavoxz200,1
rdulive,ayush551,1
phenomengames,angelo444619,0
dev1,bordel,8
phenomengames,nightbot,9
dev1,nightbot,19
rdulive,sirtomiq,1
rdulive,konrad123123h,5
rdulive,negsnegsnegz,1
rdulive,vladislav114,1
rdulive,vladislav114,1
phenomengames,nightbot,4
rdulive,dedooky,7
rdulive,yourm0mismywaifu,2
forsen,randy_27,1
phenomengames,sombracc00n,0
dev1,bukycraft001,1
phenomengames,redkosenpai,3
rdulive,loldajoe,1
rdulive,loldajoe,1
forsen,knutrud,4
dev1,huntizofficial,1
phenomengames,andrew_bolkonsky,1
forsen,sirpantz,2
rdulive,thisisarnold,9
rdulive,ordinulnegru,2
dev1,niikofe,11
phenomengames,redkosenpai,3
dev1,denn1sgo,1
dev1,eeesky,1
dev1,yopqo,7
phenomengames,whiteworm20,0
phenomengames,wes64_rus,0
phenomengames,dumrush,0
forsen,muh3030,7
phenomengames,andou_kondo_daisuke,6
phenomengames,refodex,0
dev1,goldentouch123,5
dev1,yopqo,4
dev1,albatros_ik,16
rdulive,raddaya,4
forsen,mikola24,1
phenomengames,redkosenpai,3
rdulive,reckyo_,1
dev1,w8maxog,38
rdulive,i_voted_for_elegiggle,4
rdulive,nabiee,14
rdulive,nabiee,14
rdulive,hiimthotd,8
forsen,rgbv,1
phenomengames,muhamad662,0
phenomengames,redkosenpai,3
dev1,w8maxog,3
dev1,yopqo,15
phenomengames,redkosenpai,6
rdulive,gr1mm_reaper1no,27
rdulive,itsmistamonsta,3
phenomengames,angelo444619,0
phenomengames,redkosenpai,0
rdulive,stabberista,2
phenomengames,korinredfox,0
forsen,chichongu,3
phenomengames,trom_ka,0
dev1,break__cz,5
dev1,fifko258,13
phenomengames,andou_kondo_daisuke,6
dev1,xentrix303303,8
dev1,teroooooo,1
dev1,janlione,3
dev1,judinojack,3
phenomengames,kroshkanator,0
dev1,nightbot,9
phenomengames,kirillpolovinko,0
phenomengames,sombracc00n,0
phenomengames,nekto_v_triko,2
rdulive,hopelessqtx,19
dev1,yukka7,6
giantwaffle,onetonsoup,5
rdulive,darklegion1337,1
phenomengames,sombracc00n,3
phenomengames,redkosenpai,3
forsen,nibbie217,1
rdulive,darklegion1337,7
phenomengames,redkosenpai,0
rdulive,zeekeecz,1
forsen,zyrwoot,1
phenomengames,redkosenpai,0
rdulive,laytons_hat,4
phenomengames,gimli115,0
rdulive,shinigamihollowpirateking,3
phenomengames,scamgames,0
phenomengames,redkosenpai,0
phenomengames,redkosenpai,3
phenomengames,sombracc00n,1
rdulive,hiimthotd,5
phenomengames,okeyxd,0
phenomengames,nightbot,4
rdulive,toxicsin25,5
rdulive,nezol69,7
dev1,hondryscz,9
phenomengames,redkosenpai,0
dev1,jetsetmystis,3
dev1,panda_panda123,7
rdulive,laytons_hat,15
rdulive,laytons_hat,15
rdulive,evil_flowers,3
dev1,m4ruf,1
phenomengames,nightbot,31
dev1,siska31,10
rdulive,quaoliz,1
rdulive,yourm0mismywaifu,2
dev1,adwarin,7
phenomengames,andou_kondo_daisuke,6
rdulive,thisisarnold,19
giantwaffle,chewalk1,2
rdulive,borteralol,6
forsen,pogochampion,1
forsen,00000000000000000000doter,1
phenomengames,korinredfox,0
dev1,g0dlevi,3
phenomengames,redkosenpai,3
phenomengames,den4eg23,0
phenomengames,qwertink,0
phenomengames,gimli115,0
dev1,lefthandedtronix,1
rdulive,kyoonaw,3
phenomengames,felixoided,2
phenomengames,angelo444619,1
rdulive,jarqoni,2
forsen,hassnastyy,1
dev1,gemer151,2
phenomengames,gimli115,0
rdulive,evanmeds,6
dev1,ganikus2,1
phenomengames,qwertink,0
rdulive,arran564,2
phenomengames,ryinermeowtok,11
forsen,bendtosquares,1
kalashnikovmediatv,moobot,3
dev1,ghost1sk,1
forsen,fee268,1
phenomengames,whiteworm20,2
dev1,illenator,1
dev1,tonsoff,2
phenomengames,andou_kondo_daisuke,6
dev1,adrooo_,3
dev1,adrooo_,3
phenomengames,redkosenpai,3
rdulive,toxicsin25,16
dev1,pronebirdxd,1
phenomengames,andou_kondo_daisuke,1
giantwaffle,xtaskforce99,4
rdulive,danielignite,3
rdulive,raddaya,4
phenomengames,redkosenpai,0
rdulive,mrlexgr,6
dev1,traitorko,2
phenomengames,redkosenpai,3
phenomengames,sombracc00n,0
phenomengames,redkosenpai,3
giantwaffle,auxfader,1
rdulive,3zyyy,2
dev1,mooores,3
dev1,illenator,1
dev1,kohinson,4
phenomengames,whiteworm20,1
rdulive,rlapsesc,8
phenomengames,whiteworm20,1
phenomengames,whiteworm20,1
kalashnikovmediatv,eugene_than,0
phenomengames,redkosenpai,0
phenomengames,angelo444619,0
phenomengames,redkosenpai,3
kalashnikovmediatv,eugene_than,0
phenomengames,andou_kondo_daisuke,6
dev1,borovickar,3
giantwaffle,imanpronation,1
dev1,epos_cz,5
phenomengames,whiteworm20,1
rdulive,xkillergod,3
forsen,wyjekk,12
phenomengames,kirillpolovinko,1
dev1,iammainn,5
dev1,cooldark_cz,8
rdulive,nil_s_dias,1
dev1,lolko131e3,7
dev1,adwarin,2
dev1,th30d00r,6
phenomengames,redkosenpai,0
dev1,danceeek,8
phenomengames,redkosenpai,3
rdulive,l3d3k,2
phenomengames,redkosenpai,0
phenomengames,redkosenpai,3
dev1,mtefcer,3
phenomengames,redkosenpai,3
giantwaffle,calummcduff,2
rdulive,vividwonder,5
phenomengames,kirillpolovinko,0
giantwaffle,flufffs,5
giantwaffle,fl4sh33,1
phenomengames,deletantm,0
phenomengames,redkosenpai,3
phenomengames,student_student,0
dev1,cierny_kocur,9
phenomengames,nightbot,9
rdulive,thunder993,4
rdulive,kagaruta,15
phenomengames,angelo444619,0
rdulive,oskurok,39
forsen,biosub,21
giantwaffle,agentbigfinger,1
dev1,mtefcer,4
dev1,endys14,19
rdulive,matff_hs,49
rdulive,grognosh2,27
phenomengames,nightbot,4
rdulive,borteralol,38
rdulive,jerry1337,8
kalashnikovmediatv,predatel333,0
phenomengames,gimli115,0
phenomengames,timurk123456789,1
rdulive,mrlexgr,2
dev1,teroooooo,3
rdulive,mrlexgr,2
giantwaffle,chrisb0b,1
rdulive,streamelements,32
phenomengames,deletantm,1
giantwaffle,smoothblizzard,1
phenomengames,andou_kondo_daisuke,6
rdulive,earthspitter,2
dev1,boziedieta,2
phenomengames,angelo444619,0
dev1,pepa27,2
dev1,majagiss,0
giantwaffle,phil_osophy,1
dev1,krupinhoo,2
giantwaffle,terrasleet,3
giantwaffle,surfboard,1
dev1,pgkilleries,29
forsen,gazatu,1
forsen,fitgreek,15
phenomengames,student_student,0
phenomengames,xoxlopesik,0
rdulive,vividwonder,52
rdulive,raddaya,6
rdulive,vld16,6
dev1,adrooo_,0
forsen,the_hunk,4
dev1,teeezyxd,7
phenomengames,xoxlopesik,0
rdulive,borteralol,49
dev1,chorqee,34
rdulive,arran564,3
rdulive,quaoliz,2
rdulive,quaoliz,6
phenomengames,andou_kondo_daisuke,6
phenomengames,xoxlopesik,0
dev1,tago77,0
rdulive,3zyyy,1
dev1,ghost1sk,1
phenomengames,zxr_00_s9,0
phenomengames,nightbot,31
zeppelinsoul,jeffe1t,2
dev1,nightbot,18
dev1,aligatorkappa,2
zeppelinsoul,vivalafazzav,4
zeppelinsoul,shaclonev,5
zeppelinsoul,goldentotb3,1
zeppelinsoul,dotatv247ig,1
zeppelinsoul,gameattackteamcx,6
zeppelinsoul,adan10ny,2
chemicaldragoon,itsyabo_,7
zeppelinsoul,itsjstnpu,10
rdulive,demonichaos1208,9
zeppelinsoul,gluhammerzt,4
zeppelinsoul,gavrilkas1,4
zeppelinsoul,auzyristvfz,9
dev1,chronestudio,1
dev1,th30d00r,1
zeppelinsoul,lffnv,1
zeppelinsoul,trix_tv_2,4
forsen,mackham,6
zeppelinsoul,xzero20st,5
zeppelinsoul,vaporadarkh6,1
zeppelinsoul,twitchpresentsdea,1
dev1,darklight99,1
rdulive,bb1995123,2
zeppelinsoul,mightyteapotld,4
dev1,actain,1
dev1,nenzki,1
dev1,micky0071,1
dev1,haxnamax,1
rdulive,sodasupreme,12
zeppelinsoul,pinkanta,8
zeppelinsoul,zayuribx,2
zeppelinsoul,foxcincaidjq,1
dev1,frosterko,1
dev1,perzos1337,1
dev1,the_cuki,1
zeppelinsoul,jerichozh,1
dev1,hoollub,1
zeppelinsoul,portium_k,1
dev1,filuta2003,1
zeppelinsoul,schviftyfive5h,5
dev1,ifuifu,1
zeppelinsoul,bracubih,2
zeppelinsoul,bogushg,9
zeppelinsoul,indic4c,10
zeppelinsoul,hackorutv7,1
zeppelinsoul,qp3rq,1
rdulive,badas53,6
zeppelinsoul,koskosrsl,4
dev1,arturovic,1
zeppelinsoul,arcadebullsx,6
dev1,hetes123,1
dev1,zabilll,1
dev1,bordel,1
dev1,jeeeffy,1
dev1,spinik,1
zeppelinsoul,megnagaming8,7
zeppelinsoul,dkdiamantes6,2
phenomengames,shakal_123,0
dev1,dikzasabtykokot,1
dev1,the_cuki,1
dev1,m1chares,1
dev1,dawe46,1
zeppelinsoul,thebrnkb,6
dev1,dodo_kuchar,1
dev1,placaida1234,1
zeppelinsoul,loeyaad,3
zeppelinsoul,undar789bu,18
dev1,megatr0n10,1
rdulive,broosseys,0
zeppelinsoul,goldentotb3,1
dev1,matted10,1
giantwaffle,xkijux,17
zeppelinsoul,lefoubruiteurjw,2
dev1,matoofc,1
zeppelinsoul,gameattackteamcx,5
zeppelinsoul,allinpavx,2
zeppelinsoul,gavrilkas1,4
dev1,xdultimatexd,1
dev1,fen11x,1
zeppelinsoul,saltyteemo3o,6
zeppelinsoul,shisudotaoy,5
zeppelinsoul,gamersclubcs10,4
dev1,chunkbk,1
zeppelinsoul,kolentoct,2
dev1,sosic4,1
dev1,th3p0nyl0v3r69,1
zeppelinsoul,ej_saop,8
zeppelinsoul,pyromancerxo,3
dev1,snake0nfire,1
zeppelinsoul,mang0r5,4
zeppelinsoul,miken_tvi,3
zeppelinsoul,superzomgbbql,6
dev1,gapox007,1
zeppelinsoul,papy0ntvy,4
zeppelinsoul,hyperrpgh,2
zeppelinsoul,seriousgamingyr,2
zeppelinsoul,twitchpresentsdea,2
zeppelinsoul,inet_easyx2,6
zeppelinsoul,the_happy_hob47,3
dev1,l1pak2,1
dev1,forty_444,1
dev1,shraklash,1
zeppelinsoul,thiji6,7
zeppelinsoul,flockword61n,4
dev1,nicisczech,1
phenomengames,shakal_123,0
dev1,megatr0n10,1
zeppelinsoul,aila831x,6
zeppelinsoul,speedrunc,6
dev1,adrooo_,1
dev1,johnnyxtreme808,1
dev1,krkoslav,1
dev1,danco18,1
dev1,hr_imagine,1
dev1,tomec1_,1
forsen,sickhammer,4
zeppelinsoul,zayuribx,4
dev1,lipo18,1
dev1,mistrikz,1
dev1,mex2411,1
zeppelinsoul,swiftorx3,2
dev1,exzmeister,1
zeppelinsoul,fuukumac,1
dev1,adrooo_,1
dev1,bendr0,1
zeppelinsoul,hefinexnh,6
dev1,mana_of_potion,1
zeppelinsoul,sargentocharlid4,1
dev1,cupakabranalove,1
dev1,secret_player_sk,1
dev1,palotelli,1
zeppelinsoul,fingertvr,5
dev1,hoollub,1
phenomengames,erkello,0
dev1,lemichell,1
rdulive,blackww_253,6
dev1,hanzoffcz,1
dev1,david3572,1
zeppelinsoul,jack_fleischhammerb,2
zeppelinsoul,jtipp5,1
zeppelinsoul,locopojos,11
dev1,maxim0ff,1
zeppelinsoul,wildlandsdj,8
dev1,ziff_off,1
dev1,stykson21,1
zeppelinsoul,koskosrsl,3
dev1,k0cur3s_,1
dev1,officialfreeway,1
dev1,the_cuki,1
zeppelinsoul,bigntasty0,3
zeppelinsoul,jvtvzz,6
dev1,kolkostojistykurwa,1
dev1,hlavojeb,1
zeppelinsoul,vman7ce,4
zeppelinsoul,avengerej,3
dev1,lordiablo12,1
zeppelinsoul,win00015,6
dev1,bard_1,1
zeppelinsoul,koskosrsl,1
rdulive,aleph_naught,1
zeppelinsoul,deidaragommosoo,4
dev1,kiko23,1
zeppelinsoul,rainzaspireaw,14
phenomengames,shakal_123,7
zeppelinsoul,esl_dota2k,4
dev1,l1pak2,1
chemicaldragoon,chemicaldragoon,1
zeppelinsoul,haltvz,2
dev1,komi76,1
dev1,eam_,1
dev1,ifuifu,1
zeppelinsoul,samdadudey,3
dev1,lokihorcz,1
dev1,flrr,1
dev1,jebnutymichal,1
dev1,lipo18,4
dev1,kepke222,1
dev1,korny1231,1
zeppelinsoul,elichtv2w,1
dev1,brinocs,1
dev1,rel4,1
dev1,r3spect7,1
zeppelinsoul,araiancem9,5
chemicaldragoon,baran1k,6
dev1,mmartin33,1
phenomengames,shakal_123,0
zeppelinsoul,brucegreene9,5
dev1,s4mu3l_lul,1
zeppelinsoul,gameattackteamcx,8
zeppelinsoul,holdacious3,6
zeppelinsoul,gavrilkas1,1
zeppelinsoul,cepreu_inqo3d,1
zeppelinsoul,ankamalivem,5
dev1,eeesky,1
dev1,spokojny_pleb,1
dev1,mildas22,1
phenomengames,student_student,0
dev1,chadronjf,1
zeppelinsoul,ivegottensolucky6,5
dev1,dr2slim,1
zeppelinsoul,jenzlingerw,4
zeppelinsoul,tcec_chess_tvqt,6
zeppelinsoul,islandgrown11vp,2
dev1,grilovanekurca,1
zeppelinsoul,kolentoct,10
zeppelinsoul,katilamerikam,3
dev1,pulls1,1
zeppelinsoul,missymissshaylag,5
phenomengames,shakal_123,0
dev1,dikzasabtykokot,1
dev1,leblis13,1
zeppelinsoul,mang0r5,1
zeppelinsoul,theokolesyo,8
dev1,the_cuki,1
zeppelinsoul,pedguintz,3
dev1,defqonzgod,1
dev1,7yr0,1
dev1,xdultimatexd,1
dev1,mazzu_,1
zeppelinsoul,meepoha3app,6
zeppelinsoul,vaporadarkh6,0
zeppelinsoul,bizkit047m,6
zeppelinsoul,afrouy,1
dev1,maahyy,1
zeppelinsoul,jukes4p,2
phenomengames,sterben99916,0
zeppelinsoul,twitchpresentsdea,2
dev1,tomec1_,6
zeppelinsoul,pedguintz,2
zeppelinsoul,deadleiia,2
zeppelinsoul,lunalovebadjx,9
dev1,narcotrafico,1
zeppelinsoul,high_roller0,6
zeppelinsoul,swiftornw,2
zeppelinsoul,stray228zs,1
zeppelinsoul,zayuribx,3
zeppelinsoul,evenstarv,3
zeppelinsoul,weareb0be,2
zeppelinsoul,taisontv2,5
zeppelinsoul,mrquaraterq,5
zeppelinsoul,indic4c,5
dev1,nightbot,5
zeppelinsoul,hjtenchiv,1
zeppelinsoul,mrquarateid,1
phenomengames,maybezzzz,0
zeppelinsoul,like_a_bawsemx,5
zeppelinsoul,koskosrsl,4
zeppelinsoul,zelibobatv5,9
zeppelinsoul,zapahzamazkiyo,3
dev1,dev1,3
zeppelinsoul,twitchpresentsit8,6
phenomengames,nightbot,4
phenomengames,shakal_123,0
zeppelinsoul,madmorphs8,4
zeppelinsoul,koskosrsl,4
zeppelinsoul,chinglishtvy,9
zeppelinsoul,goldentotb3,1
phenomengames,shakal_123,0
zeppelinsoul,vaporadarkh6,4
zeppelinsoul,mythymoof,14
zeppelinsoul,fungoose_ab,4
zeppelinsoul,metashi12y,1
dev1,dev1,6
zeppelinsoul,gameattackteamcx,1
zeppelinsoul,myztv3,6
zeppelinsoul,zerospokerj,1
zeppelinsoul,gavrilkas1,3
zeppelinsoul,sprite_0h,1
dev1,bagoo8,1
zeppelinsoul,kolentoct,7
zeppelinsoul,mang02i,2
dev1,ghost1sk,1
dev1,samuel_82_,1
dev1,tomaskosss,1
dev1,jopoking,1
zeppelinsoul,theokoleso,1
dev1,hodiee,1
dev1,hits_from_the_bong1,1
zeppelinsoul,loeyaso,3
dev1,paplon77,1
dev1,slaveso,1
dev1,s1mon65,1
dev1,chunkbk,1
phenomengames,andou_kondo_daisuke,6
zeppelinsoul,schviftyfivei,1
zeppelinsoul,automaticjakp6,5
dev1,peek1,1
dev1,killerko51,1
dev1,flury1337,1
dev1,tringug,1
zeppelinsoul,hyperrpgm,2
zeppelinsoul,vaporadarkh6,1
zeppelinsoul,lffn1,5
giantwaffle,rhoncer,2
dev1,n3mo_sk,1
zeppelinsoul,kimplecloneef,2
zeppelinsoul,twitchpresentsdea,9
dev1,vlk101,1
dev1,patres_16,1
dev1,domins,1
phenomengames,sombracc00n,0
dev1,tburos,1
dev1,a_m_d123,1
zeppelinsoul,pablinnwanted3c,3
phenomengames,sombracc00n,0
dev1,borovickar,1
zeppelinsoul,w_lapinbw,7
dev1,dodofsnad1,3
dev1,sniperis27,1
dev1,daniel307,1
dev1,the_cuki,1
zeppelinsoul,flockword61n,3
chemicaldragoon,owenpower24,8
dev1,divymedved,1
dev1,lordiablo12,1
zeppelinsoul,anis13kqt,1
zeppelinsoul,gnummeclg,1
zeppelinsoul,the_happy_hob47,4
rdulive,grognosh2,3
phenomengames,xoxlopesik,0
zeppelinsoul,drofkoq,1
zeppelinsoul,zayuribx,5
dev1,cmpl,1
dev1,romiko0o,1
dev1,david3572,1
zeppelinsoul,pablinnwanteds,3
zeppelinsoul,weareb0be,2
dev1,dodo_kuchar,1
zeppelinsoul,lusidream0,1
dev1,official_steko,1
zeppelinsoul,colruthk,2
zeppelinsoul,xenawarriorpurrincess,8
dev1,maaamvpici,1
dev1,chlpo17,1
zeppelinsoul,chokychokyz9t,18
dev1,jackiechan7890,1
zeppelinsoul,andvarin5,5
dev1,lolko131e3,1
dev1,thoremlo,1
zeppelinsoul,indic4c,6
zeppelinsoul,sweblissns,3
dev1,sl0thik,1
dev1,madjoker9,1
zeppelinsoul,kirmizikepm,1
zeppelinsoul,koskosrsl,2
dev1,resiow,1
zeppelinsoul,empyriangamingds,3
dev1,jakubik99,1
dev1,the_cuki,1
zeppelinsoul,sratukeh,2
zeppelinsoul,seriousgaminglw5,1
zeppelinsoul,goldentotb3,6
dev1,mrmomenticek,1
dev1,trav1szajac,1
dev1,tomec1_,6
zeppelinsoul,epicenter_rumm,2
zeppelinsoul,seals311p,1
zeppelinsoul,thegermanallstars0h,2
dev1,nfko11,4
zeppelinsoul,jeffe1t,2
dev1,akuak,1
zeppelinsoul,islandgrown11ki,2
zeppelinsoul,bparispokerjv,4
dev1,tringug,1
dev1,1damo7,1
zeppelinsoul,ghostyftwa,1
dev1,adwarin,2
dev1,tringug,1
zeppelinsoul,payeni,8
zeppelinsoul,raizqtrm,6
zeppelinsoul,vivalafazzav,3
bobross,madsandwichdj,2
zeppelinsoul,kolentoct,6
dev1,jesus__11,1
zeppelinsoul,videoyunjv,11
dev1,dawe46,1
zeppelinsoul,limealiciouswz,3
dev1,mocny_chlebik,1
zeppelinsoul,mang0r5,1
dev1,brofx,1
zeppelinsoul,kiwomm,4
dev1,huntizofficial,1
zeppelinsoul,yuriz9w,3
zeppelinsoul,dotatv247ig,4
zeppelinsoul,belissalovelyr,6
zeppelinsoul,vaporadarkh6,1
dev1,jakubik99,1
zeppelinsoul,gluhammerzt,12
zeppelinsoul,izakoooja,6
zeppelinsoul,twitchpresentsdea,5
zeppelinsoul,kimpleclonelq,5
zeppelinsoul,juankoreaw4,4
dev1,the_cuki,1
zeppelinsoul,troydangamingi,10
zeppelinsoul,flockword61n,3
dev1,rastypowered,1
zeppelinsoul,pax3c,4
zeppelinsoul,mightyteapotld,5
dev1,jake1307,1
zeppelinsoul,zayuribx,2
dev1,camkoo,1
dev1,bazilix2105,1
phenomengames,denisais,0
zeppelinsoul,ashcosplayp,1
zeppelinsoul,cloudyk1ttenh,5
zeppelinsoul,aelris_l6,1
zeppelinsoul,phonecatszn,6
dev1,dhuntata23,1
zeppelinsoul,schviftyfive5h,8
dev1,pawelkyss,1
zeppelinsoul,bearded_muscleg,1
dev1,madjoker9,1
rdulive,fromacage,3
dev1,majcurko,1
zeppelinsoul,ibornah,3
zeppelinsoul,pablinnwantedpf,3
rdulive,holyapple1,6
zeppelinsoul,koskosrsl,5
zeppelinsoul,cdewxa4,8
dev1,masters34,1
chemicaldragoon,mercurial6798,20
zeppelinsoul,hackorutv7,5
zeppelinsoul,pikabooirlt,2
rdulive,thunder993,5
giantwaffle,alex1555,2
zeppelinsoul,queltalealetvi,5
zeppelinsoul,czechcloud1o,1
zeppelinsoul,goldentotb3,6
dev1,kronvix,8
zeppelinsoul,todapl,6
zeppelinsoul,afrocp,3
zeppelinsoul,megnagaming8,2
phenomengames,denissokolov74,0
zeppelinsoul,ingameasylumyt,14
chemicaldragoon,tkoctwitchlife,15
zeppelinsoul,gameattackteamcx,4
zeppelinsoul,momanusmcv,9
zeppelinsoul,pow3rtvap,10
zeppelinsoul,queltalealetvwn,1
dev1,pawelkyss,1
zeppelinsoul,dev1kh,6
zeppelinsoul,zerospokery,2
dev1,actain,1
dev1,spexoonfire,1
zeppelinsoul,cyborgangel2m,10
rdulive,badas53,4
zeppelinsoul,nuke73rr,3
zeppelinsoul,officialdeluxg,6
zeppelinsoul,aureylianpm,6
phenomengames,felixoided,0
zeppelinsoul,wintergaminglp,3
dev1,majagiss,0
dev1,nwmjaksepojmenovat,1
dev1,1damo7,1
dev1,tomplays147,1
dev1,adam_onetaper_xd,1
zeppelinsoul,lefoubruiteurjw,6
zeppelinsoul,teawrex8d,7
zeppelinsoul,mrhappy12275i,4
zeppelinsoul,crazylamar1,3
zeppelinsoul,mang0r5,6
dev1,lipo18,4
zeppelinsoul,gamersclubcs10,2
dev1,gomes5151,1
zeppelinsoul,boutinion,5
zeppelinsoul,pyromancerxo,10
rdulive,japan_love,2
dev1,t1sooooo,1
zeppelinsoul,plzdonhakmeb7,8
rdulive,semtex86,1
zeppelinsoul,vaporadarkh6,3
zeppelinsoul,alderiatelh,7
dev1,kikosaurusek,1
zeppelinsoul,miken_tvi,3
zeppelinsoul,alohadancetvwx,9
zeppelinsoul,kabalbinoliveb,10
zeppelinsoul,twitchpresentsdea,1
zeppelinsoul,esl_metzgerf,2
zeppelinsoul,flockword61n,1
zeppelinsoul,mrsetokamie,4
zeppelinsoul,zfg1cw,1
zeppelinsoul,papy0ntvy,4
zeppelinsoul,indystarcraftig,5
zeppelinsoul,zayuribx,6
zeppelinsoul,closerk9,4
zeppelinsoul,indusy219m,4
chemicaldragoon,owenpower24,10
zeppelinsoul,weareb0be,7
zeppelinsoul,mattstaplesmg,4
dev1,majagiss,2
zeppelinsoul,swiftorx3,1
zeppelinsoul,vityshka5,1
zeppelinsoul,marty_voleom,3
zeppelinsoul,koalacrockieeo,3
dev1,albatros_ik,1
zeppelinsoul,lunarys_j,0
zeppelinsoul,daorgec,1
zeppelinsoul,kazuulgamez,4
zeppelinsoul,koskosrsl,3
zeppelinsoul,igromaniacf,4
zeppelinsoul,bigntasty0,10
phenomengames,denisais,0
rdulive,borteralol,4
zeppelinsoul,koskosrsl,1
zeppelinsoul,wpmezony9,7
zeppelinsoul,sniper_nolovec,3
zeppelinsoul,dormstreamsk,4
zeppelinsoul,beastqty0,3
phenomengames,andou_kondo_daisuke,6
dev1,tago77,1
zeppelinsoul,draskyl7,4
zeppelinsoul,goldentotb3,3
zeppelinsoul,vman7ce,3
zeppelinsoul,damildw,4
zeppelinsoul,aayley3,3
zeppelinsoul,foodbp,4
zeppelinsoul,stevensqn,13
zeppelinsoul,gavrilkas1,1
zeppelinsoul,highspiritsp,7
chemicaldragoon,owenpower24,3
zeppelinsoul,donutoperator7,7
rdulive,mediocrenk,4
forsen,white_stones,2
forsen,laggylizzard,1
zeppelinsoul,innocentttc6,12
zeppelinsoul,kolentoct,2
zeppelinsoul,tcec_chess_tvqt,7
zeppelinsoul,runitupok,4
zeppelinsoul,syrinxx1337r,6
rdulive,coolerini,3
zeppelinsoul,samdadudez,1
zeppelinsoul,bibaboykd,12
phenomengames,denissokolov74,0
zeppelinsoul,mang0r5,3
zeppelinsoul,theokolesyo,5
zeppelinsoul,twitchpresentsdea,3
zeppelinsoul,julissafuarl,2
zeppelinsoul,flockword61n,10
giantwaffle,knackz,8
zeppelinsoul,zayuribx,2
zeppelinsoul,elmiillorqn,0
zeppelinsoul,kroatomisttb,5
giantwaffle,curwel,3
zeppelinsoul,aypierrewp,7
zeppelinsoul,dakillzormm,3
zeppelinsoul,originhsuf,3
zeppelinsoul,weareb0be,1
zeppelinsoul,deadleiia,1
zeppelinsoul,drfeelgoodfr,0
rdulive,l3d3k,12
zeppelinsoul,stray228zs,10
dev1,albatros_ik,7
rdulive,haudraufund,5
zeppelinsoul,bonjwat3,4
zeppelinsoul,naysayer88ke,1
zeppelinsoul,koskosrsl,9
zeppelinsoul,yamatonjpy,7
forsen,rslicker123,1
zeppelinsoul,thegermanallstars7,1
zeppelinsoul,mrquaraterq,6
zeppelinsoul,buzzrs4,4
zeppelinsoul,joseph_b_93bv,3
phenomengames,09keepcalm09,1
rdulive,grognosh2,63
phenomengames,qwertink,0
zeppelinsoul,aypierrey8,7
zeppelinsoul,cryovn,5
zeppelinsoul,goldentotb3,3
zeppelinsoul,feelnogravityw,4
zeppelinsoul,gameattackteamcx,2
zeppelinsoul,stubbycaneuq,3
zeppelinsoul,charming_jowg,3
zeppelinsoul,mythymoof,2
zeppelinsoul,bastighgid,1
zeppelinsoul,esl_csgo_fr2js,1
zeppelinsoul,myztv3,7
zeppelinsoul,qforinaie,1
zeppelinsoul,digbytathamwarter8,3
zeppelinsoul,crownduovm,1
zeppelinsoul,towellieeqy,4
kalashnikovmediatv,fantasystyle0724,0
phenomengames,justkozu,0
zeppelinsoul,loeyaso,5
zeppelinsoul,zver_mkq,6
zeppelinsoul,sceptich,5
zeppelinsoul,dridg7o,1
zeppelinsoul,saltyteemo9p,4
zeppelinsoul,notmesu5,5
zeppelinsoul,ludojop_streamts,3
zeppelinsoul,flockword61n,9
zeppelinsoul,casinolocoso,3
zeppelinsoul,xenawarriorpurrincess,3
zeppelinsoul,realbambam3,0
zeppelinsoul,lffn1,2
chemicaldragoon,owenpower24,1
zeppelinsoul,diehahndt,1
rdulive,vividwonder,1
zeppelinsoul,malcynna3,4
zeppelinsoul,adan10ny,12
zeppelinsoul,weareb0be,1
zeppelinsoul,foxcincaidjq,0
rdulive,borteralol,5
zeppelinsoul,thiskk2m,2
zeppelinsoul,indic4c,2
rdulive,haudraufund,2
zeppelinsoul,koskosrsl,7
zeppelinsoul,anis13kqt,1
zeppelinsoul,blochp2,5
zeppelinsoul,foxcincaidjq,1
zeppelinsoul,koskosrsl,6
rdulive,gr1mm_reaper1no,6
zeppelinsoul,portium_k,1
zeppelinsoul,pablinnwanteds,3
giantwaffle,shamzinepro,3
zeppelinsoul,smashleysl,3
phenomengames,denissokolov74,0
zeppelinsoul,lffnv,4
zeppelinsoul,esl_sc2zj,3
giantwaffle,ragabosh,3
zeppelinsoul,smashleysl,1
zeppelinsoul,gameattackteamcx,1
zeppelinsoul,bricegamingzonee,1
zeppelinsoul,gavrilkas1,1
zeppelinsoul,oatsngoats9y,5
phenomengames,xoxlopesik,1
zeppelinsoul,gggibit,5
dev1,surfmanis,2
zeppelinsoul,bogushg,8
zeppelinsoul,aihhhosr,1
phenomengames,student_student,3
chemicaldragoon,tkoctwitchlife,21
zeppelinsoul,m_d_c_tq,6
zeppelinsoul,littlebigwhaleq2,4
phenomengames,xoxlopesik,0
zeppelinsoul,jax_mackypk,6
dev1,patrikkovi,1
zeppelinsoul,kolentoct,5
dev1,mucinko,1
dev1,fojto,1
zeppelinsoul,iazrogle,2
dev1,morphikk,1
dev1,v_1_k_t_0_r_1_a,1
dev1,officialde0x,1
dev1,blaznivykokotek,1
zeppelinsoul,akarissd5,2
zeppelinsoul,mang0r5,4
dev1,esskon3,1
dev1,sionan,1
dev1,shortyw0w,1
dev1,eriko946,1
dev1,drozdie,1
dev1,smola14,1
dev1,ttoommyyy,1
dev1,brko95,1
dev1,mazarensvk,1
dev1,mildas22,1
dev1,pstrosos,1
dev1,matejmitterpach17,1
dev1,atum_svk,1
zeppelinsoul,vivalafazzav,7
zeppelinsoul,bourrinatorn,1
dev1,quart_44,1
dev1,parocek,1
dev1,kordillerovababicka,1
dev1,clayia,1
zeppelinsoul,daniikillsh,5
zeppelinsoul,twitchpresentsdea,1
zeppelinsoul,4wardprogressmaddenf,1
dev1,manxsvk,1
dev1,admiralspee,1
forsen,treeofwood,3
dev1,psychando,1
zeppelinsoul,etup5,3
dev1,kjuubko,1
dev1,narcotrafico,1
dev1,haxnamax,1
rdulive,haudraufund,6
zeppelinsoul,shisudotaoy,4
dev1,refugee33,1
dev1,domco48,1
zeppelinsoul,saltyteemo3o,4
phenomengames,andou_kondo_daisuke,6
dev1,frog873,1
dev1,hodiee,1
zeppelinsoul,talon2461kw,3
dev1,kronvix,2
dev1,mixensk,1
dev1,kordillerovababicka,1
zeppelinsoul,eazy_d1,1
dev1,m4jkyl3l3,1
zeppelinsoul,zayuribx,4
rdulive,fyllokungen,20
dev1,cmpl,1
zeppelinsoul,dotatv247ig,2
zeppelinsoul,ej_saop,1
dev1,fixset32,1
zeppelinsoul,anfieldw64,2
dev1,mareeeeeeeeeeeee,1
zeppelinsoul,gluhammerzt,12
zeppelinsoul,seriousgamingyr,3
zeppelinsoul,weareb0be,5
zeppelinsoul,troydangamingi,1
zeppelinsoul,crazylamarc9,1
dev1,jeeeffy,1
rdulive,apeinsupershape,6
dev1,the_kubiss,1
zeppelinsoul,mightyteapotld,7
zeppelinsoul,partypokereucr,3
rdulive,hip3rx,7
dev1,dumpazzx,1
dev1,spexoonfire,1
zeppelinsoul,aelris_l6,8
zeppelinsoul,hyperrpgh,4
dev1,shortyw0w,1
dev1,jopoking,1
dev1,jhony88,1
dev1,steppik,1
dev1,fear118,1
dev1,exzmeister,1
dev1,nersoul,1
dev1,oneal32,1
zeppelinsoul,bracubih,11
dev1,nenzki,1
dev1,smbobor,1
zeppelinsoul,koskosrsl,1
dev1,tortylak,1
zeppelinsoul,fingertvr,1
zeppelinsoul,hackorutv7,7
dev1,dikzasabtykokot,1
dev1,amigosfc,1
dev1,forty_444,0
zeppelinsoul,gameattackteamcx,1
zeppelinsoul,wildlandsdj,4
dev1,leeroykouvert,1
dev1,abmine,1
zeppelinsoul,gavrilkas1,20
zeppelinsoul,sargentocharlid4,7
zeppelinsoul,buccibanz8,3
zeppelinsoul,megnagaming8,3
dev1,peterm,1
zeppelinsoul,jvtvzz,1
dev1,kiko23,1
zeppelinsoul,kolentoct,5
dev1,gastinooo,1
dev1,ghosterino159,1
dev1,martonix111,1
zeppelinsoul,pow3rtvap,14
zeppelinsoul,deidaragommosoo,2
dev1,rinto88,1
dev1,markos1236,1
dev1,grendie,1
phenomengames,lwthegame,1
zeppelinsoul,undar789bu,9
dev1,thoremlo,1
giantwaffle,outlaaz,8
dev1,pawelkyss,1
dev1,bonzak99,1
dev1,parocek,5
zeppelinsoul,mang0r5,2
zeppelinsoul,xathiastvg,6
zeppelinsoul,samdadudey,11
zeppelinsoul,lefoubruiteurjw,6
zeppelinsoul,geekandsundryl3,1
kalashnikovmediatv,bmzist228,0
zeppelinsoul,vaporadarkh6,10
dev1,samuel_82_,1
zeppelinsoul,cheesewizfw,5
kalashnikovmediatv,bmzist228,0
zeppelinsoul,elichtv2w,8
zeppelinsoul,avengerej,12
zeppelinsoul,gamersclubcs10,2
dev1,spokojny_pleb,1
zeppelinsoul,pyromancerxo,3
zeppelinsoul,flockword61n,0
zeppelinsoul,twitch_xispidaa7,2
zeppelinsoul,rainzaspireaw,3
dev1,atum_svk,1
zeppelinsoul,miken_tvi,9
zeppelinsoul,jenzlingerw,3
dev1,vladino1337,1
dev1,buxantofrantisek,1
zeppelinsoul,haltvz,7
zeppelinsoul,weareb0be,9
zeppelinsoul,shadowruthlessv,2
zeppelinsoul,papy0ntvy,6
dev1,officialfreeway,1
dev1,imthemarteen,1
zeppelinsoul,xenoaj,1
dev1,foxoking,1
zeppelinsoul,jukes4p,1
zeppelinsoul,swiftorx3,2
dev1,tvojauzasnamamka,1
phenomengames,tapok_nosok,0
zeppelinsoul,koskosrsl,1
zeppelinsoul,lunarys_j,5
zeppelinsoul,ivegottensolucky6,0
zeppelinsoul,helpinghansgh,12
zeppelinsoul,rjwatts14qh,2
rdulive,hip3rx,10
zeppelinsoul,koskosrsl,6
zeppelinsoul,papy0ntvlo,3
dev1,abmine,1
zeppelinsoul,goldentotb3,12
zeppelinsoul,tengu_owch,6
zeppelinsoul,vman7ce,2
dev1,nightlander,2
zeppelinsoul,taisontv2,3
zeppelinsoul,dreamhackcszr,7
dev1,matypla,1
zeppelinsoul,gameattackteamcx,5
dev1,frco69,1
dev1,micky0071,1
zeppelinsoul,esl_dota2k,3
zeppelinsoul,afrouy,7
dev1,mossehyper,1
chemicaldragoon,mateinozaur,4
phenomengames,sombracc00n,0
zeppelinsoul,jvchequerbs,9
dev1,babrak_el_namrak,1
zeppelinsoul,cy0xi,1
zeppelinsoul,zapahzamazkiyo,7
giantwaffle,peppebebbe,1
zeppelinsoul,gavrilkas1,3
dev1,lukk1cs,1
zeppelinsoul,madmorphs8,8
dev1,r45t1k,1
zeppelinsoul,pedguintz,1
zeppelinsoul,fungoose_ab,5
zeppelinsoul,win0001ksd,9
zeppelinsoul,zerospokerj,1
zeppelinsoul,jamiedrakehdj,1
dev1,panda_panda123,1
zeppelinsoul,mang02i,5
zeppelinsoul,mang0r5,11
rdulive,vividwonder,8
zeppelinsoul,cocobanex8,3
zeppelinsoul,rallied0c,2
zeppelinsoul,theokolesyo,8
zeppelinsoul,vaporadarkh6,5
dev1,dzej_pi_,1
zeppelinsoul,hyperrpgm,1
zeppelinsoul,kimplecloneef,4
dev1,martin3421,1
chemicaldragoon,chopperlm,1
dev1,frajerczz,1
zeppelinsoul,twitchpresentsdea,5
zeppelinsoul,bizkit047m,4
dev1,lpo13,1
dev1,duwkoman,1
dev1,price122,1
zeppelinsoul,loeya3,12
zeppelinsoul,flockword61n,3
phenomengames,sterben99916,1
zeppelinsoul,levo0k,1
zeppelinsoul,dakillzormm,1
dev1,urv1_,1
zeppelinsoul,nejji12,1
zeppelinsoul,mrquarateid,3
dev1,havlis_,1
dev1,patres_16,1
zeppelinsoul,deadleiia,5
zeppelinsoul,zayuribx,7
zeppelinsoul,gnummeclg,1
phenomengames,nightbot,9
phenomengames,denissokolov74,0
zeppelinsoul,chinglishtvy,3
zeppelinsoul,weareb0be,9
dev1,majko404,1
zeppelinsoul,vaporadarkh6,3
zeppelinsoul,maxylobes5d,2
zeppelinsoul,stray228zs,2
zeppelinsoul,indic4c,10
zeppelinsoul,hekadylg,1
zeppelinsoul,rhobalas_lolsz,3
zeppelinsoul,mrquaraterq,2
dev1,rayzo98,1
zeppelinsoul,capta1njackzog,5
dev1,jesus__11,1
zeppelinsoul,colruthk,2
zeppelinsoul,twitchpresentsdez,2
zeppelinsoul,koskosrsl,7
zeppelinsoul,goseigend8,2
zeppelinsoul,gymnast86k,9
chemicaldragoon,asianjeff,10
zeppelinsoul,twitchpresentsit8,4
zeppelinsoul,pikabooirlts,9
zeppelinsoul,theokoleso,7
zeppelinsoul,koskosrsl,5
zeppelinsoul,mythymoof,11
dev1,mtefcer,1
dev1,semisemo,1
zeppelinsoul,seriousgaminglw5,4
dev1,hor1s,1
zeppelinsoul,epicenter_rumm,2
forsen,butthurtcream,16
zeppelinsoul,goldentotb3,5
zeppelinsoul,ashcosplay6,1
zeppelinsoul,myztv3,1
dev1,solrig,1
zeppelinsoul,islandgrown11ki,7
forsen,untouchable1111,1
zeppelinsoul,xfizzer28,2
dev1,martin3421,1
zeppelinsoul,sprite_0h,6
zeppelinsoul,gavrilkas1,5
zeppelinsoul,loeyaso,4
zeppelinsoul,bobrossca,4
dev1,wennysk,1
dev1,jackiechan7890,1
zeppelinsoul,raizqtrm,3
dev1,patres_16,1
zeppelinsoul,draquinasxn,1
dev1,s1mon65,1
zeppelinsoul,kolentoct,1
zeppelinsoul,legendarylea9z,7
phenomengames,nightbot,4
zeppelinsoul,kiwomm,4
dev1,fxckkevin,1
dev1,frco69,1
zeppelinsoul,ristibh,6
zeppelinsoul,mang0r5,4
zeppelinsoul,belissalovelyr,1
dev1,gomes5151,1
zeppelinsoul,lusidream0,4
dev1,ftf_ejdam,1
zeppelinsoul,anis13kqt,1
zeppelinsoul,theohs_4m,6
zeppelinsoul,vaporadarkh6,6
rdulive,hip3rx,15
dev1,forty_444,1
dev1,buxantofrantisek,2
zeppelinsoul,kimpleclonelq,4
zeppelinsoul,pablinnwanteds,3
dev1,kewee1337,1
dev1,komi76,1
rdulive,vividwonder,10
zeppelinsoul,gamegurulivelg,14
dev1,jhony88,1
zeppelinsoul,smashleysl,7
zeppelinsoul,pax3c,4
zeppelinsoul,smashleysl,6
zeppelinsoul,flockword61n,6
bobross,nushen_,5
zeppelinsoul,acesfurygl,3
zeppelinsoul,cloudyk1ttenh,1
zeppelinsoul,chokychokyzj,5
zeppelinsoul,syun_nhu,5
zeppelinsoul,sephiblackq,6
zeppelinsoul,sratukeh,4
zeppelinsoul,bearded_muscleg,1
zeppelinsoul,zayuribx,7
zeppelinsoul,weareb0be,3
zeppelinsoul,philings0,1
zeppelinsoul,turk_2q,9
zeppelinsoul,thegermanallstars0h,1
phenomengames,taynykrab,0
zeppelinsoul,saifcameltvtu,3
dev1,buxantofrantisek,5
zeppelinsoul,koskosrsl,4
zeppelinsoul,sovietwomblemm,6
zeppelinsoul,foodh5,9
zeppelinsoul,iazrogle,5
zeppelinsoul,bparispokerjv,7
zeppelinsoul,koskosrsl,7
zeppelinsoul,vivalafazzav,1
phenomengames,nightbot,31
zeppelinsoul,twitch_xispidaay,6
zeppelinsoul,limealiciouswz,2
zeppelinsoul,goldentotb3,2
zeppelinsoul,momanusmcv,2
zeppelinsoul,yuriz9w,8
zeppelinsoul,dotatv247ig,12
zeppelinsoul,izakoooja,1
zeppelinsoul,queltalealetvwn,0
zeppelinsoul,steelorseg,1
zeppelinsoul,gameattackteamcx,8
dev1,kiko23,1
zeppelinsoul,officialdeluxg,3
zeppelinsoul,gavrilkas1,6
zeppelinsoul,juankoreaw4,6
zeppelinsoul,pepiinerop,1
zeppelinsoul,troydangamingi,9
dev1,ludwas_czb,21
zeppelinsoul,phonecatszn,3
zeppelinsoul,vaporadarkh6,5
zeppelinsoul,aelris_l6,18
zeppelinsoul,twitchpresentsdea,1
zeppelinsoul,twitch_xispidaab,2
zeppelinsoul,fungoose_6,2
zeppelinsoul,schviftyfive5h,3
zeppelinsoul,cdewxa4,7
zeppelinsoul,plzdonhakmeb7,11
zeppelinsoul,queltalealetvi,1
zeppelinsoul,zayuribx,4
zeppelinsoul,hackorutv7,6
zeppelinsoul,megnagaming8,2
zeppelinsoul,esl_metzgerf,3
zeppelinsoul,ingameasylumyt,4
zeppelinsoul,pow3rtvap,1
zeppelinsoul,khashayar_bhz,6
zeppelinsoul,skaavtvt8,1
zeppelinsoul,undar789bu,1
zeppelinsoul,koskosrsl,9
zeppelinsoul,davidpkamil,6
zeppelinsoul,zerospokery,12
rdulive,blackww_253,13
zeppelinsoul,koskosrsl,3
zeppelinsoul,gamersclubcs10,5
zeppelinsoul,pyromancerxo,7
zeppelinsoul,goldentotb3,3
zeppelinsoul,theloyalpatriotr0,5
zeppelinsoul,kazuulgamez,12
zeppelinsoul,wintergaminglp,1
zeppelinsoul,miken_tvi,5
zeppelinsoul,crazylamar1,15
zeppelinsoul,gavrilkas1,1
zeppelinsoul,ysangwendg,1
zeppelinsoul,kolentoct,7
zeppelinsoul,dormstreamsk,14
zeppelinsoul,boutinion,1
zeppelinsoul,draskyl7,2
zeppelinsoul,mang0r5,1
zeppelinsoul,creativemonkeyzk0,2
zeppelinsoul,vaporadarkh6,3
zeppelinsoul,mathil1tc,6
zeppelinsoul,swiftorx3,2
zeppelinsoul,lunarys_j,3
giantwaffle,a_lunatic,4
zeppelinsoul,smoodiea0,4
zeppelinsoul,taisontvbf,4
zeppelinsoul,alderiatelh,4
kalashnikovmediatv,nismo03,0
zeppelinsoul,highspiritsp,8
zeppelinsoul,flockword61n,7
zeppelinsoul,innocentttc6,6
dev1,dev7lvapo,1
zeppelinsoul,papy0ntvlo,3
zeppelinsoul,itsnatashaffsp,1
zeppelinsoul,closerk9,0
rdulive,broosseys,6
zeppelinsoul,zayuribx,6
zeppelinsoul,bigntasty0,4
zeppelinsoul,barbarousking3,6
zeppelinsoul,mattstaplesmg,4
rdulive,raamara,2
zeppelinsoul,syrinxx1337r,4
zeppelinsoul,marty_voleom,7
zeppelinsoul,inconth,5
kalashnikovmediatv,yegor215,0
zeppelinsoul,indic4c,5
rdulive,culleexus,7
zeppelinsoul,esl_dota2k,3
zeppelinsoul,bibaboykd,3
zeppelinsoul,koskosrsl,9
zeppelinsoul,copykat_zi,1
zeppelinsoul,koskosrsl,2
zeppelinsoul,goldentotb3,1
zeppelinsoul,igromaniacf,1
dev1,paajo,1
dev1,kar0l98,1
dev1,plaviaris,1
zeppelinsoul,julissafuarl,5
dev1,mattiskralis,1
dev1,ziarcan,1
dev1,muro181818,1
dev1,nyshatel_,1
dev1,surfmanis,1
dev1,pisulko,1
dev1,flrr,1
zeppelinsoul,ghostepc,1
dev1,errorr_19,1
dev1,radov_hlasok,1
dev1,jakubhorn,1
zeppelinsoul,araiancem9,8
zeppelinsoul,vini_fluyrqq,5
dev1,l1pak2,1
dev1,lordiablo12,1
zeppelinsoul,elmiillorqn,13
dev1,stibliq1337,1
dev1,d3m0n3k,1
dev1,tenzayyy,1
zeppelinsoul,isayadc,5
zeppelinsoul,gavrilkas1,6
dev1,brko95,1
zeppelinsoul,ankamalivem,2
zeppelinsoul,damildw,5
dev1,ziminh0,1
dev1,narcotrafico,1
zeppelinsoul,stray228xg,1
dev1,duso_csgo,1
zeppelinsoul,tcec_chess_tvqt,10
zeppelinsoul,aayley3,2
dev1,bubblestyle,1
zeppelinsoul,dileraf,1
dev1,refugee33,1
zeppelinsoul,theokolesyo,6
zeppelinsoul,mang0r5,4
rdulive,blackww_253,7
dev1,wokz3n,1
zeppelinsoul,lazaplayskr,1
zeppelinsoul,xcaliz0rzvq,7
dev1,kikokiko12345,1
rdulive,mordiford,32
zeppelinsoul,donutoperator7,9
dev1,forty_444,1
dev1,ttoommyyy,1
zeppelinsoul,maiuskacl,3
zeppelinsoul,dakillzormm,5
zeppelinsoul,originhsuf,7
dev1,trolko163,1
dev1,duroth2,1
zeppelinsoul,theandysocialnetworkw,2
rdulive,bigben__hs,9
zeppelinsoul,twitchpresentsdea,2
rdulive,broosseys,4
zeppelinsoul,screamj3,5
dev1,dodofsnad1,1
zeppelinsoul,deadleiia,1
dev1,duwkoman,1
zeppelinsoul,bonjwat3,3
zeppelinsoul,flockword61n,6
rdulive,broosseys,5
dev1,mundy12,1
dev1,pstrosos,1
zeppelinsoul,stray228zs,2
dev1,narcotrafico,1
zeppelinsoul,malevolgi4nd,3
rdulive,vividwonder,12
chemicaldragoon,mateinozaur,4
zeppelinsoul,mrquaraterq,8
dev1,trolko163,1
dev1,evil_1337_,1
dev1,mlasko,1
zeppelinsoul,naysayer88ke,4
dev1,hondryscz,1
dev1,1damo7,1
dev1,spexoonfire,1
dev1,dave_da_noob,1
dev1,radov_hlasok,1
zeppelinsoul,weareb0be,1
zeppelinsoul,slayproxxc,13
dev1,marascoss,1
zeppelinsoul,buzzrs4,4
zeppelinsoul,w4stedspaceb,4
dev1,fisis123,1
zeppelinsoul,joseph_b_93bv,1
dev1,eam_,1
phenomengames,denissokolov74,1
dev1,patres_16,1
rdulive,blackww_253,2
dev1,zakylul,1
zeppelinsoul,charming_jowg,1
forsen,megrathon,1
zeppelinsoul,koskosrsl,7
zeppelinsoul,aypierrey8,7
zeppelinsoul,gom4rtug,1
dev1,juice1,1
dev1,jakubik99,1
zeppelinsoul,feelnogravityw,3
dev1,gulvas1922,1
zeppelinsoul,charkhga,1
zeppelinsoul,mythymoof,1
dev1,miropele214_,1
zeppelinsoul,gameattackteamcx,7
zeppelinsoul,gavrilkas1,1
zeppelinsoul,bastighgid,3
dev1,sniperis27,1
dev1,punisherbj14,1
zeppelinsoul,qforinaie,9
dev1,semisemo,1
dev1,jakkomakko,1
kalashnikovmediatv,shenios,2
forsen,migoreng5,1
zeppelinsoul,towellieeqy,12
zeppelinsoul,loeyaso,3
zeppelinsoul,mang0r5,2
dev1,nfko11,1
zeppelinsoul,dridg7o,16
zeppelinsoul,saltyteemo9p,1
zeppelinsoul,j0000mla25e,6
phenomengames,sombracc00n,0
zeppelinsoul,notmesu5,8
zeppelinsoul,gamesprouttvm4,1
zeppelinsoul,loriipopsr,5
zeppelinsoul,casinolocoso,1
dev1,jopoking,1
zeppelinsoul,ludojop_streamts,1
zeppelinsoul,lffn1,2
dev1,losko171,1
zeppelinsoul,maryjaneeeeee3,1
zeppelinsoul,adan10ny,20
zeppelinsoul,foodpj,2
zeppelinsoul,adan10ny,2
zeppelinsoul,flockword61n,18
zeppelinsoul,ristibh,1
zeppelinsoul,zayuribx,1
zeppelinsoul,fenyaqe,12
zeppelinsoul,foxcincaidjq,3
zeppelinsoul,anis13kqt,12
zeppelinsoul,foxcincaidjq,1
zeppelinsoul,itsjstnpu,6
dev1,t1sooooo,1
zeppelinsoul,warler5u,2
zeppelinsoul,weareb0be,4
dev1,iammainn,1
zeppelinsoul,silithurro,4
zeppelinsoul,auzyristvfz,9
zeppelinsoul,smashleysl,11
zeppelinsoul,portium_k,3
zeppelinsoul,m0kangw,1
zeppelinsoul,lffnv,7
zeppelinsoul,arcadebullsx,3
zeppelinsoul,aihhhosr,8
zeppelinsoul,indic4c,1
zeppelinsoul,sratukeh,2
zeppelinsoul,crownduoem,3
dev1,satashack,1
phenomengames,sombracc00n,0
zeppelinsoul,bricegamingzonee,4
zeppelinsoul,jeffe1t,1
zeppelinsoul,bourrinatorn,4
zeppelinsoul,koskosrsl,1
phenomengames,nicknamepozi,0
rdulive,rumumyum,4
dev1,nerikej_to,1
zeppelinsoul,iazrogle,5
bobross,esshadowytb,4
zeppelinsoul,jax_mackypk,5
zeppelinsoul,luminumnrz,1
zeppelinsoul,vivalafazzav,9
dev1,borek1491,1
dev1,quart_44,1
dev1,eam_,1
dev1,zukerr,1
zeppelinsoul,4wardprogressmaddenf,6
zeppelinsoul,shaclonev,3
dev1,arturovic,1
zeppelinsoul,akarissd5,6
zeppelinsoul,dotatv247ig,1
dev1,kayz2,1
zeppelinsoul,gera89r,8
zeppelinsoul,saltyteemo3o,4
zeppelinsoul,daniikillsh,17
dev1,lebomozem,1
zeppelinsoul,gavrilkas1,4
rdulive,19amg98,2
phenomengames,kohakky,0
rdulive,19amg98,1
dev1,senorandyy,1
zeppelinsoul,kolentoct,4
zeppelinsoul,julissafuarl,2
dev1,maahyy,1
zeppelinsoul,mang0r5,2
phenomengames,andou_kondo_daisuke,6
zeppelinsoul,noobnationtvg,3
zeppelinsoul,newmultishowde,4
zeppelinsoul,shisudotaoy,3
forsen,dasrit3,4
zeppelinsoul,vaporadarkh6,7
rdulive,hip3rx,1
zeppelinsoul,aelris_l6,9
zeppelinsoul,twitchpresentsdea,7
dev1,chadronjf,1
zeppelinsoul,urcailducai,3
dev1,marseloosvk,1
zeppelinsoul,ej_saop,2
zeppelinsoul,schviftyfive5h,9
zeppelinsoul,seriousgamingyr,14
zeppelinsoul,flockword61n,1
zeppelinsoul,bracubih,7
zeppelinsoul,vivalafazzatq,1
zeppelinsoul,speedrunc,2
dev1,toxic_provos,4
zeppelinsoul,leaf_2hotdz,4
zeppelinsoul,hefinexnh,1
zeppelinsoul,hackorutv7,3
dev1,quart_44,1
zeppelinsoul,zayuribx,2
dev1,imfenomen,1
zeppelinsoul,fingertvr,3
dev1,d3m0n3k,1
phenomengames,gimli115,0
zeppelinsoul,megnagaming8,6
zeppelinsoul,weareb0be,16
dev1,vladyy9,1
zeppelinsoul,jtipp5,3
bobross,esshadowytb,5
phenomengames,gimli115,0
zeppelinsoul,wildlandsdj,5
zeppelinsoul,geekandsundryl3,4
zeppelinsoul,indic4c,9
dev1,dodo_kuchar,5
zeppelinsoul,koskosrsl,3
dev1,the_kubiss,2
zeppelinsoul,undar789bu,2
zeppelinsoul,lefoubruiteurjw,3
zeppelinsoul,avengerej,4
zeppelinsoul,gamersclubcs10,4
zeppelinsoul,koskosrsl,5
dev1,lordiablo12,1
rdulive,culleexus,3
zeppelinsoul,goldentotb3,1
zeppelinsoul,samdadudey,2
dev1,samueldemko17,1
zeppelinsoul,futwiz_jamie8k,1
zeppelinsoul,rainzaspireaw,2
zeppelinsoul,pyromancerxo,7
rdulive,quaoliz,26
dev1,tr3blee,24
chemicaldragoon,gerardoarzola,15
zeppelinsoul,jenzlingerw,1
zeppelinsoul,brucegreene9,7
zeppelinsoul,miken_tvi,2
zeppelinsoul,xenoaj,5
zeppelinsoul,glamtrolls,9
zeppelinsoul,kolentoct,1
zeppelinsoul,pedguintz,1
phenomengames,sombracc00n,0
zeppelinsoul,missymissshaylag,1
zeppelinsoul,swiftorx3,20
zeppelinsoul,mang0r5,20
zeppelinsoul,lunarys_j,1
phenomengames,monstrrrrsss,0
zeppelinsoul,papy0ntvlo,8
zeppelinsoul,jukes4p,4
zeppelinsoul,asdf345dds,6
zeppelinsoul,meepoha3app,5
zeppelinsoul,vaporadarkh6,6
zeppelinsoul,helpinghansgh,6
zeppelinsoul,twitchpresentsdea,1
zeppelinsoul,pedguintz,11
zeppelinsoul,mrpuzzledh,5
phenomengames,roflan156,0
zeppelinsoul,vman7ce,3
zeppelinsoul,swiftornw,2
zeppelinsoul,carsondrewits,6
zeppelinsoul,ahady4,1
zeppelinsoul,esl_dota2k,2
zeppelinsoul,taisontv2,5
zeppelinsoul,zayuribx,5
zeppelinsoul,foodbp,3
dev1,nightlander,3
zeppelinsoul,rallied0c,3
zeppelinsoul,like_a_bawsemx,1
dev1,toxic_provos,3
zeppelinsoul,araiancem9,3
zeppelinsoul,commanderrootx0,3
dev1,gastinooo,3
zeppelinsoul,weareb0be,3
dev1,tringug,4
zeppelinsoul,ankamalivem,7
zeppelinsoul,jvchequerbs,3
zeppelinsoul,indic4c,3
zeppelinsoul,levo0k,7
dev1,badrezz,4
zeppelinsoul,alohadancetvpu,2
zeppelinsoul,zapahzamazkiyo,2
zeppelinsoul,koskosrsl,5
zeppelinsoul,tcec_chess_tvqt,19
zeppelinsoul,mrquarateid,2
zeppelinsoul,esl_sc2fw,6
phenomengames,sombracc00n,5
zeppelinsoul,madmorphs8,3
zeppelinsoul,koskosrsl,3
zeppelinsoul,chinglishtvy,5
zeppelinsoul,goldentotb3,4
kalashnikovmediatv,shenios,0
zeppelinsoul,shiphturd,4
zeppelinsoul,vaporadarkh6,2
zeppelinsoul,fungoose_ab,7
rdulive,yenxa,3
zeppelinsoul,dakillzormm,5
zeppelinsoul,mang02i,1
dev1,arturovic,3
zeppelinsoul,beamtwitchvv,5
zeppelinsoul,capta1njackzog,4
rdulive,blackww_253,5
phenomengames,nightbot,4
zeppelinsoul,vaxei_osui,4
zeppelinsoul,deadleiia,3
zeppelinsoul,kissradio_fm9993f,2
zeppelinsoul,gavrilkas1,1
phenomengames,phenomengames,5
zeppelinsoul,gymnast86k,3
phenomengames,phenomengames,5
phenomengames,phenomengames,5
zeppelinsoul,stray228zs,3
dev1,qwecko__,1
dev1,jeb6su9,2
zeppelinsoul,contv37,8
zeppelinsoul,mang0r5,7
zeppelinsoul,kimplecloneef,0
zeppelinsoul,zirkseepq,3
zeppelinsoul,indic4z,3
zeppelinsoul,twitchpresentsdez,4
zeppelinsoul,loeya3,8
dev1,famosnifamas,4
dev1,zakylul,1
zeppelinsoul,gnummeclg,3
zeppelinsoul,harbleukn,6
zeppelinsoul,twitchpresentsit8,5
zeppelinsoul,mythymoof,1
zeppelinsoul,rhobalas_lolsz,5
zeppelinsoul,rainbraindi,1
forsen,andrewart,2
kalashnikovmediatv,kovarino,0
phenomengames,kipyssa,0
dev1,miropele214_,5
zeppelinsoul,myztv3,5
zeppelinsoul,bostonchrisgamingq,12
zeppelinsoul,cutedog_xx,1
zeppelinsoul,flockword61n,3
zeppelinsoul,draquinasxn,6
rdulive,cheliossetsfire,10
forsen,randers00,1
zeppelinsoul,sprite_0h,4
kalashnikovmediatv,klakson0407,0
zeppelinsoul,goseigend8,1
zeppelinsoul,zayuribx,3
zeppelinsoul,loeyaso,5
zeppelinsoul,drofkoq,5
zeppelinsoul,agholortv2,7
zeppelinsoul,kirmizikepm,16
zeppelinsoul,weareb0be,2
zeppelinsoul,notmesu5,1
rdulive,blackww_253,4
zeppelinsoul,lusidream0,5
zeppelinsoul,arcus87rh,8
zeppelinsoul,seriousgaminglw5,9
zeppelinsoul,ristibh,4
zeppelinsoul,koskosrsl,4
zeppelinsoul,vaxei_osuc,12
dev1,secret_player_sk,1
zeppelinsoul,andvarin5,4
zeppelinsoul,epicenter_rumm,5
zeppelinsoul,anis13kqt,12
kalashnikovmediatv,shenios,0
kalashnikovmediatv,shenios,0
zeppelinsoul,islandgrown11ki,8
phenomengames,denissokolov74,0
dev1,dev1,21
zeppelinsoul,pablinnwanteds,2
zeppelinsoul,hellyeahplaymz,1
phenomengames,kill1bit,0
zeppelinsoul,goldentotb3,6
zeppelinsoul,chokychokyzj,4
phenomengames,kipyssa,0
zeppelinsoul,smashleysl,2
zeppelinsoul,raizqtrm,4
phenomengames,kipyssa,0
zeppelinsoul,gameattackteamcx,1
zeppelinsoul,tode30,1
phenomengames,kipyssa,0
zeppelinsoul,syun_nhu,7
zeppelinsoul,kiwomm,6
zeppelinsoul,belissalovelyr,1
zeppelinsoul,iamcristininiii,7
zeppelinsoul,kimpleclonelq,3
zeppelinsoul,kolentoct,3
zeppelinsoul,thegermanallstars0h,5
zeppelinsoul,pax3c,4
zeppelinsoul,sratukeh,3
zeppelinsoul,mang0r5,5
zeppelinsoul,payeni,3
zeppelinsoul,cloudyk1ttenh,2
zeppelinsoul,runitup247ra,5
zeppelinsoul,jeffe1t,1
zeppelinsoul,vaporadarkh6,3
dev1,corpyx,1
dev1,elvlastelino,1
zeppelinsoul,twitchpresentsdea,5
dev1,demixo,1
dev1,molotok206,1
dev1,mocny_chlebik,1
dev1,mrlamka,1
zeppelinsoul,philings0,2
zeppelinsoul,limealiciouswz,3
zeppelinsoul,froggenuz,1
dev1,adrooo_,1
dev1,chadronjf,1
dev1,ferko6969,1
dev1,skipca,1
zeppelinsoul,foodh5,1
zeppelinsoul,flockword61n,4
rdulive,nobirdsing,3
dev1,lordiablo12,1
dev1,mlok401,1
zeppelinsoul,vivalafazzav,18
dev1,dela1nn,1
dev1,bonysek21,1
dev1,sl0thik,1
zeppelinsoul,czechcloud1o,3
zeppelinsoul,zayuribx,8
zeppelinsoul,yuriz9w,4
dev1,klacicek_1,1
zeppelinsoul,chipmonkzslotsq,11
dev1,c0ffeesweater,1
zeppelinsoul,shaclonev,20
dev1,piggyczek,1
zeppelinsoul,queltalealetvwn,5
dev1,davidisian,1
dev1,radenoff,1
dev1,mex2411,1
dev1,hugiiicek,1
zeppelinsoul,officialdeluxg,2
zeppelinsoul,izakoooja,2
zeppelinsoul,weareb0be,1
zeppelinsoul,geicogamingbm,2
dev1,marascoss,1
dev1,agmichal,1
dev1,flashiiik,1
dev1,enjoyandrej,1
dev1,dede0099,1
zeppelinsoul,aureylianpm,4
zeppelinsoul,indic4c,3
zeppelinsoul,juankoreaw4,2
dev1,trolko163,1
dev1,ujo_patrick,1
zeppelinsoul,mrhappy12275i,6
zeppelinsoul,koskosrsl,5
zeppelinsoul,cepreu_inqi,5
dev1,quart_44,1
phenomengames,09keepcalm09,0
dev1,vooca,1
dev1,themrtnxx,1
dev1,matejmitterpach17,1
phenomengames,horgub,0
dev1,hits_from_the_bong1,1
chemicaldragoon,gerardoarzola,15
dev1,zanziba,1
zeppelinsoul,mandiocaa1w8,4
zeppelinsoul,koskosrsl,5
phenomengames,kipyssa,0
zeppelinsoul,fungoose_6,2
dev1,lordiablo12,1
dev1,ashreen,1
zeppelinsoul,mightyteapotld,5
dev1,neon232,1
zeppelinsoul,twitch_xispidaab,0
zeppelinsoul,goldentotb3,1
dev1,surfmanis,1
rdulive,19amg98,13
zeppelinsoul,plzdonhakmeb7,4
zeppelinsoul,aelris_l6,2
zeppelinsoul,loopkao,7
dev1,palotelli,1
zeppelinsoul,alohadancetvwx,6
zeppelinsoul,gameattackteamcx,2
dev1,piggyczek,1
zeppelinsoul,cdewxa4,3
zeppelinsoul,esl_metzgerf,2
zeppelinsoul,lefoubruiteurph,1
zeppelinsoul,queltalealetvi,1
zeppelinsoul,schviftyfive5h,3
zeppelinsoul,todapl,0
zeppelinsoul,gavrilkas1,5
dev1,devixk,1
dev1,sidel77,1
dev1,kayz2,1
dev1,th30d00r,1
zeppelinsoul,bracubih,3
zeppelinsoul,zfg1cw,5
phenomengames,andou_kondo_daisuke,6
dev1,haxnamax,1
zeppelinsoul,kolentoct,2
zeppelinsoul,indusy219m,4
zeppelinsoul,ingameasylumyt,3
zeppelinsoul,zizaranp9,3
rdulive,xcyberdwarf,4
zeppelinsoul,koalacrockieeo,1
dev1,legeden,1
zeppelinsoul,megnagaming8,4
dev1,sadlo_maslo,1
zeppelinsoul,khashayar_bhz,8
rdulive,aleph_naught,1
zeppelinsoul,pow3rtvap,4
zeppelinsoul,vaporadarkh6,1
zeppelinsoul,cyborgangel2m,2
dev1,lukk1cs,1
rdulive,quaoliz,7
zeppelinsoul,dutchsinseofficial0b,9
zeppelinsoul,wintergaminglp,5
phenomengames,kipyssa,0
rdulive,ghryfter,1
zeppelinsoul,dormstreamsk,6
zeppelinsoul,twitchpresentsdea,2
rdulive,19amg98,6
rdulive,19amg98,6
zeppelinsoul,lefoubruiteurjw,11
zeppelinsoul,crazylamar1,1
zeppelinsoul,gamersclubcs10,2
zeppelinsoul,draskyl7,2
zeppelinsoul,boutinion,1
zeppelinsoul,ennopp112f4,5
dev1,mokrej,1
rdulive,haudraufund,4
phenomengames,denissokolov74,0
zeppelinsoul,creativemonkeyzk0,5
zeppelinsoul,pyromancerxo,7
zeppelinsoul,mathil1tc,4
dev1,nicisczech,1
zeppelinsoul,tixerokpe,12
dev1,punisherbj14,1
rdulive,tathlum,3
zeppelinsoul,miken_tvi,15
zeppelinsoul,zayuribx,2
rdulive,haudraufund,7
zeppelinsoul,smoodiea0,3
dev1,aronis,1
zeppelinsoul,alderiatelh,3
rdulive,cheliossetsfire,5
dev1,quart_44,1
dev1,frost1337xxxx,1
zeppelinsoul,weareb0be,9
zeppelinsoul,noobcleaverwe,13
dev1,1ukasw0w,1
dev1,sl4yd3r,1
zeppelinsoul,indic4c,4
zeppelinsoul,thiji6,1
zeppelinsoul,highspiritsp,1
dev1,dandee258,1
zeppelinsoul,mrsetokamie,3
dev1,dupplex,1
zeppelinsoul,innocentttc6,4
dev1,nenzki,1
dev1,m_rec,1
dev1,jakubik99,1
zeppelinsoul,mattstaplesmg,4
zeppelinsoul,syrinxx1337r,3
zeppelinsoul,koskosrsl,1
zeppelinsoul,swiftorx3,4
dev1,1quadko1,4
zeppelinsoul,koskosrsl,6
rdulive,haudraufund,2
dev1,sameone,1
zeppelinsoul,marty_voleom,8
zeppelinsoul,k13szmt,6
dev1,vladyy9,1
zeppelinsoul,lunarys_j,1
phenomengames,horgub,0
dev1,legeden,1
phenomengames,kipyssa,0
zeppelinsoul,papy0ntvlo,17
zeppelinsoul,gameattackteamcx,3
zeppelinsoul,igromaniacf,7
zeppelinsoul,incontroltv0g,9
zeppelinsoul,elmiillorqn,4
zeppelinsoul,bigntasty0,1
zeppelinsoul,sniper_nolovec,4
zeppelinsoul,gavrilkas1,1
zeppelinsoul,vman7ce,4
dev1,neobilar,1
zeppelinsoul,kolentoct,1
zeppelinsoul,aimlul7,1
dev1,niikofe,1
zeppelinsoul,mang0r5,3
rdulive,fyllokungen,10
rdulive,fyllokungen,10
zeppelinsoul,cobaltstreakvp,4
zeppelinsoul,stray228xg,18
dev1,tg_rising,1
dev1,bestbarneyeu,1
zeppelinsoul,w4stedspacedq,2
zeppelinsoul,esl_dota2k,2
rdulive,haudraufund,11
phenomengames,peter_snowy,0
zeppelinsoul,lazaplayskr,6
zeppelinsoul,damildw,2
zeppelinsoul,aayley3,2
zeppelinsoul,twitchpresentsdea,6
rdulive,19amg98,5
rdulive,19amg98,5
zeppelinsoul,dileraf,9
zeppelinsoul,originhsuf,5
zeppelinsoul,flockword61n,4
rdulive,fyllokungen,4
zeppelinsoul,donutoperator7,7
zeppelinsoul,theandysocialnetworkw,1
zeppelinsoul,zayuribx,4
phenomengames,zxr_00_s9,0
dev1,dev1,10
zeppelinsoul,weareb0be,5
rdulive,mediocrenk,3
zeppelinsoul,dmbrandonat,8
rdulive,mordiford,3
phenomengames,ruchnoy__volk,1
phenomengames,horgub,1
phenomengames,ruchnoy__volk,1
phenomengames,nightbot,31
phenomengames,longkokos,0
forsen,iambiglucas,1
phenomengames,denissokolov74,0
dev1,quart_44,1
phenomengames,gimli115,0
phenomengames,zxr_00_s9,0
dev1,arturovic,1
dev1,miklikcz,2
dev1,bestbarneyeu,9
dev1,hondryscz,1
rdulive,19amg98,1
dev1,zakylul,1
rdulive,mordiford,4
rdulive,mordiford,4
rdulive,rickdeleeuw,2
dev1,the_kubiss,1
phenomengames,houstontroubles,1
dev1,komi76,1
phenomengames,zxr_00_s9,0
dev1,hugiiicek,1
dev1,nescrope,6
rdulive,haudraufund,8
phenomengames,vubdup,0
dev1,mucinko,1
dev1,proste_duck,1
phenomengames,houstontroubles,1
rdulive,tathlum,2
dev1,garbyyy,1
dev1,narcotrafico,2
rdulive,19amg98,12
dev1,hluchygregor,7
chemicaldragoon,bloodtre,4
dev1,fenfenfam,1
dev1,atum_svk,1
dev1,narcotrafico,1
phenomengames,houstontroubles,1
chemicaldragoon,mercurial6798,22
dev1,pallco,1
dev1,garbyyy,1
rdulive,l3d3k,1
chemicaldragoon,dynastyofwolves,13
phenomengames,ruchnoy__volk,1
phenomengames,relaer_twitch,1
phenomengames,nekto_v_triko,3
rdulive,nightinsider,10
phenomengames,nekto_v_triko,2
dev1,yufukas01,1
phenomengames,relaer_twitch,3
phenomengames,ruchnoy__volk,3
dev1,kolieskoff,2
rdulive,tathlum,1
rdulive,anonymousdalek,3
rdulive,matthieist,1
rdulive,yenxa,2
dev1,secret_player_sk,1
rdulive,yenxa,6
phenomengames,nekto_v_triko,2
phenomengames,deezlayt,1
phenomengames,nightbot,9
phenomengames,deezlayt,3
phenomengames,ruchnoy__volk,3
dev1,pisulko,1
dev1,hugiiicek,1
dev1,badnewzlul,1
dev1,defqonzgod,1
dev1,lipo18,1
dev1,morkaztemnot,1
dev1,badrezz,1
dev1,beaverthekiller,1
dev1,enjoyandrej,1
dev1,trolko163,4
dev1,redman_91,1
dev1,dela1nn,1
dev1,benzinoid,1
dev1,tibores,1
dev1,nfko11,1
dev1,genety09,1
dev1,tlacenkasvk,1
dev1,papayaa,1
dev1,helyo69,1
dev1,snake0nfire,1
dev1,sp1tzz_svk,1
phenomengames,ruchnoy__volk,0
dev1,kouken_,1
dev1,boa_1337,1
phenomengames,horgub,0
dev1,engineeeee,1
dev1,xddonut,1
dev1,ferko6969,1
dev1,neasydesign,1
phenomengames,deezlayt,0
dev1,narcotrafico,1
dev1,damigemblaz,1
dev1,sl4yd3r,1
dev1,admiralspee,1
rdulive,west4u2,1
dev1,d3m0n3k,1
dev1,samuel_82_,1
phenomengames,deezlayt,0
dev1,mathony,1
dev1,markos1236,1
dev1,kufar911,1
dev1,sl1z0,1
forsen,bleachdrinker69420,2
phenomengames,horgub,0
phenomengames,nekto_v_triko,3
phenomengames,nightbot,4
giantwaffle,ihaveasteak,1
dev1,atum_svk,1
phenomengames,ruchnoy__volk,0
dev1,martinoo00oo,1
dev1,patres2212,1
dev1,spokojny_pleb,0
rdulive,blackww_253,2
rdulive,19amg98,2
rdulive,shali2,4
rdulive,borteralol,2
phenomengames,deezlayt,1
phenomengames,horgub,0
giantwaffle,greased315,2
phenomengames,deezlayt,1
chemicaldragoon,asianjeff,15
chemicaldragoon,dynastyofwolves,13
giantwaffle,beautyfades,3
phenomengames,deezlayt,1
phenomengames,ruchnoy__volk,1
phenomengames,horgub,0
phenomengames,andou_kondo_daisuke,6
phenomengames,deezlayt,1
chemicaldragoon,natelane3698,2
phenomengames,09keepcalm09,1
phenomengames,vane4ekpomidor4ik,0
phenomengames,denissokolov74,0
phenomengames,horgub,0
phenomengames,ruchnoy__volk,1
phenomengames,shib27,1
phenomengames,denissokolov74,0
phenomengames,andou_kondo_daisuke,6
phenomengames,deezlayt,1
phenomengames,nekto_v_triko,2
phenomengames,shib27,0
forsen,madafackiu,1
phenomengames,switoi,0
forsen,chompzkyhonk,1
phenomengames,deezlayt,0
phenomengames,horgub,0
phenomengames,deezlayt,2
phenomengames,ruchnoy__volk,4
phenomengames,verywellwisher,0
phenomengames,ruchnoy__volk,0
phenomengames,ruchnoy__volk,0
phenomengames,shib27,2
rod_johnston,rofflehs,9
phenomengames,groundofinferno,0
rod_johnston,rofflehs,7
phenomengames,grisha2168,0
phenomengames,nightbot,4
phenomengames,grisha2168,0
phenomengames,switoi,0
phenomengames,switoi,0
chemicaldragoon,mateinozaur,4
phenomengames,nightbot,31
phenomengames,korinredfox,0
phenomengames,andou_kondo_daisuke,6
phenomengames,sombracc00n,0
chemicaldragoon,asianjeff,15
chemicaldragoon,bloodtre,4
phenomengames,shib27,1
phenomengames,shib27,2
chemicaldragoon,btdeeb,28
asmongold,bl1nk1337,3
phenomengames,nekto_v_triko,0
phenomengames,nekto_v_triko,0
phenomengames,nekto_v_triko,0
phenomengames,ruchnoy__volk,1
asmongold,muncho,3
phenomengames,andou_kondo_daisuke,0
asmongold,berrymang0,1
phenomengames,nekto_v_triko,0
phenomengames,ruchnoy__volk,3
phenomengames,andou_kondo_daisuke,2
asmongold,happygaysounds,1
asmongold,gsr_,2
phenomengames,nekto_v_triko,3
phenomengames,ruchnoy__volk,1
phenomengames,korinredfox,0
giantwaffle,cambosliice,1
phenomengames,groundofinferno,0
phenomengames,seeb_v_napapijri,1
phenomengames,denissokolov74,0
phenomengames,deezlayt,3
phenomengames,korinredfox,0
phenomengames,gopnikus13,0
phenomengames,korinredfox,0
phenomengames,deezlayt,0
phenomengames,gopnikus13,0
phenomengames,horgub,0
phenomengames,arl257,6
forsen,yabbah_,0
forsen,butregenyoyavrusu,1
forsen,itsiffy,12
forsen,chuckles11,1
forsen,dodgev1per,1
forsen,chalarden_,8
forsen,joweni38,6
704cb1fgnty,cheezehammer,1
forsen,cyberanimedestroyer,1
forsen,avrgc,9
704cb1fgnty,lacari_myfave_trihard1,1
704cb1fgnty,lacari_myfave_trihard1,1
704cb1fgnty,lacari_myfave_trihard1,1
704cb1fgnty,lacari_myfave_trihard1,2
704cb1fgnty,lacari_myfave_trihard1,3
704cb1fgnty,lacari_myfave_trihard1,4
704cb1fgnty,lacari_myfave_trihard1,3
704cb1fgnty,lacari_myfave_trihard1,2
704cb1fgnty,apitos,1
704cb1fgnty,lacari_myfave_trihard1,1
704cb1fgnty,lacari_myfave_trihard1,1
704cb1fgnty,b1dcb381cb,5
704cb1fgnty,cheezehammer,1
forsen,kkartel,13
704cb1fgnty,ahmedbadiwy,1
704cb1fgnty,thedrunkman98,1
704cb1fgnty,ahmedbadiwy,1
704cb1fgnty,xdgalapagos,1
704cb1fgnty,ahmedbadiwy,1
704cb1fgnty,uniquejump,0
forsen,crazydude1994,8
704cb1fgnty,abdallaorabi,0
704cb1fgnty,lacari_myfave_trihard1,1
704cb1fgnty,kbyerc,1
704cb1fgnty,lacari_myfave_trihard1,3
704cb1fgnty,lacari_myfave_trihard1,2
704cb1fgnty,lacari_myfave_trihard1,1
forsen,vertexel,0
704cb1fgnty,lacari_myfave_trihard1,1
704cb1fgnty,kbyerc,1
forsen,lucagavello,2
704cb1fgnty,lacari_myfave_trihard1,2
704cb1fgnty,kbyerc,2
704cb1fgnty,lacari_myfave_trihard1,3
704cb1fgnty,kbyerc,3
704cb1fgnty,lacari_myfave_trihard1,1
704cb1fgnty,lacari_myfave_trihard1,1
704cb1fgnty,kbyerc,1
704cb1fgnty,kbyerc,1
704cb1fgnty,attiluh,1
704cb1fgnty,lacari_myfave_trihard1,1
704cb1fgnty,kbyerc,1
704cb1fgnty,attiluh,1
704cb1fgnty,cheezehammer,2
forsen,lefougere,1
704cb1fgnty,kbyerc,3
704cb1fgnty,lacari_myfave_trihard1,1
704cb1fgnty,waldojefferson,1
704cb1fgnty,giuseppecs,1
forsen,hendaya,2
704cb1fgnty,attiluh,1
704cb1fgnty,kbyerc,1
704cb1fgnty,edward137,1
704cb1fgnty,hazkitten,1
704cb1fgnty,jake3bo,1
forsen,dlsee,2
forsen,stellarbboi,2
forsen,just_wanna_be_transparent,5
forsen,sneakysnackers,3
forsen,wander4,1
forsen,allagainstme,2
forsen,superfierm,1
forsen,asimovmage,10
forsen,fawcantv,15
forsen,highsenburglol,3
forsen,cryptik7,4
superliga,xdarkal,1
superliga,c0mequeto,1
superliga,felip1nho,8
superliga,witaloxd,1
superliga,gott_schutze_den_kaiser,11
superliga,julioccollar,1
superliga,helderxddd,0
superliga,glennrrb,0
superliga,feulxx,1
superliga,bruubs__,1
superliga,senhor_das_molieres,5
superliga,guscarreira,7
superliga,wedknight,1
superliga,kingcolossus,19
superliga,fabolvsky,3
superliga,wgleyberton,1
superliga,petyxp,1
superliga,a_gente_nao_era_um_time,0
superliga,c0mequeto,1
superliga,adam_a_new_man,0
superliga,thiagohass,1
superliga,maguinn,3
superliga,envinando,0
superliga,luizfeedado,1
superliga,arkadiano_fera,0
superliga,ivan_jnr,1
superliga,tomasveiga,4
superliga,noobfube,1
superliga,anderalexxx_,1
superliga,jauuum1,1
superliga,silas_st,1
superliga,yulyan12345,1
superliga,riquesant,3
superliga,ruan_karlos,3
superliga,nooballgames,1
superliga,frederiitch,65
superliga,feulxx,4
superliga,wedknight,5
forsen,for_saan,12
superliga,darkgalag0uz,3
superliga,maguinn,3
superliga,ricardotm8,2
superliga,articm0nkey,8
superliga,themanatas,5
superliga,c0mequeto,2
superliga,i5supreme,6
superliga,guelkkles,2
superliga,gutinhotrl,7
forsen,noerty,1
superliga,felizabr,12
superliga,nooballgames,5
superliga,maurilioscn,1
superliga,vitor_3pernas,4
forsen,razuraito,3
superliga,fabolvsky,6
superliga,spolldelas,3
superliga,kingcolossus,3
superliga,riquesant,1
superliga,nooballgames,1
superliga,bruubs__,1
superliga,julioccollar,1
superliga,allicius,1
superliga,horstbr,13
superliga,a_gente_nao_era_um_time,1
superliga,cesarfreitasc1,3
superliga,donzz1nho,4
superliga,banido_da_superliga,5
forsen,arthem1s,1
superliga,fanboy_da_soyeon,1
superliga,raphadraft,32
superliga,gmartinho,6
superliga,douglasft18,2
superliga,dederios,58
superliga,moobot,6
superliga,lari_potter,34
superliga,sztywnaselekcja,16
superliga,cwerner344,7
superliga,donzz1nho,2
superliga,sloper1,4
superliga,gretchenrainha,19
superliga,fabolvsky,5
superliga,luquinhaslana,1
superliga,huylquiasz,15
superliga,paulinho023,4
superliga,luis_proddigy,7
superliga,lari_potter,13
superliga,moidekaiser,3
superliga,titiomococo,11
superliga,cameloxy,2
superliga,thalisonsss,1
superliga,allicius,10
superliga,huylquiasz,8
superliga,wgleyberton,9
superliga,vortexloiro,1
superliga,thalisonsss,1
superliga,seriosoth,3
superliga,thalisonsss,1
superliga,ravaggio,2
superliga,allicius,4
superliga,thalisonsss,1
superliga,douglas_xesquedelancia,9
superliga,chiquinho_satanas,2
superliga,looord,0
superliga,titiomococo,11
superliga,wevertonlr,6
superliga,little_titanzin,1
superliga,hiago85,5
superliga,kaepy_1,4
superliga,marcelo667,3
giantwaffle,wildzeeh,5
superliga,carlosi32,5
superliga,moobot,10
superliga,tomate_furioso,8
superliga,speedbr,7
superliga,luis_proddigy,4
superliga,thalisonsss,3
superliga,giovcavalc,3
giantwaffle,holeefaak,5
superliga,donzz1nho,6
superliga,ravaggio,1
superliga,banido_da_superliga,2
superliga,raphadraft,1
superliga,houksz,1
superliga,diegoravnos,1
superliga,froguitoneles,18
superliga,moobot,6
superliga,luiz_zago,8
superliga,thalisonsss,18
superliga,verdice2,2
superliga,sassycommunist,3
superliga,andrusss2,14
superliga,lawx3,3
superliga,fabolvsky,4
superliga,5c4rz,12
superliga,fanboy_da_soyeon,1
superliga,exgamesxd,5
superliga,chavesdo69,1
superliga,nhaaaaaaaaaaaaaaaaaaaaa,1
superliga,couto_rx,1
superliga,beniitez,1
superliga,moobot,11
superliga,pedroglorificado,5
superliga,thiagohass,1
superliga,felipinxd,0
superliga,verdice2,3
superliga,1marcov,3
superliga,fuzionbladegunz,0
superliga,huylquiasz,2
superliga,yuricandido,0
superliga,exgamesxd,2
superliga,boia1,1
superliga,adam_a_new_man,1
superliga,tulioparra1,1
superliga,raltsz0,1
superliga,hiotoxd,1
superliga,diegoravnos,2
superliga,beniitez,1
superliga,banido_da_superliga,1
superliga,shanks214,0
superliga,ravaggio,6
superliga,nhaaaaaaaaaaaaaaaaaaaaa,1
superliga,xannndaoo,1
superliga,adam_a_new_man,1
superliga,no_kluya,1
superliga,matheusnit,3
superliga,sassycommunist,1
superliga,kakinomoto,1
superliga,lil_pyke,1
superliga,ederalface,4
superliga,gretchenrainha,3
superliga,pedrorodriigues,1
superliga,boia1,1
superliga,douglasft18,1
superliga,streets0n,6
superliga,beniitez,1
giantwaffle,mrgoatsy,3
superliga,huylquiasz,3
superliga,1marcov,2
superliga,avatarmago,4
superliga,ferganiki123,3
superliga,jaubert_br_16,2
superliga,thalisonsss,2
superliga,ravaggio,2
superliga,carlosi32,1
superliga,duducavalo,2
superliga,donzz1nho,9
superliga,thalisonsss,1
superliga,raphaelthor,1
superliga,sassycommunist,3
superliga,beniitez,3
superliga,titiomococo,1
superliga,iguiinda12,1
superliga,jardelnf,1
superliga,kakinomoto,3
superliga,7vitin,2
superliga,skaegis,3
superliga,hiago85,1
superliga,donzz1nho,6
superliga,airkiller,3
superliga,leleoq,2
superliga,insanep4in,1
superliga,avatarmago,2
superliga,beniitez,1
superliga,whoiswasted,1
superliga,deskmoder1,1
superliga,donzz1nho,1
superliga,uchihajere,1
superliga,dederios,1
superliga,lunadaidouji,1
superliga,av3ng3rxdealerz,1
superliga,donzz1nho,1
superliga,heheee,10
superliga,chiquinho_satanas,1
superliga,pimbadesapo,1
superliga,talonorriven,1
superliga,luanboxvr,1
superliga,xxallukaxx,0
superliga,lamarck9,12
superliga,moobot,5
superliga,xannndaoo,4
superliga,carlosi32,1
giantwaffle,lurkingzombie,2
superliga,pv_alupo,1
superliga,bruubs__,1
superliga,gratis_furaboladecrianca,1
superliga,zerosete,2
superliga,carlosi32,1
superliga,beniitez,1
superliga,ravaggio,1
superliga,kletke,6
superliga,victorgomes2,1
superliga,daviidchris,1
superliga,guthyys,1
superliga,skywings_iv,1
superliga,verdice2,2
superliga,fresh_prince182,3
superliga,ederalface,2
superliga,frozenduds,1
superliga,little_titanzin,1
superliga,ravaggio,1
superliga,dederios,1
superliga,beniitez,2
superliga,hiago85,1
superliga,nhaaaaaaaaaaaaaaaaaaaaa,2
superliga,thalisonsss,0
superliga,jymoliver,1
superliga,fabolvsky,0
superliga,nabak22,1
forsen,adambalu,4
superliga,lilz3u,0
superliga,raphadraft,3
superliga,vicfelipe,1
superliga,raviercold,1
superliga,av3ng3rxdealerz,1
superliga,uchihajere,1
superliga,dezi159,1
superliga,leleoq,0
superliga,wyllyton1,1
superliga,fuzionbladegunz,5
superliga,rnpumba,3
superliga,martinsluliano,1
superliga,raviercold,1
superliga,sadpagliacci,4
superliga,gott_schutze_den_kaiser,5
forsen,tele_crab,1
superliga,martinsluliano,1
superliga,banido_da_superliga,4
superliga,shiroha07,3
superliga,bryan_iv,1
superliga,sloper1,1
superliga,spolldelas,3
superliga,balaiadaboy1,6
superliga,silktest,9
forsen,some_kind_of_god_of_plebs,4
superliga,spolldelas,5
superliga,moobot,5
superliga,rashideee,1
superliga,jaworski1,4
superliga,vitor_3pernas,1
superliga,kuailiang182,1
superliga,silktest,12
superliga,paiter11,3
forsen,supa_subscriba,6
superliga,chakalowned,2
superliga,uchihajere,22
superliga,j_somi,1
superliga,sloper1,16
superliga,douglas_xesquedelancia,7
superliga,rowck,2
superliga,fvitta,1
superliga,sloper1,1
superliga,vvikthor,1
superliga,spolldelas,3
superliga,kkakaio1,4
superliga,eclipse2,1
superliga,moobot,2
superliga,banido_da_superliga,8
superliga,xfalcaox,9
superliga,magoshady09,4
superliga,moobot,10
superliga,huylquiasz,5
superliga,ravaggio,8
superliga,camilotaxp,1
superliga,sloper1,8
superliga,loluizaintzfan,1
superliga,avatarmago,2
superliga,dederios,5
superliga,wevertonlr,5
superliga,loluizaintzfan,2
superliga,douglas_xesquedelancia,3
superliga,polar3por10,2
superliga,rikemenez,8
superliga,vitor_3pernas,1
superliga,fuzionbladegunz,1
superliga,briansilvafs,1
superliga,xxetinxx,2
superliga,fluxx86,4
superliga,thiagolive12,4
superliga,viniciusbrunner,3
superliga,loluizaintzfan,2
superliga,ravaggio,2
superliga,rafsrod,4
giantwaffle,theredotter,1
superliga,wevertonlr,3
superliga,camilotaxp,5
superliga,sloper1,8
superliga,wevertonlr,3
superliga,camilotaxp,9
superliga,joumok,3
superliga,suzypedroso,21
superliga,gui4635,4
superliga,viniciusbrunner,15
forsen,rocketslay_1,2
superliga,huylquiasz,2
superliga,itzdinamite,3
superliga,loluizaintzfan,12
superliga,beniitez,5
superliga,sarkiinho,9
superliga,houksz,4
superliga,luanboxvr,5
superliga,mikaopause,3
superliga,camilotaxp,1
superliga,angelitoso,9
superliga,kosmys,3
superliga,joaofcastro,2
superliga,hakfoo2,3
superliga,fuzionbladegunz,3
superliga,sloper1,6
superliga,imathtt,14
forsen,yuyumaple,1
superliga,fresh_prince182,1
superliga,angelitoso,1
superliga,gelobel,1
superliga,ccchaos12,4
superliga,nash_boy,1
superliga,azarothy,1
superliga,lorddracoon,2
superliga,undeadi,1
superliga,insanep4in,3
superliga,seducelol,1
superliga,senhor_das_molieres,3
superliga,daethow,2
superliga,klausvander,1
superliga,jhonatanm019,4
superliga,naosoucriativoxd,22
superliga,francielfcl1,1
superliga,amandaaaaa,2
superliga,hiago85,4
superliga,pereira_gui,5
superliga,exgamesxd,7
superliga,elnosf,1
superliga,ilovetainha,1
superliga,kingcolossus,1
superliga,amandaaaaa,3
superliga,moobot,8
superliga,ravaggio,2
superliga,ceiferinhooo,7
superliga,brun0d,1
superliga,shiroha07,5
superliga,kkakaio1,3
superliga,ceiferinhooo,5
superliga,zephyrs__,1
superliga,danilo_la150ml,1
superliga,senhor_das_molieres,4
superliga,ryanvz0,1
superliga,fluxx86,1
superliga,leohaichai,4
superliga,bslzera,2
superliga,konalu,1
superliga,naosoucriativoxd,8
superliga,docdoidoloko,1
superliga,shiroha07,4
superliga,pinoculos,1
superliga,witaki,5
superliga,lucasony14,2
superliga,kkakaio1,2
superliga,beniitez,1
giantwaffle,cirrus,1
giantwaffle,sirnoct_,0
superliga,sloper1,2
superliga,ravaggio,1
superliga,andrielson22,6
superliga,spolldelas,1
superliga,nash_boy,1
superliga,huylquiasz,3
superliga,vkmrnobody,3
superliga,kaepy_1,7
superliga,lucasony14,1
superliga,bronzilneverdie,1
superliga,bnnsnow,3
superliga,ceiferinhooo,3
superliga,brunoluizg,1
superliga,eomatheusntc,1
superliga,houksz,3
superliga,explosion74,6
superliga,beniitez,0
superliga,spolldelas,6
superliga,djuniorrj,2
superliga,lucasmucha,2
superliga,mashtak,6
superliga,luiz_zago,12
superliga,hakfoo2,10
superliga,wendysnewfries,3
superliga,duducavalo,2
superliga,shooiz,4
superliga,konalu,3
superliga,destroyer__2150,1
superliga,moobot,10
superliga,sloper1,1
superliga,spolldelas,1
superliga,andrielson22,1
superliga,polar3por10,4
superliga,dudusport,3
superliga,ravaggio,1
superliga,emersonforlife,1
superliga,hiago85,2
superliga,beniitez,1
superliga,walkerspencer,1
superliga,khafre_pyramid,1
superliga,thiagolive12,1
superliga,witalotomouban,2
superliga,robertoogordo,1
superliga,bark0v,1
superliga,loluizaintzfan,1
superliga,ceiferinhooo,6
superliga,sympathyft,9
loltyler1,dabvb,1
superliga,cameloxy,1
superliga,ola_jovirone,2
superliga,robertoogordo,1
superliga,walkerspencer,6
superliga,viniciusbrunner,12
superliga,lobolight,6
forsen,mrpatrickrice,1
superliga,beniitez,1
forsen,hillbillyherrington,5
superliga,sloper1,8
giantwaffle,ursidae,27
superliga,ceiferinhooo,7
superliga,khafre_pyramid,1
superliga,destroyer__2150,4
superliga,lauromoreira,2
superliga,banido_da_superliga,7
superliga,htgum,2
loltyler1,abelg7,5
loltyler1,jusgrey,6
superliga,thalisonsss,1
giantwaffle,clericmax,18
superliga,vanderllan,2
forsen,edmanipad,21
superliga,wessss,3
superliga,joaofcastro,11
superliga,moobot,13
superliga,gratis_furaboladecrianca,4
superliga,7vitin,11
superliga,sloper1,6
superliga,gratis_furaboladecrianca,2
superliga,sympathyft,5
superliga,ceiferinhooo,8
loltyler1,gnomio,3
superliga,frepzlol,3
superliga,ravaggio,1
superliga,barackz,4
superliga,spolldelas,1
superliga,shiroha07,1
forsen,poisonb1y,1
superliga,sloper1,1
superliga,ravaggio,1
superliga,mestre_careca,1
superliga,carlosi32,0
superliga,batotao,1
superliga,spolldelas,0
superliga,menatrash,2
superliga,extrarx,5
superliga,grosellha,2
superliga,witalotomouban,2
superliga,matheus4headkk,5
superliga,ivan_jnr,12
loltyler1,zulul_7,4
superliga,sympathyft,7
superliga,menatrash,1
superliga,carlos_b96,4
superliga,dredeo,4
superliga,hiago85,9
superliga,undeadi,12
loltyler1,trihard7_from_wakanda_,20
superliga,ravaggio,1
superliga,spolldelas,1
superliga,cameloxy,2
forsen,avitario,3
superliga,sloper1,2
superliga,ceiferinhooo,4
superliga,feliposvki,4
loltyler1,broanite,1
superliga,lordmexi,2
superliga,verdice2,5
superliga,shiroha07,5
superliga,bronze_da_soloq,9
superliga,huylquiasz,7
superliga,gabri3o,11
superliga,mestre_careca,23
superliga,ceiferinhooo,1
superliga,voutecampei,8
superliga,cameloxy,1
superliga,thalisonsss,1
superliga,walkerspencer,4
superliga,7vitin,6
superliga,paulocesar8000,1
superliga,soub,2
superliga,khafre_pyramid,6
superliga,maltado,1
superliga,huylquiasz,1
superliga,cansadoq,1
superliga,mozao0,6
superliga,walkerspencer,3
superliga,roguiexd,4
superliga,thalisonsss,2
loltyler1,whisper_me_ahri_rule_34,1
superliga,treso2,2
superliga,pedro446,1
superliga,ravaggio,3
superliga,moobot,14
superliga,traigom,10
superliga,thiagohass,1
superliga,moobot,10
superliga,banido_da_superliga,4
superliga,ztrauss,0
superliga,moobot,7
superliga,fabolvsky,2
giantwaffle,r2d2craft,11
superliga,thalisonsss,2
superliga,gratis150auuuuuuu,3
loltyler1,lacazrie,3
superliga,traigom,6
superliga,azarothy,3
superliga,huylquiasz,1
superliga,zorhakyy,7
superliga,destroyer__2150,5
superliga,pv_alupo,3
superliga,phortix1,9
superliga,itzdinamite,3
superliga,menatrash,2
superliga,soub,1
superliga,sloper1,4
superliga,77jon,1
superliga,helifoda,2
superliga,srandr3i,0
superliga,hakfoo2,5
superliga,barackz,7
superliga,luanboxvr,1
superliga,lucasony14,1
superliga,ceiferinhooo,10
superliga,ravaggio,0
superliga,wpmaclayne,5
superliga,ducpqp,1
superliga,thiagohass,1
superliga,hakfoo2,0
superliga,douglas_xesquedelancia,0
superliga,me_engravida_jukes,3
superliga,helifoda,8
superliga,77jon,1
superliga,ghostfail17,0
superliga,lil_pyke,1
superliga,lawx3,0
superliga,benqhollyz,5
superliga,ravaggio,1
superliga,thalisonsss,2
superliga,wpmaclayne,3
superliga,douglasft18,0
superliga,shiroha07,8
loltyler1,adyorick,1
superliga,bedoidox,2
superliga,frederiitch,2
loltyler1,snuva_,1
superliga,ceiferinhooo,9
loltyler1,nerpslurp,9
superliga,glebf,1
superliga,edugc99,0
superliga,barackz,15
superliga,luiz_zago,1
superliga,mestre_careca,8
superliga,verdice2,0
superliga,banido_da_superliga,1
superliga,mestre_careca,5
superliga,roguiexd,4
superliga,cameloxy,1
superliga,ellderonn,7
forsen,tele_crab,1
superliga,chahaharizard,1
superliga,1riqueee,2
superliga,hiago85,1
superliga,sloper1,1
loltyler1,icemocha13,2
superliga,roguiexd,11
superliga,ravaggio,1
superliga,ceiferinhooo,5
superliga,nukuhu,1
superliga,scottonauta,1
superliga,ibigbudi,1
superliga,robertoogordo,1
superliga,langholz,3
loltyler1,stinkywinkybtw,1
superliga,yhellcobra,3
superliga,me_engravida_jukes,1
superliga,hosped1,1
superliga,menatrash,1
superliga,renatoccunha,1
superliga,metalzinhuu,1
superliga,verdice2,5
superliga,pv_alupo,2
superliga,lsupportyyouxd,2
superliga,nacpsycho,1
superliga,destroyer__2150,3
superliga,shooiz,1
superliga,allicius,1
superliga,vicfelipe,4
superliga,paiter11,4
superliga,sloper1,9
superliga,adam_a_new_man,1
superliga,fabolvsky,2
superliga,banido_da_superliga,1
superliga,demetrioramos,0
superliga,raphaelcastanheira,2
superliga,lavithom2,6
superliga,adam_a_new_man,6
superliga,rafinha00201,7
superliga,cesarfreitasc1,8
superliga,felip1nho,5
superliga,hell1888,1
superliga,sirsolitario,1
superliga,kakinomoto,2
superliga,hell1888,1
superliga,shiroha07,4
superliga,luis_proddigy,2
superliga,ceiferinhooo,1
superliga,cesarfreitasc1,1
superliga,patricktrajano2,1
superliga,laerciosb22,5
superliga,ksambinha,2
superliga,felip1nho,2
superliga,jordan_vayne1v9,2
superliga,gusttavorosa18,1
superliga,verdice2,3
superliga,spolldelas,3
superliga,moobot,6
loltyler1,broly__32,1
forsen,raptordgz,6
superliga,ceiferinhooo,14
superliga,jooooogi,4
superliga,lrenegades,4
forsen,armored_ascension,3
loltyler1,umbertorsx,6
loltyler1,magical__apple,1
superliga,rephsinho,8
superliga,lrenegades,1
superliga,boia1,1
superliga,allen_snow,1
superliga,spolldelas,4
superliga,banido_da_superliga,1
superliga,sucodecacto,1
superliga,vitor_3pernas,3
superliga,douglasft18,1
superliga,daniel_c180,4
superliga,ratsumlol,1
superliga,rafinha00201,2
superliga,faelchave,2
superliga,spolldelas,5
superliga,shiroha07,2
superliga,hiago85,1
superliga,felip1nho,3
superliga,renatoccunha,1
superliga,bak3rdulol,2
superliga,spolldelas,0
superliga,gratis150auuuuuuu,1
superliga,menatrash,7
superliga,pinoculos,1
superliga,umramone,1
superliga,catinga_,1
superliga,raphadraft,1
superliga,arkanjosyk,1
superliga,nacpsycho,1
superliga,97gui,0
superliga,c0mequeto,1
superliga,aviniciusss,1
superliga,tulioparra1,6
superliga,cacau_,0
superliga,kafiei,1
superliga,phortix1,2
superliga,destroyer__2150,4
superliga,marlonrj012,5
superliga,kakinomoto,1
superliga,77jon,2
superliga,shooiz,3
superliga,spolldelas,1
superliga,andersongod,1
superliga,hiago85,1
superliga,gouv23,12
superliga,streets0n,2
superliga,iheatchclif,1
superliga,omafessoni,8
superliga,itzdinamite,5
superliga,lynikerget,2
superliga,vitorinolucas,5
superliga,nhaaaaaaaaaaaaaaaaaaaaa,1
superliga,hater_do_juracy,1
superliga,dolanfaku,10
superliga,nash_boy,2
superliga,destroyer__2150,8
superliga,lrenegades,1
superliga,darkgalag0uz,1
superliga,malwarexz,4
superliga,mestre_careca,11
superliga,carrodopastel,4
loltyler1,captainlevijr,6
superliga,marlonrj012,4
superliga,sloper1,3
superliga,gouv23,9
superliga,prodigyon_br,1
superliga,97gui,6
superliga,verdice2,2
superliga,witalotomouban,1
superliga,brunoluizg,1
superliga,traigom,3
superliga,fabolvsky,3
superliga,vicfelipe,2
superliga,carrodopastel,5
superliga,darkgalag0uz,2
superliga,sloper1,2
superliga,nomefiitrado,1
superliga,rafinha00201,7
superliga,bak3rdulol,2
loltyler1,tyree372,1
superliga,aaskaas,2
superliga,asukadoto,1
superliga,ceiferinhooo,4
superliga,d4bestbytest,3
superliga,hakfoo2,3
superliga,sehhloiroooo,1
superliga,frederiitch,5
superliga,97gui,3
superliga,benqhollyz,4
superliga,verdice2,2
superliga,sloper1,7
superliga,dolanfaku,12
superliga,verdice2,1
superliga,son_deuce,2
loltyler1,captain_spog,1
forsen,shiftyy24_,1
superliga,gusttavorosa18,1
superliga,magoshady09,5
superliga,verdice2,3
superliga,spolldelas,1
superliga,marcilioojrt,3
superliga,umramone,1
superliga,lrenegades,1
superliga,ghostfail17,0
superliga,igormyotis,1
superliga,reseklol,0
superliga,umlobinho,0
superliga,bronze_da_soloq,1
superliga,verdice2,3
superliga,lucasony14,1
superliga,lsupportyyouxd,1
superliga,douglasft18,0
superliga,allicius,18
superliga,d4bestbytest,3
superliga,huylquiasz,1
superliga,kakinomoto,1
superliga,lsupportyyouxd,2
superliga,traigom,6
superliga,seduzent3,1
superliga,cabomeujogocara,3
superliga,casstter,4
superliga,verdice2,8
superliga,marcilioojrt,3
superliga,leandrosqd,5
superliga,allicius,5
superliga,sehhloiroooo,2
superliga,huylquiasz,1
superliga,undeadi,1
superliga,ceiferinhooo,5
superliga,ola_jovirone,2
superliga,senhor_das_molieres,3
superliga,wgge,1
superliga,iheatchclif,1
superliga,submadste,1
superliga,onlyleecegorx,1
superliga,verdice2,1
superliga,nindoborges,3
superliga,clube_dohardware,1
loltyler1,furious__,7
superliga,francielfcl1,1
superliga,ghostfail17,1
superliga,lil_pyke,2
superliga,padirexd,2
superliga,huylquiasz,1
forsen,snusmeistre,2
superliga,churkill96,1
superliga,torvenou,3
superliga,soub,1
superliga,bedoidox,4
superliga,srcrash1,8
superliga,superbaraian,1
superliga,robinkun,2
superliga,seduzent3,1
superliga,verdice2,3
superliga,lordskanelul,1
superliga,douglasft18,1
superliga,destroyer__2150,5
superliga,spolldelas,1
superliga,benqhollyz,1
superliga,soub,1
loltyler1,aiorg,2
superliga,me_engravida_jukes,3
superliga,brown_,2
superliga,wormszin,1
superliga,lucasony14,1
superliga,tensai77,3
superliga,yurinbdll,3
superliga,leopilchard,0
superliga,tartarugalegal,1
superliga,phenixgf,1
superliga,mrsquerko,3
superliga,robertoogordo,1
superliga,jonesnegative,1
superliga,almazzorani,1
superliga,luquizeira,1
superliga,julioccollar,1
superliga,kakinomoto,1
superliga,krop1z,2
superliga,rkpsbh,5
superliga,andersongod,3
superliga,titzmanzz,5
superliga,smyllexd,5
superliga,wenzelk5,1
superliga,angelitoso,5
superliga,viniciusbrunner,2
superliga,shallzsx2,6
superliga,onlyleecegorx,1
superliga,verdice2,5
superliga,ghilliardy,6
superliga,teambreeazy,3
superliga,grosellha,3
superliga,shiroha07,1
superliga,rickin0105,11
superliga,verdice2,1
superliga,viniciusbrunner,12
superliga,fishtuba,5
superliga,umramone,8
superliga,alangabriel68,4
superliga,destroyer__2150,7
superliga,allicius,1
superliga,robinkun,2
superliga,gusta_gol,1
superliga,donzz1nho,11
superliga,verdice2,2
superliga,batotao,1
superliga,nhaaaaaaaaaaaaaaaaaaaaa,2
superliga,traigom,2
superliga,5c4rz,1
superliga,verdice2,2
superliga,jhonatanm019,3
superliga,fresh_prince182,1
superliga,eturil,0
superliga,gofax,1
superliga,aviniciusss,2
superliga,ivan_jnr,1
superliga,allicius,1
superliga,lusquehs,5
superliga,rephsinho,10
superliga,gutinhotrl,3
superliga,olufs_,2
superliga,sloper1,5
superliga,kimmffight,2
superliga,gofax,4
superliga,donzz1nho,8
superliga,ventesy,1
superliga,ibigbudi,5
superliga,verdice2,2
superliga,shooiz,1
superliga,destroyer__2150,13
superliga,5c4rz,1
superliga,douglasft18,0
superliga,thiagohass,1
superliga,ceiferinhooo,8
superliga,luigoooo,2
loltyler1,quinn0920,1
superliga,verdice2,1
superliga,gutinhotrl,4
loltyler1,jamal_sd,1
loltyler1,taku_my_name_isnt_pleata,1
superliga,douglasft18,1
superliga,gmartinho,1
superliga,felip1nho,3
superliga,hiago85,2
superliga,thedarkyodasl,0
superliga,blommaert,1
superliga,nastrits,1
superliga,kaepy_1,10
superliga,nomefiitrado,1
superliga,blommaert,1
superliga,elnosf,2
superliga,catinga_,2
forsen,rosethemagician,12
superliga,aviniciusss,4
loltyler1,letimtimmy,1
loltyler1,tywrel,1
superliga,pv_alupo,4
loltyler1,jebajim,2
superliga,airkiller,3
superliga,me_engravida_jukes,1
superliga,raltsz0,0
superliga,spolldelas,1
superliga,gelobel,8
superliga,euzebino,1
superliga,5c4rz,0
superliga,nhaaaaaaaaaaaaaaaaaaaaa,1
superliga,sraharkusz,1
superliga,matheusfqp,3
superliga,shallzsx2,0
superliga,ibigbudi,1
superliga,eomatheusntc,1
superliga,77jon,1
superliga,vitorkrohne,2
superliga,forgerini,1
superliga,hell1888,5
superliga,gott_schutze_den_kaiser,6
superliga,desavisado,2
superliga,spolldelas,1
superliga,aalagoano,1
superliga,shallzsx2,4
superliga,5c4rz,0
loltyler1,chocolatepiefart,1
superliga,sloper1,4
superliga,nastrits,3
superliga,tartarugalegal,1
superliga,godsplann7,2
superliga,verdice2,8
superliga,c4u4n,1
superliga,moobot,6
superliga,douglasft18,1
superliga,vict0rsn,1
superliga,lrenegades,3
superliga,ghostfail17,1
superliga,moobot,10
superliga,c4u4n,1
superliga,dolanfaku,5
superliga,felip1nho,3
superliga,5c4rz,3
superliga,ghostfail17,1
superliga,suzukera98,1
superliga,edinho49ers,1
superliga,felip1nho,2
superliga,fornaus,6
superliga,moobot,10
superliga,matheusfqp,1
superliga,ifoxmial,10
superliga,raphadraft,19
superliga,museofstrings,3
superliga,destroyer__2150,10
superliga,hdm0404,5
superliga,raltsz0,6
loltyler1,jshin1,1
loltyler1,gaben_invoker,1
superliga,ceiferinhooo,3
superliga,fabolvsky,11
superliga,vitorinolucas,9
superliga,nomefiitrado,1
superliga,confusopanic,7
superliga,bexxey,4
superliga,brunoluizg,1
superliga,spolldelas,2
superliga,donzz1nho,1
superliga,5c4rz,5
superliga,hell1888,4
superliga,nastrits,5
superliga,saoj29,2
superliga,blommaert,4
superliga,airkiller,11
superliga,leoohlinkop,22
superliga,imph11,3
loltyler1,oepie_,2
superliga,lunadaidouji,7
superliga,narakyn,11
superliga,fabolvsky,6
loltyler1,bicept,1
loltyler1,wefeelnoshame,1
loltyler1,adikate,0
superliga,vitorinolucas,4
loltyler1,xefillion,1
loltyler1,weirdfeelsman,2
superliga,lamarck9,2
loltyler1,akronus5702,1
superliga,destroyer__2150,6
superliga,rodgrazia,2
superliga,verdice2,4
superliga,ceiferinhooo,16
loltyler1,snon200,1
superliga,gouv23,1
superliga,jhonatanm019,1
superliga,zorhakyy,2
superliga,sehhloiroooo,2
superliga,cientista_maluco,1
superliga,nomefiitrado,1
superliga,lunadaidouji,1
superliga,mauriciofrb,3
loltyler1,rackneow,1
superliga,zash_92,3
superliga,sylvenboys,4
superliga,catinga_,0
superliga,moobot,10
superliga,destroyer__2150,10
superliga,catinga_,3
superliga,frederiitch,16
superliga,raltsz0,1
superliga,cabomeujogocara,1
superliga,hater_de_kpoppy,8
superliga,douglasft18,2
superliga,donzz1nho,3
superliga,leozinhows2,1
superliga,antiqueraxd,0
superliga,arkadiano_fera,1
superliga,brunoluizg,1
superliga,sylvenboys,1
superliga,orphenzin,3
superliga,khafre_pyramid,2
superliga,spolldelas,1
superliga,namisubestimee,2
superliga,jhoonatanx,1
superliga,verdice2,3
superliga,kimzerah,4
superliga,raphaelthor,1
loltyler1,couz12,1
superliga,gouv23,7
superliga,bedoidox,1
loltyler1,thecutetrap,1
superliga,sloper1,7
superliga,zorhakyy,2
superliga,sirfabioooo,1
superliga,me_engravida_jukes,1
superliga,cursinorock,2
superliga,desavisado,11
superliga,gouv23,17
superliga,sloper1,2
loltyler1,justsaiyan__,1
superliga,felipesl_1,0
superliga,gouv23,15
loltyler1,waiteasa,0
superliga,kimzerah,3
loltyler1,editboi,1
superliga,fabolvsky,4
superliga,sloper1,5
loltyler1,double_u,3
loltyler1,organicstuff,1
loltyler1,petibonum,1
giantwaffle,fourfates,1
loltyler1,mrmid,1
loltyler1,kimodiq,4
loltyler1,coolylame,4
loltyler1,zeroday777,2
loltyler1,crumboons,1
giantwaffle,sinkfoot,5
loltyler1,migasmb,1
loltyler1,drahirt7,6
loltyler1,jamal_sd,1
giantwaffle,kortiah,2
loltyler1,part2,1
forsen,wonderbrad,2
loltyler1,sunnywastaken,1
loltyler1,mudkipkillr,1
forsen,acrobaticpineapple,1
loltyler1,speficicity,1
giantwaffle,mstones,4
loltyler1,phantomward,1
giantwaffle,cnomesta,1
loltyler1,charvos1,1
loltyler1,shalchipapas,1
loltyler1,rehan14shaik,3
loltyler1,strayawayy,3
loltyler1,ttreywey,1
loltyler1,robinhannalmao,16
loltyler1,squinches,0
loltyler1,dark3010,1
loltyler1,winter_mudkip,1
loltyler1,xgioggik,1
loltyler1,silenceofapotato,1
loltyler1,fartooshort,1
loltyler1,plane_from_greece,2
loltyler1,nrfz,2
loltyler1,tunir007,2
loltyler1,shabalakurky,1
loltyler1,megathegiova,3
xqcow,pepperkaker_,0
loltyler1,kountash,2
loltyler1,diveburien_,2
loltyler1,alrox_,1
loltyler1,trihard_from_pieskipatiro,1
loltyler1,thotsbethirsty,3
loltyler1,cheekymid,1
loltyler1,xfuski,1
xqcow,thiuanxhqq,1
loltyler1,themightybowl,4
loltyler1,itsrainingbronzeman,5
loltyler1,eternalexalted,2
loltyler1,phyrhical,2
loltyler1,nightbot,11
loltyler1,elix_r,1
loltyler1,feromortum,6
loltyler1,envyto,3
loltyler1,ghost_snare,3
loltyler1,nippleseveryday,2
loltyler1,theonlybarry,1
loltyler1,moerko,4
loltyler1,soapapra,1
forsen,snidespace437,1
loltyler1,schabernak,0
loltyler1,bobonono00,2
loltyler1,the_red_emperor,4
forsen,lilliiiiililillliliiiiili,11
xqcow,stupid_man___costume,1
loltyler1,snekir,1
loltyler1,deltapt_,1
loltyler1,therunningdead,2
loltyler1,xwarriorxpt,2
loltyler1,midy_99,4
forsen,meegash_,10
forsen,dasrit3,8
loltyler1,wietzxd,2
loltyler1,sobored12345,1
loltyler1,lilj11,1
loltyler1,floppyflat,1
forsen,siivagunnerfan69,2
loltyler1,ranulp,2
loltyler1,electro_9,1
loltyler1,yuno515,4
forsen,zflare3,2
loltyler1,earlofpetra,1
loltyler1,falcorn512,1
loltyler1,thatsillyaetal,1
forsen,4headloool,4
loltyler1,hehexdo,1
loltyler1,powervital,1
loltyler1,mrfloooo,1
forsen,finskapojken,3
loltyler1,quote_if_t1_lost_to_girl,1
loltyler1,mrpotato5645,14
xqcow,selll,1
xqcow,loksins,1
loltyler1,thatsnice434,1
loltyler1,grayapples,1
forsen,roastedb,1
loltyler1,cr4zy21,1
loltyler1,coachanalystandpro,1
forsen,flox_,1
forsen,kontrpiye,1
loltyler1,shoaalul,3
loltyler1,icy_wyvern,8
forsen,flox_,4
loltyler1,spookyduky,2
forsen,the_hunk,1
forsen,flox_,1
loltyler1,genovan,2
loltyler1,rampagingcuck,1
loltyler1,darketherial,1
forsen,megurumegu,1
loltyler1,harlequinesis,1
loltyler1,willijs,1
loltyler1,mrpat_,1
loltyler1,akamis,1
loltyler1,hehexdo,1
forsen,ezmodo1337,3
loltyler1,tylermutt2,1
xqcow,hood19,2
loltyler1,donumami,1
forsen,xxx__jvl__xxx,1
loltyler1,cleanfire,2
xqcow,2letteredman,2
loltyler1,bojangles1333,4
loltyler1,tsm_wukong,1
forsen,huni4president,8
forsen,tudududapoopoo,1
loltyler1,splinterslol,1
forsen,trihard_from_afreeca52,1
loltyler1,pjs52x,5
forsen,cageyflounder46,11
loltyler1,eyesofthefox,5
xqcow,krtex,8
forsen,serolinosanos,6
loltyler1,dgsbtas12,7
xqcow,arkloons,3
forsen,zflare3,11
loltyler1,quote_if_ig_three_one_fnc,3
xqcow,heliumsodium,8
forsen,xerafimy,6
loltyler1,tehclownz,2
loltyler1,emulatormk,1
loltyler1,kakashi5858,1
xqcow,xaladins,18
loltyler1,akamis,4
xqcow,stakxyn,1
loltyler1,pupusyaviy,1
loltyler1,coachanalystandpro,1
xqcow,kyventv,1
loltyler1,razzledazzleqt,0
loltyler1,chrisxx10,2
loltyler1,gotmarked,1
loltyler1,somberhope,1
loltyler1,jobbiex,1
loltyler1,beekaa97,1
loltyler1,owasisaqua,1
loltyler1,sv0mp,1
loltyler1,souless_minotaur,1
loltyler1,conurb3,1
xqcow,mezelyus,1
loltyler1,superloxx,2
loltyler1,docmod39,1
xqcow,luca1888,18
xqcow,gankswitch,3
loltyler1,m4cknet,9
loltyler1,yeetusfetusdeleetus,1
xqcow,kappal321,1
xqcow,ardent_ow,24
xqcow,starbed,1
xqcow,been4932,10
loltyler1,imafirinmalazar,1
loltyler1,undyingghost,1
loltyler1,warnerd_lol,6
loltyler1,lordaudun,5
loltyler1,thecxnetwork,2
loltyler1,ethan_thibodeaux,1
loltyler1,olaf_only,1
loltyler1,taxedqq,1
xqcow,timelorddelta,1
loltyler1,tucker8991,1
forsen,ezmodo1337,1
xqcow,koza01,1
loltyler1,yazekrit,2
loltyler1,svn19,1
loltyler1,cecilsky,1
loltyler1,etyio,1
loltyler1,sgtpeppers3,1
loltyler1,skefz,1
loltyler1,kopro11tv,3
xqcow,stupid_man___costume,1
forsen,zflare3,3
xqcow,handicappedrandom,1
forsen,ezmodo1337,3
xqcow,ajk177,15
loltyler1,raldon00,1
xqcow,zacchaeus_ex,1
loltyler1,letimtimmy,3
xqcow,12btw_exe,1
loltyler1,chewij,3
xqcow,haamden,6
loltyler1,winter_mudkip,1
loltyler1,stvalvatorez,18
loltyler1,arglant,1
loltyler1,pekyk,1
xqcow,jepperito,1
loltyler1,l_uca_s,6
forsen,cyterzzhd,2
loltyler1,techtoxs,1
loltyler1,chechit01,1
loltyler1,sneakysherpa,3
loltyler1,snogost,1
loltyler1,gucio_ty_kurwo,1
loltyler1,seraphimthed,2
forsen,flox_,2
forsen,the_hunk,2
xqcow,therealmclovin22,1
loltyler1,pawwecan,2
loltyler1,pjoner,2
loltyler1,zeta2k,1
loltyler1,lilelf29,1
xqcow,ezpepe,1
xqcow,thiuanxhqq,0
loltyler1,halcyonduo,3
loltyler1,staaar92,10
forsen,birdyshirty,2
loltyler1,cptjohnmactavish,1
loltyler1,alosja1,3
loltyler1,peytonsch18,6
loltyler1,anele_pleb_,1
loltyler1,thatrussnguy,2
superliga,phobusx96,4
xqcow,stupid_man___costume,1
superliga,raphaelcastanheira,7
loltyler1,callmebrad12,1
superliga,motaamarmota,9
superliga,leoceifa,1
loltyler1,sobored12345,1
loltyler1,toponetricker,0
forsen,fahad_789,2
loltyler1,arcoasis,1
loltyler1,zyglrox1,1
xqcow,barcon92,1
loltyler1,rastalulz,1
xqcow,aki_boi,1
xqcow,droidi_,1
loltyler1,mrfreshdos,1
loltyler1,anaklusmos_kappa,1
xqcow,kahunahd,4
loltyler1,kulpability,2
loltyler1,dankke,4
loltyler1,8_2much,1
loltyler1,mcbutternurbs,8
forsen,oskuro,1
loltyler1,goldengunapb,1
loltyler1,ggx_gang_gang__,3
forsen,jz5u,22
forsen,flox_,22
loltyler1,calinavy,12
loltyler1,speirslol,3
loltyler1,fishtoad,2
loltyler1,jaek1ng,1
loltyler1,mytheon225,2
loltyler1,bjornbroo_,1
forsen,fahad_789,4
loltyler1,brycart97,1
loltyler1,lulgod69,1
forsen,jz5u,5
loltyler1,iamli0n,1
xqcow,feelsgood7,32
loltyler1,gott_schutze_den_kaiser,2
loltyler1,jaggedlightning722,3
loltyler1,reee_twad,5
loltyler1,nightbots_jr,2
loltyler1,chokawndiesnutz,6
loltyler1,asmallboi,5
forsen,fahad_789,2
xqcow,2heavy4you,44
xqcow,kaffelon,3
loltyler1,koearnahri,9
loltyler1,merthins,3
loltyler1,megammt,3
xqcow,gglife,1
xqcow,h3rrro,1
loltyler1,optimusn9ne,8
loltyler1,learning2read,3
loltyler1,domoarigato,1
loltyler1,young_man_fu,4
xqcow,latiac,1
loltyler1,infernousk,1
loltyler1,ruhteeb,1
loltyler1,xdarthblade,2
loltyler1,zain37,1
loltyler1,10buckrat,2
loltyler1,young_man_fu,1
loltyler1,spearstrikes,1
loltyler1,undyingrage69,3
loltyler1,rparagon,1
loltyler1,lbflockaj,1
forsen,some_kind_of_fog_of_war,4
xqcow,russogr7,3
xqcow,robowolf317,3
forsen,texasmed_,1
forsen,cyterzzhd,2
xqcow,kyani,1
loltyler1,daisypusher_,2
forsen,helltribute,4
xqcow,crow_07,2
forsen,meliaslol,10
loltyler1,zoodoo,2
xqcow,randomizedsoup,1
loltyler1,katoninator,1
loltyler1,fuccsekkmann,1
loltyler1,jynxboi,2
