sender,messages,mean_words,pos_rate,neg_rate,question_pct,shouting_pct,nongame_pct,channels
ccckomunistzccc,15,2.53,0.0,0.0,0.0,86.7,100.0,1
karambit54,6,4,0.0,0.0,0.0,66.7,100.0,2
gaplan,9,3.11,0.0,0.0,0.0,66.7,100.0,1
ishadow_tv,12,3.75,0.0,0.0,0.0,66.7,0.0,1
1niebian,7,0,0.0,0.0,0.0,0.0,0.0,1
nightbot,1773,13.62,3.93,3.48,8.4,6.1,27.2,92
hebicr,8,0,0.0,0.0,0.0,12.5,0.0,1
executionerexecutedddv5,21,3.19,0.0,14.93,0.0,28.6,100.0,1
salee113,8,0,0.0,0.0,0.0,0.0,0.0,1
maskar_tv,59,2.64,0.0,0.0,0.0,6.8,100.0,1
mia5555,6,0,0.0,0.0,66.7,0.0,0.0,1
klodianbici,27,3.48,0.0,0.0,0.0,48.1,0.0,1
thulcnn,7,2.14,0.0,0.0,0.0,57.1,100.0,1
hacoooo,9,0,0.0,0.0,11.1,0.0,100.0,1
7thmbektes68,27,2.93,0.0,0.0,3.7,22.2,100.0,1
gto511,6,0,0.0,0.0,0.0,0.0,100.0,1
philli5151,71,0.03,0.0,0.0,2.8,0.0,100.0,1
kazim0760,19,4.63,0.0,0.0,0.0,15.8,100.0,1
vshakaux,5,0,0.0,0.0,40.0,0.0,0.0,1
dofu95,10,0,0.0,0.0,50.0,0.0,0.0,1
test_0012,14,0,0.0,0.0,14.3,0.0,100.0,1
tpl_zdani,7,1.14,0.0,0.0,14.3,71.4,100.0,1
cideliemre37,16,2.31,0.0,0.0,0.0,0.0,100.0,1
fab3r00,11,8.82,0.0,0.0,0.0,63.6,0.0,1
serkancodar,6,8.33,0.0,0.0,0.0,66.7,100.0,1
jojon11,5,0,0.0,0.0,80.0,0.0,0.0,1
iltommy3495,13,11.08,0.0,0.0,0.0,46.2,0.0,1
yeongeo,22,0.18,0.0,0.0,4.5,0.0,100.0,1
wiader5,8,0,0.0,0.0,0.0,0.0,0.0,1
s9hh6s,6,0,0.0,0.0,50.0,0.0,100.0,1
dilavers,7,2.57,0.0,0.0,0.0,0.0,100.0,1
xsimic,22,19.18,0.0,0.0,0.0,31.8,0.0,1
vonghorst,5,6.2,32.26,32.26,0.0,0.0,0.0,1
gnobot,6,3.83,0.0,0.0,16.7,16.7,100.0,1
gooodlevel,5,3.2,0.0,0.0,20.0,40.0,100.0,1
stebonf,5,11.6,0.0,0.0,0.0,40.0,0.0,1
tobze,8,0,0.0,0.0,0.0,0.0,0.0,1
whgns7,5,0,0.0,0.0,0.0,0.0,100.0,1
brutus__,5,7.8,0.0,0.0,20.0,0.0,100.0,1
blackdani,11,15.27,0.0,0.0,0.0,18.2,0.0,1
devonshire98,7,0,0.0,0.0,14.3,14.3,0.0,1
chungja1,10,0,0.0,0.0,0.0,0.0,100.0,1
kimkim1017,31,0,0.0,0.0,9.7,0.0,100.0,1
kaansyrc,12,5.58,0.0,0.0,0.0,91.7,100.0,2
andrew12619,16,10.62,0.0,5.88,12.5,6.2,100.0,1
yjj5153,38,0.03,0.0,0.0,13.2,0.0,100.0,1
fullpuceauparchoix,9,2,0.0,0.0,11.1,88.9,100.0,1
henryjackjohn,15,0,0.0,0.0,40.0,0.0,100.0,1
perim,17,7.65,7.69,15.38,11.8,5.9,0.0,1
fitzer___,19,2.47,0.0,0.0,0.0,15.8,100.0,1
edea4252,5,2,0.0,0.0,0.0,0.0,100.0,1
streamelements,1141,13.21,9.02,0.6,14.4,3.8,59.4,42
marc1xxx,12,4.5,37.04,0.0,8.3,8.3,100.0,5
kenshaay,10,5.7,0.0,0.0,10.0,30.0,100.0,1
wriestheart,8,6,0.0,0.0,25.0,12.5,0.0,1
smao_,14,1.43,0.0,0.0,0.0,71.4,100.0,1
drakthedrake,14,10.5,54.42,6.8,7.1,0.0,0.0,1
zeusidiouss,7,4.71,0.0,0.0,28.6,0.0,100.0,2
okhaam,6,2.67,62.5,0.0,0.0,66.7,100.0,1
fourb0,6,3.5,0.0,0.0,0.0,16.7,100.0,1
adigebey,14,2.86,0.0,0.0,0.0,0.0,100.0,1
clownishknuckle,12,0,0.0,0.0,0.0,0.0,100.0,1
millionishere,26,4.5,0.0,0.0,3.8,3.8,96.2,4
feyyazemirreaven727,8,1.38,0.0,0.0,0.0,12.5,100.0,1
turistjavit,6,2.33,0.0,0.0,0.0,83.3,100.0,1
vlayy,27,2.48,0.0,0.0,0.0,11.1,100.0,1
sssmango,7,0.43,0.0,0.0,0.0,0.0,100.0,1
ksh1130,19,0,0.0,0.0,0.0,0.0,100.0,1
fireofdestiny777,6,0,0.0,0.0,0.0,0.0,100.0,1
childjjun,24,0.12,0.0,0.0,12.5,4.2,100.0,1
zzznm2151,6,0,0.0,0.0,0.0,0.0,100.0,1
simobomber11,5,6.8,0.0,0.0,20.0,0.0,0.0,1
punisher_th,48,1.5,0.0,0.0,0.0,14.6,0.0,1
xeokym68,21,5.57,17.09,8.55,14.3,0.0,0.0,1
gmnring,11,1.64,0.0,0.0,0.0,0.0,100.0,1
v32vv1c24c,20,3.75,0.0,13.33,10.0,80.0,85.0,5
rayanethuglife,6,5.5,0.0,0.0,0.0,33.3,100.0,1
second_gltv,5,0,0.0,0.0,60.0,0.0,0.0,1
comptejustepourlezvent,9,2.33,0.0,0.0,0.0,55.6,100.0,1
cypobbin_student,7,0,0.0,0.0,0.0,0.0,0.0,1
foscan,5,1.8,111.11,0.0,20.0,60.0,100.0,1
beklavafistik,10,2.8,0.0,0.0,0.0,30.0,100.0,1
mne_bcegda_19,7,0,0.0,0.0,0.0,0.0,0.0,1
rant4r,12,7.42,0.0,0.0,8.3,33.3,100.0,1
kendinenes,15,6.53,0.0,0.0,6.7,40.0,100.0,1
ayunaelnene,8,0,0.0,0.0,75.0,0.0,0.0,1
toosuchingu,6,0.33,0.0,0.0,0.0,0.0,100.0,1
recknis,10,0,0.0,0.0,100.0,0.0,0.0,1
nyaax_26,28,1.86,0.0,0.0,0.0,28.6,100.0,1
alextempest90,5,0,0.0,0.0,0.0,0.0,0.0,1
oswtlrd,14,0.86,0.0,0.0,0.0,0.0,100.0,1
im_spart,6,6,0.0,0.0,0.0,0.0,0.0,1
trulix,8,0,0.0,0.0,12.5,0.0,0.0,1
themafioso,6,1.83,0.0,0.0,16.7,66.7,100.0,1
shantajul,8,3.88,0.0,0.0,0.0,75.0,100.0,1
zorindvoid,9,0,0.0,0.0,33.3,0.0,0.0,1
knut_busta_knut,5,8,0.0,0.0,0.0,100.0,100.0,3
nicofalco,6,2,0.0,0.0,0.0,50.0,100.0,1
flotish,5,3.6,0.0,0.0,0.0,20.0,100.0,1
maskkim,25,0,0.0,0.0,8.0,0.0,100.0,1
falcarix,12,9.42,0.0,0.0,8.3,0.0,100.0,1
ajaaj7,8,11.38,0.0,0.0,25.0,0.0,100.0,2
jonitoto,6,10.83,0.0,0.0,16.7,0.0,100.0,1
zp_gio_v3,6,4,0.0,0.0,0.0,50.0,100.0,1
bahmo,14,8.86,8.06,0.0,35.7,0.0,0.0,1
kendinemuzisyen,8,8.88,0.0,0.0,87.5,0.0,100.0,1
copperkan,9,0.11,0.0,0.0,0.0,0.0,100.0,1
flash1212121,27,0.07,0.0,0.0,11.1,3.7,100.0,1
dadudad123,5,0,0.0,0.0,40.0,0.0,0.0,1
zenlaeth,9,2,0.0,0.0,0.0,66.7,100.0,1
dons_war,8,4.88,0.0,0.0,12.5,0.0,100.0,1
zayvox,11,3.18,28.57,0.0,0.0,36.4,100.0,1
droppingbottle,5,0,0.0,0.0,0.0,0.0,0.0,1
poseidonas,10,0.9,0.0,0.0,0.0,70.0,100.0,1
ciuvas,7,0,0.0,0.0,0.0,0.0,0.0,1
velocidrome,6,2,0.0,0.0,0.0,0.0,0.0,2
stankbo0t,12,3.08,0.0,0.0,8.3,8.3,0.0,1
isideru1201,16,0,0.0,0.0,0.0,0.0,100.0,1
hettor16,8,0.25,0.0,0.0,87.5,37.5,0.0,1
chicospetees,5,5.2,0.0,0.0,0.0,40.0,100.0,1
j47h,6,0,0.0,0.0,0.0,0.0,0.0,1
dishonoored,23,3.39,25.64,0.0,4.3,52.2,100.0,1
alkaran_,5,3.4,0.0,0.0,0.0,100.0,100.0,1
panikoc,6,0,0.0,0.0,0.0,0.0,0.0,1
digitalmuffinrs,6,0.67,0.0,0.0,66.7,0.0,0.0,1
kenjik,12,8.92,0.0,0.0,8.3,0.0,100.0,1
thebootiebandit,6,0.17,0.0,0.0,0.0,0.0,0.0,1
k0ulzc,10,4.3,23.26,162.79,0.0,10.0,0.0,1
artisticsass,7,3.71,0.0,76.92,0.0,14.3,0.0,2
mistrzjonasz,8,0,0.0,0.0,0.0,0.0,0.0,1
impure_iv,14,1.64,43.48,0.0,7.1,71.4,0.0,1
masterkeyblade,15,2.4,0.0,27.78,0.0,46.7,0.0,1
lalalaopera,16,0.12,0.0,0.0,31.2,6.2,100.0,1
animeking194,13,7.62,0.0,0.0,15.4,7.7,0.0,1
anwarben651,52,2.56,22.56,0.0,3.8,0.0,0.0,1
maolumineux,18,2.5,44.44,22.22,16.7,11.1,0.0,1
moobot,391,13.51,4.73,2.08,3.3,0.0,42.5,34
alennah,10,5.5,0.0,0.0,30.0,30.0,0.0,1
aurakou,13,4.69,0.0,32.79,0.0,38.5,0.0,1
bullyhunter,19,3.21,0.0,0.0,0.0,42.1,100.0,4
dorwinks,10,5.5,0.0,18.18,0.0,20.0,0.0,1
oneimm,10,7.4,0.0,0.0,0.0,0.0,0.0,1
rhoast,8,5.88,0.0,0.0,12.5,37.5,0.0,1
baabouchee_,6,1.83,0.0,0.0,0.0,50.0,100.0,1
pengu56,8,0,0.0,0.0,0.0,62.5,0.0,1
niizuka,37,3.62,0.0,7.46,5.4,29.7,0.0,1
moonwaalk2,5,4.8,0.0,41.67,20.0,40.0,0.0,1
sandersson98,6,0,0.0,0.0,0.0,0.0,0.0,1
azer_reza,5,2.8,0.0,0.0,20.0,0.0,100.0,1
spawnick,8,0,0.0,0.0,0.0,0.0,0.0,1
cypherhr,10,5.4,0.0,0.0,0.0,50.0,100.0,1
kodaaa_,6,3.33,0.0,0.0,16.7,50.0,100.0,1
master_moss,6,3.67,0.0,0.0,0.0,0.0,100.0,1
dela3asensei,12,2.33,0.0,0.0,16.7,50.0,0.0,2
emirpasa5445,16,5.19,0.0,0.0,0.0,18.8,100.0,1
brandonbouchard,7,0,0.0,0.0,71.4,0.0,0.0,1
bywai45,24,2.08,20.0,0.0,0.0,16.7,0.0,1
kaishi_fullbuster,9,5.22,0.0,0.0,33.3,33.3,0.0,1
siraesma,7,0,0.0,0.0,42.9,0.0,0.0,1
velocirapchatte,9,8.67,0.0,12.82,33.3,11.1,0.0,1
nozos_1,7,0,0.0,0.0,57.1,57.1,0.0,1
teskidanslesport,9,3.44,0.0,0.0,0.0,11.1,0.0,1
yzzomrots,5,0,0.0,0.0,100.0,0.0,0.0,1
feyech02,12,3.67,0.0,113.64,0.0,8.3,0.0,1
fak3rxx,16,3.31,37.74,0.0,0.0,25.0,0.0,1
ohrlacl,6,0.17,0.0,0.0,0.0,0.0,16.7,2
sheronntv,21,3.57,0.0,26.67,4.8,19.0,0.0,1
vaderamos,9,4.78,0.0,0.0,0.0,11.1,100.0,2
typhlosu,7,2,0.0,0.0,0.0,100.0,0.0,1
carvelli0n,7,5.57,0.0,0.0,0.0,0.0,100.0,1
doridorizamzam,21,0.48,0.0,0.0,4.8,0.0,100.0,1
martincabj18,6,7.67,0.0,0.0,16.7,50.0,100.0,1
serbz__,7,2,0.0,71.43,0.0,57.1,100.0,4
agrayel,5,0,0.0,0.0,0.0,0.0,0.0,1
alphacentauriguy,14,5,14.29,14.29,7.1,0.0,0.0,1
chillinoz,15,8.47,0.0,0.0,6.7,26.7,100.0,4
bostonpolarbear,6,3.17,0.0,0.0,16.7,33.3,0.0,1
pixiekins1,6,0,0.0,0.0,100.0,0.0,0.0,1
1lvane,7,1.86,0.0,0.0,0.0,14.3,100.0,1
sollowolo,18,24.83,26.85,0.0,5.6,33.3,100.0,3
hyuyumer,7,0,0.0,0.0,0.0,0.0,0.0,1
darha_karma,6,2,0.0,0.0,0.0,33.3,0.0,1
glamdringos,14,2.71,0.0,0.0,0.0,35.7,21.4,2
nimpex,10,2.9,0.0,0.0,0.0,60.0,100.0,1
kubix_spook,5,0,0.0,0.0,0.0,0.0,0.0,1
nosiall,5,7.6,0.0,0.0,0.0,0.0,0.0,1
scyerr,5,0,0.0,0.0,80.0,0.0,0.0,1
erickhun964,9,0,0.0,0.0,0.0,0.0,100.0,1
meedwouin,6,4.83,0.0,0.0,16.7,83.3,0.0,1
shinyzzzz,5,2.6,0.0,0.0,20.0,40.0,100.0,1
letchourmo,7,6.43,0.0,0.0,14.3,0.0,0.0,1
danielmc1905,6,0,0.0,0.0,0.0,0.0,0.0,1
pepitoo972,8,5.62,0.0,22.22,0.0,25.0,0.0,1
yoichitr,6,0.67,0.0,0.0,0.0,0.0,0.0,1
shyriuku,7,1.86,0.0,0.0,0.0,14.3,100.0,1
chiimchiim,5,3.8,0.0,0.0,40.0,60.0,100.0,1
thecaptainioche,5,2.8,0.0,0.0,0.0,60.0,0.0,1
michoui,5,5.4,37.04,37.04,40.0,0.0,0.0,1
yoyotaa,9,2.33,0.0,95.24,0.0,88.9,0.0,1
namiione,11,1.82,50.0,0.0,0.0,36.4,100.0,1
spidiy,5,4.2,0.0,0.0,0.0,40.0,100.0,1
imaadiis,5,2.4,0.0,166.67,20.0,40.0,0.0,1
onetrickponeyriven,9,2.56,0.0,0.0,0.0,44.4,0.0,1
lame1337,5,0,0.0,0.0,20.0,0.0,100.0,1
kadrek123,8,0,0.0,0.0,0.0,0.0,0.0,1
chillez69,20,5.15,9.71,0.0,0.0,0.0,100.0,1
downuts1,15,4.8,13.89,0.0,0.0,33.3,0.0,1
harri2478,8,0,0.0,0.0,0.0,0.0,0.0,1
kardesjl,5,6.4,0.0,0.0,0.0,0.0,100.0,1
darkeclipse66,15,2.47,0.0,0.0,6.7,20.0,13.3,6
camilote12355,8,2.5,0.0,0.0,0.0,62.5,100.0,1
lilvash0,15,3.33,0.0,0.0,0.0,13.3,100.0,1
inferno_wizardz,10,1.9,0.0,0.0,0.0,50.0,100.0,3
ginsett,6,0.17,0.0,0.0,0.0,0.0,0.0,1
yumiyum0,8,3.25,0.0,0.0,25.0,25.0,100.0,1
mocnikja,5,0.8,0.0,0.0,0.0,20.0,0.0,1
almasirius2311,8,0,0.0,0.0,25.0,0.0,0.0,1
stuff3dpanda,9,0,0.0,0.0,0.0,55.6,0.0,1
ssakdook,5,0,0.0,0.0,0.0,0.0,60.0,2
fakersnow,5,0,0.0,0.0,20.0,80.0,0.0,1
giftand,5,0,0.0,0.0,60.0,0.0,0.0,1
blackredevil,6,4.33,0.0,0.0,0.0,16.7,0.0,1
kiitsu7,10,3.1,0.0,0.0,0.0,60.0,0.0,1
alopexsc,6,0.67,0.0,0.0,0.0,0.0,0.0,1
aguerross,5,3.4,0.0,0.0,0.0,40.0,100.0,1
wonderneko,6,1.83,0.0,0.0,0.0,83.3,0.0,1
arma_narga,11,2.55,0.0,35.71,0.0,54.5,0.0,1
threshprinceofbelairr,5,0,0.0,0.0,20.0,0.0,0.0,1
lachips002,8,4.5,0.0,0.0,50.0,0.0,0.0,1
dill_pickle2,9,0,0.0,0.0,0.0,0.0,0.0,1
moggz,13,3.46,0.0,0.0,0.0,0.0,100.0,1
g0ldenix,6,1.17,0.0,0.0,0.0,50.0,100.0,1
nvrswift,5,2.4,0.0,0.0,0.0,20.0,100.0,1
wolfrag,6,2.33,0.0,0.0,16.7,33.3,100.0,1
izack95,6,3.5,0.0,0.0,0.0,50.0,100.0,1
swordesx,16,3.06,0.0,0.0,6.2,75.0,100.0,1
darksax1,5,0,0.0,0.0,0.0,0.0,0.0,1
bullehiver,6,3.5,0.0,0.0,0.0,0.0,100.0,1
karesz696969,5,0,0.0,0.0,60.0,60.0,0.0,1
gotucix4,5,0.8,1000.0,0.0,20.0,80.0,0.0,1
tekzap,10,2.5,0.0,0.0,10.0,70.0,100.0,1
garoshikhs,6,0,0.0,0.0,0.0,0.0,0.0,1
iotek12,5,2,0.0,0.0,0.0,60.0,100.0,1
bolio4,7,0,0.0,0.0,0.0,0.0,0.0,1
mailcreeper,31,4.81,13.42,6.71,0.0,48.4,0.0,1
rasit112,5,3.4,0.0,0.0,0.0,0.0,100.0,1
vodkananas1,8,0,0.0,0.0,0.0,0.0,0.0,1
dypajieu,6,0,0.0,0.0,66.7,0.0,0.0,1
mck1970,8,5.5,22.73,22.73,25.0,0.0,0.0,1
audelisabeth,5,4.4,0.0,0.0,0.0,0.0,100.0,1
sundarutv,8,4.5,0.0,0.0,0.0,62.5,100.0,1
ephatty,6,3.17,0.0,0.0,0.0,0.0,100.0,1
fatalclem,5,4,0.0,50.0,20.0,40.0,100.0,1
missteryboy,7,0,0.0,0.0,0.0,0.0,0.0,1
rt1544,5,0,0.0,0.0,20.0,0.0,100.0,1
7thgleen,17,3.06,0.0,0.0,0.0,82.4,100.0,2
jewishduckie,5,0.8,0.0,0.0,0.0,0.0,0.0,1
yeah352,6,3,0.0,0.0,0.0,83.3,100.0,1
darthnihilius,6,1.5,0.0,0.0,16.7,33.3,100.0,1
the_mustard_man_,6,0,0.0,0.0,66.7,66.7,0.0,1
12si3de0,5,0,0.0,0.0,0.0,40.0,0.0,1
q_traim,6,0,0.0,0.0,0.0,0.0,0.0,1
karupi999,5,0,0.0,0.0,20.0,0.0,100.0,1
greyyg00se,7,2.29,0.0,0.0,0.0,14.3,100.0,1
secalope,5,0,0.0,0.0,60.0,0.0,0.0,1
alperycll,17,3.82,0.0,0.0,0.0,5.9,100.0,1
felorr_,6,2.5,0.0,0.0,0.0,66.7,100.0,1
mael79180,5,9.2,0.0,0.0,20.0,40.0,100.0,1
acneotter,5,3.6,0.0,0.0,0.0,0.0,100.0,1
didi3acegotbannedbykamet0,9,3.33,33.33,0.0,33.3,22.2,100.0,1
slavni_sporchik,6,0,0.0,0.0,0.0,0.0,0.0,1
jacquouilles20,9,3.67,30.3,0.0,11.1,44.4,100.0,1
master_torgo,19,8,6.58,0.0,0.0,5.3,0.0,1
ayhusky,6,0.67,0.0,0.0,0.0,0.0,0.0,1
glintexas,14,3.57,0.0,0.0,7.1,14.3,100.0,5
freethemadnes2727,5,0,0.0,0.0,60.0,0.0,0.0,1
badboyae,10,3.7,0.0,0.0,0.0,10.0,100.0,1
needmoredamage,6,0,0.0,0.0,50.0,0.0,0.0,1
leuz93,6,0,0.0,0.0,0.0,66.7,0.0,1
nhtgrss,6,7.67,0.0,0.0,0.0,16.7,100.0,2
pikaamaye_,5,2.4,0.0,0.0,0.0,80.0,100.0,1
omegaonfyah,6,0,0.0,0.0,66.7,0.0,0.0,1
scratchy35,5,0.8,0.0,0.0,40.0,40.0,100.0,1
theristv,6,0,0.0,0.0,50.0,50.0,0.0,1
fwandaylo101,12,1.83,0.0,0.0,0.0,50.0,100.0,2
professorcooldaddy,7,3.14,0.0,45.45,0.0,0.0,0.0,1
xoxeman,5,0.6,0.0,0.0,0.0,0.0,0.0,1
toythatsonyoutube,10,6.3,15.87,15.87,0.0,30.0,0.0,1
balbskajj,5,0,0.0,0.0,60.0,0.0,0.0,1
gabikaa1102,5,0,0.0,0.0,0.0,0.0,0.0,1
bobo00000000,11,4.73,0.0,0.0,0.0,18.2,100.0,1
rodorider,13,2.77,0.0,0.0,7.7,84.6,100.0,1
sloom96,6,0.33,0.0,0.0,0.0,33.3,0.0,1
rakaxdanslecarre,8,2.12,0.0,0.0,0.0,75.0,100.0,1
marcuslul,5,1,0.0,0.0,0.0,60.0,100.0,3
paulthecat,6,8.33,0.0,0.0,0.0,66.7,83.3,2
slimy123,8,1.12,0.0,0.0,0.0,75.0,100.0,2
souleymann,13,4,19.23,0.0,0.0,7.7,100.0,2
babushet,5,0.4,0.0,0.0,60.0,0.0,0.0,1
blowmymnd,10,5.9,0.0,0.0,0.0,20.0,100.0,2
8nasnas,5,0,0.0,0.0,20.0,0.0,100.0,1
ruimigo,5,0,0.0,0.0,0.0,40.0,0.0,1
fazaate_,6,1.67,0.0,0.0,0.0,50.0,100.0,1
chaambawaamba,8,11.5,0.0,0.0,12.5,0.0,100.0,1
bigdck1233,5,0,0.0,0.0,0.0,0.0,0.0,1
ebaldrin,6,0,0.0,0.0,0.0,0.0,0.0,1
brucomickeal,5,3.4,0.0,0.0,20.0,20.0,100.0,1
lesys72,6,2.33,71.43,0.0,0.0,0.0,100.0,1
20justin12,5,0,0.0,0.0,0.0,0.0,0.0,1
toonssy,7,1,0.0,0.0,14.3,57.1,100.0,2
pronobiss,27,1.85,20.0,0.0,0.0,51.9,3.7,2
terbiyesiz_adam,6,4.5,0.0,0.0,0.0,0.0,100.0,1
jazzykat,13,2.08,0.0,0.0,0.0,7.7,38.5,2
blackn444,6,0,0.0,0.0,0.0,0.0,0.0,1
xelor24,5,2.4,0.0,0.0,0.0,40.0,100.0,1
sugdjtlw,6,0,0.0,0.0,16.7,0.0,100.0,1
davidhevil,5,3,0.0,0.0,0.0,20.0,0.0,1
fr0win_,5,2.4,0.0,0.0,0.0,20.0,0.0,1
ragthedag,5,0,0.0,0.0,0.0,0.0,0.0,1
zoaone,6,24.17,0.0,0.0,0.0,0.0,0.0,1
atharry,6,5.33,0.0,0.0,0.0,33.3,0.0,1
gold1none,6,1.17,0.0,0.0,16.7,50.0,100.0,1
fc_ghost99,5,4.2,0.0,0.0,0.0,0.0,100.0,1
damdestiny68,6,3.83,0.0,0.0,0.0,0.0,100.0,1
13mark5,5,1.2,0.0,0.0,0.0,0.0,0.0,1
kitsuneko803,14,5.21,0.0,13.7,21.4,7.1,7.1,2
syrianrefugee420,6,4.33,0.0,38.46,16.7,50.0,100.0,1
snck2logan,6,0,0.0,0.0,0.0,0.0,0.0,1
secret_ko,9,4.11,0.0,0.0,0.0,11.1,100.0,1
zaza1234567899,5,0,0.0,0.0,0.0,40.0,0.0,1
skibouille,12,5.33,0.0,0.0,0.0,8.3,0.0,1
knotts__,10,1,0.0,0.0,0.0,20.0,0.0,2
kfcmanagerwakanda,5,1.8,0.0,0.0,20.0,20.0,100.0,3
script_bard,7,7.57,0.0,56.6,0.0,14.3,0.0,1
haxprocess06,5,0,0.0,0.0,0.0,0.0,0.0,1
but_your_too_ugly,6,0,0.0,0.0,50.0,0.0,0.0,1
spacecowboy974,7,9.57,0.0,0.0,28.6,0.0,0.0,1
raufbaba25,5,6,0.0,0.0,20.0,20.0,100.0,2
rexozoid,11,1,0.0,0.0,0.0,36.4,90.9,4
zirpop,6,1.17,0.0,0.0,0.0,50.0,0.0,1
musicvyro,5,1.6,0.0,0.0,0.0,40.0,100.0,1
type3rotik,7,4.43,0.0,32.26,0.0,42.9,0.0,1
aikalys,5,2.4,0.0,0.0,0.0,100.0,0.0,1
ttv_heix,9,3.33,0.0,0.0,0.0,0.0,100.0,1
chebony,6,0,0.0,0.0,0.0,100.0,0.0,1
breakingpukey,6,0,0.0,0.0,0.0,0.0,0.0,1
kricam,5,0.4,0.0,0.0,0.0,20.0,0.0,1
manuelciscato22,8,7.38,0.0,0.0,12.5,0.0,0.0,1
sverk3r,6,0,0.0,0.0,0.0,0.0,0.0,1
byakuyasama31,5,1,0.0,0.0,0.0,80.0,100.0,2
kasztitv,5,0,0.0,0.0,0.0,40.0,0.0,1
metjass,8,4.62,27.03,0.0,37.5,25.0,0.0,2
doktoryucel,5,4.8,0.0,0.0,0.0,60.0,100.0,1
trspikerenestr,21,4.19,0.0,0.0,0.0,95.2,100.0,1
gregos93,8,0.75,0.0,0.0,25.0,62.5,100.0,1
kemalim53,6,5.5,0.0,0.0,0.0,0.0,100.0,2
planteenpot,5,5,0.0,0.0,40.0,20.0,100.0,1
jhonadota,5,0,0.0,0.0,0.0,0.0,0.0,1
skystream97,5,0,0.0,0.0,0.0,0.0,0.0,1
edrinaline,10,3.2,31.25,0.0,0.0,60.0,60.0,6
kii_ren,5,0,0.0,0.0,60.0,0.0,0.0,1
axshudou,9,4.89,0.0,22.73,11.1,33.3,0.0,1
annapycses,14,5.07,0.0,0.0,28.6,7.1,0.0,1
brandonbarajas,19,2,0.0,0.0,0.0,52.6,94.7,2
ray1172,5,0,0.0,0.0,0.0,0.0,100.0,1
king3vbo,5,0,0.0,0.0,20.0,0.0,0.0,1
onurcanerdem,7,8.43,0.0,0.0,14.3,28.6,100.0,3
delioguz,16,8.38,0.0,0.0,6.2,37.5,100.0,2
brianevidente,5,0,0.0,0.0,60.0,0.0,0.0,1
digitalseeds,5,5.8,0.0,34.48,0.0,0.0,0.0,1
paulposition,6,8.5,0.0,0.0,16.7,0.0,0.0,1
dhamarules,5,0,0.0,0.0,0.0,0.0,0.0,1
prince_kuzya,5,0,0.0,0.0,0.0,40.0,0.0,1
michael_clutch_,5,4.2,0.0,0.0,0.0,0.0,0.0,1
derelicht,8,1.75,0.0,71.43,12.5,37.5,100.0,1
n__m__,5,10.2,0.0,0.0,0.0,0.0,0.0,1
detres_,5,0,0.0,0.0,0.0,60.0,0.0,1
kingsayblue,6,2.17,0.0,76.92,0.0,33.3,50.0,3
leojeo,5,6.8,0.0,0.0,0.0,20.0,100.0,1
sirfancington,10,5.5,0.0,18.18,20.0,0.0,0.0,1
nickeverdin,5,3.6,0.0,0.0,0.0,40.0,100.0,2
se_bastian,20,6.3,0.0,0.0,0.0,45.0,90.0,4
craxzy_sc2,5,0,0.0,0.0,60.0,0.0,0.0,1
myinnerfir3,12,0.92,0.0,0.0,33.3,25.0,100.0,4
eygrr,6,8.17,40.82,20.41,16.7,16.7,0.0,2
blackcellwhitecell,6,0,0.0,0.0,0.0,100.0,0.0,1
glaeth_,12,5.5,0.0,15.15,0.0,0.0,100.0,2
babydooney,5,19,0.0,0.0,0.0,40.0,100.0,2
azn_,8,1.62,0.0,0.0,0.0,87.5,100.0,3
patissieremiyuki,19,2.47,42.55,0.0,21.1,15.8,100.0,2
abuzd,5,5.4,0.0,0.0,0.0,40.0,100.0,1
anckax,16,2.88,0.0,0.0,0.0,81.2,100.0,1
suitwo,10,1.2,0.0,0.0,0.0,90.0,0.0,1
gatyesz,12,3.25,0.0,25.64,8.3,8.3,0.0,1
nayteddd,5,3,0.0,0.0,20.0,40.0,0.0,1
flar3fir3,7,4.43,0.0,0.0,0.0,42.9,85.7,3
willsnedd17,8,1.5,0.0,0.0,0.0,37.5,100.0,4
khirsah6,6,4.33,38.46,0.0,0.0,0.0,0.0,1
xarcus96,8,1.75,0.0,0.0,0.0,50.0,0.0,1
buliarz,5,2.2,0.0,0.0,0.0,20.0,20.0,2
dawny_l9,10,5.3,0.0,37.74,0.0,10.0,0.0,2
kesujo,12,1.42,0.0,0.0,8.3,58.3,0.0,1
soulsneeded,8,4.25,58.82,0.0,0.0,0.0,0.0,1
zeitar,5,0,0.0,0.0,0.0,0.0,0.0,1
dislike522,17,0.06,0.0,0.0,0.0,5.9,100.0,1
rheno142,6,1.33,0.0,0.0,16.7,0.0,33.3,3
thatlatvianguy,7,2.14,0.0,0.0,0.0,28.6,0.0,1
anawasalittlewonder,8,4,0.0,0.0,0.0,12.5,100.0,4
thedrunker114,6,0,0.0,0.0,0.0,66.7,0.0,1
mercyforwhat,5,9,22.22,0.0,40.0,20.0,100.0,1
hypelastika,11,3.36,0.0,0.0,27.3,18.2,0.0,1
prothro,9,1.33,166.67,0.0,11.1,44.4,0.0,2
teambosyy,5,1.4,0.0,0.0,0.0,80.0,0.0,1
runescapefish,7,1.43,0.0,0.0,14.3,57.1,0.0,1
azureee7,13,1,76.92,0.0,0.0,84.6,0.0,1
qt_lookin_like_a_chug_jug,42,6.36,22.47,0.0,2.4,26.2,100.0,6
saiys,7,0,0.0,0.0,0.0,0.0,0.0,1
torgo_pizza,43,7.74,18.02,3.0,16.3,7.0,0.0,1
southpaw1724,13,2.85,0.0,0.0,15.4,46.2,100.0,2
viper_impact,7,2,0.0,0.0,0.0,71.4,100.0,1
pal_friendpatine,6,7.33,22.73,22.73,33.3,0.0,0.0,1
silvebard,5,2.4,0.0,0.0,0.0,80.0,100.0,1
focosa88,5,3,0.0,0.0,0.0,60.0,100.0,1
kooldude58,5,13,0.0,15.38,20.0,60.0,40.0,2
nessa1994,5,0,0.0,0.0,40.0,0.0,0.0,1
quren,5,1,0.0,0.0,0.0,0.0,60.0,3
derschroeb,5,2.4,0.0,0.0,0.0,0.0,0.0,1
iamhussien,6,4.83,0.0,0.0,0.0,33.3,100.0,3
ld392,20,5.8,51.72,8.62,5.0,15.0,0.0,1
helferklein,5,3.2,0.0,0.0,0.0,0.0,0.0,1
youtouchmyface,17,2.53,0.0,0.0,0.0,100.0,100.0,1
takipg13,16,15.31,0.0,0.0,0.0,68.8,0.0,1
topaze719,5,3.8,0.0,0.0,80.0,0.0,100.0,1
sta_t5,9,1.78,0.0,0.0,0.0,22.2,100.0,2
krettar,7,2.29,62.5,0.0,0.0,42.9,100.0,3
kingroders,14,2.86,0.0,0.0,0.0,21.4,0.0,1
daniel_toscan_seplante,6,1.5,0.0,0.0,0.0,33.3,0.0,1
shadowlunar,18,1.94,28.57,28.57,0.0,61.1,0.0,1
tormorn,5,2.2,90.91,0.0,0.0,40.0,0.0,1
hallrs,15,4.4,0.0,0.0,0.0,13.3,0.0,1
ruuny,10,2.3,0.0,0.0,0.0,60.0,100.0,2
ju08693,7,0,0.0,0.0,0.0,0.0,100.0,1
pishess,5,0,0.0,0.0,80.0,0.0,0.0,1
bloodreyna,21,4.29,55.56,22.22,14.3,33.3,0.0,1
nickoone,22,2.18,62.5,0.0,13.6,45.5,0.0,1
pikablu2015,5,3.6,0.0,0.0,0.0,100.0,0.0,1
patatouilla,5,2.4,0.0,0.0,0.0,0.0,0.0,1
leerandomly,8,2.38,0.0,0.0,12.5,12.5,100.0,2
ridz_,7,4.29,0.0,0.0,0.0,57.1,100.0,3
entropier,6,1.83,0.0,0.0,0.0,66.7,0.0,1
shinypervy,5,4,0.0,0.0,0.0,80.0,100.0,2
he_does_it_4_free,8,5.75,21.74,0.0,0.0,0.0,0.0,1
knlfer_prlde_,6,2.33,0.0,0.0,0.0,16.7,100.0,3
bilbok_,5,1.4,0.0,0.0,0.0,60.0,100.0,1
oska__,6,0,0.0,0.0,0.0,0.0,0.0,1
aaronmfabra,5,0,0.0,0.0,0.0,0.0,0.0,1
nifftyyobro,18,7.28,15.27,0.0,22.2,0.0,0.0,1
lkenzu,6,0.83,0.0,0.0,16.7,16.7,100.0,3
craa4k,6,1.67,0.0,0.0,0.0,66.7,100.0,2
g2_maro,7,3.43,41.67,41.67,14.3,14.3,0.0,1
silentsaturn,6,2,166.67,0.0,0.0,0.0,0.0,1
texasultraman,12,4.83,17.24,17.24,16.7,16.7,0.0,1
misterrocketman,6,3.83,0.0,0.0,33.3,16.7,0.0,1
lalinmartinez,6,2.17,0.0,0.0,0.0,16.7,100.0,1
ultimafirez,27,1.81,0.0,0.0,0.0,44.4,96.3,5
imnaany,5,4.2,0.0,47.62,0.0,0.0,100.0,1
ooxxsandryxxoo,6,4,0.0,208.33,0.0,16.7,100.0,1
wheelboy,12,3.33,0.0,0.0,0.0,41.7,0.0,1
natonium,21,6.57,86.96,0.0,4.8,23.8,100.0,5
renerise,7,1,0.0,0.0,0.0,42.9,0.0,2
na_less_semis_than_jankos,12,4.83,0.0,0.0,0.0,33.3,0.0,1
breathinrubius,6,2.33,0.0,0.0,0.0,33.3,100.0,1
deargiraffe,8,5.38,0.0,46.51,12.5,0.0,0.0,1
dunes8,10,12.1,8.26,0.0,10.0,0.0,0.0,1
tacodog40k,6,6.17,27.03,0.0,0.0,0.0,0.0,1
romina_rubiusmile,6,3.5,0.0,0.0,0.0,33.3,100.0,1
raccoonteur,6,2.67,0.0,0.0,0.0,50.0,0.0,1
yaaag,6,1.83,0.0,0.0,0.0,33.3,66.7,4
sidewalkgremlin,10,6.3,63.49,0.0,0.0,0.0,0.0,1
duelrl,8,2.12,58.82,0.0,0.0,25.0,12.5,3
potateeeeees,6,2.17,0.0,0.0,0.0,33.3,100.0,2
tongui246,5,0,0.0,0.0,20.0,0.0,100.0,1
vero_mamutdoblas,5,2.4,0.0,0.0,0.0,40.0,100.0,1
marselanaftd0blas,7,3,0.0,0.0,28.6,57.1,100.0,1
arekscave,6,15.67,0.0,0.0,16.7,33.3,0.0,1
ahnkooon,9,0.44,0.0,0.0,0.0,0.0,11.1,2
intra_xd,5,3,0.0,0.0,0.0,20.0,100.0,2
ashly_doblasugared,8,3.5,0.0,35.71,0.0,62.5,100.0,1
sleepy_azathoth,6,6.33,26.32,52.63,0.0,50.0,0.0,3
fossabot,35,14.26,14.03,2.0,2.9,2.9,14.3,4
francism10,15,1.73,38.46,0.0,0.0,33.3,100.0,5
greenpoison89,5,3,0.0,0.0,0.0,40.0,100.0,1
bizeeey,6,3.83,86.96,0.0,0.0,50.0,0.0,1
windyj23,10,1.4,0.0,0.0,0.0,60.0,80.0,2
bimodalcomic,18,8.33,6.67,13.33,11.1,5.6,100.0,1
alexs_fapparamoar,5,2.4,0.0,0.0,0.0,80.0,100.0,1
sbkmulletman,43,15.95,2.92,7.29,11.6,9.3,74.4,4
unragazzosemplice,11,5.73,0.0,0.0,0.0,27.3,0.0,1
steamcancer,9,3.89,0.0,0.0,11.1,11.1,0.0,1
caisesiume,47,5.06,12.61,4.2,8.5,6.4,100.0,2
crosstraffic73,6,4,0.0,41.67,0.0,0.0,0.0,1
dyrusgod,7,5.86,0.0,24.39,14.3,28.6,0.0,1
bebas,6,9.33,17.86,0.0,16.7,33.3,100.0,2
kitsunesan07,5,2,100.0,0.0,0.0,60.0,100.0,2
amish_andy,16,6.62,18.87,0.0,12.5,6.2,100.0,1
bjws1109,12,0,0.0,0.0,16.7,0.0,8.3,2
canyousurvive,5,1.6,0.0,0.0,0.0,20.0,0.0,1
steelydan68,6,3.67,0.0,0.0,16.7,0.0,0.0,1
vandilevids,5,2,0.0,0.0,0.0,60.0,100.0,2
jarrodhicks,5,4,50.0,0.0,20.0,0.0,0.0,1
imthatoneguy64,7,2,0.0,0.0,0.0,71.4,0.0,2
oxenia1111,5,1.4,142.86,0.0,20.0,40.0,0.0,2
yachung1,6,0,0.0,0.0,16.7,0.0,100.0,1
aconexofficial,8,1.25,0.0,0.0,0.0,25.0,0.0,1
godlikenil,5,4.6,43.48,43.48,0.0,0.0,0.0,1
maddlife1,5,1.8,0.0,0.0,0.0,20.0,20.0,3
i_are,6,0,0.0,0.0,0.0,0.0,0.0,1
lordkntt2,10,2.8,0.0,35.71,0.0,10.0,0.0,1
gardenvarietybro,5,3.6,55.56,0.0,20.0,0.0,0.0,1
diskibu,27,2.67,0.0,13.89,7.4,14.8,0.0,1
noufal2017,5,2,0.0,0.0,0.0,0.0,100.0,1
thesilveraura,14,1.43,0.0,0.0,7.1,50.0,42.9,3
furkankalyoncu,6,2.17,0.0,0.0,0.0,33.3,100.0,2
natebud,10,5,20.0,0.0,10.0,10.0,0.0,1
nastradooomus,22,3.41,66.67,0.0,4.5,77.3,95.5,2
mysttake,10,1.4,0.0,0.0,0.0,60.0,100.0,4
eddy_kr,9,1.78,62.5,0.0,0.0,22.2,0.0,1
yummykaraage,55,6.02,9.06,0.0,3.6,52.7,96.4,5
charliust,13,2.15,0.0,35.71,7.7,46.2,100.0,4
kammekasu,24,1.58,0.0,0.0,0.0,25.0,87.5,3
fldy,8,1.25,200.0,0.0,0.0,75.0,0.0,1
appliedchain1,11,1.36,0.0,0.0,0.0,45.5,0.0,1
alexssnt,6,10.17,0.0,16.39,0.0,0.0,0.0,1
thewilzzu,7,7.14,0.0,0.0,14.3,28.6,71.4,3
blubblubblublub,6,4.83,34.48,0.0,16.7,50.0,83.3,3
yamanaltiok,8,3.12,0.0,0.0,0.0,50.0,100.0,1
peacenik,7,7.14,0.0,0.0,14.3,0.0,100.0,1
tariquethedarwin,5,5.6,0.0,0.0,0.0,0.0,100.0,4
yes_sir_gachibass,5,10,0.0,0.0,0.0,20.0,100.0,3
templarre,9,1.67,66.67,0.0,0.0,55.6,55.6,2
trippycolour,5,2,0.0,0.0,0.0,20.0,60.0,3
mirac0909,22,4.18,0.0,0.0,0.0,22.7,100.0,2
mr_briggs_,40,4.28,17.54,0.0,7.5,5.0,0.0,1
jenpi593,11,4.91,0.0,0.0,0.0,18.2,100.0,1
mightydeekin,11,5.27,0.0,0.0,0.0,9.1,0.0,1
sideralvll,5,1,0.0,0.0,0.0,100.0,100.0,1
calenhir,5,2.2,90.91,0.0,0.0,60.0,0.0,2
emreylmz19o7,9,2,0.0,0.0,0.0,0.0,100.0,2
anabanana21,5,8.4,0.0,0.0,0.0,0.0,100.0,1
burntartic,40,4.22,17.75,0.0,5.0,0.0,0.0,1
danganace,5,9.4,0.0,0.0,0.0,0.0,0.0,1
zeldasbosom,6,2,0.0,0.0,0.0,16.7,66.7,2
tulkas_orome,8,2.12,58.82,0.0,0.0,0.0,0.0,1
exelilking,6,10,0.0,50.0,16.7,0.0,100.0,1
k1m4n,7,4,0.0,0.0,0.0,0.0,0.0,1
gradecurve,6,5.67,0.0,0.0,16.7,0.0,0.0,1
bearwalrus,9,9,49.38,12.35,11.1,11.1,0.0,1
im_guile,12,4.42,56.6,18.87,8.3,0.0,0.0,1
lordloca,8,24.62,0.0,0.0,12.5,0.0,0.0,1
archaon_theneverchosen,5,6,33.33,0.0,0.0,20.0,0.0,2
hazretlerihybris,5,4.4,0.0,0.0,0.0,100.0,100.0,1
crazylikeswayze,8,3.62,0.0,0.0,12.5,25.0,0.0,1
dashdashiell,22,3.68,37.04,0.0,0.0,9.1,0.0,1
aloneindoom3,5,2,200.0,0.0,20.0,40.0,0.0,1
stickmansullyh,11,2.91,0.0,0.0,0.0,0.0,100.0,2
pikadonte,13,3.54,0.0,0.0,0.0,30.8,100.0,1
dartarianyx,12,4,41.67,0.0,8.3,0.0,100.0,3
lunrael,37,8.14,3.32,3.32,13.5,0.0,0.0,1
frankyranky,17,2.35,25.0,0.0,0.0,5.9,58.8,4
sobersawdust,5,7,0.0,28.57,0.0,0.0,0.0,1
kinzerspoo,15,4,33.33,16.67,0.0,13.3,100.0,2
elizabethswann,51,3.98,14.78,19.7,0.0,2.0,0.0,1
zack_lokhart,5,2.6,0.0,76.92,0.0,20.0,100.0,1
juhneeee,9,2.89,0.0,38.46,0.0,11.1,77.8,6
mistyc34,5,2.2,0.0,0.0,0.0,0.0,100.0,2
armaquee,5,3.8,0.0,0.0,20.0,0.0,100.0,2
expento,7,8.29,17.24,0.0,14.3,28.6,0.0,1
selfleslol,7,5,28.57,28.57,0.0,0.0,0.0,1
1boredpanda,12,2.58,0.0,0.0,0.0,83.3,91.7,3
juliancasablancas95,5,7.6,0.0,0.0,0.0,0.0,100.0,1
thedeluxetux,15,7.6,35.09,26.32,13.3,0.0,0.0,1
pez8,6,13.5,0.0,0.0,0.0,16.7,0.0,1
kungfumonkii,20,2.4,20.83,0.0,5.0,15.0,0.0,1
rabanex,5,2,200.0,0.0,20.0,40.0,0.0,1
titusc19,16,7.5,0.0,33.33,12.5,18.8,100.0,1
boasunk,18,11.72,4.74,0.0,0.0,27.8,88.9,5
neo_nite,5,2.4,0.0,0.0,20.0,0.0,100.0,1
artificialchatter,8,3.88,32.26,0.0,0.0,12.5,0.0,1
sp00n19,25,2.44,0.0,0.0,0.0,48.0,92.0,2
m_demi_86,8,8.75,0.0,0.0,12.5,0.0,0.0,1
p5ych0pa7h,5,9.2,21.74,0.0,0.0,0.0,20.0,2
pjay849,12,4.17,20.0,20.0,0.0,16.7,0.0,1
quacky,9,4.56,0.0,0.0,11.1,0.0,0.0,1
tsmfansrdelusional,13,9.15,33.61,50.42,15.4,100.0,0.0,1
luisgermanxd,7,4.86,0.0,0.0,0.0,42.9,100.0,1
heizted,13,2.69,0.0,0.0,7.7,53.8,0.0,2
gtu875,11,7.82,11.63,23.26,45.5,18.2,0.0,1
al3x_984,6,4.17,0.0,0.0,0.0,50.0,100.0,1
toon_kake,5,4.6,43.48,0.0,0.0,80.0,0.0,1
aria_black,8,9.75,0.0,38.46,12.5,0.0,100.0,1
loboredfox,5,6,0.0,0.0,0.0,20.0,100.0,1
suddensleepingsickness,7,2.29,0.0,62.5,0.0,0.0,85.7,3
gawdliike,15,2.73,73.17,0.0,0.0,0.0,100.0,4
colaguy_,5,5.8,34.48,0.0,40.0,0.0,80.0,3
y0boii,13,1.92,0.0,0.0,0.0,53.8,100.0,4
bluca1998,8,13.88,0.0,0.0,0.0,0.0,0.0,1
tgm999,9,3,37.04,37.04,0.0,0.0,0.0,1
davojam,6,3.33,0.0,0.0,0.0,16.7,16.7,2
illinerd,25,7.12,5.62,16.85,24.0,0.0,0.0,1
mrquizmo,5,8.2,0.0,24.39,20.0,0.0,0.0,1
gizzm01,8,4.38,0.0,0.0,0.0,0.0,0.0,1
terdog,14,5.21,13.7,13.7,0.0,0.0,0.0,1
gutinhotrl,9,1.89,0.0,0.0,0.0,22.2,0.0,2
saosinn_,5,2,0.0,0.0,0.0,40.0,0.0,1
hollow_day,7,1.14,0.0,0.0,0.0,14.3,14.3,2
specialtater,11,3.36,0.0,0.0,0.0,0.0,0.0,1
cubbyty,6,1.5,0.0,0.0,0.0,0.0,0.0,1
ojoooosh,5,1,0.0,0.0,0.0,0.0,0.0,1
skrillex6977,6,1.83,90.91,0.0,0.0,0.0,0.0,1
nipps6,5,1,0.0,0.0,0.0,0.0,0.0,1
nmss_monspubis,5,1,0.0,0.0,0.0,0.0,0.0,1
bladedaethking21,8,3.5,0.0,0.0,25.0,0.0,0.0,1
newkemz,7,1.29,111.11,0.0,0.0,0.0,0.0,1
goldnpheonix,11,4,22.73,0.0,9.1,0.0,0.0,1
ratwithashotgun,7,6.14,0.0,0.0,0.0,0.0,0.0,1
pootata,22,2.14,85.11,0.0,9.1,63.6,95.5,2
kapp06,8,1,0.0,0.0,0.0,0.0,0.0,1
marbman13,11,3.82,47.62,0.0,0.0,0.0,0.0,1
techbob_2002,9,20,16.67,5.56,0.0,0.0,0.0,1
icobacca,9,9.11,12.2,0.0,0.0,0.0,0.0,1
pm_me_your_nachos,18,18.61,62.69,0.0,0.0,0.0,0.0,1
twonyn,6,1,0.0,0.0,0.0,0.0,0.0,1
shaman71,12,6.33,289.47,13.16,0.0,0.0,0.0,1
ism07,5,1,0.0,0.0,0.0,0.0,0.0,1
pixelbypixelstudios,7,1.86,76.92,0.0,0.0,0.0,0.0,1
untiorandom,5,1,0.0,0.0,0.0,0.0,0.0,1
bastiannnnnnnnnnnnnnnn,6,6,27.78,0.0,0.0,66.7,0.0,1
nwonknu_x,5,1.8,0.0,0.0,0.0,0.0,0.0,1
ogr3magi,11,5.73,0.0,0.0,0.0,18.2,0.0,1
arcsensor,10,2.8,0.0,0.0,20.0,0.0,0.0,1
moondaragon,18,4.17,106.67,0.0,0.0,0.0,0.0,1
frankdamuthafkntank,5,2.8,0.0,0.0,0.0,20.0,100.0,5
shayeta,5,7,28.57,0.0,0.0,20.0,0.0,1
ladyvegan,13,2.77,0.0,0.0,7.7,0.0,0.0,1
gelo_shot,8,4.75,0.0,0.0,12.5,25.0,100.0,4
roccofillmore,5,9.4,85.11,0.0,0.0,0.0,100.0,1
sledgethewrestler,8,7,35.71,0.0,0.0,0.0,0.0,1
blaloco,7,1,0.0,0.0,0.0,0.0,0.0,1
ferdieee,6,2.5,0.0,0.0,0.0,33.3,100.0,3
ricketycat,9,4.78,0.0,0.0,11.1,0.0,0.0,1
snorkel_,7,1,0.0,0.0,0.0,28.6,42.9,2
drewzeedo5,5,1,0.0,0.0,0.0,0.0,0.0,1
l0053g0053,5,1,200.0,0.0,0.0,0.0,0.0,1
kagaminenerd,9,1.78,0.0,0.0,0.0,0.0,0.0,1
dyinginsidexd,6,1.17,0.0,0.0,0.0,33.3,33.3,2
jackiy12363,6,3.5,47.62,0.0,16.7,0.0,100.0,2
taurenhunter,6,1.67,0.0,0.0,0.0,66.7,50.0,2
appleyz,7,2.86,50.0,0.0,0.0,14.3,100.0,2
livingvicariously_xd,5,3.2,0.0,0.0,20.0,0.0,20.0,2
drnoesis,5,5,40.0,0.0,0.0,0.0,0.0,1
thelastknownhobo,7,3.57,0.0,0.0,0.0,28.6,85.7,2
wyldstaar,8,8.5,14.71,0.0,37.5,0.0,0.0,1
ninjasockmonkey,5,6,0.0,0.0,0.0,0.0,0.0,1
rank26,18,1.5,37.04,0.0,0.0,44.4,0.0,2
per_suede,6,1.83,90.91,0.0,0.0,0.0,0.0,2
zexc_,7,1.29,0.0,0.0,0.0,0.0,0.0,3
mcnutty88,5,1,0.0,0.0,0.0,0.0,0.0,1
caml0st,5,1,0.0,0.0,0.0,0.0,0.0,1
jorrell1570,6,3.17,0.0,0.0,0.0,0.0,0.0,1
kooper07,6,7.83,21.28,0.0,16.7,0.0,83.3,2
pastrami,5,3.4,0.0,0.0,0.0,0.0,0.0,1
papa_smurf4,18,7.11,15.62,0.0,0.0,0.0,0.0,1
twisted_sprite,6,1,0.0,0.0,0.0,0.0,0.0,1
jalvis10,5,1,0.0,0.0,0.0,0.0,0.0,1
tripodunit,5,1.4,0.0,0.0,0.0,0.0,0.0,1
ganktakular,6,1,0.0,0.0,0.0,0.0,0.0,1
random4,5,1,0.0,0.0,0.0,0.0,0.0,1
someporkchop,10,1.6,0.0,0.0,0.0,0.0,0.0,1
jaxbell217,10,1.4,0.0,0.0,0.0,20.0,0.0,1
theevildrf,8,10.38,0.0,12.05,25.0,0.0,0.0,1
ambear27,5,2.8,0.0,0.0,0.0,0.0,0.0,1
cheif_dctj,8,1.25,0.0,0.0,0.0,12.5,0.0,1
hemdan1,40,5.95,0.0,0.0,0.0,47.5,0.0,1
zesty_zelda,5,2,0.0,0.0,0.0,60.0,0.0,1
defstamina88,5,2.4,0.0,0.0,0.0,20.0,0.0,1
drunkatthecircus,7,4.86,58.82,0.0,0.0,28.6,0.0,1
frozz_22,6,3.33,0.0,0.0,0.0,16.7,100.0,1
royyeer,6,4.33,0.0,0.0,0.0,0.0,100.0,1
marc4492,9,2.78,0.0,0.0,0.0,66.7,0.0,1
rdplusm,6,3.17,0.0,0.0,0.0,83.3,0.0,1
shyguy294,5,1,0.0,0.0,0.0,0.0,0.0,1
chuckfabulous,6,3,0.0,0.0,0.0,33.3,0.0,2
scop3r9,5,1,0.0,0.0,0.0,0.0,0.0,1
easykill42,5,4.8,41.67,0.0,0.0,20.0,0.0,1
tiddler84,5,4.6,43.48,0.0,20.0,0.0,0.0,1
wylde_kyle,7,2,0.0,0.0,0.0,14.3,0.0,1
zhaher,7,4.71,0.0,30.3,28.6,28.6,100.0,1
tortita,5,5.2,0.0,0.0,0.0,60.0,100.0,1
changename_,6,8,0.0,0.0,0.0,0.0,0.0,1
9zcrofo,14,3.07,0.0,0.0,14.3,71.4,100.0,1
gamefastr,8,4.38,0.0,0.0,12.5,37.5,100.0,2
mariehartleyjones,5,3.8,52.63,0.0,0.0,60.0,0.0,1
dagnolf96,8,5.5,0.0,0.0,0.0,0.0,0.0,1
mellonhead97,23,3.87,0.0,11.24,4.3,56.5,0.0,1
gurmehar_s,22,17.05,0.0,0.0,9.1,40.9,0.0,1
flybyrdy,6,1,0.0,0.0,0.0,0.0,0.0,1
josiacraft,6,1,0.0,0.0,0.0,0.0,100.0,1
deniseisepic,5,2,0.0,0.0,0.0,60.0,0.0,1
mechagodzilllaa,5,1,0.0,0.0,0.0,0.0,0.0,1
elliotstark11,9,2.11,52.63,0.0,0.0,11.1,0.0,1
hiimzackkk,10,3.9,102.56,0.0,0.0,20.0,100.0,4
has2703,9,1.11,100.0,0.0,0.0,33.3,0.0,1
jasamius,29,9.1,0.0,3.79,0.0,24.1,0.0,1
vasavage,7,4.57,0.0,31.25,0.0,42.9,0.0,1
void_flesh,17,3.53,0.0,0.0,5.9,0.0,0.0,1
jamesgoobs,6,3,55.56,0.0,0.0,50.0,0.0,1
campingtree,6,2.33,0.0,0.0,0.0,0.0,100.0,3
er_casco,5,10.4,0.0,0.0,0.0,40.0,0.0,1
zade_kun,10,2.3,43.48,0.0,0.0,40.0,100.0,2
ariiescs,5,3.4,0.0,0.0,0.0,20.0,40.0,2
sorokoshi,5,33.2,0.0,0.0,0.0,0.0,0.0,1
soccermom222,5,4.2,0.0,0.0,0.0,40.0,0.0,1
easer_name_9758,8,2.12,0.0,0.0,12.5,50.0,100.0,5
helppluk000,11,25.09,0.0,0.0,0.0,54.5,72.7,5
gtaman,11,3.55,0.0,0.0,0.0,9.1,100.0,1
certav,7,1.43,100.0,0.0,14.3,57.1,28.6,3
kweezy,13,4.15,0.0,0.0,0.0,46.2,100.0,1
troyyjohnson,27,3.78,9.8,9.8,3.7,0.0,0.0,1
nomesie,8,1.5,0.0,166.67,0.0,62.5,0.0,1
pechodepalomo,46,1.57,13.89,0.0,0.0,58.7,97.8,4
tenkini,5,9.8,0.0,0.0,20.0,0.0,100.0,1
kevinmr415,6,2.33,0.0,71.43,0.0,50.0,0.0,1
bentuhh,7,3.86,37.04,37.04,0.0,42.9,100.0,2
vibes810,8,7.25,0.0,34.48,0.0,0.0,100.0,1
megasmoke84,5,1.2,0.0,0.0,0.0,20.0,100.0,2
rayitoo,9,7.11,0.0,0.0,0.0,22.2,100.0,1
sakianne,6,1.17,0.0,0.0,0.0,33.3,0.0,1
smarcey,5,3.6,0.0,55.56,20.0,20.0,0.0,1
jimmy18,7,3.71,0.0,0.0,0.0,42.9,100.0,1
courtneychar,7,11.14,0.0,0.0,0.0,57.1,0.0,1
xlukasdg13x,7,2.86,0.0,0.0,0.0,85.7,100.0,1
derekthehobo,9,1.78,0.0,0.0,0.0,22.2,77.8,3
billpro,8,4.25,29.41,29.41,0.0,12.5,87.5,2
ragnarokberserk,6,6.17,0.0,0.0,0.0,33.3,50.0,2
electro55555,6,3.17,0.0,0.0,0.0,33.3,50.0,4
sm1tty,8,4.38,0.0,0.0,0.0,25.0,87.5,3
rnb__,9,4.56,0.0,0.0,0.0,0.0,100.0,2
omicron_eros,9,1.11,0.0,0.0,0.0,66.7,55.6,4
drpotato2u,11,3.36,0.0,0.0,0.0,9.1,0.0,1
crux_58,13,2.92,0.0,0.0,0.0,0.0,0.0,1
el_regreso_del_hater,7,2.71,0.0,0.0,14.3,42.9,100.0,1
falco_mcn,5,12.2,0.0,16.39,40.0,0.0,0.0,1
localcanofdutchgold,5,1.4,0.0,0.0,0.0,20.0,20.0,2
misspluisje,11,2.82,32.26,0.0,0.0,63.6,0.0,1
gem_warden,14,2.71,0.0,26.32,0.0,0.0,0.0,1
thedormouse13,8,3,41.67,0.0,0.0,0.0,0.0,1
nebulae_52,6,8.33,0.0,0.0,0.0,33.3,0.0,1
penthui,23,5.91,0.0,0.0,4.3,56.5,100.0,2
cole8765,15,3.4,19.61,0.0,0.0,13.3,0.0,1
lycandruid,6,3.5,0.0,0.0,0.0,0.0,100.0,1
throwawayaccount21,7,0.86,0.0,0.0,14.3,42.9,100.0,1
jacked_cowboy,17,5.47,172.04,0.0,5.9,17.6,82.4,7
poguex,6,6.67,25.0,25.0,33.3,0.0,0.0,1
shortyizrippin,6,1.17,0.0,0.0,0.0,66.7,16.7,2
thekavman,35,3.63,31.5,0.0,0.0,25.7,100.0,4
stayatrelax,13,5.77,0.0,0.0,0.0,7.7,100.0,1
schindlerjahudisi,8,8.75,0.0,0.0,0.0,0.0,100.0,1
giavarc,12,6,0.0,0.0,8.3,25.0,100.0,1
coolok01,5,2.4,83.33,0.0,0.0,40.0,0.0,1
xtheloss,10,4.2,0.0,0.0,0.0,0.0,100.0,1
onetrickshooter,9,5.44,0.0,0.0,0.0,11.1,100.0,1
qwazar90,8,3.25,0.0,0.0,12.5,12.5,100.0,3
ilikepiesk,17,4.53,12.99,0.0,5.9,29.4,100.0,4
tvkc2qd3d4d5d,5,4.4,0.0,0.0,20.0,20.0,100.0,1
cymbal1st,11,7.09,64.1,0.0,9.1,0.0,100.0,1
shadowrealmez,7,1.29,0.0,0.0,0.0,28.6,100.0,2
babofraser,7,1,142.86,142.86,0.0,42.9,57.1,5
agusting17,8,1.25,0.0,0.0,0.0,87.5,100.0,1
jamescrof,10,0.9,111.11,0.0,0.0,10.0,40.0,7
muybienlul,12,1,83.33,0.0,0.0,0.0,8.3,5
btsjeonjungkookie,12,16.5,5.05,0.0,0.0,50.0,100.0,4
cellxero,6,8.67,0.0,0.0,0.0,33.3,16.7,4
rosezj,20,2.15,0.0,0.0,0.0,20.0,70.0,8
licomrperfect,5,1.8,0.0,0.0,0.0,0.0,0.0,1
nerdy_monkey,22,2.64,68.97,17.24,4.5,4.5,0.0,1
nglitchy,5,1.2,0.0,0.0,0.0,40.0,40.0,3
eightquakecollapse,6,2.33,142.86,0.0,16.7,16.7,100.0,1
niphera01,5,1.6,0.0,0.0,0.0,0.0,40.0,3
invinciblewarlord,6,1,0.0,0.0,0.0,33.3,16.7,2
parthvader,10,0.8,125.0,0.0,20.0,20.0,100.0,4
fox_blitz,6,3.17,0.0,0.0,0.0,0.0,0.0,1
don_vito_96,6,3.33,0.0,0.0,0.0,33.3,0.0,1
edson21,7,2.43,58.82,0.0,14.3,42.9,85.7,2
perentino,34,8.38,0.0,0.0,0.0,14.7,100.0,3
generalmitch,77,2.42,10.75,10.75,0.0,53.2,100.0,4
legion966,6,1,0.0,0.0,0.0,16.7,0.0,1
changbinnie,7,1.57,0.0,0.0,0.0,85.7,71.4,3
themanolinmx,5,1.8,0.0,0.0,20.0,40.0,100.0,1
kardio,11,5.82,15.62,15.62,0.0,9.1,100.0,3
mochiro,5,1.6,0.0,0.0,0.0,40.0,100.0,2
shiftpenes,5,2.2,0.0,0.0,0.0,0.0,0.0,1
futilewarrior,12,3.08,0.0,0.0,16.7,25.0,0.0,2
eduardo_bruno10,5,1.8,0.0,0.0,0.0,40.0,60.0,2
123eko,5,19.6,0.0,0.0,0.0,80.0,0.0,1
seucreyssom,11,6.18,0.0,0.0,0.0,0.0,0.0,1
befallenlegate,6,3.83,0.0,0.0,66.7,0.0,0.0,1
bolsomito4sup,5,2,0.0,0.0,20.0,60.0,0.0,1
destinyggbot,9,15.67,0.0,0.0,11.1,0.0,0.0,1
kereiv_,5,0,0.0,0.0,0.0,0.0,0.0,1
jerkface1978,8,2,0.0,0.0,0.0,25.0,0.0,1
the1andonlystarman,12,3.92,0.0,0.0,0.0,33.3,100.0,1
msmester1000,5,6.2,0.0,0.0,20.0,20.0,0.0,2
decklunnn,5,3.8,0.0,0.0,0.0,60.0,60.0,2
lit_mini_23,5,5.8,0.0,0.0,20.0,0.0,100.0,1
antiherodiaz,13,8.92,8.62,17.24,0.0,46.2,100.0,2
chama_quando_ele_der_rage,5,1.6,125.0,0.0,40.0,20.0,0.0,1
dinaarth,7,55,0.0,0.0,0.0,100.0,0.0,1
jagermeisterlive,13,8.31,0.0,0.0,7.7,0.0,100.0,1
lourolopes,8,28.62,0.0,0.0,100.0,0.0,0.0,1
herenveenli11,8,4.62,0.0,0.0,0.0,12.5,100.0,1
ravingraventv,16,6.56,0.0,0.0,0.0,12.5,100.0,1
caiovoker,11,88,0.0,0.0,100.0,100.0,0.0,1
cixxd,5,5,0.0,0.0,0.0,20.0,100.0,1
top__chef,5,8.2,0.0,0.0,0.0,40.0,100.0,1
alllba,7,46,0.0,0.0,0.0,100.0,0.0,1
kokulunane,12,7.67,0.0,0.0,8.3,0.0,100.0,1
meltemsozbek,9,4.11,0.0,0.0,0.0,22.2,100.0,1
lyrralt,5,8,0.0,0.0,40.0,0.0,0.0,1
carradines,5,5.2,0.0,0.0,0.0,0.0,100.0,1
mst3k1993,9,7.44,14.93,0.0,22.2,11.1,0.0,1
rockhopper964,7,2.43,0.0,0.0,0.0,42.9,100.0,2
dantefire214,7,2.57,0.0,0.0,0.0,0.0,0.0,1
fatfingers46,6,5,0.0,0.0,0.0,66.7,0.0,1
kvnsacred,25,5.04,23.81,7.94,4.0,0.0,0.0,1
chocomilkcow,5,1,0.0,0.0,0.0,80.0,100.0,1
sennytrill,6,1.33,0.0,0.0,0.0,16.7,100.0,3
dyingnewb,21,4.29,11.11,0.0,0.0,9.5,100.0,1
portoiseh,5,1.4,0.0,0.0,40.0,20.0,80.0,3
hier_self,19,4.42,11.9,0.0,15.8,21.1,0.0,1
sansabark,5,5.8,34.48,34.48,0.0,0.0,0.0,1
gnestanikrutet,32,3.22,9.71,0.0,0.0,0.0,6.2,2
axolllotll,5,1.2,166.67,0.0,0.0,80.0,60.0,4
rylea_b,18,4,27.78,0.0,0.0,5.6,0.0,1
nyx_ori,6,3.33,0.0,0.0,0.0,0.0,100.0,1
sundeyls,5,5.6,0.0,0.0,20.0,60.0,100.0,1
misterarther,46,6.17,3.52,3.52,0.0,41.3,100.0,4
blue_light,11,1.64,55.56,0.0,0.0,0.0,63.6,3
conwayxu,69,4.75,27.44,15.24,0.0,30.4,100.0,2
amazeful,41,10.02,0.0,2.43,4.9,53.7,100.0,6
lau2971,6,4.17,0.0,0.0,0.0,33.3,100.0,1
vovs,14,1.21,0.0,0.0,0.0,28.6,100.0,3
icon_,65,2.31,6.67,0.0,0.0,40.0,98.5,9
im_jenny,10,6.1,0.0,16.39,10.0,10.0,0.0,2
whooo,10,4.5,0.0,0.0,0.0,60.0,90.0,4
fortnite_lt,5,2.8,0.0,71.43,0.0,60.0,0.0,1
jakealiciouss,6,1.33,0.0,0.0,0.0,50.0,83.3,2
suuorc,16,0,0.0,0.0,6.2,0.0,0.0,1
senlin95,11,0,0.0,0.0,9.1,0.0,0.0,1
supbros0816,10,0.1,0.0,0.0,0.0,0.0,0.0,1
mk10mk15,20,0,0.0,0.0,10.0,0.0,0.0,1
dlakfsuswhgdk,64,0,0.0,0.0,4.7,0.0,0.0,1
vanilalmond91,103,0.02,0.0,0.0,3.9,0.0,0.0,1
tmvlspf5,6,0,0.0,0.0,0.0,0.0,0.0,1
ckrus123,28,0.18,0.0,0.0,7.1,3.6,0.0,1
justice_choigo,6,0,0.0,0.0,0.0,0.0,0.0,1
kinggu_godgu,16,0.06,0.0,0.0,12.5,0.0,0.0,1
gigasonic,5,0,0.0,0.0,0.0,0.0,0.0,1
xdr5544,12,0.17,0.0,0.0,0.0,0.0,0.0,1
moruless,63,0.03,0.0,0.0,6.3,0.0,0.0,1
thomas_marta,5,5.2,0.0,0.0,0.0,60.0,0.0,1
amarada2985,5,0,0.0,0.0,20.0,0.0,0.0,1
mytwlife,7,0,0.0,0.0,0.0,0.0,0.0,1
spiral7out,10,0.1,0.0,0.0,20.0,0.0,0.0,1
daftkiwi,5,1.8,0.0,0.0,20.0,60.0,100.0,3
leafshinobi360,11,5.64,16.13,16.13,0.0,0.0,0.0,1
colgur8843,7,1,0.0,0.0,0.0,28.6,42.9,5
kyeongda,11,0,0.0,0.0,27.3,0.0,0.0,1
jflute1228,21,0.05,0.0,0.0,0.0,0.0,0.0,1
thedrummer71,10,25.8,0.0,0.0,0.0,70.0,100.0,2
immick8,12,0,0.0,0.0,8.3,0.0,0.0,1
burnwolfjohn,10,0,0.0,0.0,10.0,0.0,0.0,1
papacristobal,5,9.6,0.0,0.0,0.0,40.0,60.0,4
youngseo0709,7,0,0.0,0.0,0.0,0.0,0.0,1
wasdf999,5,0,0.0,0.0,0.0,0.0,0.0,1
ezboom11,8,0,0.0,0.0,12.5,0.0,0.0,1
edmistja,6,5.83,0.0,0.0,0.0,16.7,100.0,1
fo2277,6,0,0.0,0.0,0.0,0.0,0.0,1
slashingparrot,9,1.78,0.0,0.0,0.0,88.9,100.0,2
saosinman,6,0,0.0,0.0,33.3,0.0,0.0,1
robo_hobo,31,2.74,0.0,0.0,0.0,22.6,100.0,5
gloomyred,12,0,0.0,0.0,25.0,0.0,0.0,1
koesoh,10,0,0.0,0.0,0.0,0.0,0.0,1
nospawn13,6,0.5,0.0,0.0,16.7,0.0,0.0,1
tteok_e,12,0.25,0.0,0.0,8.3,0.0,0.0,1
elpapichurro_9,5,2.2,0.0,0.0,0.0,40.0,0.0,1
mistvrj,5,5.4,0.0,0.0,0.0,40.0,60.0,2
joestar92,15,4.87,54.79,13.7,0.0,0.0,0.0,1
kurokicchi,16,5.12,0.0,0.0,0.0,43.8,100.0,3
fylthichickenz1,6,2.67,0.0,0.0,0.0,50.0,0.0,1
exerminator2000,6,4.5,0.0,0.0,16.7,0.0,0.0,1
chaelisa,6,1.5,0.0,0.0,0.0,16.7,100.0,3
amoamorak,31,0.03,0.0,0.0,6.5,0.0,0.0,1
mlongfellowdeeds,8,4,62.5,0.0,0.0,12.5,100.0,2
sherrisa,13,1.62,0.0,0.0,0.0,0.0,100.0,2
nimozu_,6,6.17,216.22,0.0,0.0,50.0,100.0,2
dantheazn_,45,2.36,28.3,0.0,0.0,44.4,97.8,8
parabex,16,2.75,45.45,0.0,0.0,37.5,0.0,1
fadamaka,7,8,0.0,17.86,0.0,0.0,0.0,1
wjdnjfem,5,0,0.0,0.0,0.0,0.0,0.0,1
gtk99,6,0.33,0.0,0.0,0.0,0.0,0.0,1
notimeforclevername,7,5.14,0.0,0.0,14.3,0.0,100.0,1
wldnrp13579,5,0,0.0,0.0,20.0,0.0,0.0,1
tenyuukun,13,13.77,0.0,0.0,7.7,46.2,100.0,1
kinokoneko1027,9,2,55.56,0.0,0.0,33.3,100.0,1
raymsi,8,3.5,0.0,0.0,12.5,12.5,0.0,1
znzltyq,7,0,0.0,0.0,14.3,0.0,0.0,1
freetownjoe,10,6.2,16.13,0.0,0.0,0.0,0.0,1
kkulkkul2,5,0,0.0,0.0,0.0,0.0,0.0,1
luppoooo,6,10.67,0.0,0.0,0.0,16.7,100.0,1
never_sub_trihard_clap,7,11,0.0,0.0,0.0,28.6,100.0,3
rio7828,6,0.17,0.0,0.0,0.0,0.0,0.0,1
sji9307,5,0,0.0,0.0,20.0,0.0,0.0,1
twitchynells,6,4.5,37.04,0.0,0.0,0.0,0.0,1
intercepting_logic,13,6.92,0.0,11.11,0.0,69.2,100.0,4
rorvair,15,2.67,25.0,25.0,6.7,6.7,93.3,2
cruztycrabs,16,10,0.0,0.0,6.2,56.2,100.0,3
rainierdaninja,22,17.86,0.0,0.0,0.0,59.1,100.0,3
cobes,27,3.67,20.2,0.0,3.7,33.3,100.0,4
fuzzytotems,8,6.88,0.0,18.18,0.0,0.0,12.5,2
zaydom,19,17.37,0.0,0.0,5.3,42.1,89.5,2
ladyarena_dragon,7,2.86,50.0,0.0,0.0,0.0,0.0,1
brandong,6,19.67,0.0,0.0,0.0,0.0,100.0,1
chalaconsyndra,6,11,15.15,0.0,0.0,33.3,100.0,1
ohmyqod,9,1.44,0.0,0.0,0.0,22.2,100.0,1
basedsoulja,9,7.11,15.62,0.0,0.0,33.3,100.0,2
kyleeeeeee_,9,1.78,0.0,0.0,11.1,11.1,0.0,1
krspykritr,5,4,0.0,0.0,0.0,20.0,0.0,1
xershiro,12,2.17,0.0,0.0,0.0,58.3,16.7,3
rustymetalhead,5,4.8,41.67,0.0,0.0,0.0,0.0,1
nosafety_,9,1.11,0.0,0.0,11.1,22.2,100.0,4
jonathanpez04,5,1.2,0.0,0.0,0.0,20.0,100.0,1
trixplays,8,1.75,0.0,0.0,0.0,50.0,87.5,2
darthrib,38,36.68,0.0,7.17,0.0,60.5,100.0,3
rslicker123,6,1.17,0.0,0.0,0.0,33.3,83.3,3
aaandoctor,8,5.5,0.0,0.0,12.5,25.0,0.0,1
kimal2013,21,4.52,10.53,0.0,0.0,9.5,0.0,1
evilempire83,17,4,0.0,0.0,0.0,29.4,100.0,4
azumajae,6,8.83,0.0,18.87,16.7,83.3,66.7,3
yuopy,10,2.4,41.67,0.0,30.0,50.0,100.0,1
amazumv2,12,12.92,0.0,0.0,0.0,33.3,100.0,4
cxbrandon_,11,3.64,0.0,0.0,0.0,36.4,100.0,3
jv195,27,9.3,0.0,0.0,7.4,37.0,100.0,5
dinkleborn,7,2,0.0,0.0,0.0,14.3,100.0,1
greektheleech,7,5.29,0.0,0.0,14.3,71.4,100.0,2
oni_onigiri,8,5.25,47.62,0.0,12.5,12.5,0.0,1
violeta_famela,13,1.77,0.0,0.0,0.0,0.0,100.0,3
theepicturban,8,5.88,0.0,0.0,12.5,75.0,100.0,2
weirdnewz,5,2.4,83.33,0.0,0.0,0.0,100.0,1
catchykick,5,13.2,0.0,0.0,0.0,40.0,100.0,1
crazy_crackhead,6,4,0.0,0.0,33.3,50.0,100.0,2
cowtongue,5,1.2,0.0,0.0,0.0,0.0,60.0,4
king_komrade,7,2.86,0.0,0.0,14.3,28.6,100.0,1
xxgh,7,4.29,0.0,33.33,0.0,57.1,100.0,1
saevi,6,5.17,0.0,0.0,0.0,0.0,0.0,1
andima88,8,2.5,100.0,0.0,12.5,0.0,0.0,1
jaskiiez20,14,5.43,13.16,0.0,7.1,50.0,92.9,3
unknownohyeah,24,6.79,18.4,6.13,0.0,0.0,0.0,1
diablo_0,5,15.4,0.0,0.0,0.0,20.0,100.0,1
mrkmattos,10,3.5,0.0,0.0,0.0,0.0,100.0,2
cloud_chsr,6,4.83,0.0,34.48,0.0,83.3,100.0,1
zerotu14,5,9,0.0,0.0,0.0,80.0,100.0,2
squidleyspooch,8,6.75,0.0,18.52,0.0,0.0,0.0,1
senpaideredere,5,2.8,0.0,0.0,0.0,80.0,100.0,2
gmzxx,6,2.33,0.0,0.0,0.0,33.3,100.0,1
ezl3ake,8,5.62,66.67,0.0,0.0,0.0,0.0,1
jaenisch,5,1.8,0.0,0.0,0.0,0.0,100.0,1
greenzangue,19,1.63,64.52,32.26,0.0,42.1,100.0,2
superzoomy,7,3.57,0.0,0.0,0.0,0.0,100.0,1
juanmaa,11,10.82,0.0,0.0,0.0,18.2,100.0,1
arguswolf,7,19.43,0.0,0.0,0.0,85.7,100.0,2
zietius,6,8.83,18.87,0.0,16.7,16.7,100.0,2
hellszonetv,5,1.6,0.0,0.0,0.0,100.0,80.0,2
kithlan,7,4.71,0.0,0.0,14.3,14.3,0.0,1
treesy,5,1.2,166.67,0.0,0.0,100.0,60.0,3
willuctant,14,5,14.29,0.0,0.0,57.1,100.0,5
realkricer,12,5.42,15.38,15.38,8.3,16.7,100.0,4
bulvyf,10,4.2,0.0,23.81,30.0,10.0,0.0,1
ymur,10,2.4,0.0,0.0,0.0,20.0,100.0,5
brycats,12,3.67,0.0,0.0,0.0,41.7,100.0,3
met4kn1ght,25,4.72,59.32,8.47,0.0,48.0,96.0,3
sadcowboyemoji,7,1.57,90.91,0.0,0.0,0.0,100.0,4
ars_absconditus,9,6.67,16.67,0.0,0.0,44.4,100.0,5
jooohncuhh,7,4.29,0.0,0.0,28.6,14.3,100.0,3
acutedragon,6,1.83,0.0,0.0,0.0,66.7,16.7,2
zoneout00,17,2.94,20.0,0.0,0.0,23.5,100.0,5
emmiwemmi,25,3.96,20.2,0.0,0.0,36.0,8.0,2
equinoxx_1,17,2.59,22.73,0.0,11.8,29.4,94.1,4
feartoosneaky,24,2.46,0.0,0.0,4.2,58.3,95.8,4
speeedboooost,5,2.4,333.33,0.0,0.0,40.0,80.0,2
invalid_m,5,5,0.0,0.0,0.0,20.0,0.0,1
donumami,12,3.58,0.0,0.0,16.7,58.3,91.7,4
dugnoloksadboi,11,3.73,0.0,0.0,0.0,9.1,0.0,1
youngpepto,21,4.24,22.47,0.0,0.0,33.3,100.0,4
quiety_gg,13,1.23,0.0,0.0,0.0,30.8,100.0,5
kreedence_,52,2.19,8.77,8.77,0.0,26.9,100.0,4
skyboxer,5,3.2,0.0,0.0,0.0,0.0,0.0,1
sparkle_jess,17,1.94,0.0,0.0,5.9,52.9,100.0,2
envelaap,7,3.14,45.45,0.0,0.0,14.3,0.0,1
dazeroh,19,2.26,0.0,0.0,5.3,31.6,100.0,1
lustofthehoekage,8,2.12,0.0,0.0,0.0,0.0,100.0,1
everforward,6,5.33,31.25,0.0,16.7,16.7,0.0,1
makfiip,9,15.44,0.0,0.0,0.0,22.2,100.0,1
imafirinmalazar,7,8.29,0.0,0.0,0.0,14.3,100.0,2
nick3570,7,3.29,0.0,0.0,0.0,71.4,100.0,2
me_very_angry,9,7.11,15.62,0.0,0.0,44.4,100.0,3
itsjeshi,58,4.74,47.27,3.64,3.4,34.5,100.0,5
pawsed,22,6.77,13.42,20.13,4.5,22.7,0.0,2
someguy022,22,1.77,51.28,0.0,0.0,54.5,100.0,4
tuuler_,5,8.2,0.0,0.0,0.0,80.0,100.0,2
nilesly,6,2.33,0.0,0.0,0.0,33.3,0.0,3
the_technicolor_whiscash,7,5.43,0.0,0.0,0.0,28.6,0.0,1
m16soldier,7,1.43,0.0,0.0,0.0,14.3,100.0,2
shadowice777,6,2,0.0,0.0,0.0,66.7,0.0,2
juanpi_tsm,6,7.33,22.73,0.0,0.0,50.0,100.0,2
snalye,8,1.25,100.0,0.0,0.0,50.0,100.0,2
koiu,5,1.4,0.0,0.0,0.0,20.0,100.0,4
ruben476_,6,3.83,0.0,0.0,0.0,0.0,100.0,1
scragglemuffin,6,4.17,0.0,40.0,0.0,0.0,100.0,2
raulcarg,9,3.11,0.0,0.0,0.0,0.0,100.0,1
alexislopez9297,6,3.83,0.0,0.0,16.7,0.0,100.0,1
cesarstep,6,2.33,0.0,71.43,16.7,33.3,100.0,1
maferjile,5,2.6,0.0,0.0,0.0,0.0,100.0,1
p2kkhuates,5,2.4,0.0,0.0,0.0,0.0,100.0,1
rwonron,106,9.37,25.18,0.0,2.8,67.9,100.0,4
kamoii__,7,7,0.0,0.0,0.0,14.3,0.0,2
nutbruh_,16,1.31,0.0,0.0,0.0,68.8,100.0,2
elusiveaddams,6,1.83,0.0,0.0,0.0,66.7,0.0,1
silentfalse_,5,25.6,0.0,0.0,0.0,0.0,100.0,2
esriyal,14,7.21,0.0,0.0,0.0,50.0,100.0,3
torky75,11,1.55,0.0,0.0,0.0,45.5,100.0,1
aw1442,12,6.58,0.0,0.0,0.0,75.0,100.0,3
darkstar310,8,1.5,0.0,83.33,0.0,12.5,37.5,3
plainwolfie,16,4.56,0.0,13.7,6.2,6.2,0.0,1
omarzed,11,2.73,0.0,0.0,18.2,18.2,72.7,3
razor_2257,8,3,41.67,0.0,12.5,25.0,0.0,1
horrxrs,13,6.38,12.05,12.05,0.0,23.1,100.0,2
shaquilleang,7,6.29,22.73,45.45,0.0,57.1,100.0,3
dnangel010,7,2.86,150.0,0.0,0.0,71.4,100.0,1
mysticlxl,26,6.5,0.0,5.92,7.7,30.8,100.0,2
edgarl21,5,4.2,0.0,0.0,0.0,20.0,100.0,2
pandiaun,8,2.75,0.0,0.0,12.5,25.0,100.0,4
kimjongunko,10,2.4,83.33,0.0,0.0,60.0,100.0,2
eolios,6,3.83,0.0,0.0,0.0,50.0,100.0,2
eirvrie,13,5.46,0.0,0.0,0.0,61.5,7.7,3
vpetrov177,9,5.22,0.0,0.0,11.1,55.6,88.9,2
wolfygeo,7,1,0.0,0.0,0.0,71.4,85.7,2
pinata_full_of_rapiers,6,3.67,45.45,0.0,0.0,16.7,0.0,1
nolzorr,6,3,111.11,55.56,16.7,16.7,0.0,1
matcha0515,9,2,0.0,55.56,0.0,44.4,66.7,4
datadreamer,7,4.14,0.0,0.0,0.0,28.6,42.9,3
rashyrash,7,11.57,24.69,12.35,0.0,14.3,57.1,3
mpac4523,42,5.4,8.81,0.0,0.0,76.2,100.0,3
throwawaybytheway,6,21.17,0.0,0.0,0.0,66.7,100.0,2
cjsolak,8,6.88,18.18,0.0,0.0,37.5,100.0,2
steelfeather,5,1,0.0,0.0,20.0,20.0,0.0,1
aveeeno,5,1.2,0.0,166.67,0.0,60.0,100.0,1
mojo__jojo_,10,2.4,41.67,0.0,10.0,60.0,100.0,5
happytrashcan,5,1.8,111.11,0.0,20.0,20.0,80.0,2
ltsmokin,6,6.17,27.03,0.0,50.0,33.3,0.0,1
parmesan_,9,4.11,0.0,0.0,0.0,33.3,100.0,2
emptyhand0,18,3.89,42.86,0.0,11.1,16.7,100.0,7
12btw_exe,7,1.14,0.0,0.0,0.0,42.9,100.0,1
botslie,9,10.56,10.53,0.0,0.0,0.0,100.0,1
thatguyclint,5,6,0.0,0.0,0.0,0.0,0.0,1
deltiee,6,1.67,100.0,0.0,0.0,33.3,100.0,2
radar_ranger,6,9.33,35.71,0.0,16.7,0.0,0.0,1
crazykamikazee,18,2.78,0.0,40.0,0.0,38.9,100.0,1
ptcook13,21,1.67,142.86,0.0,0.0,52.4,100.0,2
killvanth,6,1.67,0.0,100.0,0.0,66.7,0.0,1
pusherman555,6,8.67,0.0,19.23,0.0,0.0,33.3,3
pakelika710,11,10.18,0.0,0.0,9.1,18.2,100.0,1
leon_tekashi,27,5.74,12.9,0.0,11.1,44.4,100.0,1
shadow0knight,6,5.33,0.0,0.0,50.0,16.7,100.0,1
jasper_zec,36,5.33,15.62,10.42,8.3,13.9,88.9,2
ocelotpewpew,17,6.71,8.77,0.0,17.6,23.5,100.0,1
joem1k,8,3.75,0.0,0.0,0.0,0.0,100.0,1
killlerkold,5,0.8,0.0,0.0,20.0,40.0,80.0,2
dengar1no,8,1.38,0.0,0.0,0.0,37.5,100.0,2
tiburon108,10,4.5,0.0,0.0,0.0,0.0,100.0,1
taglog7,18,4.28,0.0,0.0,0.0,0.0,100.0,1
themetallicfloyd,5,5.8,0.0,34.48,0.0,0.0,100.0,1
ryushinden,54,7.22,5.13,10.26,5.6,25.9,57.4,2
jovethegod,25,3.08,0.0,0.0,4.0,8.0,100.0,1
dredded_emissary,7,8.29,17.24,0.0,0.0,0.0,100.0,1
professorprofit,9,2.56,0.0,0.0,22.2,55.6,88.9,4
youphoric,16,18.56,23.57,0.0,6.2,0.0,100.0,2
tyoxy,5,1.6,0.0,0.0,0.0,40.0,100.0,2
cepterk,8,3.12,0.0,0.0,0.0,0.0,100.0,1
butchred_at_birth,47,9.89,21.51,15.05,4.3,0.0,8.5,2
macara1g,6,1.83,0.0,0.0,0.0,50.0,100.0,1
yeabuddynothinbutapeanut,5,4.2,0.0,0.0,0.0,20.0,0.0,1
elponyalfaro,9,9.67,57.47,0.0,0.0,0.0,100.0,1
banditbeatsz,9,6.11,54.55,0.0,0.0,55.6,100.0,3
isquen,9,13.56,8.2,0.0,22.2,0.0,0.0,1
thenerdport,10,5.2,57.69,0.0,0.0,30.0,100.0,1
teggengangleader,13,13,0.0,0.0,0.0,61.5,100.0,1
tankermdk,16,4.81,38.96,0.0,18.8,0.0,100.0,1
soundtrack_26,19,4.95,0.0,0.0,15.8,5.3,63.2,2
ezediacr,13,1.23,0.0,0.0,0.0,15.4,100.0,1
jhokai,10,2.3,0.0,0.0,0.0,40.0,100.0,1
buckpeck,10,3.6,0.0,0.0,0.0,20.0,100.0,1
christian14,21,3.1,0.0,0.0,0.0,47.6,100.0,1
alfredvasquezjr,6,7.5,0.0,44.44,33.3,0.0,100.0,1
supersaiyansora,26,6.5,11.83,5.92,7.7,23.1,84.6,2
lobstercake,16,12.75,0.0,0.0,0.0,62.5,75.0,5
eu_is_insecure,5,3.6,0.0,0.0,20.0,0.0,20.0,3
pewn1ck,6,1.5,0.0,0.0,0.0,66.7,100.0,2
kenobis,10,9.6,0.0,10.42,0.0,60.0,100.0,1
detalehv,8,1.62,0.0,0.0,0.0,25.0,100.0,1
diosrallito,7,2.29,0.0,0.0,14.3,42.9,100.0,1
oggeek2016,12,4.75,17.54,0.0,33.3,16.7,91.7,2
pumpompumpom,6,1.33,0.0,125.0,0.0,50.0,100.0,1
jokesnake,15,4.4,0.0,0.0,0.0,26.7,100.0,1
legendarycesar,5,4.8,0.0,0.0,0.0,0.0,100.0,1
alvarito_music2,13,2.23,34.48,34.48,0.0,38.5,100.0,1
brdwizard,6,4.83,34.48,34.48,16.7,16.7,0.0,1
el_super_gus,9,4.56,0.0,0.0,33.3,11.1,100.0,1
niicolasd,8,2,0.0,0.0,0.0,0.0,100.0,2
black_sheep,37,3.78,35.71,7.14,8.1,24.3,100.0,1
cyberbeta,7,5,0.0,0.0,14.3,85.7,100.0,1
ruiyolas,7,3.71,0.0,0.0,0.0,28.6,100.0,1
something282,5,7.6,0.0,26.32,0.0,0.0,20.0,2
dennisjmp1,8,5.5,0.0,0.0,0.0,0.0,100.0,1
tencho,12,2,0.0,0.0,0.0,41.7,100.0,1
srfeto,13,2.38,0.0,0.0,7.7,23.1,100.0,1
lordroode,23,3.13,27.78,27.78,4.3,78.3,100.0,3
jeffzzy,20,7.95,18.87,0.0,0.0,0.0,0.0,1
wildcalva1,5,2.2,0.0,0.0,20.0,80.0,100.0,1
jimjam185,6,1.5,0.0,0.0,0.0,16.7,33.3,2
kelvinthekidd,9,2.11,0.0,0.0,0.0,44.4,100.0,1
twithban_me_sad,20,1.6,0.0,31.25,5.0,30.0,100.0,2
danzerex,8,3.88,32.26,32.26,0.0,25.0,100.0,1
tree_house,6,1.17,0.0,0.0,0.0,33.3,100.0,1
jaykisuke,10,2,0.0,0.0,0.0,50.0,100.0,1
happypixel7,21,2.81,0.0,0.0,0.0,38.1,100.0,5
adombomb,10,5.1,19.61,0.0,0.0,0.0,0.0,1
vectorcannonready,9,4,83.33,0.0,11.1,0.0,100.0,1
rhittax,19,2.63,0.0,0.0,0.0,21.1,100.0,1
kineasrm,10,4.4,22.73,22.73,0.0,60.0,100.0,1
aureliob_08,9,2.22,0.0,0.0,0.0,11.1,100.0,1
some1else,6,4.17,0.0,0.0,0.0,66.7,100.0,3
mightyzek,5,2,100.0,0.0,0.0,60.0,100.0,1
omarxstreet,12,1.33,62.5,0.0,0.0,58.3,100.0,1
sircrimz,16,5.12,12.2,0.0,6.2,12.5,100.0,1
kuruzurei,18,1.83,121.21,30.3,5.6,5.6,100.0,3
trigginfypo,9,2.56,43.48,43.48,11.1,44.4,0.0,2
willesp11,5,1,0.0,200.0,0.0,80.0,100.0,1
idefixe98,7,2,0.0,0.0,14.3,0.0,100.0,1
sranger04,5,4.6,43.48,0.0,0.0,40.0,80.0,4
littleredri,7,3,0.0,0.0,0.0,0.0,100.0,1
arcticashes405,8,2.5,0.0,0.0,0.0,0.0,100.0,1
eiley2,7,13.57,0.0,0.0,14.3,71.4,100.0,2
yinyangraiden,7,4.86,0.0,0.0,0.0,0.0,100.0,1
starrk,9,3.44,0.0,0.0,0.0,0.0,100.0,1
vracity,16,13.38,0.0,0.0,0.0,50.0,100.0,3
silverfaustx,15,4.33,0.0,15.38,6.7,0.0,26.7,2
shy00,7,3.29,0.0,0.0,0.0,42.9,100.0,1
bubbagan0ush,10,4.9,0.0,0.0,0.0,50.0,100.0,1
akinmo,6,2.5,0.0,0.0,0.0,66.7,100.0,1
igurtix,5,3.4,0.0,0.0,0.0,20.0,100.0,1
mastamud,12,1.83,0.0,45.45,0.0,50.0,91.7,2
grumbies,11,6.91,157.89,0.0,0.0,45.5,100.0,2
kalemas1,5,2.6,76.92,0.0,0.0,0.0,100.0,1
6th_account_cx,8,8.5,0.0,0.0,0.0,37.5,75.0,4
rojier,5,1.8,0.0,0.0,0.0,60.0,100.0,2
pajamajazama,7,1.86,76.92,0.0,0.0,71.4,100.0,3
zack12359,5,1.8,0.0,0.0,0.0,20.0,100.0,2
mlbspenguinn,5,1,0.0,0.0,0.0,40.0,100.0,3
ch0co_chip,7,2.29,0.0,62.5,0.0,14.3,100.0,2
madmoxxii,12,2.08,40.0,0.0,8.3,33.3,100.0,1
baezmejia200,7,1.57,0.0,90.91,14.3,0.0,100.0,1
rachaking,9,5,0.0,0.0,0.0,77.8,100.0,4
gatenci0,5,1.2,0.0,0.0,0.0,60.0,100.0,1
mvrdok_,6,8.17,20.41,0.0,0.0,16.7,100.0,1
cawewo,8,4.75,0.0,26.32,0.0,12.5,100.0,1
187thesehoes,6,2,0.0,0.0,0.0,16.7,100.0,2
aaahhaaa,7,2.14,0.0,0.0,0.0,0.0,85.7,3
triumphreturns,5,2.6,0.0,0.0,0.0,20.0,100.0,1
dittz,27,3.78,29.41,0.0,0.0,18.5,100.0,1
omfgis_herrera,5,1,200.0,0.0,0.0,0.0,100.0,1
williwj,17,5.82,0.0,0.0,11.8,0.0,100.0,1
majidlionheart,7,2.71,0.0,0.0,28.6,42.9,85.7,4
destercl,5,2,0.0,100.0,0.0,0.0,100.0,1
lapanoshadethanos,17,2.18,0.0,0.0,0.0,0.0,100.0,1
rolothakid,22,2.91,31.25,0.0,0.0,9.1,100.0,1
nyx_haku,7,1.57,0.0,0.0,0.0,42.9,100.0,1
moxxzor,11,7.18,0.0,0.0,0.0,27.3,100.0,1
nosoyunbot99,9,3.56,0.0,31.25,22.2,66.7,100.0,1
sodwasdf,11,16.27,0.0,0.0,0.0,63.6,72.7,3
bangerz013,6,3.83,86.96,0.0,0.0,0.0,100.0,1
forestex,9,2.89,0.0,0.0,22.2,44.4,100.0,1
god_universal,7,2.71,0.0,0.0,0.0,14.3,100.0,1
brad_aok_tv,5,5.6,0.0,0.0,40.0,0.0,100.0,2
mattrok,5,4,0.0,0.0,0.0,20.0,100.0,1
40forte,10,1.6,0.0,0.0,20.0,20.0,80.0,3
lljb3,6,4.5,37.04,0.0,0.0,83.3,100.0,1
thesw1tch,20,4.45,33.71,11.24,5.0,0.0,100.0,1
aleval94,17,4.12,0.0,14.29,5.9,11.8,100.0,1
thisiseku,5,2,100.0,0.0,0.0,40.0,100.0,2
bill_and_ted_dude,6,8.5,19.61,0.0,0.0,0.0,100.0,1
sirius_lblack,6,3,0.0,0.0,0.0,33.3,100.0,1
lilboat9,9,1.56,0.0,0.0,0.0,44.4,88.9,2
brucewayne09,5,3.4,0.0,0.0,0.0,60.0,100.0,1
wolfenk1ng,5,6.6,0.0,30.3,0.0,0.0,100.0,1
kubz1,5,1.2,0.0,0.0,0.0,60.0,100.0,1
lemming0ncrack,7,5.71,0.0,0.0,0.0,28.6,0.0,1
cakefordindins,13,5.54,27.78,0.0,0.0,30.8,100.0,1
browsey,8,1.88,66.67,0.0,0.0,75.0,100.0,1
deathshadow2998,5,2,100.0,0.0,20.0,40.0,100.0,2
crimsonrx,9,1.44,0.0,0.0,0.0,33.3,100.0,1
fiendishly_juicy,13,3.08,0.0,0.0,0.0,38.5,100.0,1
pensquared,8,5.25,0.0,0.0,0.0,25.0,100.0,1
pretzelrocks,11,12,0.0,0.0,0.0,0.0,100.0,3
juicydoubles,13,3.54,21.74,0.0,0.0,30.8,100.0,1
knomad2b,5,1.8,111.11,0.0,0.0,40.0,100.0,1
shadow13jay,7,2.29,187.5,0.0,0.0,14.3,100.0,1
campymish,5,2,0.0,100.0,0.0,0.0,100.0,1
isaacs584,10,4.3,69.77,0.0,20.0,0.0,90.0,2
dioreborn,11,3.45,0.0,0.0,0.0,0.0,100.0,1
hellblade425,9,4.33,25.64,0.0,22.2,55.6,88.9,3
blackxcoco,7,1.71,0.0,0.0,0.0,57.1,100.0,1
rupecks,10,2.2,0.0,0.0,0.0,10.0,100.0,1
bwoogie,8,2.75,0.0,0.0,0.0,12.5,100.0,1
professor_dr_muffins,5,3.6,0.0,0.0,0.0,20.0,100.0,1
cnfirstcr,7,1.29,0.0,0.0,14.3,71.4,100.0,1
nenjeengs,5,1.8,0.0,0.0,0.0,60.0,100.0,1
friedmimi,13,2.69,0.0,0.0,0.0,61.5,100.0,2
xxlorddanixx,7,2,0.0,0.0,0.0,57.1,100.0,1
claudiia_kyu,6,5.17,0.0,0.0,0.0,0.0,100.0,1
resmos,6,14.5,0.0,0.0,16.7,33.3,100.0,2
ramenrehab,19,5.47,28.85,28.85,5.3,0.0,0.0,1
mitchell_or_dunard_garaus,7,6.14,0.0,0.0,14.3,14.3,100.0,1
ryu_long_dragon,9,2,0.0,0.0,0.0,55.6,100.0,2
hunteruu,5,7.6,26.32,0.0,40.0,0.0,0.0,1
greentea_ocha,28,1.68,0.0,0.0,0.0,39.3,100.0,5
303devilfish,12,2.17,0.0,0.0,0.0,50.0,41.7,2
1tsoktocry,43,13.44,27.68,0.0,0.0,41.9,100.0,4
luzo18,10,1.5,0.0,0.0,10.0,60.0,100.0,1
sremmos,5,2.4,0.0,0.0,0.0,0.0,0.0,1
nase9,12,6.25,0.0,0.0,8.3,0.0,0.0,2
purposefull,86,4.43,23.62,18.37,1.2,4.7,0.0,2
kurbadubdub,38,20.08,0.0,0.0,0.0,73.7,100.0,6
limecon,5,8.6,0.0,0.0,0.0,60.0,80.0,3
masca100,6,7.5,22.22,44.44,16.7,0.0,0.0,1
amphetere,7,6,0.0,0.0,0.0,14.3,0.0,1
imtwalt,6,5.33,62.5,31.25,0.0,16.7,0.0,1
simpleay,5,2.8,0.0,0.0,0.0,20.0,100.0,2
ali_ye,12,6.58,0.0,0.0,0.0,8.3,100.0,2
epicplyr,20,10.55,9.48,0.0,5.0,0.0,0.0,1
hravez,5,1.6,0.0,0.0,0.0,40.0,100.0,1
firemanzz,9,1.33,0.0,83.33,0.0,22.2,11.1,3
puffnstuff1,7,3.57,0.0,0.0,0.0,0.0,0.0,2
hodius,6,1.83,0.0,0.0,0.0,0.0,0.0,1
diqqdiq,16,10.38,0.0,0.0,0.0,50.0,93.8,6
lindsanxsaturno,6,4,0.0,41.67,0.0,0.0,100.0,1
runngun__,5,4.8,0.0,0.0,0.0,20.0,100.0,1
ismael37748,5,1.8,222.22,0.0,0.0,40.0,100.0,1
theflanimal,34,2.5,0.0,11.76,2.9,8.8,100.0,5
calibraso,7,10.57,0.0,0.0,0.0,42.9,57.1,4
p0wolf,5,7.8,0.0,0.0,0.0,0.0,0.0,1
minutte,8,1.5,0.0,0.0,0.0,37.5,62.5,2
never_subscribing,6,1.67,100.0,0.0,0.0,50.0,100.0,2
stevesalive,8,2.62,0.0,0.0,0.0,25.0,25.0,2
raja_banhammer,7,1.86,0.0,0.0,0.0,57.1,100.0,4
tbosd10,7,3.43,0.0,0.0,14.3,28.6,0.0,1
xsa33,7,5.57,0.0,0.0,0.0,42.9,100.0,1
jahvilla,6,3.83,0.0,0.0,16.7,33.3,100.0,3
deep1906,17,3.71,0.0,0.0,0.0,58.8,94.1,5
subr,8,1.12,111.11,0.0,0.0,12.5,12.5,3
shockmesane,6,3.83,0.0,43.48,0.0,16.7,0.0,1
zugrug,8,5.5,22.73,22.73,0.0,12.5,0.0,1
frank_98,13,3.15,24.39,0.0,0.0,30.8,100.0,2
irxnfxst,7,2.57,55.56,0.0,0.0,42.9,100.0,2
dolev_,14,2.93,24.39,24.39,0.0,21.4,92.9,5
semi_ojeleye,9,5.56,0.0,0.0,22.2,11.1,100.0,4
ventus_1337,28,2.14,16.67,0.0,3.6,10.7,100.0,3
unrstrctd,9,4,0.0,0.0,0.0,55.6,100.0,3
nicklovesrl,7,1.29,222.22,0.0,0.0,71.4,100.0,2
vvbishop,11,13.18,0.0,0.0,0.0,72.7,100.0,2
laxiusvp,10,1.1,0.0,0.0,10.0,50.0,100.0,4
imghostyhd,7,6.43,0.0,0.0,0.0,71.4,100.0,3
sitheriss,5,1.4,0.0,0.0,0.0,0.0,20.0,2
vell_x,5,3.4,0.0,0.0,20.0,20.0,100.0,3
nyorotunu,5,1.8,0.0,0.0,0.0,60.0,80.0,2
inub234,8,5.62,177.78,0.0,0.0,37.5,100.0,4
korequiem,16,29.06,0.0,6.45,6.2,81.2,100.0,2
shectar,5,1,0.0,0.0,0.0,0.0,100.0,3
muffinzero,5,2,0.0,100.0,0.0,0.0,0.0,1
skadj,19,4.79,0.0,10.99,0.0,5.3,0.0,2
jaraldhackington,34,6.32,32.56,4.65,0.0,2.9,100.0,1
rrownage1,5,7.2,0.0,0.0,0.0,0.0,100.0,1
chanceadvance,24,5.83,7.14,7.14,8.3,20.8,100.0,1
davesave,8,4.12,90.91,0.0,25.0,0.0,0.0,1
owneurmen,7,11.43,0.0,0.0,71.4,0.0,100.0,1
justinsix,12,11.33,14.71,0.0,8.3,0.0,100.0,2
theshiningkarp,11,3.64,0.0,0.0,0.0,0.0,100.0,1
gizmo292,55,4.51,80.65,8.06,7.3,0.0,100.0,1
pennywise134,5,3.6,0.0,0.0,20.0,20.0,100.0,1
new362,5,3.2,0.0,0.0,20.0,40.0,100.0,3
infinous_,27,4.67,0.0,0.0,3.7,0.0,96.3,2
xerxes_41,8,6.5,0.0,0.0,0.0,0.0,100.0,1
bootstraps,6,3.67,0.0,0.0,0.0,33.3,50.0,3
ronflexronflex,5,4.6,43.48,43.48,20.0,0.0,0.0,1
8drian,5,2,0.0,0.0,0.0,40.0,80.0,2
fakeuserbot,6,2,0.0,0.0,0.0,16.7,33.3,4
winterherz,7,15.86,0.0,0.0,0.0,0.0,100.0,1
colinjboots,37,4.16,25.97,19.48,13.5,8.1,97.3,2
alex7266,5,5.6,35.71,0.0,0.0,0.0,0.0,1
aleks007,7,10.71,0.0,0.0,42.9,14.3,0.0,1
nineteendays,5,11,18.18,0.0,0.0,0.0,100.0,1
axskillz,12,3.58,69.77,23.26,0.0,0.0,100.0,1
thekingofalbion,5,19.8,0.0,10.1,0.0,0.0,100.0,1
homicidal_hots,16,6.38,19.61,9.8,0.0,0.0,0.0,1
pickled_heretic,10,13.4,14.93,0.0,0.0,0.0,0.0,1
lb_onyx,8,4.12,0.0,0.0,25.0,0.0,100.0,1
vypres,5,6.4,0.0,62.5,0.0,0.0,100.0,1
cbcb379,5,1.2,0.0,0.0,0.0,60.0,100.0,3
xife_,23,5.52,39.37,23.62,0.0,4.3,0.0,2
itookwhoschaosvirginity,6,1.17,0.0,142.86,0.0,33.3,100.0,2
j103m,12,5,0.0,0.0,8.3,25.0,100.0,3
gavz0r,10,1.9,0.0,0.0,0.0,50.0,90.0,4
timesmall95,5,1.6,0.0,125.0,20.0,40.0,100.0,1
pretty_krazy,5,3,0.0,0.0,20.0,40.0,100.0,3
comedymister16,5,6.2,0.0,0.0,0.0,0.0,100.0,1
kkonabrotherr,7,5.86,0.0,0.0,0.0,42.9,100.0,2
australiandolphin,7,2,0.0,0.0,0.0,57.1,0.0,1
aquafeena,12,3.25,25.64,0.0,0.0,0.0,100.0,1
xxx_alejandro,8,2.75,0.0,0.0,0.0,37.5,100.0,3
k9kory,6,6.83,24.39,0.0,16.7,0.0,100.0,1
goldfishwishes,9,7.56,14.71,0.0,11.1,0.0,100.0,1
rabbit94j,6,2.67,62.5,0.0,66.7,0.0,100.0,1
vanillawafers4me,5,33.6,0.0,0.0,0.0,60.0,100.0,2
schregs,8,1.62,0.0,0.0,0.0,50.0,100.0,2
oswaldrs,7,2.14,0.0,66.67,0.0,28.6,42.9,3
elevatorgoblin,6,0.83,0.0,0.0,16.7,33.3,100.0,2
terryderry,8,6,0.0,41.67,0.0,0.0,100.0,1
zjm15,5,2.8,0.0,0.0,0.0,80.0,100.0,3
samuarango,5,7,0.0,0.0,0.0,60.0,100.0,3
utvol14,5,5.6,0.0,0.0,0.0,20.0,100.0,1
zeldadestroyr45,5,5.8,0.0,0.0,20.0,0.0,100.0,1
old_boy_,14,2.86,0.0,0.0,0.0,21.4,92.9,4
greg721,7,4,35.71,0.0,14.3,0.0,0.0,1
togetheralone,13,5.77,26.67,0.0,0.0,0.0,100.0,1
fujimode,8,30.62,0.0,0.0,0.0,62.5,100.0,2
diarrhea_planet_420,7,5.14,0.0,27.78,57.1,14.3,100.0,1
jamiston,6,8,41.67,0.0,0.0,0.0,0.0,1
corenith,16,4.69,26.67,13.33,0.0,37.5,100.0,4
k0r3anj3sus,5,4.2,0.0,0.0,0.0,60.0,60.0,4
benshin88,6,1.83,0.0,0.0,0.0,16.7,83.3,4
aang558811,6,7.17,0.0,0.0,33.3,0.0,100.0,1
anonymous_nobody_,13,4.15,0.0,0.0,0.0,23.1,69.2,3
pizdatiy_andrew,9,0,0.0,0.0,0.0,0.0,0.0,1
elchristiano_allkeyshop,50,6.9,46.38,0.0,0.0,6.0,100.0,1
kniques,9,1.22,0.0,0.0,0.0,22.2,100.0,5
murasakiwlf,118,6.49,3.92,5.22,0.0,2.5,100.0,1
taga9,13,0.15,0.0,0.0,0.0,0.0,0.0,1
poopyloopy1298,5,9.2,0.0,0.0,0.0,60.0,100.0,1
generalvoor,6,1.67,0.0,0.0,0.0,66.7,83.3,2
visman21,5,0.4,0.0,0.0,40.0,0.0,0.0,1
windows6,14,0.71,0.0,0.0,14.3,0.0,0.0,1
bloodspark_,6,2.33,71.43,71.43,0.0,33.3,100.0,2
wizebot,28,6.68,10.7,0.0,0.0,25.0,100.0,2
callumlawrenson,36,3.94,0.0,0.0,2.8,13.9,52.8,3
snusbot,20,11.45,0.0,0.0,0.0,0.0,0.0,1
fahad_789,10,5.4,0.0,18.52,10.0,30.0,30.0,2
afloatingdonut,6,2.17,76.92,76.92,16.7,33.3,83.3,3
shaxperiment,21,4.05,47.06,0.0,9.5,19.0,100.0,1
celestialfruit,10,4.1,73.17,0.0,0.0,20.0,70.0,6
lhizza,37,5.81,51.16,4.65,10.8,0.0,100.0,1
softroses,6,2,0.0,0.0,0.0,50.0,100.0,2
aksgiveawaybot,88,15.4,0.0,0.0,0.0,0.0,100.0,1
dasneakyasian,6,1.67,0.0,0.0,0.0,33.3,0.0,1
iflowiex,29,2.86,48.19,12.05,6.9,3.4,100.0,4
darklightrising,8,2.75,0.0,0.0,0.0,0.0,0.0,1
losetv,23,3.04,42.86,0.0,0.0,4.3,0.0,1
jstev1,8,3.5,0.0,0.0,0.0,0.0,0.0,1
pumptrain,14,4.5,0.0,15.87,14.3,14.3,0.0,1
kensta,6,2.33,0.0,0.0,0.0,16.7,0.0,1
broman,6,16.5,10.1,0.0,16.7,0.0,0.0,1
notoriouscryptic,5,8.2,24.39,0.0,0.0,0.0,0.0,1
am_azing,9,4.44,0.0,0.0,0.0,11.1,0.0,1
seraphimcrypto,5,7.6,0.0,0.0,0.0,20.0,0.0,1
gamerhead,29,3.9,0.0,0.0,3.4,24.1,10.3,2
a_dmg04,21,3.38,0.0,0.0,9.5,23.8,0.0,1
sae_niijima,5,2.2,0.0,0.0,0.0,20.0,0.0,1
boltydestiny,5,6.6,30.3,0.0,20.0,40.0,0.0,1
commandercartmen,25,5.84,6.85,6.85,0.0,20.0,0.0,2
ilulu,6,7.5,44.44,0.0,0.0,33.3,0.0,1
vanguardselite77,5,3.8,105.26,0.0,0.0,20.0,0.0,1
russc2503,5,6,0.0,0.0,0.0,20.0,0.0,1
some_salafiguy,5,8.2,24.39,0.0,0.0,0.0,0.0,1
notheowner,6,1.67,0.0,0.0,0.0,0.0,0.0,2
kennertv,9,5.56,80.0,0.0,22.2,11.1,0.0,1
emboarboy202,5,2.4,0.0,0.0,0.0,0.0,0.0,1
agallon3,8,2.88,0.0,0.0,0.0,0.0,0.0,1
chronodiem1,5,2.4,0.0,0.0,0.0,0.0,0.0,1
mr_hollymod,5,4.8,0.0,0.0,0.0,0.0,0.0,1
jsniperton,14,4.29,50.0,0.0,0.0,21.4,0.0,1
ghostgits,6,2,0.0,0.0,16.7,50.0,0.0,1
ayyitschevy,27,4.78,0.0,7.75,0.0,7.4,0.0,1
fartinhaler69_,6,4,0.0,0.0,0.0,0.0,0.0,1
pixie_x0,8,7,0.0,0.0,12.5,0.0,0.0,1
fawcantv,13,17.15,0.0,0.0,0.0,7.7,46.2,3
butulkus,7,0.57,0.0,0.0,0.0,0.0,0.0,1
intelligent_iea,8,5,25.0,50.0,12.5,12.5,0.0,1
falloutplays,5,3.6,55.56,0.0,0.0,0.0,0.0,1
thancle,8,0.12,0.0,0.0,12.5,0.0,0.0,1
silentpete3184,6,6.67,0.0,0.0,0.0,0.0,0.0,1
ed0mer,30,7.37,0.0,0.0,0.0,23.3,100.0,2
sohu,20,2.4,0.0,41.67,10.0,25.0,95.0,2
carolinagamer99,21,3.67,12.99,12.99,0.0,0.0,0.0,1
cassel_de,24,0.5,0.0,0.0,4.2,0.0,0.0,1
cryptik7,15,2.27,0.0,0.0,0.0,33.3,93.3,3
themadbailaor,22,5.45,0.0,0.0,13.6,4.5,0.0,2
jeffrey_wong123,10,4.9,0.0,0.0,20.0,0.0,0.0,1
salsafrog,32,2,0.0,0.0,6.2,46.9,81.2,7
entropyfull,8,3.88,0.0,0.0,0.0,50.0,100.0,1
shaggy_lives_,5,12,16.67,0.0,20.0,0.0,0.0,1
ripvanwinkler,8,1.38,0.0,0.0,25.0,62.5,37.5,4
ursamario,5,2.2,0.0,0.0,0.0,0.0,0.0,1
laggy_eu,7,3.86,0.0,0.0,0.0,57.1,71.4,2
ttv_hondo,5,2.8,71.43,0.0,0.0,40.0,0.0,1
mcp0x,5,0,0.0,0.0,0.0,0.0,0.0,1
daft_gank,5,3.6,0.0,55.56,20.0,0.0,0.0,1
botleft41,8,1.25,0.0,0.0,0.0,25.0,100.0,1
thelividlion,12,11.42,51.09,0.0,0.0,8.3,0.0,1
haris82,6,5.67,29.41,0.0,16.7,0.0,83.3,2
jackripper2017,7,0,0.0,0.0,0.0,0.0,0.0,1
west4u2,22,6.14,14.81,7.41,13.6,9.1,0.0,2
rompystompy,8,9.12,13.7,0.0,50.0,12.5,0.0,1
brooksyn,9,1.56,71.43,0.0,0.0,33.3,88.9,6
fanofsalmon,13,6,12.82,0.0,0.0,15.4,100.0,3
spita__,5,19.6,0.0,0.0,0.0,20.0,100.0,1
sh0p0w1,5,9.2,0.0,0.0,0.0,80.0,80.0,4
destinynewsforyou,7,3.71,76.92,0.0,0.0,14.3,0.0,1
pikachuu,8,5.5,0.0,0.0,0.0,12.5,0.0,1
randers00,16,6.62,0.0,0.0,0.0,6.2,43.8,2
wtfgamenation,11,5.82,78.12,0.0,9.1,0.0,0.0,1
yooniversee,7,3.71,0.0,0.0,14.3,14.3,85.7,2
segurocarlos,9,4.44,25.0,0.0,0.0,0.0,0.0,2
tobi_667,6,4.5,0.0,0.0,16.7,0.0,0.0,1
ultravore,16,8.94,13.99,0.0,18.8,18.8,100.0,1
wolfinpdx,7,2.71,105.26,0.0,14.3,42.9,85.7,2
kotyara0401,5,0,0.0,0.0,20.0,20.0,0.0,1
alertbro,12,1.33,0.0,0.0,25.0,25.0,0.0,1
thunder993,5,5,80.0,0.0,0.0,20.0,0.0,2
n_o_n_e_,9,3.22,0.0,0.0,0.0,55.6,77.8,6
solya143,5,0,0.0,0.0,0.0,0.0,0.0,1
oxygenboy115,5,2,0.0,0.0,0.0,0.0,80.0,2
maddokawai,12,1.67,0.0,0.0,0.0,41.7,0.0,3
gr1mm_reaper1no,8,10.12,0.0,0.0,0.0,0.0,0.0,2
thomas_kigh,6,4,0.0,0.0,16.7,16.7,0.0,1
girr_squad,5,10.4,19.23,0.0,20.0,60.0,0.0,1
oves322,26,0.04,0.0,0.0,0.0,3.8,0.0,1
terroristwookiee,17,1.06,0.0,0.0,5.9,29.4,100.0,2
r17411n,17,2.71,21.74,0.0,0.0,11.8,100.0,1
thermicbasil,9,8.33,0.0,0.0,0.0,0.0,0.0,1
d3sti,9,2.33,0.0,0.0,0.0,44.4,100.0,4
melvindorkus,17,6.53,9.01,0.0,5.9,23.5,94.1,2
ttl_cashouttv,29,4.55,0.0,0.0,0.0,3.4,0.0,1
theshadock,21,1.29,0.0,0.0,0.0,23.8,76.2,3
lukasss_ttv,27,11.44,0.0,0.0,0.0,0.0,0.0,1
xerafimy,7,5.29,0.0,0.0,14.3,85.7,0.0,1
bloodtre,18,13.78,0.0,0.0,0.0,0.0,0.0,1
the_geovano,5,2.6,0.0,0.0,0.0,0.0,0.0,1
aggrometa,9,3.11,71.43,0.0,11.1,11.1,0.0,2
c_l_i_c_k,10,1.8,55.56,0.0,0.0,20.0,0.0,1
iownyouanyway,15,2.33,0.0,0.0,6.7,26.7,100.0,3
foreveralonehero,5,7.6,0.0,0.0,0.0,0.0,0.0,1
notklaw,9,5.67,0.0,0.0,11.1,0.0,0.0,1
subjugation,8,2,62.5,0.0,0.0,87.5,87.5,2
fellishbeast,5,3,66.67,0.0,0.0,20.0,80.0,3
kylatagadi,63,7.87,6.05,10.08,19.0,1.6,100.0,1
ruhuna_saglik_ruhsar,15,7.07,0.0,0.0,0.0,60.0,100.0,1
mrcqkma61,15,6.27,0.0,0.0,0.0,0.0,100.0,1
disphorex,5,7.4,0.0,0.0,0.0,0.0,100.0,1
curse_eminc,7,3.14,0.0,0.0,14.3,57.1,42.9,2
funcraft0,8,3.25,0.0,0.0,0.0,50.0,100.0,1
redds_dead,5,1.8,111.11,111.11,0.0,0.0,0.0,1
hahahahahahahahahahahaaa,8,2.75,0.0,0.0,0.0,0.0,100.0,1
sanimainen,6,14.83,0.0,0.0,0.0,33.3,100.0,1
justrussko,49,3.51,34.88,23.26,0.0,4.1,100.0,1
parabuteounicinctus,6,1.83,90.91,0.0,0.0,16.7,100.0,1
frostyggwp,25,3.72,0.0,32.26,0.0,16.0,100.0,1
opianx,6,2.83,0.0,0.0,0.0,0.0,100.0,1
miinato,28,4.64,0.0,0.0,0.0,3.6,100.0,2
bigluke575,13,1.46,0.0,0.0,7.7,7.7,0.0,1
sqlastic,6,5.17,0.0,0.0,0.0,16.7,100.0,1
volvagia,5,4.6,0.0,0.0,0.0,0.0,0.0,1
vardanmu,5,0,0.0,0.0,0.0,0.0,0.0,1
promet61,6,5,0.0,0.0,0.0,0.0,100.0,1
jokezorr,5,3.4,0.0,0.0,20.0,0.0,80.0,3
alusu_,19,5.11,10.31,0.0,0.0,42.1,100.0,3
classicdog0,5,2.8,71.43,0.0,0.0,0.0,0.0,2
dinksypoo,7,7.57,18.87,18.87,0.0,0.0,0.0,1
antonjy,11,2.18,0.0,0.0,0.0,36.4,100.0,1
boscrelead,6,9,0.0,0.0,0.0,33.3,100.0,1
vrnslam,13,11.31,0.0,0.0,0.0,15.4,100.0,1
fellfyre,6,2.33,71.43,0.0,16.7,0.0,100.0,1
foreverfiresnsd,9,2.78,0.0,0.0,11.1,33.3,100.0,1
robbinhood,17,5.06,0.0,0.0,5.9,47.1,94.1,4
brotherarman,6,1,166.67,0.0,0.0,50.0,100.0,2
vcenzolorenzo,5,2.4,0.0,0.0,0.0,0.0,100.0,2
asianjeff,23,19.35,31.46,0.0,4.3,13.0,0.0,1
varygoode,15,8.07,132.23,0.0,13.3,53.3,100.0,4
johnnykirisaki,6,2,0.0,0.0,0.0,50.0,100.0,2
etzbatschts,13,11.69,6.58,6.58,0.0,0.0,0.0,1
idontpoke,7,4.43,96.77,32.26,14.3,14.3,85.7,2
srpheaxx,8,4.88,0.0,25.64,0.0,0.0,100.0,1
odtsdog,18,4.11,0.0,0.0,0.0,16.7,100.0,2
ethovski1,7,3.71,0.0,0.0,0.0,28.6,100.0,1
sandbear_,7,0.86,0.0,0.0,14.3,42.9,100.0,3
puptime,5,5,0.0,0.0,0.0,0.0,100.0,2
vidanjor07,10,3.8,0.0,0.0,0.0,20.0,100.0,1
dugduo6,6,2.17,0.0,0.0,0.0,0.0,100.0,3
malafatcocktail,5,5.8,0.0,0.0,0.0,20.0,100.0,1
onetrickblackpanter,6,9.83,0.0,0.0,0.0,16.7,100.0,1
shark_bait14,6,2.5,0.0,0.0,0.0,16.7,100.0,2
agentfox25,9,8.67,12.82,0.0,11.1,22.2,100.0,4
zepzeygul,7,2.86,50.0,0.0,0.0,0.0,100.0,1
mustiraikkonen,7,5.14,0.0,0.0,0.0,85.7,0.0,1
inyans,12,4.58,18.18,0.0,0.0,25.0,0.0,1
terriblend,7,5.57,0.0,0.0,0.0,28.6,100.0,2
luminerr,10,1.6,62.5,0.0,0.0,40.0,100.0,1
undeniablepng,14,4.43,0.0,0.0,0.0,28.6,100.0,1
neojaron,5,14.2,0.0,0.0,0.0,0.0,0.0,1
yiu113,9,4.89,0.0,22.73,22.2,22.2,0.0,1
ninjustuuser,8,4.12,0.0,0.0,0.0,12.5,0.0,1
surfboard,8,3.75,0.0,0.0,37.5,37.5,87.5,4
kalesta,7,5.57,0.0,0.0,14.3,0.0,100.0,1
mushroomsushi,5,1.6,0.0,0.0,0.0,40.0,100.0,2
willitbe,5,5.2,38.46,38.46,0.0,40.0,0.0,2
link5261,5,9.8,0.0,0.0,40.0,0.0,0.0,1
slowburner421,6,3,55.56,0.0,16.7,0.0,0.0,1
ceeyhuntekin,12,4.17,0.0,0.0,0.0,8.3,100.0,1
bestliameu,7,20,0.0,0.0,14.3,71.4,100.0,2
olisikimingor,7,8,0.0,0.0,0.0,0.0,100.0,1
abrokenhanger,5,3.2,0.0,0.0,0.0,0.0,0.0,1
bosyapanhavuc,5,3.6,0.0,0.0,0.0,40.0,100.0,1
jmfs1989,7,8.57,16.67,0.0,57.1,0.0,0.0,1
the_hunk,13,3.62,0.0,21.28,0.0,23.1,15.4,2
gospodin200226,5,0,0.0,0.0,0.0,20.0,0.0,1
dan_0223,20,4.5,88.89,11.11,10.0,0.0,100.0,1
mattweil,7,8.43,16.95,0.0,0.0,14.3,0.0,1
pig_benis_,6,2,0.0,0.0,0.0,50.0,16.7,2
celwind,10,1.9,52.63,0.0,0.0,30.0,80.0,3
taranama,11,4.36,41.67,0.0,0.0,0.0,81.8,2
jamaalhung,5,2.8,0.0,71.43,0.0,0.0,80.0,2
darkrow_,9,4.67,47.62,0.0,0.0,11.1,0.0,1
junglist_soldier,5,4.4,0.0,0.0,0.0,20.0,80.0,2
stop_using_xd,5,1,0.0,0.0,0.0,60.0,60.0,4
kulaaid,5,8,25.0,0.0,20.0,0.0,0.0,1
archieaka,7,0,0.0,0.0,28.6,0.0,0.0,1
alsarenn,11,1,0.0,0.0,0.0,0.0,100.0,1
wondex1337,12,1.5,0.0,0.0,8.3,8.3,0.0,1
motorjam,8,4.62,0.0,0.0,0.0,37.5,0.0,2
lacazrie,10,1.7,0.0,0.0,10.0,40.0,0.0,2
mssbunnii,32,5.03,62.11,6.21,3.1,3.1,0.0,1
sekoates,6,4.17,0.0,0.0,0.0,66.7,100.0,1
marimari222,16,1.5,0.0,41.67,0.0,25.0,100.0,5
schnozzola,12,12.58,72.85,0.0,0.0,0.0,0.0,1
hierotitan_1,6,1.5,0.0,0.0,0.0,33.3,16.7,3
cosmic_glider,5,4.2,47.62,0.0,0.0,40.0,80.0,2
jamjacjoe,5,1.4,0.0,0.0,0.0,40.0,0.0,2
m0ment,5,1.6,0.0,0.0,0.0,100.0,60.0,2
foreverpercabeth,7,5.71,0.0,0.0,0.0,14.3,100.0,1
punchy06,8,4.12,30.3,0.0,25.0,0.0,100.0,1
trex6821,5,3.6,0.0,0.0,0.0,60.0,100.0,1
kukoldboy,8,0.25,0.0,0.0,25.0,62.5,0.0,1
khazixxx,8,3.88,0.0,0.0,12.5,50.0,0.0,1
sarcasticcon,8,5.62,0.0,0.0,0.0,50.0,100.0,2
pudees_,17,26.47,2.22,0.0,0.0,82.4,100.0,2
maxer_jax,5,3.2,62.5,0.0,20.0,40.0,0.0,1
hozien,6,0.83,0.0,0.0,0.0,16.7,100.0,1
ndrdgn,29,1.9,0.0,0.0,0.0,13.8,100.0,2
cs_g10,5,3.4,0.0,0.0,0.0,0.0,100.0,1
aldosimoncini,10,5.8,0.0,0.0,0.0,0.0,100.0,1
kastamonuefesi19,14,5.14,0.0,0.0,0.0,14.3,100.0,1
ajp1styles,15,3.27,0.0,0.0,0.0,0.0,100.0,1
srkadir,31,0.35,0.0,0.0,0.0,0.0,100.0,1
saltandvinegar,12,5.75,0.0,0.0,8.3,0.0,100.0,1
stussy_lol,12,2.67,0.0,0.0,8.3,0.0,100.0,1
razor0608,5,4.6,0.0,0.0,0.0,0.0,100.0,1
peteralexeevichkropotkin,5,3.6,0.0,0.0,20.0,0.0,100.0,1
omerkursat,7,5.14,0.0,0.0,0.0,0.0,100.0,1
erencan1638,8,4.12,0.0,0.0,0.0,0.0,100.0,1
foxalo,8,5.75,0.0,0.0,0.0,0.0,100.0,1
isayko,9,13.89,0.0,0.0,0.0,0.0,100.0,1
twiff_,15,4.93,0.0,0.0,0.0,0.0,100.0,1
senisevenkamyoncu,22,7.86,0.0,0.0,18.2,0.0,100.0,1
ricksanchez1212,11,3,0.0,0.0,0.0,0.0,100.0,1
witchk1ng,6,4.33,0.0,0.0,0.0,0.0,100.0,1
jahrebin,7,1.43,0.0,0.0,0.0,0.0,100.0,1
ucme,7,4.29,0.0,0.0,0.0,0.0,100.0,1
destinyisall_,7,7.43,19.23,0.0,0.0,0.0,0.0,1
kayadot,42,5.17,0.0,0.0,0.0,0.0,100.0,1
redturtles15,9,3.44,0.0,0.0,0.0,0.0,100.0,2
quaresma713,8,4,0.0,0.0,0.0,25.0,100.0,1
emrahnomad,8,5.25,0.0,0.0,0.0,0.0,100.0,1
barisdemirel_,12,3.33,25.0,0.0,0.0,8.3,100.0,1
mahsenlimehdi,6,5.33,0.0,0.0,16.7,33.3,100.0,1
klarsynthet,20,4.1,0.0,0.0,0.0,0.0,100.0,1
barut46,5,5,0.0,0.0,0.0,0.0,100.0,1
defakkarto,12,2.42,0.0,0.0,0.0,0.0,100.0,1
filkuyruk,6,5.17,0.0,0.0,0.0,0.0,100.0,1
cosmo1kramer,19,2.05,0.0,0.0,0.0,5.3,100.0,1
penguein,9,3.89,0.0,0.0,0.0,0.0,100.0,1
knightmarefart,6,3.17,0.0,0.0,0.0,0.0,0.0,1
hyperionxu,7,4.14,0.0,0.0,0.0,42.9,100.0,1
kingo_disco_,8,6,0.0,0.0,0.0,0.0,100.0,1
darthtormentth,6,4,0.0,0.0,16.7,0.0,100.0,1
furkanaritmis,17,3.29,0.0,0.0,0.0,0.0,100.0,1
strangeagle,5,2.6,0.0,0.0,0.0,0.0,100.0,1
artyomthebravest,11,3.36,0.0,0.0,9.1,18.2,100.0,1
reptilector,18,1.89,29.41,29.41,0.0,0.0,0.0,1
ggitwasmesmile,5,6.4,62.5,0.0,40.0,0.0,0.0,1
tylerdudemalafaka,16,10.75,0.0,0.0,12.5,0.0,100.0,1
gereksizbirsoru,9,6.11,0.0,0.0,0.0,0.0,100.0,1
kocayusuf14,9,3.33,0.0,0.0,0.0,88.9,100.0,1
aiopuc66,5,4,0.0,0.0,0.0,0.0,100.0,1
sessizbaho,6,5.83,0.0,0.0,33.3,50.0,100.0,1
akslepiosa,7,7.57,0.0,0.0,0.0,0.0,100.0,1
daisylol,11,6.27,0.0,0.0,9.1,0.0,100.0,1
qdnz,5,1.6,0.0,0.0,0.0,0.0,100.0,1
risayyavuz,8,4.75,0.0,0.0,12.5,0.0,100.0,2
chimeranexus,8,4.25,29.41,0.0,0.0,0.0,100.0,1
fatih_genc,8,2.88,0.0,0.0,0.0,12.5,100.0,1
leenazski,7,6.43,0.0,0.0,0.0,0.0,100.0,1
mnalover,6,2.5,0.0,0.0,0.0,33.3,66.7,3
turquoitto,6,3.17,0.0,0.0,16.7,0.0,100.0,1
10ffurkan,6,5,0.0,0.0,0.0,16.7,100.0,1
fistingcisahap,6,5,0.0,0.0,0.0,0.0,100.0,1
thebunnyslayer7,5,3.8,0.0,0.0,0.0,0.0,100.0,1
huysa_,6,2.5,0.0,0.0,0.0,33.3,100.0,1
proper17,11,5.36,0.0,0.0,9.1,0.0,100.0,1
rahmelii,6,2.5,0.0,0.0,0.0,0.0,100.0,1
trymgh,11,1.18,0.0,0.0,0.0,36.4,72.7,3
brazydeadbank,7,4.71,30.3,0.0,0.0,0.0,0.0,1
fecifaka,6,5.5,0.0,0.0,16.7,0.0,100.0,1
pitchfork_,9,2,0.0,0.0,0.0,55.6,11.1,2
eleminy,5,4.6,0.0,0.0,20.0,0.0,100.0,1
earl2thedome,5,19.6,10.2,0.0,0.0,0.0,100.0,2
elnino782,6,4.5,0.0,0.0,0.0,0.0,100.0,1
hangia,7,2.57,0.0,0.0,14.3,28.6,100.0,4
tri_tm,5,35.2,0.0,0.0,0.0,80.0,100.0,2
thanefo,5,4.2,47.62,0.0,0.0,0.0,0.0,1
bitsnoxx,15,16.8,0.0,0.0,0.0,53.3,100.0,2
aimew,8,5,0.0,0.0,0.0,37.5,100.0,1
gremble,9,3.11,0.0,35.71,0.0,22.2,88.9,3
xcreampieex,5,5.8,0.0,0.0,0.0,20.0,100.0,1
toastedbreade,11,2.18,0.0,0.0,9.1,18.2,100.0,4
pinvin_,5,5.2,0.0,0.0,0.0,0.0,100.0,3
ddqq,7,3.86,0.0,0.0,0.0,0.0,0.0,1
sirdogukanaslan,6,3.33,0.0,0.0,16.7,0.0,100.0,1
cuteoldcouple,7,14.86,0.0,0.0,14.3,57.1,100.0,3
gridironh3ro2,6,5.5,0.0,0.0,0.0,33.3,66.7,3
johnkilo3,14,3.64,0.0,0.0,0.0,42.9,100.0,1
brotha_lynch,5,2.2,90.91,0.0,0.0,80.0,100.0,1
bxhaze87,18,1.83,90.91,0.0,0.0,66.7,0.0,1
ryan_white,9,3.56,62.5,0.0,0.0,0.0,100.0,1
yungpapi,7,3,0.0,0.0,0.0,42.9,14.3,2
megaskeletor,17,3.82,46.15,15.38,0.0,41.2,100.0,1
captain_kidney,8,3.12,0.0,0.0,0.0,0.0,100.0,1
sjvm1123,6,4,0.0,0.0,0.0,0.0,100.0,1
greenpossum,9,8.22,67.57,13.51,0.0,11.1,100.0,1
derplord9000,7,4,0.0,0.0,0.0,14.3,100.0,1
redeemeer,7,4.43,0.0,32.26,28.6,0.0,100.0,1
otis____,13,3.38,0.0,0.0,0.0,0.0,100.0,1
mrzuben,6,3.33,100.0,50.0,0.0,16.7,100.0,1
captaink1rk55,5,1.4,0.0,0.0,0.0,20.0,100.0,1
endlessnameless0,8,1.25,100.0,0.0,0.0,37.5,100.0,1
shaggy510,7,2.43,0.0,0.0,0.0,42.9,100.0,1
farmermanbill,5,1.6,0.0,0.0,0.0,20.0,100.0,2
wildwayne,20,2.55,39.22,0.0,15.0,50.0,100.0,1
wasabiroll,5,5.8,0.0,0.0,0.0,0.0,100.0,4
n00ber,5,3.2,0.0,0.0,0.0,60.0,100.0,1
dwhitewidow,19,2.58,40.82,0.0,0.0,42.1,100.0,1
deadeyegnome,5,1.4,0.0,0.0,0.0,40.0,100.0,1
stabbindragon,9,3.11,0.0,0.0,0.0,33.3,100.0,1
jakevsall,14,4.64,0.0,15.38,0.0,28.6,50.0,4
reomurphy,5,1.8,0.0,0.0,0.0,20.0,100.0,2
tomahawk,7,2.86,50.0,0.0,14.3,0.0,100.0,1
wanderingskull,9,3.44,32.26,0.0,0.0,22.2,100.0,1
vlomp,5,1.6,0.0,0.0,0.0,20.0,20.0,2
savage0ne,14,3.36,127.66,0.0,14.3,42.9,100.0,1
chrisindc,6,3.33,50.0,0.0,16.7,16.7,100.0,1
northernmongo,5,2.4,0.0,0.0,20.0,0.0,100.0,1
elgenki,6,4.83,0.0,0.0,16.7,16.7,100.0,1
rubinvd,10,2.8,0.0,0.0,0.0,20.0,100.0,7
dagishta,17,3.41,0.0,17.24,0.0,29.4,100.0,1
reverend_phil,9,4.89,22.73,0.0,33.3,0.0,100.0,1
mrroboyak,7,3.43,41.67,0.0,0.0,14.3,100.0,1
mitonera,5,5.6,35.71,0.0,20.0,40.0,100.0,1
dalkanar,13,3.31,0.0,46.51,0.0,23.1,100.0,1
bloodysindrome,5,1.4,0.0,0.0,0.0,20.0,100.0,1
sweet_giirl,5,1.2,0.0,0.0,0.0,60.0,100.0,1
saintbash,8,5.38,0.0,0.0,0.0,25.0,87.5,2
merssene557,6,1,166.67,0.0,0.0,66.7,33.3,4
zigarot,10,5.7,35.09,17.54,10.0,0.0,100.0,1
coltronic,8,3,83.33,125.0,0.0,50.0,100.0,1
captainraykin,6,7.33,0.0,0.0,33.3,16.7,100.0,1
moredin,6,2.67,62.5,0.0,16.7,50.0,100.0,1
h82talk,7,3.86,37.04,37.04,0.0,0.0,100.0,1
veinbe,5,4.4,0.0,45.45,0.0,0.0,100.0,3
nerouvs,6,3.33,0.0,50.0,16.7,50.0,0.0,2
ryphos,10,3.9,51.28,25.64,10.0,50.0,100.0,1
r2_d26,11,7.73,23.53,23.53,0.0,0.0,0.0,1
taitycakes,9,3.22,68.97,0.0,0.0,0.0,100.0,1
duvfy,6,3.83,43.48,0.0,16.7,33.3,100.0,1
spookyrandi,7,2.29,125.0,0.0,0.0,28.6,100.0,1
kerzi_x,9,1.22,90.91,0.0,0.0,33.3,100.0,1
turbantaj,13,2.54,0.0,0.0,0.0,30.8,92.3,3
audio34,13,5.46,14.08,0.0,15.4,0.0,100.0,4
oscarm1919,5,2.8,0.0,0.0,0.0,20.0,100.0,1
tastytv,5,3.8,105.26,0.0,0.0,20.0,100.0,1
affectus3,5,3,0.0,0.0,0.0,0.0,100.0,1
fluffythewaffle,5,1,0.0,0.0,0.0,0.0,100.0,1
jimmyjongos,11,4.55,20.0,20.0,9.1,36.4,81.8,3
kaiochi,8,3.88,0.0,0.0,0.0,25.0,0.0,2
seppal09,6,3.17,0.0,0.0,16.7,0.0,16.7,3
registeredlooser,6,2,0.0,0.0,33.3,0.0,100.0,1
pumpedbanana,6,2.5,0.0,0.0,33.3,16.7,100.0,2
maze_misty,5,2.8,71.43,0.0,0.0,0.0,0.0,1
carlpoppa7188,5,6.8,0.0,0.0,0.0,0.0,100.0,1
jmac116,5,3.4,0.0,0.0,0.0,0.0,100.0,1
novacroww,5,1.2,0.0,0.0,0.0,80.0,100.0,1
truzgarefe,9,2.56,0.0,0.0,0.0,33.3,100.0,1
nihil_ic,5,2.4,0.0,0.0,0.0,0.0,20.0,2
uncleworry,8,9.12,0.0,0.0,25.0,0.0,0.0,1
sirbrocktherock,15,2.87,0.0,0.0,0.0,6.7,100.0,6
tigerspec,16,1.69,148.15,0.0,0.0,43.8,100.0,1
tomwyr_,5,2,0.0,0.0,0.0,40.0,0.0,1
crazymariann,11,1,0.0,0.0,0.0,45.5,100.0,1
ghosttiger,8,2.5,50.0,0.0,0.0,25.0,100.0,1
sensesdeprived,6,3,55.56,0.0,0.0,66.7,100.0,1
fish_sauce,6,1.5,0.0,0.0,0.0,50.0,66.7,4
zximpactxz,6,0.83,0.0,0.0,0.0,66.7,100.0,1
lowery_,5,1,0.0,0.0,0.0,60.0,100.0,1
kalpazansuat,7,6.43,0.0,0.0,0.0,14.3,100.0,1
apporto,11,1,0.0,0.0,0.0,18.2,45.5,6
justrhyn,9,3.11,107.14,0.0,0.0,0.0,100.0,1
letoucanepikmaymay,6,2.5,0.0,66.67,0.0,0.0,83.3,4
devklokz,7,2.14,0.0,0.0,0.0,14.3,28.6,3
liana_s,10,3.4,117.65,0.0,0.0,10.0,100.0,1
hfryde,5,4.6,43.48,0.0,40.0,0.0,100.0,2
hdo4ever,6,5.83,0.0,28.57,0.0,0.0,100.0,1
phenomenallyfantastic,6,5.83,28.57,0.0,16.7,16.7,100.0,1
captainbilldog,5,3.8,0.0,0.0,0.0,0.0,100.0,1
jeydiibii,13,5.08,0.0,0.0,0.0,15.4,0.0,1
ruxis,6,6.33,26.32,0.0,0.0,0.0,0.0,1
gauss_8,5,1.2,0.0,0.0,0.0,0.0,80.0,4
realrichardbluetwig,5,1.8,111.11,0.0,0.0,0.0,100.0,1
tracedout,17,6.24,0.0,0.0,11.8,11.8,0.0,1
pennyjenny,25,4.92,16.26,8.13,4.0,32.0,0.0,1
melissavolont,20,5,10.0,10.0,10.0,25.0,0.0,1
kaliforniasleep,8,4.62,0.0,0.0,0.0,12.5,0.0,1
cat92,5,1.2,0.0,0.0,0.0,0.0,0.0,1
basmoran,13,10.69,7.19,14.39,15.4,7.7,0.0,1
anaryaa_,14,3.57,0.0,20.0,7.1,7.1,0.0,1
fakesemaj,70,10.64,0.0,0.0,11.4,1.4,0.0,1
auxrilla,6,2.83,117.65,0.0,0.0,33.3,100.0,1
brorahm,5,6,0.0,0.0,0.0,0.0,100.0,2
ominouschakra,5,3.8,0.0,0.0,0.0,60.0,100.0,1
kamapuaa,9,2.67,0.0,0.0,0.0,44.4,66.7,4
spillylive,6,2.33,0.0,0.0,0.0,33.3,100.0,1
infinite_9,5,6,0.0,0.0,0.0,40.0,100.0,1
rhythmblue,7,3.14,0.0,0.0,0.0,14.3,0.0,3
host_mod,61,3.9,46.22,4.2,9.8,3.3,100.0,1
kroniikx,6,2,0.0,83.33,0.0,33.3,66.7,3
h3lladvocate,6,1.83,0.0,0.0,0.0,0.0,0.0,1
biggerdangdude,6,4.17,0.0,0.0,0.0,66.7,0.0,1
icecalibuz,6,7,47.62,0.0,0.0,16.7,0.0,1
shinigami420,5,1,0.0,0.0,0.0,40.0,100.0,2
chrono945,6,2.83,58.82,0.0,0.0,33.3,33.3,3
808mate,6,4.33,0.0,0.0,0.0,0.0,100.0,1
gamertagraylon,6,7.33,45.45,0.0,16.7,0.0,0.0,1
itstbak,9,6.56,0.0,0.0,0.0,11.1,0.0,1
kaceytronswhiteknight,5,3.8,0.0,0.0,0.0,60.0,0.0,2
pigman0005,5,3.4,0.0,0.0,0.0,0.0,0.0,1
furryfailure,14,7.36,29.13,0.0,0.0,21.4,0.0,1
crosis86,5,4,50.0,0.0,0.0,40.0,100.0,1
itz_crispyz,22,3.77,12.05,24.1,4.5,13.6,95.5,2
grizzlyadams_dfw,6,2.5,133.33,0.0,0.0,66.7,83.3,3
foxboltz,11,4.91,18.52,0.0,9.1,18.2,9.1,2
19southmainco,7,5.14,0.0,0.0,14.3,0.0,0.0,1
falky23,9,8,0.0,0.0,33.3,0.0,0.0,1
dustindewynn,6,2.33,214.29,0.0,0.0,0.0,100.0,1
duskerzz,8,6.75,0.0,0.0,37.5,25.0,0.0,1
tyidorpvp,8,2.75,45.45,0.0,0.0,25.0,0.0,1
yufukas01,6,0.83,0.0,0.0,0.0,16.7,0.0,3
rafeddhin,5,3.6,0.0,0.0,0.0,40.0,100.0,1
fyzzu,6,7.5,44.44,0.0,0.0,0.0,0.0,1
jordann93,5,2,100.0,0.0,0.0,20.0,60.0,2
d_a_r_l_i_n_g,8,4.5,0.0,0.0,12.5,37.5,100.0,3
holbed,6,2.67,0.0,0.0,0.0,0.0,0.0,1
theeredvelvet,12,4.83,17.24,0.0,8.3,16.7,100.0,1
head_space_monkey,5,2.8,0.0,0.0,20.0,0.0,100.0,1
mirayu,9,4,0.0,0.0,0.0,22.2,100.0,2
bombaclatz,8,7.62,0.0,0.0,0.0,0.0,0.0,1
furydogexd,6,9.17,18.18,0.0,16.7,0.0,0.0,1
patsfan0405,11,2.91,0.0,0.0,0.0,45.5,0.0,1
bloodredwaterbottle,9,4.78,0.0,0.0,11.1,0.0,0.0,1
passenger25,5,2.6,0.0,0.0,20.0,20.0,100.0,2
jukenthebox,7,1.71,83.33,0.0,0.0,57.1,71.4,5
dariusfoxx,9,7.89,14.08,0.0,11.1,0.0,0.0,2
xdfinalxd,39,3.28,78.12,0.0,0.0,66.7,92.3,5
natewooo,6,2.17,0.0,0.0,0.0,100.0,16.7,2
fuzeaspirecms,6,6.17,0.0,0.0,0.0,0.0,0.0,1
streamlabs,67,10.46,44.22,0.0,6.0,3.0,26.9,4
stephrumney,10,6.6,0.0,15.15,10.0,0.0,0.0,1
oblivionlights,29,3.1,33.33,0.0,0.0,17.2,0.0,1
lucia_maistor,18,9.28,5.99,11.98,5.6,0.0,0.0,1
catazoid,22,5.64,48.39,8.06,9.1,9.1,0.0,1
otakuyui_chan,15,3.27,61.22,0.0,6.7,0.0,0.0,1
potetopotato,7,2.14,66.67,66.67,0.0,0.0,85.7,2
chumchumjim,10,4.5,0.0,0.0,30.0,0.0,90.0,2
forsenlol1337,7,1.43,0.0,0.0,0.0,42.9,71.4,4
germander_speedwell,6,8,0.0,0.0,33.3,0.0,0.0,1
elsiesimmer,10,3.7,27.03,0.0,0.0,10.0,0.0,1
barefootbunny,12,6.17,40.54,0.0,16.7,16.7,0.0,1
breadnauppercrust,8,2.5,0.0,50.0,0.0,12.5,0.0,1
britt909,7,2.29,0.0,0.0,0.0,14.3,0.0,1
maharene,30,3.87,51.72,34.48,13.3,16.7,0.0,1
callmeames,10,5.7,0.0,35.09,10.0,10.0,0.0,1
freagin,5,2.6,0.0,0.0,0.0,60.0,0.0,1
wamhu,6,2.33,0.0,0.0,0.0,50.0,50.0,3
fifalee,12,4.58,18.18,0.0,8.3,16.7,16.7,3
vaeniru,15,2.73,0.0,0.0,6.7,26.7,100.0,1
lord_talron,7,7.29,19.61,0.0,14.3,0.0,0.0,1
delrancher,6,3.17,105.26,0.0,16.7,0.0,100.0,2
princesskeshi,5,3.8,0.0,105.26,0.0,0.0,100.0,1
kiotone,6,2.5,133.33,0.0,0.0,33.3,0.0,2
sharrakor,11,4.45,40.82,0.0,0.0,9.1,0.0,1
paabpaab,23,2.13,0.0,0.0,0.0,0.0,100.0,1
miss_night_owl,14,3.64,0.0,0.0,7.1,42.9,28.6,2
brixnna02,8,4.38,28.57,28.57,0.0,0.0,100.0,1
getrekt____,13,3.38,90.91,0.0,7.7,0.0,100.0,1
n4chit0,19,5.74,0.0,18.35,26.3,5.3,0.0,1
helliotine,16,6.19,10.1,10.1,6.2,6.2,0.0,1
cranjismcbasketball66,11,3.36,0.0,27.03,0.0,18.2,0.0,1
moonyhelmi,22,5.18,43.86,17.54,0.0,0.0,0.0,1
clarasimsta,13,4.85,15.87,31.75,15.4,0.0,0.0,1
never__knows__best,6,4.33,0.0,0.0,0.0,66.7,16.7,3
meplusthree,27,4.81,23.08,15.38,7.4,3.7,0.0,1
twilightmeadow,9,3.44,0.0,0.0,0.0,0.0,0.0,1
acepin,6,3.17,105.26,0.0,0.0,16.7,0.0,1
synturyon,8,3.62,68.97,34.48,0.0,12.5,0.0,1
thicasianboi,5,3.6,0.0,0.0,0.0,0.0,100.0,1
angelas_folly,6,8.33,0.0,60.0,33.3,0.0,0.0,1
spikeyd,5,1.6,250.0,0.0,0.0,0.0,100.0,1
mrscootscoot,5,44.2,0.0,0.0,0.0,40.0,60.0,2
threegits,11,4.91,0.0,18.52,9.1,0.0,0.0,1
avasuntok,5,5.4,0.0,0.0,60.0,0.0,0.0,1
j_brownie,5,5,0.0,40.0,20.0,0.0,0.0,1
vgrootveld,5,3.6,0.0,0.0,20.0,0.0,0.0,1
thetinylia,7,3.29,43.48,0.0,14.3,14.3,0.0,1
sdelyse,8,4,93.75,31.25,0.0,12.5,0.0,1
arin13a,12,2.58,0.0,32.26,0.0,33.3,0.0,1
exzires,8,4,62.5,0.0,0.0,0.0,0.0,1
turbosnack,19,1.95,54.05,27.03,5.3,78.9,100.0,1
mitsunebewbs,7,3.14,45.45,0.0,14.3,28.6,100.0,2
kbob25,5,3,0.0,66.67,0.0,20.0,100.0,1
ranch_bird,16,2.38,52.63,26.32,0.0,12.5,100.0,1
bollistic_,6,4,0.0,0.0,33.3,0.0,16.7,2
holachau,5,1.2,0.0,0.0,0.0,60.0,100.0,1
xotigbitties,10,3.4,0.0,0.0,20.0,30.0,100.0,1
razzle_storm,5,7.4,0.0,0.0,0.0,0.0,0.0,1
hilow8,5,1.6,0.0,0.0,0.0,0.0,100.0,1
texofficial,6,6.17,0.0,0.0,0.0,16.7,100.0,1
charbeans,9,5.56,0.0,0.0,11.1,22.2,0.0,1
alecski777,17,2.82,0.0,0.0,0.0,58.8,100.0,2
mellowimpulse,5,0.8,250.0,0.0,0.0,60.0,100.0,1
vilifiedpeanut,8,2.25,111.11,0.0,0.0,12.5,100.0,1
majorbritish,6,5,66.67,0.0,50.0,0.0,0.0,1
superdookieness,6,3.5,0.0,0.0,0.0,83.3,100.0,1
mhuang18,8,1.25,0.0,0.0,0.0,25.0,37.5,3
peachcrisp,6,3.33,50.0,50.0,16.7,33.3,100.0,1
fpsdani,8,1.38,0.0,0.0,0.0,50.0,100.0,1
cianime,8,4.5,27.78,27.78,0.0,25.0,100.0,2
kinqofh3artz,5,1.6,0.0,0.0,20.0,60.0,100.0,2
doomedrequiem,6,2.67,0.0,0.0,16.7,33.3,100.0,1
snuupey,5,4.6,0.0,0.0,0.0,100.0,100.0,1
edwardlaser,5,3,0.0,0.0,20.0,0.0,0.0,1
dietz18,5,8,0.0,0.0,0.0,0.0,100.0,1
pynkato,5,1.8,0.0,0.0,0.0,40.0,100.0,2
eugenesubmarine,5,2,0.0,100.0,0.0,20.0,100.0,1
liiamra,5,2,0.0,0.0,0.0,60.0,60.0,3
maiyadanny,6,3.5,47.62,0.0,0.0,83.3,100.0,1
badplayeractual,6,1.5,0.0,0.0,0.0,83.3,100.0,1
chunkerfizzel33,5,3.2,0.0,0.0,80.0,0.0,0.0,1
bannedscout,5,4.2,0.0,0.0,0.0,0.0,0.0,1
umimdankmeat,19,1.63,32.26,0.0,0.0,73.7,100.0,2
clxx,14,11.86,0.0,0.0,0.0,0.0,0.0,1
misslovelyness,5,1,200.0,0.0,20.0,40.0,100.0,1
dashingbeyy,35,13.43,14.89,0.0,0.0,28.6,97.1,5
thefiercehunter,6,2.17,0.0,0.0,0.0,50.0,83.3,3
piouslegate,5,3,0.0,0.0,20.0,20.0,0.0,1
r0bbeejk,7,2.14,0.0,0.0,0.0,28.6,28.6,2
steinuh,5,1.8,0.0,0.0,0.0,20.0,0.0,1
wubbylubdub,5,2.8,0.0,71.43,0.0,60.0,100.0,1
hullobro,5,1.2,0.0,0.0,0.0,80.0,100.0,1
masterh724,7,2.71,0.0,0.0,14.3,0.0,100.0,2
swagdaddycolter,6,2,83.33,0.0,0.0,16.7,100.0,1
vuyyoltas,6,1.33,0.0,0.0,0.0,33.3,66.7,4
fuzzywuzzy304,8,1.38,0.0,0.0,0.0,50.0,100.0,1
greatdeceiver,8,6.62,18.87,18.87,0.0,0.0,0.0,1
agrf,23,5.83,29.85,7.46,4.3,8.7,100.0,2
1024x768,5,3.4,0.0,0.0,0.0,0.0,100.0,1
vincentcrazyyyyyy,6,2.67,0.0,0.0,0.0,33.3,100.0,3
angola,5,5.6,0.0,0.0,0.0,40.0,100.0,2
vivalazack,7,4.29,0.0,0.0,14.3,0.0,100.0,2
kiniewings,5,6,0.0,0.0,40.0,0.0,0.0,1
sundizzle,9,2.11,0.0,0.0,0.0,11.1,100.0,1
tier_3_stpeach_sub,7,5,0.0,0.0,0.0,14.3,100.0,3
dyzblackout100,8,28.12,0.0,0.0,0.0,0.0,0.0,1
gassstation,6,1.33,0.0,0.0,0.0,66.7,100.0,1
the_real_bren,7,4,0.0,0.0,0.0,42.9,100.0,2
mootie1,6,1.67,0.0,0.0,0.0,16.7,83.3,4
deboslayer420,6,6.67,75.0,0.0,0.0,0.0,0.0,1
ttvfilinava,9,3.78,0.0,0.0,55.6,44.4,0.0,1
robok0,8,1.62,0.0,0.0,0.0,62.5,100.0,1
waterymind,6,3.67,0.0,0.0,0.0,66.7,0.0,1
unclespaghetti,5,7.2,0.0,0.0,0.0,0.0,0.0,1
justdylanyt,8,11.75,0.0,0.0,0.0,0.0,0.0,1
strangelevel,6,4.17,0.0,0.0,0.0,0.0,0.0,2
rarted_,10,1.4,214.29,0.0,10.0,30.0,0.0,1
partyboi69420,9,2.56,0.0,0.0,22.2,77.8,100.0,1
prettydevil,5,1,0.0,0.0,0.0,0.0,80.0,4
hammerboy5678,5,1.2,0.0,0.0,0.0,20.0,100.0,1
furiousblizzard,7,3.86,0.0,0.0,0.0,0.0,100.0,1
black_nimbus,79,4.01,6.31,0.0,3.8,19.0,100.0,3
qualis,5,20.6,29.13,9.71,0.0,60.0,100.0,3
nassercd,11,2.27,40.0,40.0,0.0,81.8,100.0,2
queen_emma,8,3.75,0.0,0.0,0.0,25.0,0.0,1
exlacraft,23,2.83,0.0,15.38,4.3,43.5,100.0,4
neoflameon,7,6.14,0.0,0.0,14.3,0.0,100.0,3
gelr_,6,7.33,0.0,0.0,0.0,33.3,100.0,3
murry710,10,3.3,60.61,0.0,10.0,50.0,100.0,2
str8ommy,16,5.44,11.49,0.0,0.0,0.0,0.0,1
sweets_,10,2.6,76.92,0.0,10.0,70.0,100.0,2
lordvaak0,22,3.82,83.33,23.81,9.1,18.2,0.0,1
scuba3rd,9,6.78,32.79,0.0,11.1,0.0,0.0,1
y34vip,5,4.2,47.62,47.62,0.0,0.0,0.0,1
2inchpeters,10,4.8,41.67,83.33,0.0,0.0,0.0,1
jarlofsaigon,13,4.38,35.09,0.0,15.4,0.0,0.0,1
lestergaming_,6,7.33,22.73,0.0,0.0,0.0,0.0,1
rpsee3,10,6.8,14.71,0.0,0.0,0.0,0.0,1
xxmrtechknowxx,16,3.62,51.72,17.24,0.0,0.0,12.5,2
braeden8989,12,5.25,31.75,15.87,0.0,0.0,0.0,1
crolax,10,2.5,0.0,40.0,10.0,50.0,100.0,2
just_in_camp,5,2,0.0,0.0,0.0,20.0,100.0,4
rypada,7,7.29,0.0,19.61,28.6,42.9,0.0,1
russtough,9,6.67,50.0,16.67,33.3,0.0,0.0,1
p4n0pt1c0n,5,1.4,142.86,0.0,20.0,40.0,0.0,1
crokar,7,2.71,105.26,105.26,0.0,0.0,71.4,2
hotdog_jones,9,6.78,49.18,16.39,0.0,22.2,0.0,1
redpls,9,1.22,0.0,0.0,0.0,55.6,33.3,4
loyall,8,2.5,0.0,0.0,0.0,12.5,12.5,3
scuzzbucket,8,1.62,76.92,76.92,0.0,37.5,100.0,1
ironicme,5,10,0.0,0.0,0.0,40.0,100.0,3
cheungd,9,3.89,0.0,0.0,0.0,0.0,0.0,1
iamomgphil,6,13.83,48.19,0.0,0.0,0.0,100.0,1
lostehroar,17,18.41,3.19,3.19,0.0,0.0,100.0,1
tchaikovsky1812,58,4.36,67.19,3.95,5.2,1.7,100.0,1
tylerbobo,99,8.1,17.46,3.74,2.0,0.0,100.0,1
okthen_____,5,5.6,35.71,0.0,20.0,20.0,100.0,3
buffmanly430,6,11.33,14.71,0.0,33.3,0.0,100.0,1
daiceman007,9,9,24.69,0.0,0.0,11.1,0.0,1
terrorizem,8,5,25.0,0.0,12.5,12.5,87.5,2
sammiekaitlyn,7,4.86,88.24,0.0,0.0,0.0,100.0,1
classigetssassi,20,3.45,43.48,0.0,0.0,5.0,100.0,1
thereverendpuck,22,8.77,20.73,5.18,13.6,0.0,100.0,1
divinations,17,2.47,47.62,0.0,0.0,0.0,100.0,1
bot_jxn,22,37.91,4.8,0.0,0.0,0.0,100.0,1
xbadxninjax,6,14.83,11.24,0.0,0.0,50.0,16.7,2
avalaste,9,7.89,14.08,0.0,22.2,0.0,100.0,1
pandaelim,11,4,68.18,0.0,0.0,0.0,100.0,1
wolfni9luna,6,3.67,0.0,0.0,0.0,0.0,0.0,1
skydaddyy5,7,15.43,138.89,0.0,0.0,0.0,0.0,1
icepheonix5,15,9,14.81,0.0,6.7,13.3,100.0,2
cyber_dev,9,6.67,16.67,0.0,11.1,0.0,0.0,1
tuchulu,22,6,15.15,0.0,13.6,0.0,95.5,2
guildofgamers_26wc,13,8.85,8.7,8.7,23.1,0.0,100.0,1
turtletickles,29,4.14,16.67,0.0,0.0,3.4,100.0,1
carsondrewit,5,4.2,142.86,0.0,0.0,0.0,100.0,1
jahrandomhero,9,5,0.0,0.0,0.0,44.4,77.8,3
anime_preacher,16,7.88,63.49,15.87,31.2,0.0,100.0,1
doomiedee,22,9.09,35.0,5.0,9.1,0.0,100.0,1
crankycal_,12,2.83,0.0,0.0,16.7,50.0,100.0,4
jazzle72,7,1.43,0.0,0.0,0.0,28.6,100.0,1
arano86,8,5.5,45.45,45.45,0.0,0.0,100.0,1
jestingfeather,5,2.8,0.0,71.43,40.0,20.0,100.0,1
veltuhh,9,6.44,0.0,0.0,0.0,66.7,100.0,2
bluekid1124,14,12.43,63.22,0.0,28.6,7.1,100.0,1
simplyjer,8,1.62,0.0,0.0,0.0,25.0,100.0,3
falafel7,10,4.3,0.0,23.26,20.0,10.0,20.0,3
dannytechaholic,6,6.33,0.0,0.0,33.3,0.0,100.0,1
shadowsbro998,15,6.93,57.69,19.23,0.0,0.0,100.0,1
sarasaprincess,32,3.97,15.75,0.0,0.0,0.0,100.0,1
ru4liberty,9,5.33,20.83,20.83,22.2,0.0,100.0,1
interstellerfeller,7,2.86,100.0,0.0,28.6,0.0,100.0,1
marsman60,8,6.25,20.0,0.0,25.0,0.0,100.0,1
gina7zion,12,11.83,35.21,14.08,16.7,0.0,100.0,1
socalboi,6,3.67,0.0,0.0,16.7,0.0,100.0,1
flutterbye,9,3.33,33.33,0.0,11.1,11.1,100.0,1
mikeymantle,5,11.8,0.0,0.0,0.0,0.0,100.0,1
moggs_of_cambria,7,11,0.0,12.99,14.3,0.0,100.0,1
margaret_socal,11,4.27,85.11,63.83,9.1,0.0,100.0,1
babyduck5,8,3.38,37.04,37.04,0.0,0.0,100.0,1
1patrickpumphreynorcal,5,3.4,0.0,0.0,0.0,20.0,100.0,3
lovepugs05,8,6,20.83,0.0,0.0,0.0,100.0,1
greenleafer,5,5.8,68.97,0.0,0.0,0.0,100.0,1
goldeye75,10,9,22.22,0.0,0.0,70.0,100.0,2
thotkrime,5,4,50.0,0.0,20.0,0.0,100.0,1
jking20,6,5.67,29.41,0.0,0.0,50.0,100.0,3
venusrose,5,4.4,90.91,0.0,0.0,0.0,100.0,1
koopzy,5,3.6,0.0,0.0,0.0,40.0,100.0,3
amanda22,6,1.33,250.0,0.0,0.0,50.0,100.0,2
ekarma123,5,4.6,86.96,0.0,0.0,0.0,100.0,1
xdmonder,8,0.12,0.0,0.0,0.0,0.0,100.0,1
dullahan98,12,11.5,21.74,0.0,8.3,0.0,100.0,1
zstewiie,22,1.95,23.26,0.0,0.0,31.8,100.0,2
chiggmo,12,8.75,0.0,0.0,0.0,16.7,100.0,1
acethegolden,8,6.25,0.0,0.0,12.5,0.0,0.0,1
obtusespoon,7,2.71,105.26,0.0,14.3,28.6,100.0,2
raikodow,6,5.17,64.52,0.0,33.3,0.0,100.0,1
frozowav3,20,1.55,32.26,0.0,5.0,40.0,100.0,4
cawcawcondor,35,12.03,2.38,2.38,2.9,14.3,100.0,2
zumander,10,2.1,190.48,0.0,0.0,40.0,100.0,1
retrocore9,12,5.42,46.15,0.0,8.3,0.0,100.0,1
taser___face,24,7.67,5.43,16.3,4.2,0.0,100.0,1
jongfer,8,0.88,0.0,142.86,0.0,37.5,75.0,4
phantasmlied,11,5.18,0.0,17.54,0.0,27.3,100.0,2
faithlesssoul,25,5.6,64.29,28.57,0.0,0.0,100.0,1
pillsbury_dopeboy,5,1,0.0,0.0,0.0,60.0,100.0,2
rymotv,11,5.64,64.52,0.0,9.1,9.1,100.0,1
dr_dragonninja,7,11.57,0.0,0.0,14.3,0.0,0.0,1
huggers_,8,3.12,120.0,0.0,0.0,25.0,100.0,3
countercrysis,6,12.67,65.79,0.0,0.0,0.0,100.0,1
kflanthesaxman,8,2,0.0,0.0,0.0,37.5,100.0,4
mat2106,6,7.5,44.44,22.22,16.7,0.0,100.0,1
grallus,7,7.29,39.22,0.0,0.0,0.0,100.0,1
trebl1g,6,8,20.83,20.83,0.0,50.0,100.0,2
mithgar,19,19.95,15.83,2.64,21.1,5.3,100.0,1
deadbolts,7,6.57,0.0,0.0,0.0,0.0,0.0,1
dovakho,10,8.3,24.1,0.0,0.0,20.0,100.0,3
caffeinehero,11,1.27,0.0,0.0,0.0,54.5,100.0,3
pothos__,5,6.2,32.26,0.0,40.0,0.0,80.0,2
vaquazx,7,4.57,0.0,0.0,0.0,100.0,0.0,1
hostagewithgun,27,5.52,0.0,0.0,0.0,55.6,100.0,2
axnova,5,9.2,0.0,0.0,0.0,60.0,100.0,2
combat_blaze,18,5.39,20.62,20.62,0.0,27.8,0.0,1
rngbeliever,6,5.17,0.0,0.0,0.0,0.0,100.0,1
toefieldillustration,8,14.62,0.0,8.55,50.0,0.0,100.0,1
abovezenith,6,7,23.81,0.0,16.7,0.0,100.0,1
kiinghaze,8,4.62,27.03,0.0,50.0,0.0,100.0,1
el_mutchos,6,8.67,19.23,0.0,0.0,33.3,100.0,2
abohiccups,17,6.24,0.0,0.0,47.1,5.9,100.0,1
skepitcaltaco,8,10.12,24.69,0.0,75.0,0.0,100.0,1
darkwraith26,16,4.44,56.34,14.08,12.5,0.0,100.0,1
reeoats,9,4,0.0,0.0,22.2,22.2,100.0,2
hagmindy,8,5.12,24.39,0.0,12.5,0.0,0.0,2
deadrosxs,10,19.8,30.3,5.05,20.0,0.0,100.0,1
instanttokyo,15,7.13,28.04,0.0,6.7,13.3,100.0,1
daphoenixdiva,29,3.38,30.61,0.0,0.0,3.4,100.0,1
chasehildreth12,8,2.62,95.24,47.62,12.5,12.5,100.0,1
broken_weight,12,6.33,0.0,13.16,41.7,0.0,100.0,1
mackplays,10,10.3,9.71,0.0,20.0,0.0,100.0,1
anxiouspanda228,10,2.7,37.04,111.11,0.0,20.0,100.0,1
vintagemotors_always,8,4.12,0.0,0.0,12.5,0.0,100.0,2
wentzelitis,7,6.86,0.0,0.0,14.3,0.0,100.0,1
tim1,5,6,33.33,0.0,0.0,60.0,100.0,1
neoankh,8,3.88,32.26,0.0,37.5,12.5,100.0,1
bobkashani,7,3.86,37.04,37.04,0.0,0.0,100.0,1
triplebproductionzz,11,3.36,0.0,0.0,0.0,63.6,100.0,1
louisianaredbird,5,4,50.0,0.0,0.0,0.0,100.0,1
lawsonac,7,4.14,0.0,0.0,0.0,0.0,0.0,1
rocdocter5150,8,4.38,0.0,0.0,0.0,0.0,100.0,1
gladbane88,25,7.08,16.95,0.0,8.0,16.0,0.0,1
cargobay,5,11.8,0.0,0.0,40.0,20.0,100.0,1
halostar529,9,11.89,18.69,0.0,11.1,0.0,88.9,2
demolcd,10,5.6,17.86,0.0,20.0,0.0,100.0,1
yesp,9,1,0.0,0.0,0.0,100.0,100.0,1
stratosvyon,6,2.67,0.0,0.0,0.0,0.0,100.0,1
sleepyweaselttv,6,5.33,0.0,0.0,16.7,16.7,100.0,1
justjuztin,12,1.5,0.0,0.0,0.0,100.0,100.0,3
runningyellowdog,11,4.45,81.63,0.0,0.0,0.0,100.0,2
roycelbaker,8,6.38,19.61,19.61,12.5,0.0,100.0,1
matthewory,28,5.93,30.12,6.02,3.6,0.0,100.0,1
annidear,5,8.8,68.18,0.0,0.0,0.0,100.0,1
eloquentbambi,99,5.15,1.96,11.76,3.0,5.1,0.0,1
bigdaddyporo,21,5.95,40.0,8.0,9.5,0.0,100.0,3
dakidsyoo,12,4.58,18.18,0.0,33.3,0.0,100.0,1
ergmott,8,4.88,25.64,0.0,12.5,0.0,100.0,1
mxgrrr,9,8.44,13.16,0.0,11.1,0.0,100.0,1
kraksxx,5,2.4,0.0,0.0,40.0,20.0,100.0,1
g3kbyte,14,5.71,12.5,25.0,0.0,21.4,100.0,3
svwz,8,4.38,0.0,0.0,0.0,37.5,100.0,2
somemediageek,7,3.14,0.0,0.0,0.0,0.0,100.0,2
bigepi,5,3.6,0.0,0.0,0.0,60.0,100.0,2
thebuddha337,7,4.57,0.0,0.0,14.3,0.0,100.0,1
playeroftheyearr,7,2.43,58.82,0.0,14.3,57.1,100.0,1
jakebehappy,8,7.5,0.0,0.0,25.0,12.5,100.0,1
dinamowalker,31,10.03,0.0,0.0,0.0,77.4,100.0,5
jeffthegamer90,9,6.56,16.95,0.0,33.3,0.0,100.0,1
feelsgoodmydude,6,1,0.0,0.0,0.0,33.3,83.3,2
kildud3,11,9.73,9.35,0.0,18.2,18.2,0.0,1
jdickson93,6,9.67,34.48,17.24,16.7,16.7,100.0,1
supervillen,9,1.56,0.0,0.0,0.0,33.3,88.9,4
konanui3,11,2.64,0.0,0.0,0.0,27.3,100.0,2
ripcityandptfcfan,5,1.4,285.71,0.0,0.0,20.0,100.0,1
kermitigated,17,7.29,8.06,0.0,0.0,47.1,100.0,3
gtofan,7,12.43,11.49,0.0,28.6,28.6,71.4,3
guccimang,7,3.86,111.11,0.0,0.0,14.3,100.0,2
omniglob,5,13.4,14.93,0.0,0.0,0.0,0.0,1
mightypony19,6,8,0.0,0.0,0.0,0.0,0.0,1
spacepirategames,5,3.6,111.11,0.0,40.0,0.0,100.0,1
boyfruit,5,4.4,45.45,0.0,0.0,0.0,100.0,1
missmalice86,7,7.43,0.0,19.23,0.0,0.0,0.0,1
crashion,10,3.2,31.25,0.0,0.0,0.0,100.0,1
hoerchata,5,7.6,0.0,26.32,0.0,20.0,100.0,1
truee,12,2.58,0.0,0.0,0.0,8.3,100.0,2
itsdalts,66,3.09,29.41,0.0,6.1,9.1,0.0,1
guidosrazor,5,1.8,0.0,0.0,0.0,20.0,100.0,1
masskamikaize,15,5.47,12.2,12.2,0.0,0.0,100.0,1
tdk718,18,3.11,35.71,0.0,5.6,5.6,0.0,1
crim__son,39,3.79,33.78,0.0,5.1,35.9,0.0,1
duncotg,8,16.62,0.0,0.0,12.5,75.0,100.0,4
mikeyryuen,5,12.6,15.87,15.87,0.0,0.0,0.0,1
nee7ox,39,4.59,22.35,11.17,2.6,7.7,0.0,1
gslewish,8,4.75,0.0,0.0,0.0,0.0,0.0,2
questfor420,18,3.56,0.0,0.0,5.6,38.9,0.0,2
jondarawr,8,3.5,0.0,0.0,12.5,12.5,0.0,1
onlytraelz,8,1.88,0.0,0.0,0.0,0.0,0.0,1
derryn,5,2.2,90.91,0.0,0.0,60.0,100.0,2
bighead_104,8,7,0.0,17.86,0.0,0.0,0.0,1
astr0monstr0,5,9.2,0.0,0.0,0.0,40.0,100.0,1
moscowdisco,57,5.51,12.74,6.37,1.8,15.8,0.0,1
2noob2dota,5,2.4,83.33,0.0,20.0,0.0,0.0,1
wollyum,10,2,0.0,0.0,0.0,40.0,100.0,3
jaggers_0,6,31.33,122.34,0.0,0.0,83.3,100.0,3
wlejon,15,2.93,0.0,22.73,0.0,13.3,0.0,1
remi_kuun,6,2.67,0.0,0.0,0.0,16.7,100.0,2
zeeyee,50,2.26,17.7,0.0,0.0,10.0,0.0,1
spoookyboy,6,8.17,40.82,20.41,0.0,0.0,0.0,1
doobyscoo,5,18.8,10.64,0.0,0.0,0.0,100.0,2
deatron,7,3.86,0.0,0.0,0.0,14.3,28.6,3
scholaris1,6,3.5,47.62,0.0,0.0,0.0,16.7,3
argoscollins,5,6.6,30.3,0.0,20.0,0.0,0.0,1
darkmastervivi,17,6.18,9.52,0.0,0.0,17.6,100.0,2
glaziol,13,5.23,0.0,0.0,0.0,46.2,100.0,3
sirakain,42,3.02,23.62,15.75,11.9,7.1,0.0,1
trashlordnikita,18,5.56,20.0,0.0,5.6,5.6,0.0,1
daicho,5,3.2,62.5,0.0,0.0,0.0,0.0,1
hydra_kun,12,12.33,0.0,0.0,0.0,58.3,100.0,3
rektbud,5,8.4,23.81,0.0,20.0,40.0,100.0,2
lifeless_oi,6,1.17,0.0,0.0,0.0,16.7,100.0,1
leoshest,6,6.5,0.0,25.64,16.7,0.0,0.0,1
twistedimagev2,7,8,0.0,0.0,0.0,42.9,14.3,2
wildfestivespy,5,29.4,0.0,0.0,0.0,40.0,100.0,2
xcausinchaosx,5,5.4,333.33,0.0,0.0,0.0,0.0,1
megand1988,5,10.8,222.22,0.0,0.0,0.0,0.0,1
maxmillion26,10,6.9,115.94,0.0,0.0,0.0,0.0,1
jtjokester,5,3.2,0.0,62.5,0.0,100.0,0.0,1
tredlord,5,10,20.0,0.0,0.0,20.0,0.0,1
grayfullbusterisgod,5,4.8,0.0,0.0,0.0,0.0,0.0,1
the_texas_poon_tappa,9,5.67,98.04,0.0,11.1,0.0,0.0,1
clairew13,6,3.33,0.0,0.0,0.0,0.0,0.0,1
lord_drag2,7,1.43,0.0,0.0,0.0,100.0,100.0,2
hydle,6,14.5,0.0,0.0,0.0,16.7,100.0,2
thwoomp,5,2.8,0.0,0.0,0.0,0.0,0.0,2
donghae_yi,15,28.2,0.0,0.0,0.0,60.0,100.0,1
codax8,6,21.83,0.0,0.0,0.0,33.3,100.0,1
tronmanlos,45,3.38,13.16,0.0,2.2,62.2,95.6,2
notdoogles,8,10.88,34.48,0.0,0.0,12.5,100.0,3
fuslie,96,5.48,3.8,3.8,1.0,63.5,100.0,3
kurtletheturtle,11,7.45,109.76,0.0,9.1,18.2,100.0,1
nawrwhal,47,3.7,5.75,0.0,2.1,36.2,100.0,5
jarebear_uwu,32,7.38,216.1,0.0,3.1,68.8,100.0,4
anythingrocks,18,2.61,42.55,0.0,0.0,33.3,100.0,1
narrrvin,15,2.87,23.26,23.26,0.0,53.3,100.0,1
sullyalakbary2002,14,4.86,58.82,14.71,0.0,71.4,100.0,1
kassimiro__,11,5.09,17.86,0.0,0.0,63.6,100.0,1
raiiiken,9,5.33,0.0,0.0,33.3,33.3,100.0,2
eradawning,37,2.95,0.0,0.0,0.0,35.1,100.0,2
a_doon21,7,3.43,41.67,0.0,0.0,0.0,100.0,1
jayjoblogs,5,2,100.0,0.0,0.0,0.0,100.0,1
akiraoka,5,9.4,0.0,0.0,20.0,20.0,100.0,1
mrjojoroxx,5,1.4,0.0,0.0,0.0,20.0,100.0,1
mauser8,15,4.07,16.39,0.0,0.0,33.3,100.0,1
peanutgmr,5,3.6,55.56,0.0,20.0,20.0,100.0,2
x_drag0n_x,9,1.89,411.76,0.0,0.0,33.3,100.0,1
thebennjack,8,6.62,0.0,0.0,12.5,12.5,0.0,1
ryzaw,6,3.67,45.45,0.0,16.7,83.3,100.0,1
arugula_sage,7,3.71,0.0,0.0,0.0,0.0,42.9,2
theewindowwasher,11,2.09,0.0,43.48,9.1,27.3,100.0,1
jagwyar,17,4.53,38.96,12.99,0.0,11.8,0.0,1
scentedbagel,6,2.83,58.82,0.0,0.0,33.3,0.0,1
heyhellos,30,1.37,0.0,0.0,0.0,13.3,100.0,2
parras321,8,2.12,0.0,0.0,0.0,37.5,0.0,1
woozea_,5,6,33.33,0.0,40.0,20.0,0.0,1
cptmorgan132,48,4.29,29.13,19.42,0.0,16.7,0.0,1
maskedgnome,6,2,0.0,0.0,0.0,33.3,83.3,4
jaycrossgamer,7,4.43,129.03,0.0,0.0,0.0,100.0,1
g_hatch,23,4.7,18.52,0.0,17.4,17.4,0.0,1
zachaye,14,3.21,0.0,0.0,0.0,0.0,0.0,1
joepa_,21,21,0.0,0.0,0.0,52.4,100.0,2
penguinorc,10,7.2,0.0,0.0,10.0,10.0,100.0,2
trilogyi,6,3,0.0,55.56,0.0,0.0,0.0,1
noiseybrycey,27,5.11,14.49,0.0,3.7,14.8,0.0,2
chuckthegypsy,9,3.78,0.0,0.0,0.0,22.2,0.0,1
drascothermal,5,11,0.0,0.0,20.0,40.0,80.0,3
yearofthebunny,6,1.67,0.0,0.0,0.0,0.0,16.7,2
redskyismine,5,1.4,0.0,0.0,0.0,20.0,0.0,1
kenmtv,7,12.14,0.0,0.0,0.0,28.6,100.0,1
skashroudle,10,5,0.0,120.0,0.0,40.0,100.0,1
es0teric,9,7.78,0.0,0.0,11.1,22.2,0.0,2
rhys_prime,7,4.57,0.0,0.0,0.0,0.0,14.3,2
drdubious,9,6.78,32.79,16.39,22.2,11.1,100.0,1
hisap,5,5.4,0.0,0.0,40.0,0.0,100.0,1
drizzydrake,6,3.5,0.0,0.0,0.0,0.0,0.0,1
exiaal,8,6.5,38.46,0.0,0.0,0.0,0.0,2
cheiyu,24,4.62,63.06,27.03,4.2,25.0,83.3,5
joedvs,7,7.14,0.0,0.0,0.0,0.0,100.0,1
jasonh00,5,4,0.0,0.0,40.0,0.0,0.0,1
wwwizzy,5,10.8,18.52,0.0,0.0,0.0,0.0,1
kelstin,6,3.67,0.0,0.0,33.3,0.0,0.0,1
atdeadly,5,7.6,0.0,0.0,0.0,0.0,0.0,1
aleciaslayz,15,6.67,10.0,0.0,0.0,13.3,0.0,1
mikethelightbender,9,10.67,0.0,0.0,11.1,0.0,0.0,1
teepzus810,6,7.17,46.51,23.26,0.0,16.7,0.0,1
gullwingss,10,3,33.33,0.0,0.0,40.0,80.0,2
monkpapi,9,6.56,50.85,0.0,0.0,0.0,0.0,1
flindler,36,6.19,8.97,8.97,2.8,5.6,0.0,1
lukenazeeh,17,2.71,21.74,21.74,0.0,0.0,0.0,1
fishthefish3,6,4.83,68.97,0.0,0.0,0.0,0.0,1
armando7805,7,7.43,19.23,0.0,28.6,0.0,0.0,1
no_whey,11,6.73,13.51,0.0,0.0,0.0,0.0,1
pandafortt,12,5.08,0.0,0.0,25.0,0.0,0.0,1
mrwessa,7,5.57,25.64,0.0,42.9,14.3,0.0,1
maryjleeee,6,10.33,16.13,0.0,0.0,16.7,100.0,1
yoboyquagmire,5,4.6,130.43,0.0,0.0,60.0,0.0,1
warlord_,5,4.2,0.0,0.0,0.0,40.0,0.0,1
pure_vanilla,20,6.3,23.81,23.81,10.0,30.0,70.0,2
kevinsphallus,9,8.67,0.0,0.0,11.1,11.1,0.0,1
ttv_lavashep6790,12,3.42,48.78,0.0,0.0,0.0,0.0,1
petepickle74,6,3.67,0.0,0.0,0.0,16.7,100.0,1
jerpack4,42,4.26,72.63,11.17,0.0,19.0,100.0,1
thedallascowboys,29,6.48,5.32,0.0,6.9,0.0,100.0,1
xshearsx,10,3.8,26.32,0.0,10.0,10.0,100.0,1
balzee348,5,6.4,31.25,31.25,0.0,0.0,100.0,1
xcryptolife,14,5.5,0.0,12.99,7.1,7.1,100.0,1
jutai714,20,3.45,14.49,0.0,10.0,15.0,100.0,1
straightbackorc,11,4.18,43.48,0.0,36.4,18.2,90.9,3
sirmuffin_tv,10,8.2,12.2,0.0,0.0,10.0,100.0,1
radavandar,14,10.36,34.48,6.9,14.3,7.1,100.0,1
planesarecool,17,2.18,27.03,0.0,5.9,35.3,100.0,3
cabo__wabo,42,4.12,40.46,5.78,4.8,7.1,100.0,1
heddan8,14,2.36,60.61,0.0,0.0,28.6,100.0,1
dykinz,10,14.9,0.0,0.0,0.0,0.0,0.0,1
lindsey_xo,16,5.5,22.73,34.09,0.0,0.0,100.0,1
theharm41,9,6.22,17.86,71.43,11.1,0.0,100.0,1
simonbpuk,8,5,25.0,25.0,0.0,0.0,100.0,1
ravenhunter06,7,3.29,0.0,0.0,0.0,0.0,100.0,2
metaltoiletry,22,4.36,31.25,0.0,13.6,0.0,100.0,1
postman00,21,3.05,31.25,15.62,0.0,14.3,95.2,2
thevaporgamer,31,3.06,42.11,10.53,3.2,16.1,100.0,1
hype2491,5,2,100.0,0.0,0.0,20.0,100.0,1
swirlie,14,4.71,15.15,15.15,0.0,7.1,100.0,1
pat915,12,4.83,17.24,0.0,0.0,0.0,0.0,1
jmc2112,6,3.67,0.0,0.0,0.0,66.7,0.0,1
jayeix,7,1.57,272.73,0.0,0.0,28.6,100.0,1
graywolves,39,6.87,7.46,18.66,2.6,2.6,0.0,1
cynicalhc,13,4.62,50.0,0.0,0.0,0.0,0.0,1
dutchie76,12,4.17,0.0,20.0,0.0,8.3,100.0,1
rekwun,5,2,0.0,0.0,0.0,0.0,100.0,1
cshoulder,6,8.17,20.41,0.0,0.0,16.7,100.0,1
asianpapa,9,4.56,24.39,0.0,22.2,0.0,100.0,3
ttangyy,27,1.63,90.91,22.73,7.4,40.7,0.0,2
bewiseopeneyes,17,5.53,21.28,0.0,0.0,0.0,100.0,5
neoash,27,3.41,21.74,0.0,3.7,18.5,100.0,1
lprojectpat,6,1.5,0.0,0.0,0.0,0.0,100.0,1
rallied,23,5.39,16.13,0.0,8.7,0.0,0.0,2
bewg,5,3.4,0.0,58.82,0.0,40.0,100.0,2
comitatvs,6,3.67,0.0,0.0,0.0,33.3,100.0,2
seaneycage,6,4.33,0.0,0.0,16.7,16.7,33.3,2
amberheard,9,1.89,0.0,0.0,0.0,22.2,0.0,1
andrewjvaldez,5,3.4,0.0,0.0,60.0,0.0,100.0,1
simonlation,6,2.5,66.67,0.0,0.0,33.3,100.0,2
erialaire,10,3.5,28.57,28.57,0.0,50.0,90.0,3
hackfuey,8,2.88,43.48,0.0,0.0,12.5,100.0,1
tummyhawk,10,8.3,0.0,0.0,0.0,60.0,100.0,4
onyxvirus,18,5.94,9.35,18.69,11.1,5.6,0.0,1
anzkie2018,11,3.09,29.41,0.0,0.0,0.0,100.0,1
thebaldingpuma,5,4,0.0,0.0,0.0,0.0,0.0,1
valvatoze,46,4.17,15.62,5.21,2.2,0.0,0.0,1
baf0,6,8.17,0.0,0.0,33.3,0.0,0.0,1
n0pants,57,4.95,14.18,3.55,7.0,0.0,0.0,1
thedrksd,6,4.67,142.86,35.71,16.7,0.0,0.0,1
jeonddingus,10,3.4,0.0,0.0,0.0,10.0,0.0,1
toadrelish,6,3.33,0.0,0.0,0.0,16.7,83.3,2
cactuscommando,13,6.38,24.1,0.0,0.0,7.7,0.0,1
gloryboy3oo,6,1.67,0.0,0.0,0.0,16.7,100.0,2
dream__center,30,4.7,7.09,7.09,3.3,10.0,0.0,1
themuzztv,6,6.5,25.64,0.0,0.0,0.0,0.0,1
kdl306,18,6.44,0.0,0.0,0.0,0.0,0.0,1
smalls_,6,2.17,0.0,0.0,33.3,33.3,0.0,1
farpenoodle,15,3.73,17.86,0.0,0.0,6.7,0.0,1
jethuty,25,5,16.0,8.0,16.0,12.0,0.0,1
suchalameo,9,4.78,23.26,0.0,22.2,0.0,0.0,2
cgramens,14,4.71,15.15,0.0,7.1,7.1,0.0,1
klashincore,12,1.5,55.56,0.0,0.0,8.3,0.0,1
gilgameshishere,56,4.02,40.0,8.89,5.4,5.4,0.0,1
kb_h,11,3.45,78.95,0.0,0.0,0.0,90.9,2
gaze73,10,7.9,37.97,0.0,0.0,0.0,0.0,1
platoom,14,2.43,0.0,0.0,0.0,21.4,0.0,1
vinsane25,20,3.65,0.0,0.0,0.0,15.0,0.0,1
ram_111,7,9.86,43.48,0.0,28.6,0.0,0.0,1
honzo_gonzo,5,8.8,0.0,45.45,0.0,0.0,0.0,1
xenorath,68,5.15,11.43,2.86,25.0,1.5,0.0,1
swinefoxy,5,4.6,43.48,0.0,0.0,0.0,0.0,1
arim_3000,18,6.5,25.64,8.55,27.8,0.0,0.0,1
kar4sukch,7,7.14,0.0,40.0,0.0,14.3,0.0,1
basevlonee,5,2.6,0.0,0.0,0.0,0.0,0.0,1
triplicat,8,4,62.5,0.0,0.0,0.0,0.0,1
delld620,11,3.82,23.81,0.0,0.0,36.4,100.0,1
haxk,11,3.64,0.0,0.0,0.0,18.2,90.9,3
noburu_,28,7.57,18.87,18.87,21.4,3.6,0.0,1
mercisajerk,5,10.4,0.0,0.0,0.0,0.0,0.0,1
stoaontwitch,5,4.2,47.62,0.0,0.0,0.0,0.0,1
chibinyanna,30,3.7,18.02,0.0,6.7,6.7,0.0,1
iblamethehost,8,3.88,0.0,0.0,0.0,0.0,0.0,1
god_instinctz,9,4.44,0.0,0.0,0.0,0.0,0.0,1
scottyljn,9,1.33,0.0,0.0,11.1,55.6,77.8,3
rich_chigga,14,2.86,25.0,0.0,7.1,35.7,100.0,2
flyingaway,6,1.33,0.0,0.0,0.0,33.3,100.0,1
sofakinng,5,7.8,0.0,0.0,0.0,20.0,0.0,1
wekko,6,7.17,23.26,0.0,16.7,0.0,66.7,3
noobz0r_,5,1,0.0,0.0,0.0,20.0,100.0,2
kaiserj,10,4.5,0.0,0.0,0.0,0.0,0.0,1
laurenman,13,2.92,78.95,0.0,23.1,0.0,0.0,1
ironman_tcg,5,31,19.35,6.45,0.0,0.0,0.0,1
darkestthour,5,7.2,27.78,0.0,20.0,0.0,0.0,1
ef_cookie,16,5.06,24.69,24.69,6.2,18.8,0.0,1
garry_,25,4.12,19.42,0.0,16.0,8.0,0.0,1
bgc_commander,19,3.74,0.0,14.08,21.1,15.8,0.0,1
xocho,6,6.33,78.95,0.0,0.0,0.0,0.0,1
squishypig,5,1.8,111.11,0.0,0.0,40.0,0.0,1
domntv,5,2.6,76.92,0.0,20.0,40.0,0.0,1
ezpzly,13,1.69,136.36,0.0,0.0,69.2,100.0,4
the_unforgiven_joker,5,5.2,0.0,0.0,0.0,0.0,100.0,1
jonrobtom,11,5.82,15.62,0.0,27.3,9.1,0.0,1
ragnaxbl,6,8.33,0.0,20.0,0.0,0.0,0.0,1
fearside5,5,12.2,0.0,0.0,40.0,0.0,0.0,1
gunman1661,6,2,0.0,0.0,0.0,16.7,100.0,1
cookiemonster21212,6,6.5,25.64,0.0,16.7,0.0,0.0,1
mikeleonzo,9,3,0.0,0.0,11.1,22.2,100.0,4
624pt2,6,3.17,105.26,0.0,0.0,16.7,0.0,1
midrib,9,6.78,16.39,0.0,11.1,0.0,0.0,1
sloowbroo,10,3.8,26.32,0.0,0.0,20.0,0.0,1
baclex,9,1.89,0.0,0.0,0.0,44.4,0.0,2
pixeleen,5,5.2,0.0,0.0,20.0,0.0,0.0,1
senken,10,10.2,9.8,0.0,10.0,10.0,0.0,1
veganpow,7,3.14,45.45,0.0,0.0,28.6,100.0,3
doobey1231,7,4,0.0,0.0,0.0,14.3,0.0,1
knarfers,6,5.33,0.0,0.0,16.7,0.0,0.0,1
aboss,7,7.29,39.22,39.22,42.9,0.0,0.0,1
gokillanoob,27,3.33,11.11,0.0,7.4,37.0,0.0,1
gainscapev1,9,3,0.0,0.0,11.1,0.0,0.0,1
walrus03,5,3,0.0,66.67,20.0,0.0,0.0,1
jessicaonrs,21,3.62,13.16,26.32,4.8,4.8,0.0,1
tripp_tank,6,3.33,0.0,0.0,0.0,0.0,0.0,1
xelysii,21,5.62,8.47,0.0,4.8,4.8,0.0,1
bruhscape,9,4,27.78,0.0,22.2,55.6,55.6,2
sameeee,6,5.67,0.0,0.0,0.0,16.7,0.0,1
sasuqeman,7,4.43,0.0,0.0,14.3,0.0,100.0,2
robman74,5,5.2,76.92,0.0,0.0,0.0,0.0,1
etnnnn,13,4.08,37.74,0.0,15.4,15.4,0.0,1
liloandkevin,7,4.86,0.0,0.0,42.9,0.0,0.0,1
sallyroses,9,6.67,33.33,16.67,0.0,0.0,0.0,2
synq,5,7.2,55.56,0.0,20.0,40.0,0.0,1
poweraids,5,6.6,30.3,30.3,40.0,20.0,0.0,1
brothapk,13,4,57.69,0.0,7.7,7.7,0.0,1
randywalrus69,6,9.83,0.0,0.0,33.3,0.0,0.0,1
kurusu7,14,2.07,0.0,0.0,0.0,0.0,0.0,1
nordaenn,5,4.4,45.45,0.0,0.0,20.0,0.0,2
distantcloud,21,5.9,8.06,0.0,9.5,0.0,0.0,1
sr388x,6,3.5,0.0,0.0,0.0,0.0,0.0,1
lockdvih,5,3,66.67,0.0,20.0,0.0,0.0,2
luuciiaanoo,7,3.43,0.0,0.0,28.6,14.3,85.7,2
baker187x,11,4.27,63.83,21.28,9.1,18.2,100.0,1
the1grandarchitect,10,11.4,17.54,0.0,0.0,0.0,100.0,1
jackayylmao,16,4,31.25,0.0,6.2,25.0,100.0,1
profess0r_the1,8,3.38,0.0,0.0,12.5,12.5,100.0,1
moismois123,16,1.94,193.55,0.0,0.0,37.5,100.0,1
unknownmousy,29,4.03,17.09,17.09,6.9,6.9,100.0,1
weedsmoker,23,4.35,20.0,0.0,0.0,26.1,26.1,3
ipsychotis,9,3,37.04,0.0,0.0,0.0,0.0,1
infact_,5,3,133.33,0.0,0.0,0.0,0.0,1
kvazio,7,3.71,0.0,0.0,0.0,42.9,100.0,1
cslegacy,8,3.5,35.71,0.0,0.0,0.0,100.0,1
relaxay,19,1.79,0.0,0.0,5.3,42.1,100.0,4
kaaleppi72,5,3.6,111.11,0.0,20.0,40.0,100.0,1
l1onhart,10,2.7,74.07,0.0,0.0,50.0,100.0,1
highfunq,15,5.8,57.47,11.49,6.7,0.0,100.0,2
xiovid_x69,13,4.08,75.47,0.0,0.0,0.0,100.0,1
lookingforegameladies,6,5.5,181.82,0.0,16.7,0.0,100.0,2
neveneko,14,4.36,49.18,0.0,7.1,0.0,100.0,1
rolypoly______,6,2.83,0.0,0.0,0.0,83.3,100.0,3
freshciabatta,5,10.8,0.0,0.0,20.0,20.0,100.0,2
prosheep1,7,3.43,41.67,0.0,14.3,0.0,100.0,1
schnibble_,8,3.62,0.0,34.48,0.0,25.0,100.0,1
juujuu,9,3.11,71.43,0.0,0.0,11.1,100.0,2
chitlipzzz,9,2.22,0.0,0.0,11.1,11.1,0.0,2
lucky_fricken_mick,25,4.64,8.62,0.0,0.0,4.0,100.0,1
inflameswemust,7,5.29,27.03,27.03,0.0,0.0,100.0,1
hekturr,5,1.4,0.0,0.0,20.0,0.0,100.0,1
123123123doorgiveaway123,8,2.12,58.82,0.0,0.0,12.5,100.0,1
azetheos,5,2.2,0.0,0.0,0.0,0.0,0.0,1
okong21,17,2.29,0.0,25.64,11.8,94.1,100.0,1
purplephazed,8,5.38,0.0,0.0,0.0,0.0,100.0,1
awkwarddogboner,5,4,0.0,0.0,20.0,0.0,0.0,1
cavalry414,7,9.57,59.7,14.93,28.6,0.0,0.0,1
xscobai,7,3.43,0.0,0.0,0.0,0.0,100.0,3
miketheengineer,6,3.67,0.0,0.0,0.0,33.3,100.0,2
joakimliam,6,10.67,0.0,31.25,16.7,33.3,0.0,1
muddy_4x4_gaming,13,2.62,58.82,29.41,0.0,0.0,100.0,1
dirtydingusmagee,14,4.29,33.33,0.0,14.3,7.1,100.0,1
ishidasalia,6,5.5,0.0,30.3,33.3,0.0,50.0,2
fro27y,5,2.8,0.0,0.0,0.0,20.0,100.0,1
skolly14_1,9,4.33,0.0,0.0,22.2,11.1,0.0,1
cool007,10,5.9,67.8,0.0,0.0,10.0,100.0,2
puppetworx,8,2,0.0,187.5,0.0,50.0,100.0,2
thegodcesar,5,10.6,0.0,0.0,20.0,0.0,0.0,1
uncertainusurper,12,4.33,0.0,0.0,0.0,8.3,100.0,1
honeyv__,5,26.4,0.0,0.0,0.0,20.0,100.0,1
zeopower6,15,6.6,0.0,0.0,0.0,0.0,100.0,1
baroncete,11,2.55,107.14,71.43,0.0,90.9,100.0,1
kventurg,6,11.67,14.29,0.0,50.0,0.0,100.0,1
rjdoute,14,5.43,39.47,0.0,7.1,7.1,0.0,1
suchistom,9,2.44,0.0,0.0,0.0,0.0,100.0,3
coyoteblue,5,4.4,0.0,0.0,0.0,0.0,100.0,1
00rr00rr,9,6.56,33.9,0.0,0.0,0.0,100.0,1
cessah,8,7.25,0.0,17.24,0.0,0.0,100.0,1
catspa_jamas,12,13.83,6.02,0.0,0.0,0.0,100.0,1
harveydent803,14,5.86,24.39,0.0,7.1,0.0,100.0,1
amonkira42,6,10,0.0,0.0,33.3,0.0,0.0,1
lolzjj,6,4.17,40.0,0.0,0.0,0.0,0.0,1
lk9413,5,4,0.0,0.0,20.0,0.0,100.0,1
okbubbafan,5,3.4,117.65,0.0,0.0,20.0,100.0,1
hardbolts,6,1.17,142.86,0.0,16.7,0.0,100.0,2
unsavory_character,11,2.64,0.0,0.0,9.1,0.0,100.0,1
miniivie,16,2.25,55.56,0.0,12.5,0.0,0.0,1
jayeaton60,13,5.62,82.19,0.0,0.0,0.0,100.0,1
tuddleslakefish,26,2.65,28.99,14.49,0.0,0.0,100.0,1
cdscarn,6,3,0.0,0.0,0.0,0.0,0.0,1
draclonis,48,9.12,22.83,9.13,10.4,14.6,100.0,1
naamariz,5,14.2,14.08,0.0,0.0,60.0,100.0,2
ragegamingau,11,4.64,19.61,0.0,9.1,45.5,100.0,1
ka1r1,13,4.08,0.0,0.0,0.0,0.0,0.0,1
kbjackson13,8,6,62.5,20.83,0.0,0.0,100.0,1
zcompulsive,12,2.75,30.3,0.0,0.0,16.7,100.0,1
the3kingdoms,9,7.67,28.99,28.99,0.0,0.0,100.0,1
kix4gunz,24,7.42,11.24,0.0,0.0,4.2,100.0,1
tacallaway,12,11.58,43.17,14.39,25.0,0.0,0.0,1
ivanfrem,10,10.4,19.23,0.0,0.0,30.0,100.0,3
gg_deathpunch,5,9.8,0.0,61.22,0.0,0.0,100.0,1
somewhatsilly,8,2.75,0.0,136.36,12.5,0.0,100.0,1
lyncxisawesome,10,2.9,206.9,0.0,0.0,0.0,100.0,1
hexceptional,8,5.62,0.0,0.0,0.0,25.0,0.0,1
aoaagoldbot,26,11.42,0.0,0.0,7.7,3.8,0.0,1
heathersspininstructor,5,11,18.18,0.0,0.0,0.0,100.0,1
attatudy,7,3.86,74.07,0.0,14.3,0.0,0.0,1
mteeq,6,1.5,0.0,0.0,0.0,16.7,33.3,2
bubba_army_mike,5,6.6,151.52,0.0,0.0,0.0,100.0,1
legend_killer79,10,2.3,0.0,43.48,0.0,30.0,0.0,1
scamazhs,7,9.14,0.0,0.0,0.0,14.3,0.0,1
shents,20,4.7,21.28,0.0,10.0,10.0,0.0,1
kingofthebrocean,5,3,0.0,66.67,0.0,60.0,0.0,1
loremasher,5,6.2,0.0,0.0,40.0,0.0,0.0,1
blackanddoubledecker,5,10.4,0.0,0.0,40.0,0.0,0.0,1
burtonzlaw,34,3.85,22.9,30.53,0.0,2.9,100.0,1
richard_longw00d,5,6.8,0.0,0.0,0.0,0.0,100.0,1
totalvoid,22,5.05,0.0,0.0,4.5,9.1,0.0,1
phildigaetano,15,4.8,13.89,0.0,0.0,0.0,100.0,1
mansonisgod,5,2,0.0,0.0,0.0,0.0,100.0,1
real_brad_one,6,8.33,100.0,0.0,0.0,16.7,0.0,1
efile,5,4.4,181.82,0.0,20.0,40.0,100.0,2
johnny819,5,4.4,45.45,0.0,20.0,0.0,0.0,1
cwsqwe123,5,2.6,0.0,0.0,20.0,60.0,100.0,2
gtchimp___,6,7.5,0.0,0.0,0.0,0.0,100.0,3
m1noru18,17,7.82,0.0,7.52,0.0,11.8,0.0,1
cutedog_,9,1.22,0.0,0.0,0.0,33.3,0.0,1
milezor1,46,3.43,6.33,12.66,13.0,19.6,0.0,1
usagi___,45,4.89,4.55,4.55,4.4,20.0,0.0,1
chibiroth_,14,6.07,35.29,47.06,7.1,21.4,0.0,3
z71whitetrash,27,5.63,26.32,13.16,0.0,0.0,100.0,1
sepm4ster,5,4.2,47.62,47.62,0.0,20.0,0.0,1
killr0y65,27,2.85,12.99,25.97,11.1,14.8,0.0,1
suicxide_,7,2.29,62.5,0.0,0.0,0.0,0.0,1
dreamx2,10,2.7,0.0,0.0,0.0,30.0,90.0,4
fortniteendrking,14,3.43,83.33,20.83,0.0,14.3,0.0,1
zapzmp1,10,5,0.0,0.0,0.0,10.0,0.0,1
chuckle__hut,23,4,0.0,0.0,0.0,0.0,100.0,1
polarity158,8,6.38,0.0,19.61,25.0,0.0,0.0,1
nomadpls,5,10.6,0.0,18.87,20.0,20.0,0.0,1
santanamp1,37,3.14,0.0,8.62,2.7,5.4,0.0,1
oombnoo,11,2.82,64.52,0.0,9.1,45.5,0.0,1
vansiegames,17,6.35,0.0,18.52,17.6,35.3,0.0,1
krodinbataak,9,2.33,47.62,0.0,0.0,0.0,0.0,1
alkaest77,6,7.33,0.0,0.0,16.7,0.0,0.0,1
whykingr,5,3.4,117.65,0.0,0.0,0.0,0.0,1
arakki,27,7.41,0.0,0.0,7.4,3.7,0.0,1
sldvc,26,1.08,0.0,0.0,0.0,3.8,0.0,1
belle_darkheart,23,5.48,15.87,7.94,0.0,4.3,100.0,1
tyrone_the_white_version,6,12,0.0,0.0,0.0,33.3,100.0,3
mongnajaee,24,0.54,0.0,0.0,0.0,0.0,0.0,1
mlucky4,12,4.25,58.82,0.0,8.3,8.3,0.0,1
jonmarc,7,3.43,0.0,0.0,14.3,28.6,0.0,1
taciturnus1,5,3.6,166.67,0.0,0.0,0.0,0.0,1
zolboohuu,11,3.18,28.57,0.0,0.0,18.2,0.0,1
i_am_trusty,5,8.6,0.0,0.0,0.0,20.0,0.0,1
thankyouandyou,6,1.5,0.0,0.0,0.0,83.3,100.0,1
arielle_tw,6,2.67,0.0,0.0,0.0,16.7,83.3,2
stevesgsxr750,10,2.3,130.43,0.0,0.0,0.0,100.0,1
ismailkus61,5,10.8,18.52,0.0,0.0,0.0,0.0,1
robb_the_mark,10,9.5,0.0,21.05,20.0,0.0,100.0,1
dawizaa,14,6.07,11.76,0.0,7.1,14.3,0.0,1
greatwhitehunterinky,24,6.5,12.82,0.0,8.3,0.0,100.0,1
adri_x,10,4.4,0.0,0.0,0.0,10.0,0.0,1
zelda__64,16,7.12,35.09,26.32,18.8,0.0,0.0,1
futtbuck99,16,9.06,13.79,6.9,6.2,25.0,100.0,1
dontspeakamerican,10,4,25.0,0.0,0.0,10.0,0.0,1
garnetssloppyknocks,8,9.12,0.0,13.7,12.5,0.0,100.0,1
jirrusan,18,8.56,12.99,0.0,22.2,5.6,0.0,1
sirloathing,9,4.56,24.39,0.0,22.2,0.0,0.0,1
donkeyteethbtls,24,5.25,15.87,0.0,0.0,0.0,100.0,1
rouge_morte,21,5.24,81.82,9.09,14.3,0.0,0.0,1
sm4shjackson,9,8.11,0.0,0.0,0.0,55.6,100.0,1
goldeegglayer,49,4.29,28.57,4.76,10.2,2.0,100.0,1
davethedwarfs3rdleg,16,4.19,0.0,0.0,6.2,0.0,100.0,1
clemsflemgems,7,6.43,22.22,22.22,0.0,0.0,100.0,1
void_portal,7,4.71,0.0,0.0,0.0,0.0,0.0,1
gamewolf62,8,3.62,0.0,0.0,25.0,0.0,100.0,1
extzzzzzzzzzzzzzzz,52,0.52,0.0,0.0,0.0,9.6,0.0,1
shootzilla,5,0,0.0,0.0,0.0,0.0,0.0,1
bubbasknocks,11,7.64,0.0,0.0,18.2,0.0,100.0,1
kuro2810,5,9.6,0.0,0.0,40.0,0.0,0.0,1
limpeeshrimpee,7,2.29,0.0,0.0,0.0,14.3,100.0,1
donteatsmurfs,14,9.86,14.49,7.25,7.1,0.0,0.0,1
fapnapz,9,1.56,0.0,71.43,0.0,22.2,0.0,2
goldsoul,5,1.2,0.0,0.0,0.0,0.0,0.0,1
dongoelzi,6,5.5,60.61,30.3,0.0,0.0,0.0,1
rizzhizz,17,6.18,57.14,0.0,0.0,0.0,100.0,1
crazydrog,7,7.43,57.69,0.0,42.9,0.0,0.0,1
dra1nmvp,5,4.2,0.0,47.62,0.0,0.0,0.0,2
idapanda,18,0.28,0.0,0.0,0.0,0.0,0.0,1
ohsuohm,9,0.67,0.0,0.0,11.1,0.0,0.0,1
jasonakatj,6,7.17,0.0,0.0,33.3,0.0,0.0,1
luminouslunar,5,2.6,76.92,0.0,0.0,0.0,0.0,1
4mbitionz,7,0,0.0,0.0,0.0,0.0,0.0,1
brightshadow,12,7.17,0.0,0.0,8.3,0.0,0.0,1
erranta_s,5,2.8,0.0,0.0,0.0,0.0,0.0,1
iggymcgillicutty,7,6,0.0,0.0,0.0,28.6,100.0,1
wadedurbin,8,5.25,23.81,23.81,0.0,0.0,100.0,1
tuck359,5,3.2,62.5,0.0,0.0,0.0,0.0,2
lynnlbailey,6,7.83,21.28,0.0,0.0,0.0,100.0,1
azibeel,7,17.43,8.2,8.2,0.0,0.0,0.0,1
wadesc,7,4.57,31.25,0.0,14.3,14.3,0.0,1
ecko3o6,6,2.67,62.5,0.0,0.0,0.0,0.0,1
syracus23,10,4.3,23.26,0.0,0.0,10.0,0.0,2
formup200,12,8.08,10.31,0.0,0.0,25.0,0.0,1
3hizznowizz_allday,18,8.78,6.33,6.33,0.0,0.0,100.0,1
bamboo_elf,27,0.04,0.0,0.0,3.7,0.0,0.0,1
blastboys123,7,4.43,32.26,0.0,28.6,14.3,14.3,2
hello2030,7,2.71,0.0,0.0,0.0,57.1,57.1,3
likethecolorgreen,8,7.25,17.24,17.24,0.0,37.5,100.0,4
tight_little_smile,5,2.6,0.0,0.0,20.0,20.0,100.0,1
taeblackbeard_ishere,7,0.43,0.0,0.0,0.0,0.0,100.0,1
chick3n_w4ffles,11,15.09,0.0,0.0,0.0,54.5,45.5,3
y3kcjd5,17,4.53,0.0,12.99,11.8,11.8,0.0,1
bgenlive,5,2.4,166.67,0.0,0.0,20.0,0.0,1
dougclemspolaroid,19,8.74,6.02,6.02,10.5,0.0,100.0,1
blonde_diva,7,7.29,0.0,0.0,0.0,0.0,100.0,1
cleedow,8,6.88,18.18,18.18,0.0,12.5,0.0,2
blindguard3228,23,5.57,7.81,15.62,4.3,13.0,0.0,2
livinpunk,11,3.36,27.03,0.0,9.1,0.0,0.0,1
sleep_assist,21,4.1,0.0,34.88,0.0,19.0,0.0,1
pinkyandthebot,17,20.41,0.0,0.0,0.0,0.0,0.0,1
deadheadct69,7,6,71.43,0.0,14.3,0.0,100.0,1
manlypillow,5,1,0.0,0.0,0.0,40.0,100.0,2
qwinnyosrs,7,2.43,117.65,0.0,14.3,14.3,0.0,1
kithari,8,3.12,0.0,40.0,0.0,12.5,0.0,1
amadeuscsgo,7,0.43,0.0,0.0,0.0,0.0,0.0,1
inegotiatewithterrorists,5,5.8,0.0,0.0,20.0,0.0,0.0,1
spireinfo,8,12.75,0.0,29.41,25.0,0.0,0.0,1
mikemeron,5,6.8,29.41,29.41,20.0,0.0,0.0,1
y_tung,7,1.57,90.91,0.0,0.0,42.9,100.0,2
pkopink,5,0.6,0.0,0.0,0.0,0.0,100.0,1
romendacil,8,2.75,0.0,45.45,0.0,12.5,0.0,1
fiendishflair,12,4,41.67,0.0,16.7,0.0,0.0,1
kaixthree,24,0.29,0.0,0.0,0.0,0.0,0.0,1
murphyy,13,2.15,0.0,35.71,7.7,46.2,100.0,2
magus_of_the_moon,16,7.19,60.87,0.0,31.2,0.0,0.0,1
specialkidmiles,6,4.5,37.04,0.0,0.0,0.0,0.0,1
emiholle,8,1.12,0.0,0.0,0.0,25.0,100.0,1
eklasainlol,9,5.56,20.0,0.0,0.0,11.1,0.0,1
nazunax,5,4,50.0,0.0,0.0,80.0,20.0,2
zkatom,12,7.5,44.44,0.0,0.0,0.0,0.0,1
jmasterzero,15,2.73,97.56,0.0,13.3,0.0,100.0,1
reefpirates,7,5,0.0,28.57,0.0,14.3,0.0,1
napatpp_s,15,0,0.0,0.0,0.0,0.0,100.0,1
anicrest,17,5.12,11.49,11.49,5.9,5.9,100.0,1
nutpu_dtc,20,0.05,0.0,0.0,5.0,0.0,100.0,1
buzzardbob1,8,6.38,19.61,19.61,0.0,0.0,100.0,1
cake_conjurer,9,11.67,0.0,9.52,0.0,0.0,0.0,1
richiemacgames,10,5.3,18.87,0.0,0.0,10.0,0.0,1
wunz0,18,3.78,44.12,0.0,0.0,0.0,0.0,1
snidespace437,7,7.14,0.0,0.0,14.3,42.9,14.3,2
my_balls_hurt_so_i,6,6.5,25.64,0.0,16.7,0.0,100.0,1
nariq,15,7,28.57,9.52,20.0,6.7,0.0,1
mrdiggles437,5,8.2,0.0,0.0,0.0,0.0,0.0,1
soft_noodle_jones,8,4.88,25.64,0.0,0.0,0.0,100.0,1
ockie,5,2,0.0,0.0,0.0,40.0,80.0,3
growl,6,4.33,0.0,0.0,0.0,0.0,50.0,2
kitsune_jones,8,4.62,27.03,0.0,0.0,0.0,0.0,1
rtlowe74,8,4.12,0.0,0.0,12.5,0.0,100.0,1
yippityskippity,5,4.2,47.62,0.0,0.0,0.0,100.0,1
justicesoultuna,8,1.88,0.0,0.0,0.0,12.5,0.0,1
13b_rew_rx_8_gtx3582r,5,3.8,0.0,0.0,0.0,0.0,0.0,1
daveyd128,18,3.78,0.0,0.0,5.6,5.6,100.0,1
intimidating_canadian,24,7.12,11.7,0.0,4.2,20.8,0.0,1
doppelganger96,5,0.2,0.0,0.0,0.0,0.0,100.0,1
hootiesthickthermos,18,4.17,26.67,0.0,0.0,0.0,100.0,1
causecurse,5,3,0.0,66.67,0.0,0.0,0.0,3
fluffytennisball,13,1.46,105.26,0.0,15.4,7.7,61.5,4
formats,5,2.4,166.67,0.0,0.0,40.0,0.0,1
questmode_bot,16,31.69,5.92,0.0,0.0,0.0,0.0,4
zozo__,22,3.23,0.0,0.0,18.2,13.6,0.0,1
ryd3r_07,6,1.5,111.11,0.0,0.0,16.7,0.0,1
resurrectandgotobed,9,3.78,29.41,29.41,11.1,66.7,100.0,3
cpuuuh,6,5.83,28.57,0.0,16.7,0.0,0.0,1
sekuria,6,5.33,31.25,0.0,16.7,33.3,0.0,1
notingatall,6,0,0.0,0.0,0.0,0.0,100.0,1
nas_alsalem,6,5.33,0.0,0.0,33.3,0.0,0.0,1
minibitmiik,6,1.33,0.0,0.0,16.7,16.7,100.0,3
boeyballooza,5,3.6,0.0,0.0,20.0,0.0,0.0,1
81malice,5,4.4,0.0,0.0,0.0,0.0,0.0,1
ice_owll,13,2.77,0.0,0.0,0.0,15.4,100.0,4
nuclearwasted,27,4.59,16.13,0.0,3.7,7.4,0.0,1
jprizzle16,6,2.5,66.67,0.0,33.3,0.0,100.0,1
squash_upstatefte,6,5.5,0.0,0.0,0.0,0.0,100.0,1
gerudoeye,5,2.2,0.0,0.0,0.0,40.0,100.0,2
kibaxkiba,48,6.98,23.88,11.94,14.6,10.4,0.0,1
iii_faisal_iii,5,1.2,0.0,0.0,0.0,60.0,100.0,2
doctorhenney,5,0,0.0,0.0,0.0,0.0,100.0,1
4dms,5,3.4,0.0,0.0,0.0,0.0,100.0,1
donnaclem,6,3.5,95.24,0.0,0.0,16.7,100.0,1
nl_stormyknight,7,6.43,0.0,0.0,28.6,0.0,0.0,1
ramely,5,0,0.0,0.0,0.0,0.0,100.0,1
bigjerbd,9,5.22,21.28,0.0,0.0,0.0,0.0,1
charlestonjuggalo,10,4.8,41.67,0.0,10.0,0.0,100.0,1
jaysharkz,11,4.73,0.0,0.0,9.1,9.1,100.0,1
siskat_3,8,3.62,0.0,0.0,12.5,25.0,0.0,1
coach_cooter,16,3.31,18.87,0.0,12.5,87.5,100.0,1
jamieh38,6,6.33,0.0,0.0,66.7,0.0,0.0,1
ptitjo97,9,6.44,0.0,0.0,0.0,44.4,100.0,3
zadorosny,7,6.71,21.28,0.0,14.3,0.0,0.0,1
elvest,10,11.3,26.55,0.0,0.0,0.0,0.0,1
mahbikenow,6,7.83,0.0,0.0,0.0,50.0,50.0,3
xentir,12,2.33,0.0,0.0,0.0,0.0,41.7,3
louistkk,20,2.55,19.61,19.61,5.0,15.0,0.0,1
k1ng440,5,5.4,74.07,0.0,40.0,0.0,0.0,1
byrnoooo,5,5.8,34.48,0.0,20.0,20.0,0.0,1
dasfut,6,5.33,31.25,62.5,0.0,0.0,0.0,1
dialogue,12,5.75,14.49,14.49,8.3,25.0,0.0,1
imtrashatfortnite1111111,74,4.64,23.32,5.83,8.1,0.0,0.0,1
one5to5,11,0,0.0,0.0,0.0,0.0,100.0,1
dstutt,8,9.12,0.0,13.7,37.5,0.0,0.0,1
mlgquikscp420,11,11.18,8.13,0.0,9.1,0.0,0.0,2
vespado,11,5.73,15.87,0.0,0.0,45.5,0.0,2
br0wnj,9,1.33,83.33,0.0,0.0,66.7,100.0,2
mikedmx,9,3.11,35.71,0.0,0.0,55.6,100.0,3
giinnge,5,2,0.0,0.0,20.0,40.0,0.0,1
official_v3n0,7,9,0.0,0.0,0.0,42.9,100.0,2
itzsimondr98,18,3.67,0.0,30.3,5.6,16.7,0.0,1
belgian93,13,4.77,16.13,0.0,0.0,7.7,0.0,1
nikolas_cmx,7,2.57,55.56,0.0,42.9,14.3,0.0,1
jusssmeee,6,7.67,21.74,0.0,16.7,0.0,0.0,1
kingsou,6,1.67,200.0,0.0,0.0,83.3,100.0,3
sonicbo0om,11,2.64,34.48,34.48,0.0,9.1,100.0,1
johnnybrasco72,13,5,0.0,0.0,0.0,0.0,100.0,1
decooodd,6,1.83,90.91,0.0,0.0,33.3,0.0,1
okokandyou,8,1.5,0.0,83.33,0.0,37.5,100.0,1
cizarney,5,7.4,0.0,0.0,0.0,100.0,100.0,1
militween,27,3.59,0.0,20.62,0.0,7.4,0.0,1
deftlydone,6,2,0.0,0.0,0.0,0.0,100.0,2
mtlxspider,5,4,0.0,0.0,0.0,40.0,0.0,1
theumconvo,8,5.25,47.62,0.0,12.5,12.5,100.0,1
daejarvoe,5,3.2,0.0,0.0,0.0,40.0,0.0,1
dirtfootelmo,9,1.67,66.67,0.0,0.0,11.1,100.0,1
jameszaa333,8,0,0.0,0.0,0.0,0.0,100.0,1
napo_de,5,4.6,43.48,0.0,0.0,0.0,0.0,1
t_ontwitch,5,3.4,0.0,0.0,0.0,0.0,0.0,1
o0o0o0o0o0o0o0o0o0o0o0o01,6,3.5,0.0,0.0,0.0,0.0,100.0,1
yo_adriaaaan,26,3.69,52.08,0.0,3.8,7.7,100.0,1
thefeelskappaman,14,3.57,40.0,0.0,0.0,0.0,100.0,1
fowhatrlyworths,6,1.67,0.0,0.0,16.7,0.0,100.0,2
w00dzieallen,6,2.5,66.67,0.0,0.0,16.7,100.0,1
zedzys,7,4.14,34.48,0.0,14.3,0.0,100.0,1
badluck4u,10,8.6,0.0,11.63,10.0,0.0,100.0,1
jackee42o,20,6.3,0.0,7.94,5.0,0.0,100.0,1
xilften,24,3.08,40.54,0.0,4.2,4.2,100.0,1
icelandic_polar_bear,11,3,60.61,0.0,0.0,0.0,100.0,2
eill,39,4.08,0.0,0.0,61.5,66.7,0.0,2
mad5820,5,5.6,0.0,0.0,60.0,0.0,100.0,1
jimjonesisgod,11,7.18,63.29,12.66,9.1,0.0,100.0,1
david_sanders,16,4.25,14.71,0.0,6.2,6.2,100.0,3
bounterosrs,5,2.8,0.0,0.0,0.0,40.0,0.0,1
agaminghippie,5,5.2,38.46,0.0,0.0,0.0,0.0,1
sbh37,5,8.8,0.0,45.45,0.0,20.0,0.0,1
trillebartom,7,2.71,0.0,0.0,0.0,28.6,0.0,1
padddy,8,3.12,0.0,80.0,0.0,25.0,87.5,2
captmodano,5,3.4,0.0,0.0,0.0,0.0,100.0,1
ricksarson,5,2,0.0,0.0,0.0,0.0,100.0,1
bubbaarmybrad,5,4.8,0.0,0.0,0.0,0.0,100.0,1
dk_lore,6,2.33,0.0,0.0,0.0,33.3,0.0,1
matzefyr,5,5.8,0.0,34.48,0.0,20.0,0.0,1
ms_katy,13,3.85,0.0,0.0,0.0,23.1,84.6,2
maybiiz,5,0,0.0,0.0,0.0,0.0,100.0,1
xrossfirex,16,0.12,0.0,0.0,0.0,0.0,100.0,1
florentine11,24,2.92,14.29,0.0,0.0,0.0,0.0,1
mrmaru,5,6,0.0,0.0,0.0,0.0,0.0,1
searent,34,5.03,23.39,0.0,0.0,23.5,0.0,1
onlyhereforgiveaways,5,3.4,58.82,0.0,0.0,40.0,100.0,2
2timers,6,3.83,0.0,0.0,0.0,33.3,100.0,2
tarasjizzugs,24,3.25,38.46,0.0,4.2,12.5,100.0,1
sequensy,5,3.6,0.0,0.0,0.0,20.0,100.0,2
h4ppily,8,5.38,0.0,0.0,0.0,12.5,0.0,1
jlab83,5,5.4,0.0,0.0,0.0,0.0,100.0,1
walshywag1,7,4.29,0.0,0.0,14.3,28.6,0.0,1
jimmyfromgascity,6,6.5,25.64,0.0,0.0,0.0,100.0,1
wclos,8,2.88,86.96,0.0,12.5,0.0,0.0,2
yipikaye,17,3.18,18.52,18.52,5.9,17.6,0.0,1
vapersbaking,13,2.31,33.33,0.0,7.7,7.7,100.0,1
quasimonk,5,6.8,0.0,0.0,40.0,0.0,100.0,1
twitch_destroyed_my_life,48,3.67,45.45,11.36,14.6,8.3,100.0,1
lerevffxiv,10,3.5,0.0,0.0,0.0,10.0,100.0,1
b_______________________b,5,8.6,0.0,0.0,0.0,0.0,100.0,2
pdxmounthood,12,7.75,21.51,10.75,0.0,0.0,100.0,1
runawaytrain,5,4.2,0.0,0.0,0.0,0.0,100.0,1
hitch__bot,30,11.57,5.76,0.0,0.0,6.7,100.0,1
donkey_dressed_asaunicorn,19,3.89,27.03,0.0,10.5,0.0,100.0,1
matthieist,6,7,0.0,0.0,33.3,16.7,0.0,1
jeeroz,9,6.11,0.0,0.0,11.1,33.3,100.0,1
dearqwertyu,10,0.1,0.0,0.0,0.0,0.0,100.0,1
grizzlytdi,7,1.71,0.0,0.0,0.0,14.3,100.0,1
a_eyahaa,6,3.5,47.62,0.0,16.7,0.0,100.0,1
woterluluped,6,5.17,64.52,32.26,0.0,0.0,33.3,3
selenehs,7,5.14,0.0,55.56,0.0,0.0,0.0,1
torebatitan,5,8.4,47.62,0.0,60.0,20.0,100.0,1
epicsaapas,8,10.38,24.1,0.0,0.0,0.0,100.0,1
iheertam,7,0.43,0.0,0.0,0.0,0.0,100.0,1
michaeltth,6,3,0.0,0.0,0.0,16.7,100.0,2
doncorleone007,8,3.12,80.0,0.0,0.0,0.0,100.0,1
sadverts_,12,1.08,0.0,0.0,16.7,8.3,0.0,1
baneglory,30,4.13,8.06,8.06,6.7,0.0,100.0,1
hankmardukiss,5,2.2,0.0,0.0,0.0,20.0,100.0,3
stoenr,5,5,160.0,0.0,20.0,0.0,100.0,1
jonaldinho92,7,3.29,0.0,0.0,57.1,0.0,100.0,1
fyreflywhispr,12,8.17,20.41,0.0,8.3,0.0,100.0,3
jcraiden,13,6.15,0.0,12.5,23.1,0.0,0.0,1
aloonatic,8,5.88,21.28,0.0,12.5,0.0,100.0,2
islandmandem,7,4.29,33.33,0.0,42.9,14.3,100.0,1
mmelancholy,5,9.2,0.0,0.0,0.0,0.0,0.0,1
wav2o,5,3.4,0.0,0.0,0.0,20.0,100.0,2
yobimapi,14,5.21,13.7,0.0,0.0,7.1,0.0,1
valomyrsky,8,1.12,0.0,0.0,0.0,37.5,100.0,4
ag3ntorange1998,7,5.57,0.0,0.0,42.9,0.0,0.0,2
ktfy,6,6.67,0.0,0.0,16.7,0.0,0.0,1
stashzbot,7,5,0.0,28.57,0.0,0.0,100.0,1
smooth_dog,12,5.33,0.0,0.0,16.7,8.3,100.0,1
chugachuuga,6,8.83,0.0,18.87,0.0,33.3,50.0,2
tatoforever,5,4.8,0.0,0.0,20.0,0.0,0.0,1
nikholas,8,2.88,0.0,0.0,0.0,12.5,0.0,1
tripisagameralt,5,4.6,0.0,0.0,20.0,0.0,0.0,1
azowastaken,5,6.8,0.0,0.0,0.0,0.0,0.0,1
notmozaiyc,19,17.63,11.94,0.0,5.3,52.6,0.0,2
biackphoenix,7,4.57,0.0,0.0,14.3,14.3,100.0,1
thepiter333,7,3.86,0.0,0.0,14.3,28.6,28.6,2
szary94,15,2.67,75.0,0.0,0.0,33.3,100.0,4
hahaaemote,5,6.6,0.0,0.0,0.0,20.0,100.0,1
alemogul,5,2.8,0.0,0.0,20.0,0.0,100.0,2
purespam,6,5.17,64.52,0.0,0.0,0.0,0.0,1
mediocre3,6,12,13.89,0.0,0.0,0.0,0.0,1
rtheeraser,6,3,0.0,0.0,0.0,0.0,0.0,1
itcoming,5,0.2,0.0,0.0,0.0,0.0,100.0,1
guikuza,6,5,0.0,0.0,16.7,50.0,0.0,1
kyotozoo,6,2.17,0.0,0.0,0.0,33.3,100.0,1
thedamianishow,19,4.68,22.47,11.24,0.0,21.1,100.0,1
firstclasspvtparts,15,1.27,0.0,0.0,0.0,0.0,100.0,1
hnlbot,31,9.1,7.09,0.0,0.0,0.0,96.8,5
weebaygame,6,13.33,12.5,0.0,0.0,0.0,0.0,1
beari,10,3.8,26.32,26.32,0.0,10.0,0.0,1
dollt28,9,9.78,0.0,0.0,0.0,22.2,77.8,3
alenzgamechannel,10,0.2,0.0,0.0,0.0,0.0,0.0,1
daonlytimmeh,5,2.2,90.91,0.0,0.0,20.0,0.0,1
fmc_reborn,8,6,41.67,0.0,12.5,0.0,100.0,1
shakenbakehd,5,2.6,0.0,0.0,0.0,20.0,100.0,2
tribalqt,5,18,55.56,22.22,40.0,0.0,20.0,2
totzire1,7,2,0.0,0.0,14.3,57.1,100.0,2
0zzy,13,4,38.46,0.0,0.0,7.7,100.0,2
godblessallhuman,6,3.83,130.43,0.0,0.0,0.0,100.0,1
j0rdan_p,5,2.2,90.91,0.0,0.0,0.0,0.0,1
jooosha,10,4.4,0.0,0.0,0.0,10.0,100.0,2
raddaya,10,10.5,0.0,0.0,20.0,0.0,0.0,1
lgd251,6,3.83,0.0,0.0,16.7,0.0,0.0,1
jectoh,5,2.6,230.77,0.0,0.0,0.0,100.0,1
ooohleo,5,6.6,60.61,30.3,20.0,20.0,0.0,1
hham85,6,4.17,80.0,0.0,0.0,0.0,100.0,1
fenryrrtv,10,3.6,0.0,0.0,0.0,20.0,0.0,1
burgarnils,12,1.42,0.0,0.0,0.0,33.3,100.0,2
5exisme,10,3.4,58.82,0.0,10.0,20.0,0.0,1
lastbbb,7,0.43,0.0,0.0,14.3,0.0,0.0,1
mingleedong,8,4.25,0.0,0.0,12.5,50.0,62.5,3
sayitaintsocuh,5,1.2,0.0,0.0,20.0,40.0,80.0,2
mrlexgr,7,10.14,14.08,0.0,28.6,14.3,0.0,1
musichelps,5,1.8,0.0,0.0,0.0,20.0,100.0,1
cobgolber,5,1.8,0.0,0.0,0.0,60.0,100.0,2
checko_o7,9,2.89,0.0,0.0,22.2,11.1,0.0,1
doctor_citadel,5,5,120.0,0.0,20.0,0.0,0.0,1
sonakx,5,0,0.0,0.0,0.0,0.0,0.0,1
stabbin_wagon,8,14.12,0.0,8.85,0.0,0.0,0.0,1
ttv_wishyouskill,7,9,63.49,0.0,0.0,0.0,0.0,1
soupyjohn2,7,6.86,62.5,0.0,0.0,14.3,100.0,1
mitchthemark,8,6,0.0,0.0,12.5,0.0,100.0,1
yenxa,37,5.57,9.71,9.71,2.7,5.4,0.0,1
enieo,9,3.56,0.0,0.0,0.0,11.1,0.0,1
blackdoodler,7,10.71,0.0,0.0,0.0,0.0,0.0,1
batootpc,13,2.54,30.3,0.0,15.4,38.5,76.9,3
hsnexo,13,5.38,28.57,14.29,7.7,15.4,0.0,1
265reapersoul,6,1.33,0.0,0.0,0.0,66.7,0.0,1
djlucky701,6,19.17,0.0,0.0,0.0,0.0,100.0,1
light_ezzz,5,0.6,0.0,0.0,0.0,0.0,0.0,1
pushinzz,6,3.33,50.0,0.0,0.0,0.0,0.0,1
djem95,7,5.43,78.95,0.0,0.0,28.6,14.3,2
shiftlessdrifter,14,10,14.29,0.0,14.3,0.0,0.0,1
tybstra_,7,6.57,0.0,0.0,0.0,57.1,85.7,4
migiyaka,12,7.83,10.64,21.28,0.0,0.0,0.0,1
sasha2004m,7,0,0.0,0.0,14.3,0.0,0.0,1
viso2k,20,2.1,0.0,0.0,5.0,45.0,0.0,1
envytherabbit,5,7.6,0.0,26.32,20.0,20.0,0.0,1
ambahs,19,4.68,0.0,0.0,15.8,5.3,0.0,1
postyxd,17,7.18,24.59,16.39,0.0,11.8,0.0,1
woahbro,5,2.6,0.0,76.92,0.0,0.0,80.0,2
notbillcosby_,5,4,0.0,0.0,20.0,0.0,0.0,1
nexttimesweetie,6,10.67,0.0,0.0,0.0,66.7,100.0,3
sinfulgamernz,7,5.57,25.64,0.0,0.0,14.3,0.0,1
oiktmot,7,3.29,43.48,0.0,28.6,0.0,0.0,2
pixiebells,13,6.85,11.24,0.0,7.7,7.7,100.0,1
legenairy,6,2.5,0.0,0.0,66.7,0.0,66.7,2
andypantz,16,5.06,37.04,12.35,12.5,0.0,0.0,1
skiddlerrs,7,3.29,0.0,0.0,14.3,57.1,0.0,1
ringelschwanz1900,17,2.12,0.0,27.78,11.8,5.9,100.0,2
porcamics,6,9.67,0.0,17.24,0.0,33.3,100.0,1
spectral_taylor,16,20.56,0.0,0.0,0.0,0.0,0.0,1
belgaux,8,6.38,0.0,19.61,12.5,0.0,100.0,1
mommabearz,13,4.46,51.72,0.0,0.0,7.7,0.0,1
earendos,15,5.13,25.97,0.0,0.0,13.3,0.0,1
gswblew321lead,6,3,0.0,0.0,0.0,33.3,0.0,1
destinyhlk,10,13,15.38,7.69,10.0,10.0,0.0,1
quiltoni,12,3.92,42.55,0.0,25.0,0.0,0.0,1
flexgodx,7,2,71.43,0.0,0.0,14.3,100.0,1
anrield,54,8.85,20.92,6.28,9.3,7.4,0.0,1
renaissancetinkerdork,6,5,66.67,0.0,0.0,0.0,0.0,1
croaky99,21,5.24,0.0,9.09,4.8,14.3,0.0,1
kozzybay,7,7.14,40.0,0.0,14.3,0.0,100.0,2
krimsonhooker,8,6.12,0.0,20.41,0.0,0.0,100.0,1
foxwriter,54,8.28,11.19,8.95,22.2,5.6,0.0,1
yeti_hunter,10,4.3,0.0,0.0,10.0,20.0,100.0,1
miniberger_bot,56,21.89,8.97,0.0,12.5,0.0,0.0,1
l33tingl4dy,13,7.46,20.62,10.31,0.0,15.4,0.0,1
lofi_chill,5,2.2,0.0,0.0,0.0,20.0,100.0,2
anthrax406,40,5.1,0.0,4.9,2.5,22.5,100.0,1
mrtast,8,9.62,25.97,0.0,12.5,12.5,100.0,1
realjohnkimble,8,3.25,38.46,76.92,0.0,25.0,100.0,1
chinglishtv,7,13.43,0.0,0.0,28.6,28.6,100.0,1
deeetox,11,3,0.0,60.61,0.0,18.2,100.0,1
bowtaitv,6,1.67,0.0,0.0,16.7,50.0,83.3,2
artie_flores,20,7.7,6.49,12.99,5.0,0.0,0.0,1
harleylinquinn,56,4.48,31.87,7.97,21.4,25.0,0.0,1
wookieenthal,5,3.6,0.0,0.0,0.0,40.0,100.0,1
fhane,5,2.2,90.91,0.0,0.0,60.0,100.0,1
digitaltyler,12,2.58,32.26,0.0,0.0,33.3,91.7,2
rixxey,13,3,0.0,0.0,0.0,23.1,100.0,2
controlj4,6,6.33,0.0,0.0,16.7,0.0,0.0,1
shkn,10,5.7,0.0,17.54,0.0,20.0,100.0,1
dumek,5,5.4,0.0,74.07,40.0,20.0,0.0,1
kozze___,10,3.4,29.41,29.41,10.0,10.0,100.0,1
svavablount,17,4.94,23.81,11.9,11.8,0.0,0.0,1
witchyknits,19,6.32,58.33,0.0,5.3,0.0,0.0,1
beerz__,8,4.88,0.0,0.0,0.0,12.5,0.0,1
beetleatbay,19,7.21,21.9,0.0,15.8,10.5,0.0,1
skyrow4,8,1,0.0,0.0,0.0,62.5,100.0,1
ratch_v,7,8.43,0.0,16.95,28.6,0.0,100.0,1
fotnite_pro123,10,5.2,19.23,0.0,0.0,50.0,0.0,1
scooter_mcscoots,7,18.14,31.5,0.0,14.3,0.0,0.0,1
nikucomics,16,7.25,25.86,0.0,12.5,18.8,0.0,1
dm3nxgod,7,0,0.0,0.0,0.0,0.0,0.0,1
zedvood,5,2.4,0.0,83.33,0.0,20.0,100.0,1
hammertown8d,7,4.71,60.61,0.0,0.0,14.3,100.0,2
legolish,32,5.69,0.0,5.49,12.5,0.0,0.0,1
kitt3nbr33,9,17.78,25.0,0.0,0.0,0.0,0.0,1
kairyu28,23,3.52,0.0,0.0,0.0,13.0,100.0,1
mrtennuhsee,6,2,0.0,0.0,0.0,33.3,33.3,2
dragunovka,6,1,0.0,0.0,0.0,50.0,100.0,1
grumpykitten69,11,5.45,0.0,16.67,0.0,0.0,0.0,1
ashof1,5,2.8,0.0,0.0,20.0,0.0,0.0,1
hill477,17,5.47,21.51,10.75,0.0,0.0,100.0,2
laughingman666,28,12.14,5.88,2.94,0.0,3.6,0.0,1
wallsofgab,7,10.29,27.78,0.0,0.0,0.0,0.0,1
sweetvanaya,15,5.47,73.17,0.0,20.0,13.3,0.0,1
dryadtea,14,4.5,15.87,0.0,14.3,0.0,0.0,1
monopally,5,2.2,90.91,0.0,20.0,20.0,80.0,3
piupiuu_,8,4.25,0.0,0.0,0.0,25.0,0.0,2
btothettothee,5,6,0.0,0.0,20.0,0.0,20.0,2
lord3218,5,0.2,0.0,0.0,0.0,0.0,0.0,1
cerenduman,5,5,0.0,0.0,0.0,20.0,0.0,1
sayatberkan9,10,3.6,0.0,0.0,0.0,0.0,0.0,1
cilingirgorunumlusilver,6,2.83,0.0,0.0,0.0,0.0,0.0,1
nlghthawkk,5,3.8,0.0,0.0,20.0,20.0,0.0,1
fiercekittenz,7,6.43,0.0,0.0,0.0,14.3,0.0,1
fortnitekidtwitch,8,2.62,0.0,0.0,12.5,25.0,0.0,1
itzbrandon,8,3.38,74.07,0.0,0.0,25.0,0.0,1
botnextdoor,19,10.79,4.88,0.0,0.0,0.0,100.0,1
kiddddd20,7,1.43,200.0,0.0,0.0,28.6,0.0,1
gglife,19,1.79,0.0,0.0,0.0,31.6,100.0,3
bustopher,20,9,11.11,5.56,25.0,0.0,0.0,1
eagleheart33,6,2.33,0.0,0.0,0.0,16.7,0.0,1
snarkysewist,12,6.75,24.69,0.0,25.0,0.0,0.0,1
anwrootbeerfloat,26,4.35,53.1,0.0,0.0,7.7,0.0,1
swagstar59,6,4.67,0.0,0.0,16.7,0.0,0.0,1
fotcolcik,6,0.17,0.0,0.0,0.0,0.0,0.0,1
zssalty,5,19.2,0.0,0.0,0.0,20.0,0.0,1
plyra_,5,3.4,58.82,0.0,0.0,0.0,0.0,1
captain_canucks,49,9,15.87,15.87,2.0,2.0,100.0,1
vcam83,6,7.17,23.26,0.0,0.0,0.0,100.0,1
interplace55,15,5.6,11.9,23.81,6.7,6.7,100.0,1
benalkazar,53,5.77,16.34,0.0,1.9,5.7,100.0,1
g1oriousapollo,24,7.79,37.43,10.7,8.3,4.2,100.0,1
necron00b,52,4.67,65.84,4.12,5.8,0.0,100.0,1
havik_thepurplesanta,17,6.76,52.17,0.0,29.4,5.9,100.0,1
crazyg1ass7s,12,8.58,87.38,19.42,8.3,0.0,100.0,1
kclose09,8,5.75,21.74,0.0,12.5,0.0,100.0,1
bb420777,9,6.44,34.48,17.24,22.2,0.0,100.0,1
potatopatg,6,4.17,40.0,40.0,0.0,0.0,100.0,1
sgtcarkeys,10,12.2,16.39,8.2,0.0,0.0,100.0,1
arnams,8,9.12,27.4,13.7,0.0,0.0,100.0,1
sp1deyluvr,30,7.07,33.02,4.72,13.3,6.7,0.0,1
drmcswagpants,9,11.56,19.23,9.62,11.1,0.0,100.0,1
esolisplays,7,6.57,21.74,43.48,14.3,14.3,100.0,1
badyacs,8,1.88,0.0,66.67,0.0,0.0,0.0,1
tacoxplosion,22,5.14,35.4,0.0,0.0,27.3,100.0,1
crushdani,8,3,0.0,208.33,0.0,0.0,100.0,1
bretwood15,13,7,43.96,21.98,0.0,15.4,100.0,1
molehj,14,4.86,14.71,14.71,7.1,7.1,100.0,1
dasnorkopsgang,6,3.5,0.0,0.0,0.0,0.0,0.0,1
baaskaas_595,7,4.14,0.0,0.0,14.3,14.3,0.0,1
yankeemike147,35,5.86,4.88,29.27,8.6,0.0,100.0,1
vorlent,16,4.62,13.51,0.0,6.2,0.0,100.0,1
stgfloydfreak,15,6.8,19.61,0.0,13.3,0.0,100.0,2
apeinsupershape,6,8.67,19.23,19.23,16.7,0.0,0.0,1
pervyninja,32,5.53,50.85,11.3,3.1,15.6,100.0,1
theman8998,33,8.18,29.63,3.7,0.0,3.0,100.0,1
drunkpigeon69,15,8.13,24.59,16.39,6.7,0.0,100.0,1
mattthackray,5,5.8,34.48,34.48,0.0,0.0,100.0,1
painlesskratom,5,10,20.0,0.0,40.0,0.0,100.0,1
dav1rus,7,10.71,13.33,0.0,14.3,14.3,0.0,1
jakenan,13,3.69,0.0,20.83,0.0,0.0,100.0,1
blackvial2000,5,2.8,0.0,0.0,0.0,0.0,100.0,2
jonhodson,12,11,45.45,7.58,25.0,8.3,100.0,1
ninjamonkey0991,5,11.4,17.54,0.0,0.0,40.0,100.0,1
thewolfpile,7,7.14,0.0,0.0,14.3,0.0,100.0,1
enenro,6,1,0.0,0.0,16.7,0.0,0.0,1
botlinity,24,11.92,6.99,3.5,0.0,0.0,100.0,1
crownic,48,5.62,18.52,3.7,8.3,12.5,100.0,1
troytogo,9,7,0.0,31.75,0.0,0.0,100.0,1
manthony723,6,7.83,42.55,0.0,0.0,0.0,100.0,1
mazumia,5,5.2,76.92,0.0,0.0,0.0,100.0,1
sunpanther2006,23,8,16.3,21.74,4.3,4.3,100.0,1
smoke108,11,3.09,29.41,0.0,27.3,0.0,100.0,1
omgfalconpunch21,8,3.12,0.0,0.0,0.0,62.5,100.0,1
leoaguilar,5,3.8,0.0,0.0,0.0,100.0,100.0,1
notseyfert,7,9.29,15.38,0.0,0.0,0.0,0.0,1
haho_hahov,6,1.67,0.0,0.0,0.0,0.0,100.0,1
lord_flaco2,9,3.22,34.48,0.0,22.2,0.0,100.0,1
caydestrokemax,8,4.5,55.56,0.0,12.5,12.5,100.0,1
dotssalchow,6,8.83,0.0,0.0,16.7,0.0,100.0,1
paige_imaninja_awodu,5,3.2,0.0,0.0,0.0,0.0,100.0,1
kenmarlenn,13,7.46,51.55,20.62,0.0,0.0,100.0,1
lazygigi,5,5,0.0,0.0,0.0,0.0,100.0,1
obvioous_,5,1,0.0,0.0,0.0,0.0,100.0,1
slurmsmckenzee,11,17.18,42.33,5.29,9.1,0.0,100.0,1
david_ngb,28,6.43,22.22,16.67,0.0,3.6,92.9,3
madhattt3r,10,3.8,105.26,0.0,0.0,0.0,100.0,1
baylights,6,4.83,68.97,0.0,16.7,16.7,100.0,1
shenios,5,1,0.0,0.0,0.0,0.0,0.0,1
tabarat_tv,8,5.5,22.73,0.0,12.5,0.0,100.0,1
kformify,5,3.8,105.26,0.0,0.0,0.0,100.0,2
theadambomb90,13,10.77,21.43,7.14,0.0,0.0,100.0,1
electrifryednetwork,8,13.75,45.45,0.0,12.5,0.0,100.0,1
doctorlongballs,10,11.9,25.21,16.81,0.0,0.0,100.0,1
iloae,9,3.78,0.0,0.0,0.0,0.0,100.0,1
namelessdweeb,5,7.6,26.32,26.32,0.0,20.0,0.0,1
prienz_,7,5.86,0.0,0.0,14.3,42.9,100.0,1
xeroshigaki,18,7,15.87,0.0,11.1,5.6,100.0,1
gamingmudkip22,6,4.33,0.0,0.0,0.0,16.7,100.0,1
glitch_z3ro,5,6.4,31.25,31.25,40.0,20.0,100.0,2
voxfireinferno,12,6.67,37.5,12.5,0.0,0.0,100.0,1
vinipazz,15,5.87,22.73,0.0,6.7,6.7,100.0,1
thedreamingdinosaur,11,4.45,20.41,20.41,18.2,9.1,100.0,1
imprettycoolbruh,167,4.32,22.19,19.42,6.0,13.8,100.0,1
skullyomenstarrider,6,7.83,21.28,0.0,0.0,16.7,100.0,1
haus__arrest,5,3.8,105.26,0.0,0.0,0.0,100.0,1
shaddy001,6,5.67,0.0,0.0,0.0,0.0,100.0,1
billiken88,5,5.8,0.0,0.0,0.0,0.0,100.0,1
codenamepotato12,21,2.95,0.0,0.0,0.0,9.5,100.0,2
rapidbust,6,10,16.67,16.67,0.0,0.0,100.0,1
saraslaughter,6,12,13.89,13.89,16.7,0.0,100.0,1
muyskermbot,51,17.84,17.58,0.0,7.8,0.0,100.0,1
cripsteruk,5,3,133.33,0.0,0.0,20.0,100.0,1
wbhulk,42,3.38,14.08,0.0,0.0,33.3,100.0,1
beornds,15,3.33,0.0,0.0,6.7,0.0,100.0,1
karmadollie,37,5.68,14.29,9.52,18.9,2.7,100.0,1
justtus23,12,5.83,14.29,0.0,0.0,0.0,100.0,1
terrabuck,6,4.17,0.0,0.0,16.7,16.7,66.7,4
secretscoob,67,4,89.55,7.46,4.5,0.0,100.0,2
playfultitan,5,3.2,0.0,125.0,0.0,0.0,100.0,1
dizzy_mm,7,6.43,0.0,44.44,14.3,0.0,100.0,1
paulfields11,7,5.29,27.03,0.0,14.3,0.0,100.0,1
cflynn92,5,9.6,0.0,0.0,60.0,0.0,100.0,1
ac3ofspades878,5,8.6,0.0,46.51,0.0,0.0,100.0,1
peterglagowski,15,8.93,37.31,0.0,0.0,0.0,100.0,1
cloud_wu,6,11.33,58.82,44.12,16.7,0.0,100.0,1
thecloakedkitty,10,3.2,62.5,0.0,0.0,0.0,100.0,1
midgetmatty,5,7.6,52.63,26.32,0.0,0.0,100.0,1
regalchoas,53,2.42,23.44,7.81,0.0,20.8,100.0,3
dudebdr,41,7.39,19.8,16.5,9.8,2.4,100.0,1
muyskerm,7,2.86,0.0,0.0,0.0,14.3,100.0,1
traci,5,5.4,37.04,0.0,20.0,20.0,100.0,1
larahunt,10,2,50.0,0.0,0.0,10.0,100.0,3
paranerdnicky,17,6,0.0,9.8,0.0,0.0,100.0,1
heythereman707,6,3.67,0.0,45.45,16.7,0.0,100.0,1
noisepolice,6,4.83,0.0,34.48,0.0,0.0,100.0,1
wastedlady,21,3.14,75.76,0.0,0.0,0.0,100.0,2
swingerhd,6,3,0.0,0.0,33.3,0.0,16.7,2
majormoron157q,8,2.75,0.0,0.0,0.0,62.5,0.0,2
samsamkitty22,17,2.94,0.0,20.0,5.9,11.8,100.0,1
shadowwolf289,5,2.2,90.91,0.0,40.0,20.0,100.0,1
kassablaze,11,8.55,31.91,10.64,0.0,0.0,100.0,1
cheekabeeeka,27,7.89,0.0,0.0,7.4,14.8,100.0,2
overcast_killjoy_13,8,2.75,0.0,136.36,0.0,0.0,100.0,1
tyhannahsaurusrexx,14,8.36,42.74,17.09,7.1,0.0,100.0,1
i_kiwifruit,9,7.11,46.88,0.0,11.1,0.0,100.0,1
softinen,6,4.17,40.0,0.0,0.0,0.0,100.0,1
adibhosale,13,11.38,6.76,0.0,0.0,23.1,0.0,1
therealmothman,6,2.17,76.92,0.0,0.0,66.7,100.0,1
nineteen27,14,5.29,13.51,0.0,7.1,0.0,100.0,2
iihybridaceii,16,1.56,0.0,0.0,0.0,6.2,100.0,2
indigo_13,6,4.83,34.48,0.0,16.7,33.3,100.0,2
xylophone,5,4.2,47.62,0.0,0.0,0.0,100.0,1
lilliangibso,12,3.67,68.18,0.0,0.0,8.3,100.0,1
posingtadpole38,11,6.73,0.0,0.0,0.0,0.0,0.0,1
mrcaffeine2012,8,1.75,0.0,71.43,12.5,0.0,100.0,1
lionxv,16,4.44,14.08,42.25,12.5,0.0,100.0,1
drake590_,13,4,0.0,19.23,15.4,46.2,100.0,1
bobsters211,15,6.33,0.0,10.53,6.7,33.3,6.7,2
10codepink10,8,2,62.5,0.0,0.0,0.0,100.0,1
mateinozaur,12,7.17,0.0,0.0,0.0,0.0,0.0,1
sharklnthebathtub,5,2,0.0,0.0,0.0,40.0,100.0,2
wanh1337,6,3.67,45.45,0.0,0.0,16.7,100.0,1
darkiplited,12,4.17,0.0,0.0,8.3,16.7,100.0,1
blackclouds,6,2,250.0,83.33,0.0,0.0,100.0,1
itsnevertoopunny,8,2.12,117.65,0.0,0.0,37.5,100.0,1
bo8rix,23,3.3,78.95,13.16,0.0,4.3,100.0,1
sakuu21,7,5.14,83.33,0.0,0.0,0.0,100.0,2
lucthesloth,5,3.2,0.0,0.0,40.0,0.0,0.0,1
marpeck,27,6.33,23.39,0.0,3.7,0.0,100.0,4
sapthesecasters,5,11.2,0.0,0.0,0.0,20.0,100.0,1
idkimaudrey,5,2.8,0.0,0.0,0.0,0.0,100.0,2
omgacow,6,2.17,76.92,0.0,0.0,50.0,0.0,1
grneyedrabbit,9,6.67,0.0,16.67,0.0,11.1,100.0,1
bannedtrolino,7,5.71,0.0,0.0,28.6,42.9,100.0,1
krobe17252,7,7.14,60.0,0.0,42.9,0.0,100.0,1
thewiseone_48,33,2.15,98.59,0.0,0.0,15.2,100.0,2
jmarston050,7,3.29,86.96,0.0,0.0,0.0,100.0,1
shellyleal,17,2.35,100.0,0.0,0.0,5.9,100.0,2
pringledoodle,9,2.11,0.0,0.0,0.0,44.4,0.0,1
astrolom_8,74,0.55,24.39,0.0,21.6,4.1,100.0,1
flatulenthampster,6,3.67,136.36,0.0,0.0,16.7,100.0,1
aidaharpower,21,1.38,0.0,0.0,42.9,0.0,100.0,1
zhekasdu,6,0.33,0.0,0.0,50.0,0.0,100.0,1
volodk_a,11,0.09,0.0,0.0,63.6,0.0,100.0,1
kirpav,14,0.57,0.0,0.0,42.9,0.0,100.0,1
uebermarginal,6,1.33,0.0,0.0,16.7,0.0,100.0,1
alevitt,10,0.4,0.0,0.0,10.0,0.0,100.0,1
rumpelshtilshen,5,1,0.0,0.0,40.0,0.0,100.0,1
petroholod,13,0.92,0.0,0.0,46.2,0.0,100.0,1
bobce_he_ll1_n_ll1_k_a,12,1.25,0.0,0.0,25.0,0.0,100.0,1
alena_sa,5,24.6,8.13,0.0,20.0,0.0,100.0,1
petrstepanovv,9,0.22,0.0,0.0,11.1,0.0,100.0,1
space_cowboy1_,11,1.36,0.0,0.0,0.0,0.0,100.0,1
rhododaktylos,20,14,3.57,7.14,25.0,0.0,100.0,1
1dasman,73,0.6,0.0,0.0,5.5,0.0,100.0,1
allcrowley,30,1.47,0.0,0.0,20.0,0.0,100.0,1
belakorr,7,5.71,0.0,25.0,0.0,0.0,100.0,1
pod_masterium,6,2.33,0.0,0.0,16.7,16.7,100.0,1
giggles3475,15,3.73,107.14,0.0,20.0,0.0,100.0,1
spaceapegames,5,21.4,9.35,9.35,40.0,0.0,100.0,1
pokkstep1,19,0.42,0.0,0.0,21.1,0.0,100.0,1
dirednayt,9,9.22,12.05,0.0,55.6,0.0,100.0,1
samseriousdude,10,0,0.0,0.0,10.0,0.0,100.0,1
xfreshxpenguiin,7,3.86,0.0,0.0,0.0,0.0,0.0,1
diy1een,27,0.78,0.0,0.0,18.5,0.0,100.0,1
septic_clay,5,3.4,0.0,0.0,0.0,20.0,100.0,2
chaivyd,12,0.25,0.0,0.0,8.3,0.0,100.0,1
introspectrum,9,12.44,17.86,8.93,11.1,0.0,100.0,1
king_c_,6,6.67,0.0,0.0,0.0,0.0,0.0,1
bill_murrey63,28,1.18,0.0,0.0,14.3,3.6,100.0,1
mamishoo,6,4.33,0.0,0.0,0.0,16.7,100.0,3
asbestross,8,4.62,0.0,0.0,0.0,37.5,100.0,1
mythmica,5,1.2,0.0,0.0,0.0,0.0,100.0,1
joeeeesbeast,9,5.56,0.0,0.0,0.0,22.2,100.0,2
tengo16,7,8.71,16.39,0.0,0.0,0.0,0.0,1
y5or,11,1.64,0.0,0.0,0.0,9.1,90.9,5
toxic_toucans,5,6.8,29.41,0.0,20.0,0.0,100.0,1
serpentking00,6,1,166.67,0.0,0.0,16.7,100.0,2
prancyprince,5,3.8,52.63,0.0,0.0,20.0,80.0,2
yaldabogov,5,10,0.0,0.0,0.0,0.0,100.0,1
z3rual,7,3.14,0.0,0.0,28.6,28.6,57.1,3
lxsolarflarexl,6,7.83,0.0,0.0,0.0,0.0,0.0,1
tketanov,5,0.2,0.0,0.0,0.0,0.0,100.0,1
polly_wants_a_cracker_,5,1,0.0,0.0,0.0,0.0,100.0,1
timchik87,5,0,0.0,0.0,20.0,0.0,100.0,1
nokitakaze,16,1.56,0.0,0.0,25.0,0.0,100.0,1
m1ruk41,17,0.53,0.0,0.0,41.2,11.8,100.0,1
prince_asmodeus,10,15,13.33,13.33,30.0,0.0,100.0,1
frosty_cupcake,5,1.4,0.0,0.0,0.0,40.0,80.0,3
faminmain,5,3.4,0.0,0.0,20.0,20.0,80.0,2
nop1ng77,6,1.83,0.0,0.0,33.3,16.7,0.0,1
septicgirl357,6,5.17,0.0,0.0,0.0,33.3,100.0,2
onthegales,13,2,76.92,0.0,7.7,0.0,100.0,2
rc_2,6,4.33,0.0,0.0,0.0,0.0,100.0,2
quote_if_streamer_chokes,5,1.6,125.0,0.0,0.0,40.0,100.0,1
alpacaelena,7,8.43,16.95,0.0,14.3,14.3,100.0,1
dajmcity,14,13.93,15.38,25.64,14.3,0.0,0.0,1
assasquid,8,6.5,19.23,0.0,0.0,0.0,0.0,1
qmezu,10,2.6,0.0,0.0,0.0,10.0,0.0,1
jowita_,17,1.82,0.0,0.0,0.0,17.6,0.0,1
youhavetheverybiggay,41,16.73,0.0,0.0,0.0,9.8,0.0,1
xxtachas,11,18.36,0.0,0.0,0.0,9.1,0.0,1
mariechenkaefer,30,3.73,17.86,0.0,10.0,10.0,0.0,1
frystyc,15,2.87,0.0,0.0,20.0,0.0,0.0,1
stormythewinterstorm,26,5.46,21.13,0.0,3.8,3.8,0.0,1
jellyfishdoodler,7,5.43,26.32,52.63,0.0,42.9,100.0,3
murderz_,19,7.89,26.67,0.0,21.1,5.3,0.0,2
teddy_the_potato,9,4.67,0.0,0.0,0.0,0.0,0.0,1
amechan,5,9,0.0,0.0,0.0,20.0,0.0,1
pookiesrevenge,7,6.57,65.22,0.0,14.3,0.0,0.0,1
bananabear212,7,9.14,0.0,0.0,0.0,0.0,0.0,1
pancakevswaffles,9,2.89,38.46,0.0,33.3,22.2,0.0,1
nevia_tas,5,14.8,0.0,0.0,0.0,0.0,0.0,1
heniikid,5,2,0.0,0.0,0.0,80.0,40.0,3
siley78,16,4.31,28.99,28.99,0.0,12.5,100.0,1
bdl_197,20,5.95,16.81,0.0,20.0,5.0,0.0,1
borisbalalaika,14,1.07,0.0,0.0,28.6,0.0,100.0,1
smeermaster,12,1.5,0.0,0.0,0.0,58.3,91.7,2
elkey1337,5,0.4,0.0,0.0,60.0,0.0,0.0,1
theoryofbelle,37,3.19,50.85,8.47,0.0,8.1,0.0,1
paw123003,17,1.71,34.48,0.0,5.9,0.0,0.0,1
eshplode,10,4.5,0.0,44.44,10.0,0.0,100.0,1
dtromblee,53,5.47,3.45,3.45,13.2,11.3,100.0,1
uncle_joona,9,4.78,0.0,0.0,0.0,22.2,100.0,1
kogstam_pagmack,5,0,0.0,0.0,20.0,0.0,100.0,1
yuuichikun,27,7.07,15.71,10.47,3.7,7.4,100.0,1
lifesmackco,6,8.5,39.22,0.0,0.0,0.0,0.0,1
lemming_russ,13,4.15,74.07,0.0,7.7,7.7,100.0,1
marcos4912,35,3.4,8.4,8.4,2.9,34.3,100.0,1
kingwagman,11,6.91,26.32,13.16,27.3,0.0,100.0,1
dinophycea,5,4.2,0.0,0.0,0.0,40.0,100.0,1
opjohnaexe,11,7.64,23.81,11.9,18.2,0.0,100.0,1
mandalorianalexander,6,4,0.0,0.0,0.0,0.0,33.3,2
rustytulbar,8,5.38,0.0,23.26,12.5,0.0,100.0,1
forkie1,14,7.57,28.3,0.0,14.3,7.1,100.0,1
rkiver,5,7.2,0.0,0.0,20.0,20.0,100.0,1
wanderingursa,9,8.67,25.64,25.64,22.2,0.0,100.0,1
simoncityroyal,6,3.83,86.96,0.0,0.0,16.7,0.0,1
karrambol,18,1.06,0.0,0.0,50.0,0.0,100.0,1
darlingnikkii,5,2.2,0.0,0.0,0.0,0.0,100.0,2
darthnecromancy1,9,6.22,35.71,17.86,22.2,0.0,100.0,1
orby1983,12,4.5,37.04,18.52,16.7,0.0,100.0,1
magathery,60,2.9,74.71,0.0,5.0,23.3,100.0,1
littlebeanjeanine,5,8.2,0.0,0.0,0.0,0.0,100.0,2
smilr,8,7.38,33.9,0.0,0.0,0.0,100.0,1
jagtress,48,3.73,44.69,11.17,4.2,25.0,100.0,1
rockhardx,5,1,0.0,0.0,0.0,0.0,0.0,2
emuney,19,5.74,18.35,9.17,0.0,15.8,100.0,1
somaroton,21,1.48,0.0,0.0,23.8,0.0,100.0,1
plasmafenix,6,4.17,0.0,0.0,0.0,0.0,100.0,1
darksteel6,51,8.76,20.13,4.47,15.7,2.0,100.0,1
nes_death_angel,6,4.5,37.04,0.0,0.0,0.0,100.0,1
yresim,7,4.43,32.26,0.0,0.0,28.6,100.0,1
uniget,5,2,0.0,0.0,20.0,0.0,100.0,1
talismaniac77,25,6.96,0.0,11.49,16.0,0.0,100.0,1
borile_moto,23,5,26.09,17.39,4.3,4.3,100.0,1
alexvont,6,8,20.83,0.0,0.0,0.0,100.0,1
thaoh,7,10.14,14.08,0.0,28.6,0.0,100.0,1
orionblarg,7,9.57,29.85,0.0,0.0,0.0,100.0,1
chaobaozi,6,6.5,0.0,0.0,0.0,0.0,100.0,1
nanosphere5,5,5,0.0,0.0,20.0,0.0,100.0,1
krisviking,7,13.43,10.64,0.0,0.0,0.0,100.0,1
notthatant,40,7.9,15.82,6.33,20.0,17.5,100.0,1
generalj_br,5,2,0.0,100.0,0.0,20.0,0.0,1
biskus,6,2.83,0.0,0.0,0.0,33.3,100.0,1
cktofu,6,3.83,0.0,0.0,0.0,16.7,100.0,1
bibablind,84,6.65,12.52,7.16,4.8,16.7,0.0,1
maxitb,53,8.45,33.48,11.16,22.6,0.0,100.0,1
metalacil,6,12.17,13.7,13.7,0.0,0.0,100.0,1
ooshoe1231,16,3.81,16.39,0.0,0.0,18.8,100.0,1
psfanatic,8,4.88,0.0,0.0,12.5,0.0,100.0,1
jukalemun,10,3,0.0,0.0,0.0,40.0,100.0,2
alozoa,7,2,0.0,0.0,0.0,0.0,57.1,5
nebulatales,10,9.7,20.62,0.0,10.0,0.0,0.0,1
tenminutedays,6,8.5,19.61,0.0,0.0,16.7,83.3,4
nixi93,6,3.17,0.0,0.0,0.0,50.0,0.0,1
dry4haz,8,5.62,0.0,0.0,12.5,0.0,0.0,1
lucky_pukovsky,6,1.5,0.0,0.0,50.0,0.0,100.0,1
ariesian76,10,3.4,0.0,0.0,10.0,40.0,90.0,2
grossman_d,9,0.89,0.0,0.0,77.8,0.0,100.0,1
some_kind_of_god_of_lolis,8,5.25,0.0,0.0,0.0,37.5,12.5,2
nortemshine,7,3.29,0.0,0.0,14.3,0.0,85.7,2
mejar,14,3.29,43.48,21.74,0.0,21.4,100.0,1
the_dawnseeker,5,5.2,0.0,0.0,0.0,0.0,100.0,1
nogardknight,6,4.83,34.48,0.0,0.0,0.0,66.7,2
thatguy1632,25,2.36,0.0,16.95,0.0,28.0,100.0,2
crankywoahh,8,3.75,0.0,33.33,0.0,25.0,100.0,2
ramm0,8,10.62,0.0,0.0,0.0,62.5,100.0,2
exilemagpie,9,3.33,33.33,0.0,11.1,0.0,100.0,1
timsahzobaa,6,4,0.0,0.0,0.0,0.0,100.0,1
minormonster,5,6.8,0.0,0.0,40.0,0.0,100.0,1
fischyplier,6,7,0.0,0.0,33.3,0.0,100.0,1
zalozhnik_kontenta,7,0.43,0.0,0.0,28.6,0.0,100.0,1
woland6666,19,0.79,0.0,0.0,36.8,0.0,100.0,1
quicklypickly,7,0.29,0.0,0.0,28.6,14.3,100.0,1
kokobong,19,2,26.32,0.0,5.3,36.8,94.7,2
notanyshadow,6,4.33,38.46,38.46,16.7,0.0,0.0,1
theslikbandit,6,4.33,76.92,0.0,16.7,33.3,100.0,1
arirthos,9,4.11,0.0,0.0,0.0,0.0,100.0,1
z_jammer7rfy9,9,4,0.0,0.0,0.0,22.2,100.0,3
tompa,5,10.4,0.0,0.0,0.0,0.0,0.0,1
jansenma,7,2.86,50.0,0.0,0.0,57.1,100.0,2
urboiskinnybennnnis,12,3.58,46.51,0.0,0.0,16.7,100.0,2
jurgaburgaflinstines,5,2.2,0.0,0.0,0.0,40.0,0.0,1
drsbloomy,51,4.2,14.02,4.67,11.8,3.9,100.0,1
cathsaigh,11,13.36,0.0,0.0,9.1,18.2,100.0,2
arnarbjornss,6,13.67,0.0,0.0,0.0,0.0,100.0,1
starhmpton,7,7.57,0.0,0.0,0.0,14.3,100.0,2
ha_mapce_0k,7,1,0.0,0.0,28.6,14.3,100.0,1
lambdadelta__,7,3.57,0.0,0.0,14.3,0.0,100.0,1
inpursuitofdawnstar,5,0.8,0.0,0.0,80.0,0.0,100.0,1
mechnub,5,10.4,0.0,0.0,0.0,0.0,100.0,1
sheen_estevezz,5,3.8,0.0,0.0,0.0,60.0,100.0,2
its_only_icewolf,5,3.8,0.0,0.0,0.0,60.0,100.0,2
maurdue,5,14.6,0.0,0.0,0.0,40.0,100.0,2
teverus_92,24,4.46,18.69,0.0,0.0,8.3,100.0,4
lwild_turtlel,6,5.5,0.0,0.0,0.0,100.0,100.0,1
duracellturbo,14,1.36,0.0,0.0,28.6,0.0,100.0,1
hardmodelp,6,5.17,32.26,0.0,0.0,0.0,100.0,1
pixie_k,5,5.4,0.0,0.0,0.0,0.0,100.0,1
xxcommandertelxx,11,2.09,0.0,0.0,0.0,0.0,100.0,1
groovysomethin,7,1.14,0.0,0.0,0.0,14.3,100.0,1
loser89999,15,3.73,0.0,0.0,0.0,33.3,100.0,1
nuku9neko,7,2.29,62.5,0.0,0.0,0.0,100.0,1
stekt_potet,5,3.8,0.0,0.0,0.0,40.0,100.0,1
fairlyoddpanda,10,3.5,0.0,0.0,0.0,0.0,100.0,1
daffin23,5,4,50.0,0.0,0.0,40.0,100.0,2
talesfromtania,5,1.4,142.86,0.0,0.0,20.0,100.0,1
dwyw42,5,1.6,0.0,0.0,0.0,40.0,100.0,1
longtreeboard,5,4.4,45.45,0.0,0.0,0.0,100.0,1
turtle_flower,6,3.5,0.0,0.0,16.7,16.7,100.0,1
lowlypeasanteyes,6,1.5,0.0,0.0,16.7,83.3,100.0,1
predatorxiix,5,1.6,0.0,0.0,0.0,100.0,100.0,1
bai_nin,5,4.2,47.62,0.0,20.0,20.0,100.0,1
space_lettuce_og,5,1,0.0,0.0,0.0,0.0,100.0,1
k4down,5,1.8,0.0,0.0,20.0,20.0,100.0,2
xxakirhaxx,6,10,33.33,0.0,16.7,0.0,100.0,1
rayquaza1090,6,4.67,35.71,35.71,16.7,16.7,0.0,2
subssanssoda,11,4.91,18.52,0.0,9.1,45.5,100.0,1
sircr0wley,5,2.2,90.91,0.0,20.0,0.0,0.0,1
glikkzy,5,3.6,0.0,0.0,0.0,0.0,0.0,1
catgirlvs,6,7.83,0.0,0.0,0.0,0.0,0.0,1
itselena97,17,4.71,37.5,12.5,5.9,11.8,100.0,3
boges__,5,1.8,0.0,0.0,0.0,20.0,0.0,1
black_rodger,7,3.14,0.0,0.0,42.9,0.0,0.0,1
blooddollraven,9,5.56,60.0,0.0,11.1,0.0,100.0,2
wadabong,6,13.33,0.0,0.0,0.0,0.0,100.0,3
billyfromouterspace,6,9.67,34.48,0.0,50.0,0.0,0.0,1
gooseman19,5,8.8,0.0,0.0,20.0,60.0,100.0,2
trooperpilot3,8,4.38,28.57,0.0,25.0,0.0,0.0,1
planetside2,16,8,0.0,7.81,0.0,0.0,0.0,1
memo2341,5,2.4,0.0,0.0,20.0,0.0,0.0,1
mrpepe1100,5,1,200.0,0.0,0.0,0.0,0.0,1
8adcoach,7,1.57,90.91,0.0,14.3,0.0,0.0,1
thebor,8,0.88,0.0,0.0,25.0,0.0,100.0,1
lookupnowps2,5,1.4,571.43,0.0,0.0,0.0,0.0,1
mblackowl,14,8.43,0.0,0.0,28.6,0.0,7.1,2
thewriteraleph,7,4.14,0.0,0.0,14.3,28.6,100.0,1
omegafatcrab,6,1.5,0.0,0.0,16.7,16.7,0.0,1
bubble_is_live,5,5.8,34.48,0.0,0.0,0.0,100.0,1
twitchhatesem,6,10.33,0.0,0.0,0.0,33.3,83.3,5
sevarmaknights,5,5.6,71.43,0.0,40.0,20.0,0.0,1
ugandanwidehard,6,3.5,0.0,0.0,0.0,66.7,100.0,2
aqua300b,6,2.33,0.0,0.0,0.0,0.0,83.3,3
nemesisn4ser,9,5.44,40.82,0.0,0.0,0.0,100.0,2
bobandal,12,3.17,26.32,0.0,8.3,8.3,0.0,1
rossdoa,8,6.5,0.0,19.23,0.0,0.0,0.0,1
trashi,14,7.21,9.9,9.9,0.0,21.4,100.0,2
alabamaofficial,10,0.4,0.0,0.0,40.0,0.0,100.0,1
j_cao,5,6.6,0.0,0.0,0.0,20.0,0.0,1
wabbla,6,11.17,0.0,0.0,0.0,16.7,100.0,4
therealquickrc,9,2.56,0.0,0.0,11.1,22.2,0.0,1
powerhouseg,6,6.33,26.32,0.0,16.7,33.3,0.0,1
jrhodes2,11,8.55,10.64,0.0,18.2,0.0,0.0,1
kukaruchelo,6,0.33,0.0,0.0,16.7,0.0,100.0,1
kimikokathy,9,4.67,23.81,0.0,0.0,22.2,0.0,1
seviy,5,2.6,0.0,0.0,0.0,0.0,80.0,2
raikk0u,7,2,71.43,71.43,0.0,0.0,0.0,1
theink1,5,21.6,175.93,9.26,20.0,60.0,80.0,4
ruts_oil,6,2.83,0.0,0.0,0.0,0.0,0.0,1
kafshak,5,5,0.0,0.0,60.0,0.0,0.0,1
trickun,5,7.6,0.0,0.0,0.0,60.0,80.0,3
fightinirish85,5,13,0.0,0.0,60.0,0.0,0.0,1
modernalien,7,7.29,0.0,0.0,0.0,14.3,0.0,1
meldaneqt,6,15.83,0.0,0.0,0.0,83.3,100.0,2
k3ntizz,15,3.27,0.0,0.0,0.0,40.0,93.3,5
joeyhustlegg,12,8.83,0.0,9.43,16.7,0.0,0.0,1
anubisfps,8,13.62,18.35,9.17,0.0,0.0,0.0,1
chad7,8,32.12,0.0,0.0,0.0,37.5,100.0,2
cpt_barricade,11,7.64,190.48,0.0,0.0,72.7,100.0,1
chrisppapples,5,5.2,76.92,38.46,20.0,0.0,0.0,1
qwuikness,16,10.06,31.06,0.0,6.2,6.2,0.0,1
hauntedwoody123,6,12.67,0.0,0.0,0.0,16.7,100.0,3
raunosaul,7,2,0.0,0.0,0.0,85.7,85.7,2
congoid_trihard,6,2.33,0.0,0.0,0.0,66.7,100.0,3
gamingwithmurphy,8,9.25,27.03,0.0,0.0,0.0,100.0,1
botnarr,6,21.83,22.9,7.63,0.0,0.0,100.0,1
bunniemeow,5,2,100.0,0.0,0.0,40.0,100.0,2
lookitstilly,5,5.8,0.0,0.0,0.0,0.0,100.0,1
uber_razumist,8,0.38,0.0,0.0,37.5,0.0,100.0,1
reiswaffelderunglaubliche,5,8.4,0.0,0.0,80.0,20.0,0.0,1
j33p,5,5.2,0.0,0.0,0.0,20.0,100.0,2
jeshee,5,6,0.0,0.0,0.0,0.0,0.0,1
bob_vegene,5,5.4,37.04,0.0,20.0,80.0,100.0,2
cyber_dasein,27,0.56,0.0,0.0,11.1,0.0,100.0,1
iulnus,10,2,0.0,0.0,0.0,20.0,100.0,2
jlovesmusic,10,1.5,0.0,0.0,0.0,20.0,100.0,3
spikey_dapikeyy,7,13.43,0.0,0.0,0.0,0.0,100.0,1
bigdickbamz,13,3.15,73.17,24.39,0.0,76.9,100.0,1
gvzmannn,19,3.58,0.0,0.0,0.0,100.0,100.0,1
gildafishie,10,3.7,54.05,0.0,0.0,80.0,100.0,1
maximobarilari,5,3.4,0.0,0.0,0.0,60.0,100.0,1
shane12bryant,5,3.4,0.0,0.0,0.0,0.0,100.0,1
flyroh,6,3.5,47.62,0.0,0.0,50.0,100.0,1
wesynchronize,5,6,33.33,0.0,20.0,20.0,100.0,1
tw1tchru,6,0.83,0.0,0.0,0.0,16.7,100.0,1
pepegacx,7,7.29,0.0,0.0,0.0,0.0,100.0,2
cbl4ez,7,0.29,0.0,0.0,14.3,14.3,100.0,1
drsassymc,9,1.33,0.0,0.0,0.0,44.4,100.0,1
pikapower995,7,1.86,0.0,0.0,0.0,14.3,100.0,1
axdmusic,9,21,0.0,0.0,0.0,44.4,100.0,2
ggggggggggggggggggggc,13,0.31,0.0,0.0,0.0,15.4,0.0,1
0161_ya_get_me,10,2,0.0,0.0,10.0,0.0,100.0,2
meegsmachine,7,6,23.81,23.81,0.0,0.0,0.0,1
thethickdaddy,18,4.94,33.71,0.0,5.6,5.6,0.0,1
fatherclash,10,2,50.0,0.0,10.0,10.0,0.0,1
leonidscepcovs,7,0.43,0.0,0.0,14.3,0.0,100.0,1
panzerpaw,11,5.18,35.09,17.54,9.1,18.2,100.0,1
speirslol,7,2.71,0.0,0.0,0.0,42.9,85.7,3
lunaticjoke,9,13.33,33.33,0.0,0.0,0.0,0.0,1
thestarkz1,10,4.3,93.02,0.0,30.0,0.0,0.0,1
anti_home,9,2.44,0.0,0.0,44.4,11.1,100.0,3
fartingjas,7,3.29,43.48,0.0,0.0,0.0,100.0,1
daponka,5,1.8,0.0,0.0,0.0,40.0,100.0,2
sarkynir,9,2.44,0.0,0.0,0.0,66.7,100.0,3
frenchfryapocalypse,6,1,0.0,0.0,0.0,66.7,0.0,2
moggis,5,11.2,0.0,0.0,0.0,0.0,80.0,3
likkle_more,5,2,0.0,0.0,0.0,0.0,100.0,1
stoplightman,23,7.17,24.24,0.0,8.7,17.4,0.0,1
kokoshomebrews,5,6.4,31.25,0.0,20.0,0.0,0.0,1
alas_babylon,7,6.86,0.0,0.0,0.0,0.0,0.0,1
getnafterit,19,5.89,0.0,8.93,5.3,0.0,0.0,1
skyworthy,12,6.25,26.67,13.33,33.3,0.0,0.0,1
tonygruff,35,5.29,21.62,0.0,11.4,0.0,0.0,1
nonowing123,15,3.6,18.52,0.0,13.3,13.3,0.0,1
mtggoldfish,14,1.07,66.67,0.0,0.0,7.1,0.0,1
captiveiix,5,15.8,37.97,12.66,20.0,0.0,0.0,1
snowjiggles,12,6.83,0.0,12.2,25.0,0.0,0.0,1
yung_cooter,5,6.8,29.41,0.0,0.0,0.0,0.0,1
songofdominia,6,6.33,0.0,26.32,0.0,0.0,0.0,1
mtgbot,20,18.45,10.84,5.42,5.0,0.0,0.0,1
kansaidop,14,2.79,0.0,25.64,7.1,0.0,0.0,1
cyberjavicd,8,3.88,32.26,0.0,12.5,12.5,0.0,1
tinobis,6,9.83,33.9,0.0,16.7,0.0,0.0,1
exposfan94,10,6.2,0.0,16.13,10.0,0.0,0.0,1
daenen_wildfire,5,8.8,0.0,0.0,40.0,0.0,0.0,1
rodgers1875,14,7.21,49.5,0.0,14.3,7.1,0.0,1
iworkforthestreetcleaner,7,3,0.0,0.0,0.0,0.0,0.0,1
baconsupport,5,4,0.0,0.0,0.0,40.0,100.0,1
m1ssrach3l,6,5.5,30.3,30.3,0.0,16.7,100.0,1
sunshiney74,8,3,0.0,0.0,12.5,0.0,100.0,1
ladyamphy,6,5,33.33,0.0,0.0,0.0,100.0,1
dasyeti93,7,4,35.71,35.71,14.3,0.0,100.0,1
stonebees,7,2.43,117.65,0.0,0.0,14.3,100.0,1
g0rmyr,12,4.17,20.0,0.0,8.3,8.3,100.0,1
doomdrake13,6,4.17,0.0,0.0,0.0,16.7,100.0,1
mrfitz8897,11,5.36,33.9,16.95,9.1,18.2,100.0,2
criticalcantrip,11,8.36,10.87,0.0,0.0,0.0,100.0,1
84m833,20,3.55,28.17,14.08,15.0,25.0,100.0,1
seedy88,5,14,0.0,0.0,20.0,0.0,100.0,1
angryangrycow,12,7.25,34.48,0.0,0.0,0.0,0.0,1
greg1756,10,8.3,36.14,0.0,10.0,10.0,100.0,1
urbzgaming1,8,3.88,64.52,0.0,0.0,12.5,100.0,2
emperor_zhang,8,4.62,0.0,0.0,0.0,25.0,100.0,3
the_invulnerable_vagrant,12,7.58,10.99,0.0,8.3,0.0,100.0,1
nickbail,14,4.86,0.0,0.0,7.1,0.0,0.0,1
danielfrombrazil3,9,5.78,38.46,0.0,11.1,0.0,0.0,1
williamwall512,15,3.27,61.22,0.0,0.0,6.7,100.0,1
alessiomaggio,5,2.2,90.91,0.0,0.0,0.0,0.0,1
logic__,7,1.71,0.0,0.0,14.3,57.1,85.7,3
mrpooch420,15,4.2,15.87,0.0,26.7,13.3,0.0,1
fireburd,10,3.9,102.56,0.0,10.0,10.0,100.0,1
getya,10,4.4,0.0,0.0,30.0,0.0,0.0,1
asterionm,10,3.8,0.0,0.0,0.0,30.0,100.0,1
ravioli2003,5,6.6,0.0,0.0,0.0,0.0,0.0,1
deviusangel,6,14.67,68.18,0.0,0.0,0.0,100.0,1
akeeba1st,5,10.4,57.69,0.0,0.0,0.0,100.0,1
datamazingguy,6,7.83,42.55,0.0,0.0,16.7,0.0,1
will_avery,7,5.57,0.0,0.0,0.0,0.0,100.0,1
rippletide,12,5.33,15.62,0.0,8.3,25.0,100.0,2
theroguedoughnut,5,5.6,142.86,0.0,20.0,0.0,100.0,1
bobby2shades,5,5,0.0,0.0,0.0,0.0,100.0,1
73jt,5,5.6,35.71,0.0,0.0,0.0,100.0,2
tawnos,16,13.94,8.97,4.48,12.5,0.0,0.0,1
marvin_hamlisch,6,7.67,0.0,0.0,0.0,16.7,0.0,1
princepastelfox,12,3.25,0.0,0.0,8.3,58.3,100.0,1
mccainenl,8,2.88,86.96,0.0,12.5,0.0,100.0,1
hotmamafishsticks69,26,8.88,4.33,4.33,7.7,30.8,0.0,1
blamecarla,13,3.77,61.22,0.0,0.0,7.7,100.0,1
thegoblinking86,14,6.5,21.98,0.0,0.0,21.4,100.0,1
mizzou232,10,4.7,42.55,0.0,20.0,0.0,0.0,1
knightmoved06,6,1.5,0.0,0.0,0.0,16.7,0.0,1
p4l4ce_,17,8,7.35,0.0,5.9,11.8,0.0,1
zman2007iam,9,5.44,0.0,0.0,22.2,11.1,0.0,1
moodyxander,7,11.86,0.0,12.05,14.3,0.0,100.0,2
firstinspiresbot,14,8.71,0.0,24.59,0.0,0.0,100.0,1
ilan9421,5,4.4,0.0,0.0,20.0,0.0,100.0,1
spectets,7,3,0.0,0.0,0.0,42.9,100.0,2
zismarith,19,4.58,0.0,11.49,5.3,0.0,100.0,2
parallelmeme,31,5.26,30.67,12.27,0.0,0.0,100.0,1
electro30006,5,5,0.0,0.0,20.0,20.0,100.0,1
peachyfied,10,2.8,71.43,35.71,0.0,40.0,0.0,1
lylet,7,2.43,58.82,58.82,28.6,14.3,100.0,1
domiflowers,7,7.14,0.0,0.0,14.3,0.0,100.0,1
reartard,14,7.71,0.0,0.0,21.4,0.0,100.0,1
despoiler98,9,3.11,0.0,35.71,11.1,22.2,100.0,1
lost_ones_bot,60,14.52,6.89,0.0,33.3,0.0,100.0,1
fatmannice,89,3.8,50.3,2.96,5.6,23.6,100.0,1
thezeldamuse,68,3.03,77.67,0.0,0.0,27.9,98.5,2
seaolympian,22,2.68,50.85,0.0,0.0,45.5,100.0,1
eqwashu,8,7.75,16.13,0.0,0.0,0.0,100.0,1
anderfc,7,1.71,0.0,0.0,28.6,28.6,100.0,2
carpe_librum,16,3.12,40.0,0.0,6.2,25.0,100.0,1
oldbenx,10,5.5,72.73,0.0,0.0,0.0,0.0,1
ossborn,13,8.31,18.52,9.26,7.7,15.4,100.0,2
critternation3000,14,3.71,0.0,0.0,0.0,14.3,100.0,1
andyinsomnia,15,5.4,12.35,0.0,6.7,6.7,100.0,2
jeffm0307,14,5.57,38.46,0.0,14.3,7.1,100.0,1
xenik42,8,1.75,0.0,0.0,0.0,12.5,100.0,1
generalelost,6,6,0.0,0.0,0.0,0.0,100.0,1
theindomitablepenguin,5,4.2,0.0,0.0,20.0,60.0,100.0,2
bbrunelle,10,3.4,0.0,0.0,0.0,0.0,100.0,1
leviathan8383,6,7.5,0.0,0.0,0.0,0.0,0.0,1
squireg,26,3.5,32.97,0.0,3.8,0.0,100.0,1
ronin_monkey,10,4.5,0.0,0.0,0.0,0.0,100.0,1
thewoopersayswoop,10,5.2,0.0,0.0,0.0,0.0,100.0,1
discountdoubleczech,5,8.8,0.0,0.0,0.0,0.0,0.0,1
flareglutox,6,6,27.78,0.0,50.0,0.0,0.0,1
shidareaki,37,8.24,13.11,3.28,8.1,5.4,100.0,2
krazyflower,10,7.2,0.0,0.0,10.0,0.0,100.0,2
thantoss80,8,3.12,120.0,0.0,0.0,0.0,100.0,1
dom104,12,4.58,72.73,0.0,0.0,8.3,100.0,1
nekoali,7,7.86,18.18,0.0,14.3,0.0,100.0,2
zeelsama,5,3,0.0,0.0,0.0,20.0,100.0,1
iwannaeatbacon,8,2.38,0.0,52.63,0.0,12.5,100.0,2
phoenixgoth,14,6,11.9,0.0,0.0,14.3,100.0,2
saravdimirmastermind,5,6.8,29.41,0.0,20.0,0.0,0.0,1
qualitymess,9,3.11,35.71,0.0,11.1,11.1,100.0,1
roberttables,12,5,50.0,16.67,8.3,0.0,100.0,1
thekillerbits,5,3,0.0,133.33,0.0,20.0,100.0,1
swiftcyanide,11,4.09,22.22,0.0,9.1,90.9,100.0,1
awejoost,9,9.67,11.49,0.0,22.2,0.0,0.0,1
arestelle,9,4.11,54.05,0.0,22.2,11.1,100.0,1
fuffybutt,7,6.57,0.0,0.0,0.0,0.0,100.0,1
xdg_zuma,8,20,12.5,0.0,37.5,0.0,0.0,1
seratonia,6,3.33,0.0,50.0,0.0,0.0,100.0,1
peterpanda_ii,5,3.2,0.0,0.0,20.0,0.0,0.0,1
dinahlaurel,7,9.14,15.62,0.0,28.6,0.0,100.0,1
krae,7,5.57,25.64,0.0,0.0,14.3,100.0,1
rawhideronan,6,4.67,0.0,0.0,0.0,16.7,100.0,1
guardiannation412,8,3.62,0.0,68.97,0.0,25.0,100.0,2
kristenisgroot,5,5.4,0.0,0.0,0.0,0.0,100.0,1
cinphoria,27,6.63,22.35,0.0,3.7,11.1,100.0,1
0whitelottus0,6,6,55.56,55.56,0.0,16.7,0.0,1
arab_yams710,59,4.46,11.41,22.81,1.7,30.5,0.0,1
omenatural,5,5,80.0,0.0,0.0,40.0,100.0,1
pswii2008,11,4.91,37.04,0.0,0.0,27.3,100.0,1
cosmicbard,5,5.4,37.04,0.0,0.0,0.0,100.0,1
o_third3y3_o,6,2.83,58.82,0.0,16.7,0.0,100.0,1
sephrinx,6,2.67,62.5,0.0,0.0,0.0,83.3,3
metaherobrine1,7,4.86,0.0,0.0,14.3,0.0,100.0,1
sherlock_hulmes,15,6.73,29.7,0.0,0.0,13.3,100.0,1
almsthvn,5,4.6,43.48,0.0,20.0,40.0,100.0,1
recon2477,6,1.67,100.0,0.0,0.0,50.0,100.0,1
clw101,6,9.83,0.0,0.0,33.3,16.7,100.0,1
arisbranwin,15,7.07,0.0,0.0,0.0,0.0,100.0,1
captaintalon447,6,9.17,36.36,0.0,16.7,0.0,100.0,2
toucannonsam,6,3,0.0,0.0,0.0,0.0,0.0,1
illdieforus,10,5,0.0,0.0,10.0,10.0,100.0,3
ozai75,7,5.29,81.08,0.0,0.0,42.9,100.0,1
generalelostsmom,9,4.67,47.62,23.81,11.1,0.0,100.0,1
charliehustle22,12,2.25,0.0,0.0,0.0,8.3,100.0,1
ariaflame,5,9,0.0,0.0,0.0,0.0,100.0,1
ajaxcricket,29,4.34,7.94,0.0,0.0,10.3,0.0,1
qazztaxx,11,1.09,83.33,0.0,0.0,9.1,0.0,1
maximum2945,7,1,0.0,0.0,0.0,0.0,0.0,1
dazc,10,4.1,0.0,48.78,0.0,0.0,0.0,1
bl1ghtn1n6,13,2.38,0.0,0.0,7.7,0.0,0.0,1
gamegodson,19,4.11,25.64,0.0,15.8,0.0,100.0,1
jennymatrixdxm,5,1.4,0.0,0.0,0.0,0.0,0.0,1
marshmallonn,8,1,0.0,0.0,0.0,0.0,0.0,1
ssevv,5,7,0.0,0.0,0.0,20.0,0.0,1
this_is_not_me,5,4.2,0.0,0.0,0.0,0.0,100.0,1
leitung,8,5.12,0.0,24.39,12.5,37.5,0.0,1
grading,9,2.56,0.0,0.0,0.0,0.0,100.0,2
rodeon66,7,9.43,0.0,0.0,0.0,14.3,85.7,4
crapnel_x,6,4.17,0.0,0.0,16.7,0.0,100.0,1
wheatly_inc,20,3.2,15.62,0.0,0.0,10.0,100.0,1
ruffpuff,5,3.2,0.0,0.0,0.0,0.0,100.0,1
shannonleighd,5,2.4,0.0,0.0,0.0,20.0,100.0,1
jerkmybeef208,44,3.73,12.2,12.2,4.5,0.0,0.0,2
x_queef_x,16,6.5,9.62,0.0,12.5,0.0,100.0,1
soigne,5,5,0.0,0.0,0.0,20.0,100.0,3
serotfel,6,1.33,125.0,0.0,16.7,33.3,100.0,1
gilramirez1,6,3.33,0.0,0.0,0.0,0.0,100.0,1
starfries1,6,2.83,0.0,0.0,16.7,0.0,100.0,1
darastrygat,5,7,28.57,0.0,20.0,0.0,100.0,2
chancedabs,5,3.4,0.0,58.82,0.0,100.0,100.0,2
meganstingray,6,6.67,25.0,0.0,16.7,16.7,100.0,2
marijuanakingprime,6,4.17,40.0,0.0,0.0,66.7,100.0,1
therealsuperpuppymann,20,6.1,32.79,0.0,5.0,10.0,100.0,1
streamviewer9001,6,2.67,0.0,62.5,0.0,33.3,100.0,1
thehinafreak,7,6.29,0.0,0.0,14.3,0.0,100.0,1
salvation1,14,5.64,25.32,12.66,7.1,7.1,100.0,1
jer_the_gamer,7,7.14,20.0,0.0,0.0,0.0,100.0,2
characterstigma,5,3,0.0,0.0,0.0,20.0,100.0,2
akayes,7,5.29,27.03,0.0,0.0,14.3,100.0,2
rasnac_khan,14,6.71,31.91,10.64,21.4,14.3,100.0,2
bigdirtylinger,8,2.88,43.48,0.0,0.0,12.5,100.0,1
timpz,5,6.2,0.0,32.26,20.0,20.0,100.0,1
ladyangelofthefullmoon,5,5.6,35.71,0.0,20.0,20.0,100.0,2
frederik1723,5,5.8,0.0,0.0,0.0,20.0,100.0,3
scootermangaming,16,7.88,23.81,0.0,12.5,0.0,100.0,1
feriatzz,6,1.33,0.0,125.0,0.0,33.3,83.3,4
swakofn,5,2.6,153.85,153.85,20.0,40.0,100.0,1
notgloomin,16,4.38,0.0,0.0,0.0,0.0,0.0,1
zulpae,6,2.83,0.0,58.82,0.0,16.7,0.0,2
kuroayaa,10,2.7,0.0,0.0,0.0,40.0,100.0,3
mumblemooble,5,5.4,37.04,37.04,20.0,0.0,100.0,1
haram121,5,1.2,0.0,0.0,0.0,100.0,100.0,1
snipingmonkey,6,2,0.0,0.0,16.7,33.3,16.7,2
ephynx,6,1.67,100.0,0.0,0.0,66.7,0.0,1
sisyfoz,6,6,0.0,0.0,0.0,0.0,100.0,1
yb1891226,18,3.89,0.0,28.57,5.6,0.0,100.0,1
mothatrucka,5,3.2,0.0,0.0,0.0,0.0,100.0,3
thievesinthenight,10,3.2,0.0,0.0,0.0,0.0,100.0,1
sir_ben_doverson,14,7.29,9.8,19.61,28.6,7.1,0.0,1
lyserlove,5,1,0.0,0.0,0.0,100.0,0.0,1
under_ohmer,5,3.2,0.0,0.0,20.0,0.0,0.0,1
haydenlul,8,10.75,11.63,0.0,25.0,75.0,0.0,2
les_avi3n,10,36.2,5.52,0.0,0.0,0.0,0.0,1
brohawx,16,5.56,11.24,11.24,0.0,68.8,0.0,1
strubbestition,11,7.18,0.0,0.0,9.1,63.6,0.0,1
lxx_pyro_xxl,5,4.4,0.0,0.0,0.0,0.0,0.0,1
skadeskq,8,1.38,0.0,0.0,0.0,100.0,0.0,1
coaster132,6,10.33,0.0,0.0,0.0,16.7,0.0,1
barsolow,5,3.2,0.0,0.0,20.0,20.0,0.0,1
yousir,10,28,0.0,3.57,0.0,50.0,0.0,1
srshankly,6,9.33,0.0,35.71,16.7,16.7,0.0,1
sintare,5,2.4,0.0,0.0,0.0,40.0,0.0,1
the0nlyjaximus,50,43.14,0.0,0.0,0.0,12.0,0.0,1
arh33199,16,10.44,5.99,0.0,0.0,87.5,0.0,1
chessplays,36,40.33,0.0,0.0,0.0,2.8,0.0,2
suhzu,7,3.86,0.0,0.0,14.3,57.1,0.0,1
defineit,17,30.18,1.95,0.0,5.9,17.6,0.0,1
claylolx,11,8.82,20.62,0.0,0.0,63.6,0.0,1
cxjh,9,11.56,0.0,0.0,0.0,55.6,0.0,1
ihearcolor,19,3.32,0.0,0.0,0.0,36.8,0.0,1
abruptnapper,11,18.09,10.05,5.03,0.0,36.4,0.0,1
mrchorizos,6,2.5,133.33,0.0,0.0,50.0,0.0,1
ilino,5,21.4,9.35,0.0,20.0,0.0,0.0,1
moistlaptop,5,1.2,0.0,0.0,0.0,40.0,60.0,2
alper20040,8,4,31.25,0.0,0.0,37.5,0.0,1
reds_monkey,5,3.6,0.0,0.0,0.0,80.0,0.0,1
ttv_gumpy,12,31.75,0.0,0.0,0.0,0.0,0.0,1
kurindaru,14,28.43,0.0,0.0,0.0,21.4,0.0,1
mikeer6,7,50.43,2.83,0.0,0.0,0.0,0.0,1
kfactorgaming,6,8,0.0,20.83,0.0,50.0,0.0,1
bigfatnoodle,11,21.18,0.0,0.0,0.0,9.1,0.0,1
arca9000,9,14.78,7.52,0.0,0.0,0.0,0.0,1
gero_30,44,23.07,0.0,0.0,0.0,0.0,0.0,1
thedimono,5,3,66.67,0.0,20.0,0.0,100.0,2
unnameless7,7,3.14,0.0,0.0,28.6,100.0,0.0,1
jacobzamora1111,9,2.33,0.0,0.0,0.0,44.4,0.0,1
xximgay420xx,5,5.6,0.0,35.71,0.0,0.0,0.0,1
sirnehalem,7,9.43,0.0,0.0,0.0,0.0,0.0,1
alphachadzach,5,47,0.0,0.0,0.0,0.0,0.0,1
paulwalthew10111,5,14.8,0.0,0.0,0.0,40.0,0.0,1
elliotkrupski,6,41,0.0,0.0,0.0,0.0,0.0,1
benjaminen,15,15,0.0,0.0,0.0,100.0,0.0,1
jaimico98,6,2.17,0.0,0.0,16.7,0.0,0.0,1
kvothe268,6,2.33,0.0,0.0,0.0,33.3,0.0,1
themoonlight,29,34.97,0.0,0.0,6.9,31.0,0.0,1
t1_banned_me,5,2.2,0.0,0.0,0.0,40.0,0.0,2
magical_squid,6,1.67,100.0,0.0,0.0,0.0,0.0,1
kewyo,8,0.88,0.0,0.0,0.0,25.0,0.0,1
pointman0220,12,5.5,0.0,15.15,8.3,8.3,0.0,1
mistagatsby,5,1.8,0.0,0.0,0.0,20.0,0.0,2
haibubuh,6,1.5,0.0,0.0,0.0,33.3,0.0,1
cosmicvoyagerx,5,10,20.0,0.0,60.0,0.0,100.0,1
rizza_allkeyshop,5,6.2,32.26,0.0,0.0,0.0,100.0,1
monthlymusiclover,5,1,0.0,0.0,0.0,40.0,100.0,2
ceet89,17,3.18,18.52,0.0,0.0,29.4,88.2,4
jimmy250788,5,15,0.0,13.33,0.0,20.0,0.0,1
mephium,6,1.33,0.0,0.0,0.0,0.0,0.0,1
snowguy38,8,3,0.0,0.0,0.0,37.5,100.0,1
tylermontero,7,1.57,0.0,0.0,0.0,28.6,100.0,3
imgoodatfortniteihaveskin,5,1.8,0.0,0.0,0.0,0.0,0.0,1
dragonbox,11,1.73,0.0,0.0,0.0,18.2,0.0,1
sayori268,5,1.2,0.0,0.0,20.0,40.0,100.0,1
holyllamas,5,2.4,0.0,0.0,0.0,20.0,0.0,1
flow0_0,9,3.78,58.82,29.41,11.1,22.2,100.0,2
shokk_n_aww,6,6.17,0.0,0.0,16.7,33.3,0.0,2
elecktrickpetal,5,2.2,90.91,0.0,0.0,0.0,0.0,1
otwarrior,18,3.67,15.15,30.3,0.0,5.6,0.0,1
strangepiano,6,5.5,30.3,0.0,16.7,16.7,83.3,2
arsmu,21,2.33,0.0,0.0,0.0,14.3,0.0,1
infernals112,6,3,0.0,0.0,16.7,33.3,0.0,1
donkeymoo,17,2.47,47.62,23.81,5.9,11.8,0.0,1
xeuroclydonx,14,6.57,21.74,21.74,0.0,0.0,0.0,1
kingpresiden,20,3.5,14.29,0.0,0.0,20.0,0.0,1
abbiiiae,7,3.29,0.0,0.0,0.0,0.0,0.0,1
thesucceth,12,3.42,0.0,0.0,8.3,33.3,0.0,1
battleship789,6,2.17,76.92,0.0,0.0,16.7,0.0,1
horsepants,11,6.09,0.0,0.0,0.0,9.1,9.1,3
cottoncandyquartz,5,5.6,35.71,0.0,0.0,20.0,0.0,1
zelloop,10,2.7,111.11,0.0,0.0,0.0,0.0,1
dryayaya,11,70.73,0.0,0.0,81.8,0.0,81.8,2
iamverykawaiidesu,5,4,0.0,0.0,0.0,40.0,60.0,3
feras29,8,2.38,105.26,0.0,12.5,25.0,0.0,2
slinic,12,4.83,137.93,34.48,25.0,8.3,0.0,1
sugondeze_,7,2.29,0.0,62.5,0.0,85.7,0.0,2
firemaster657,9,2.44,45.45,0.0,0.0,11.1,0.0,1
skywilliamsrichard,6,1.5,0.0,0.0,0.0,50.0,0.0,1
supremeoliver,6,3.5,0.0,0.0,0.0,16.7,100.0,2
liransherman,6,9.33,0.0,0.0,0.0,0.0,0.0,1
inimini315,11,4,0.0,0.0,9.1,18.2,0.0,1
ken_mayor,8,2.75,45.45,0.0,12.5,37.5,0.0,1
vileelf,13,2.85,0.0,0.0,0.0,7.7,0.0,2
sepheryn_,5,2.4,83.33,0.0,0.0,0.0,100.0,1
dusk_kn1ght,5,2.4,83.33,0.0,0.0,40.0,80.0,2
supernooberino,6,9.83,135.59,0.0,0.0,50.0,16.7,2
damnednoob,7,1.86,0.0,0.0,0.0,14.3,0.0,4
thehumaneracist,5,2.4,0.0,83.33,20.0,0.0,100.0,1
muffintittiess,16,3,20.83,0.0,0.0,0.0,0.0,1
teeb_myster,10,2.8,0.0,35.71,0.0,0.0,0.0,1
crazybosnian22,9,4.44,75.0,25.0,0.0,22.2,0.0,1
rbannon609,6,5.33,0.0,0.0,0.0,0.0,0.0,1
kebabster,5,35,0.0,0.0,0.0,80.0,100.0,1
teriyakiyakitori,6,1.67,100.0,0.0,0.0,16.7,100.0,1
sunshine_shiba,7,3.71,0.0,0.0,0.0,42.9,0.0,1
pennlocke,13,2.15,35.71,0.0,0.0,23.1,0.0,1
wukioh,5,3.4,0.0,0.0,0.0,40.0,100.0,2
ziiirox,5,2.8,71.43,0.0,0.0,40.0,80.0,3
dissid3nce,5,3,0.0,0.0,0.0,20.0,0.0,1
stupidbichdisorder,12,8.33,0.0,0.0,16.7,0.0,0.0,1
ccrowns,6,2.5,66.67,0.0,0.0,16.7,0.0,1
sgt_dashie01,20,5.25,9.52,0.0,10.0,15.0,100.0,3
huskyyyy,6,3.67,0.0,0.0,16.7,50.0,0.0,1
yurify,27,2.59,0.0,0.0,0.0,18.5,0.0,1
ijuventino,13,5.92,12.99,0.0,0.0,0.0,0.0,1
grownups2onblurayanddvd,5,10.2,0.0,0.0,0.0,0.0,0.0,1
drumbeat,5,1.4,0.0,0.0,0.0,80.0,0.0,1
munzzor,13,2.31,33.33,0.0,7.7,15.4,0.0,1
bedird,7,26.43,0.0,0.0,0.0,14.3,100.0,1
quadrihax,7,4.29,0.0,0.0,0.0,0.0,100.0,1
dawidous,6,6.83,0.0,24.39,16.7,0.0,100.0,2
dinosaurus,9,54.44,124.49,0.0,0.0,0.0,100.0,1
curioun,5,16.8,0.0,0.0,0.0,0.0,100.0,1
helghast76,38,5.05,10.42,5.21,21.1,2.6,0.0,1
tt_supportjill,18,60.78,0.0,0.0,0.0,0.0,100.0,1
ahekos,5,7,0.0,0.0,20.0,40.0,100.0,1
hewieq,6,4,0.0,0.0,0.0,16.7,100.0,1
minoshius,8,3.5,71.43,0.0,0.0,0.0,100.0,1
zavr0s,14,2.21,0.0,0.0,0.0,14.3,0.0,1
derkerver,6,2.67,0.0,0.0,0.0,33.3,100.0,2
d3a7th_proof,13,5.77,26.67,13.33,0.0,0.0,100.0,2
yeetismylife,5,3.2,62.5,0.0,0.0,0.0,100.0,1
obama_bin_lyin,11,7.55,12.05,12.05,0.0,9.1,100.0,1
evanito,5,1.2,0.0,0.0,0.0,60.0,0.0,1
dylsco3,7,1.71,0.0,0.0,0.0,42.9,0.0,1
hanscakestealer,9,4.22,0.0,0.0,0.0,55.6,100.0,1
zawadiakatv,23,2.87,75.76,0.0,8.7,65.2,100.0,1
ginza1,6,68.5,43.8,0.0,33.3,100.0,100.0,1
bmxbox,16,2.81,66.67,0.0,6.2,87.5,100.0,1
24hournolife,10,4.2,0.0,23.81,0.0,10.0,100.0,1
rejid,5,3,0.0,0.0,0.0,0.0,0.0,1
rigged0rama,19,7.84,6.71,0.0,10.5,57.9,100.0,3
mch_05,16,2.69,0.0,0.0,12.5,18.8,100.0,1
attiluh,9,2.56,0.0,0.0,0.0,66.7,66.7,2
1babyfaker,15,9.2,0.0,7.25,0.0,6.7,100.0,1
demitido_da_tokioguru,13,3.15,0.0,0.0,0.0,0.0,100.0,1
k0yi,8,37,0.0,0.0,0.0,100.0,100.0,1
hanxiiii,48,7.44,2.8,0.0,0.0,12.5,0.0,1
moonjjk,59,4.66,0.0,3.64,1.7,49.2,0.0,1
tass___,17,14.24,0.0,0.0,0.0,47.1,0.0,1
auraofjason,7,1.43,0.0,0.0,0.0,57.1,0.0,1
sunbakedhunter,6,5.83,85.71,0.0,0.0,0.0,100.0,2
batbrain__,16,5.94,0.0,10.53,0.0,6.2,0.0,1
planetpless,14,3.21,22.22,0.0,7.1,28.6,0.0,1
hugz4genestealers,5,5.2,38.46,0.0,20.0,60.0,0.0,1
celestialz,6,1.83,0.0,0.0,0.0,0.0,0.0,1
ushouldgg,5,2.6,0.0,0.0,20.0,20.0,0.0,1
attissoul,8,5.38,23.26,0.0,12.5,37.5,100.0,1
zachhackz,5,2.2,0.0,0.0,0.0,80.0,100.0,2
grandmapirate,6,3.67,45.45,0.0,0.0,16.7,100.0,1
bondagevampire214,11,7.82,23.26,0.0,18.2,0.0,100.0,1
pandora5709,6,3.33,50.0,0.0,33.3,0.0,0.0,1
itsallgremlin,10,3.8,0.0,0.0,0.0,40.0,100.0,1
abrasivesheep,15,2.73,0.0,0.0,20.0,33.3,100.0,2
xjstanleyx,5,29.4,0.0,0.0,0.0,0.0,0.0,1
itsboo,8,4.88,25.64,0.0,0.0,12.5,0.0,1
bgarnier,8,1.75,0.0,0.0,0.0,50.0,100.0,1
knavedaone,8,1.88,0.0,0.0,0.0,12.5,0.0,1
whitsoxrule,14,5.07,56.34,0.0,14.3,14.3,100.0,1
myzfit13,6,4.5,0.0,0.0,0.0,33.3,100.0,1
rgreenparadox,5,7.8,25.64,0.0,0.0,0.0,100.0,1
moochydacat,7,5.86,24.39,0.0,0.0,0.0,100.0,1
kilng,8,6.25,0.0,0.0,0.0,0.0,0.0,1
recited_,14,10.86,0.0,0.0,0.0,64.3,0.0,1
apeofcascadia,5,3.2,0.0,62.5,20.0,0.0,100.0,1
slash0,5,12.2,0.0,0.0,0.0,60.0,0.0,1
orange_arcana,6,5.33,0.0,0.0,0.0,0.0,100.0,1
khey_,9,2.33,0.0,0.0,0.0,33.3,0.0,1
kxytra,6,9.33,17.86,17.86,0.0,0.0,0.0,1
lolkeeb,5,3.8,0.0,0.0,0.0,20.0,100.0,2
theoceanisalive,9,2.44,90.91,0.0,0.0,22.2,100.0,1
windz_,6,8.33,40.0,0.0,16.7,0.0,0.0,1
fateor,7,5.43,0.0,0.0,14.3,0.0,100.0,2
sagamyst,13,3.38,22.73,45.45,0.0,7.7,0.0,1
dynastyofwolves,24,6.29,13.25,0.0,0.0,0.0,0.0,1
kiwiteepee,9,4.78,0.0,0.0,0.0,33.3,100.0,1
xiaopan1987,10,3.2,0.0,0.0,0.0,40.0,0.0,1
squigglyjinxxjams,14,3.79,0.0,18.87,0.0,0.0,0.0,1
maniiac95,10,3.3,0.0,30.3,0.0,30.0,100.0,2
copchase,8,6.12,0.0,0.0,0.0,25.0,0.0,1
swankydoe,5,3,66.67,0.0,0.0,0.0,0.0,1
izzyow,8,7.38,16.95,0.0,12.5,0.0,0.0,1
wesbtrippin,8,2.5,100.0,50.0,0.0,50.0,0.0,1
lacari_boned_a_trap,14,9.57,0.0,0.0,7.1,42.9,100.0,5
yuhikyaku,16,3.88,64.52,0.0,6.2,0.0,0.0,2
greenhornedkiwi,12,2.5,0.0,0.0,0.0,16.7,0.0,1
albino1970,15,5.67,11.76,0.0,0.0,0.0,100.0,1
operatorjuno,23,4.04,0.0,32.26,8.7,13.0,100.0,1
itruxi,12,11,75.76,0.0,75.0,16.7,100.0,1
wombattss,8,5.62,22.22,44.44,0.0,0.0,100.0,1
greentip556,23,9.13,19.05,0.0,8.7,0.0,100.0,1
virusalert,10,7.6,0.0,0.0,0.0,0.0,100.0,1
ctrlsodapop,12,8.75,9.52,0.0,0.0,0.0,100.0,1
thehoteltrivago,8,14.5,8.62,0.0,62.5,0.0,100.0,1
shotgunsam_23,6,4.5,74.07,0.0,0.0,0.0,100.0,1
outlaw_two,28,8.14,17.54,0.0,14.3,7.1,100.0,1
mafun464,14,4.14,34.48,17.24,0.0,0.0,100.0,1
boskkd,21,4.86,19.61,0.0,0.0,4.8,100.0,1
thateffindev,5,12.8,0.0,15.62,40.0,0.0,100.0,1
brbrts,6,2.17,76.92,0.0,16.7,16.7,0.0,1
therapinghobo,8,6.25,40.0,0.0,25.0,0.0,100.0,1
1feralmursenre,25,4.68,25.64,17.09,8.0,28.0,100.0,1
dingir_xul,8,6,20.83,20.83,12.5,0.0,100.0,1
swagemite282,6,1.83,0.0,0.0,16.7,100.0,0.0,2
turkeyman91,5,3.8,52.63,0.0,0.0,0.0,100.0,1
lorddeath21,6,2.83,117.65,0.0,0.0,33.3,100.0,1
1337dominic,6,6.33,26.32,0.0,33.3,0.0,100.0,1
texan_pride_,14,3,71.43,0.0,14.3,14.3,100.0,1
questionable_necromancer,7,4.86,29.41,0.0,14.3,14.3,100.0,1
not_atf,8,5,25.0,0.0,0.0,0.0,100.0,1
jnymoen1,6,8.33,20.0,0.0,16.7,0.0,100.0,1
malaketh85,6,6.83,24.39,0.0,83.3,0.0,100.0,1
nymets05,9,10.44,0.0,10.64,33.3,0.0,100.0,1
sp0_oderman,12,6.5,51.28,0.0,0.0,8.3,100.0,1
roman_ore,5,3,0.0,0.0,20.0,0.0,0.0,1
stryk3r86,8,5.5,113.64,0.0,25.0,12.5,100.0,1
a_roof_korean,40,6.9,7.25,0.0,22.5,12.5,100.0,1
mastertoad2242,34,4.74,12.42,0.0,0.0,5.9,100.0,1
mrpib_best_drink,7,12,0.0,0.0,57.1,0.0,100.0,1
drew_lsu,22,22.32,8.15,2.04,27.3,0.0,100.0,1
sir_chaox,81,3.33,29.63,3.7,4.9,16.0,0.0,1
herrskeletal,8,7.12,0.0,0.0,37.5,0.0,100.0,1
professional_genji_main,5,3.2,62.5,0.0,20.0,20.0,100.0,1
yellotrout,5,12,0.0,0.0,60.0,20.0,100.0,1
legendstatus95,7,3.57,0.0,0.0,0.0,42.9,100.0,1
mexicasual,16,4.12,0.0,0.0,0.0,25.0,100.0,1
thegreenidiot,6,3.67,0.0,0.0,16.7,0.0,100.0,1
ironterror58,22,4.09,22.22,11.11,0.0,4.5,100.0,1
renegadeforgod,6,3.67,45.45,45.45,0.0,16.7,100.0,1
hitman5480,7,2.43,58.82,0.0,0.0,0.0,100.0,1
operatethedonut,5,1.6,125.0,0.0,0.0,20.0,100.0,1
meow_ware,9,2.33,95.24,0.0,0.0,11.1,100.0,1
tw527,8,5.38,0.0,0.0,50.0,0.0,100.0,1
big_mayberry,9,22.22,15.0,10.0,22.2,44.4,0.0,1
coveredrabbit73,24,4.12,30.3,0.0,0.0,4.2,100.0,1
skjones,19,5.84,0.0,0.0,36.8,10.5,100.0,1
mistahchang,5,3.4,117.65,0.0,40.0,0.0,100.0,1
decimated89,8,2,0.0,62.5,0.0,12.5,0.0,1
physx_x_x,9,12,0.0,0.0,44.4,0.0,100.0,1
muricaisthebae,9,2.22,50.0,0.0,0.0,33.3,100.0,1
jaynov18,12,5.75,0.0,14.49,0.0,0.0,100.0,1
quote_me_if_you_eat_kfc,5,1,0.0,0.0,0.0,60.0,100.0,2
lazy_five,9,4.44,0.0,0.0,11.1,22.2,100.0,1
fire_fux,7,8.14,0.0,0.0,28.6,0.0,100.0,1
cudntthinkofaname,7,3,47.62,0.0,0.0,42.9,100.0,1
airforceman100,9,5.56,0.0,0.0,44.4,22.2,100.0,1
protectedmethod,10,4.7,0.0,21.28,0.0,0.0,100.0,1
chase8148,6,4.5,0.0,0.0,0.0,16.7,100.0,1
weepip00,5,1,0.0,0.0,0.0,40.0,100.0,1
thederning,5,3.8,52.63,0.0,40.0,0.0,100.0,1
zachelll,5,4.8,83.33,0.0,40.0,0.0,100.0,1
ppppppp270,7,6.29,22.73,0.0,0.0,0.0,0.0,1
funkymonkey0225,12,4,0.0,20.83,8.3,0.0,100.0,1
voidgenom,6,1.67,0.0,0.0,0.0,0.0,0.0,1
spiralarcgfx,9,3.78,58.82,58.82,0.0,22.2,0.0,1
narat,5,1.2,166.67,0.0,0.0,40.0,0.0,2
dingohawk,16,7.44,0.0,0.0,0.0,0.0,100.0,1
pudding6699,68,14.94,1.97,0.0,1.5,26.5,100.0,1
mesterbushi,6,1,0.0,0.0,0.0,50.0,100.0,1
shanghaininjaftw,8,7.38,0.0,0.0,0.0,50.0,100.0,1
djones420,5,6.4,0.0,0.0,0.0,0.0,100.0,1
papa_spooks,12,6.25,0.0,0.0,8.3,25.0,100.0,1
maleficara,5,12,0.0,0.0,0.0,20.0,100.0,1
bbistheman21,15,4.4,0.0,0.0,46.7,6.7,0.0,1
arisunyaan,31,5.42,5.95,0.0,3.2,12.9,100.0,1
jimmy__boombox,22,38.82,0.0,0.0,0.0,4.5,100.0,1
dustenpaton,7,6.14,23.26,0.0,0.0,14.3,100.0,1
cheesemana,5,8.6,0.0,0.0,20.0,20.0,100.0,1
casperthespicyghost,14,8.43,8.47,0.0,0.0,35.7,100.0,1
menente,6,11,0.0,0.0,0.0,33.3,0.0,1
padhtro,5,29.2,0.0,0.0,0.0,20.0,100.0,1
lachcrys,9,6,0.0,18.52,11.1,0.0,0.0,1
theblackdog808,15,3.27,20.41,0.0,0.0,26.7,100.0,1
schwedy,7,1,0.0,0.0,0.0,42.9,100.0,1
youarenervous_karma,6,2,83.33,0.0,0.0,50.0,0.0,1
danksp0nge,9,3.78,29.41,0.0,0.0,0.0,0.0,1
itzcurryy,5,3.4,58.82,0.0,0.0,60.0,80.0,3
banni523,12,4.08,0.0,0.0,8.3,0.0,0.0,1
kelvborg,13,1,0.0,0.0,0.0,7.7,100.0,1
chewbakkakhan,13,6.54,58.82,11.76,15.4,7.7,100.0,2
thesiracha1,11,1,0.0,0.0,0.0,27.3,100.0,1
violetspeaks,5,11,18.18,0.0,20.0,0.0,100.0,1
d_cruz231,7,7.43,19.23,19.23,0.0,0.0,14.3,2
intoydna,6,3.33,100.0,0.0,0.0,0.0,0.0,1
styrek,5,1,0.0,0.0,0.0,60.0,100.0,1
swiss_mister,6,5,0.0,0.0,0.0,0.0,100.0,1
lowrider399,18,27.61,0.0,0.0,5.6,5.6,100.0,2
romythered,5,2.6,76.92,0.0,20.0,60.0,0.0,1
vilazu,6,5.17,0.0,0.0,0.0,33.3,0.0,1
dgsilversurfer,7,13.57,10.53,0.0,0.0,14.3,100.0,3
imsordid,10,7.5,26.67,26.67,0.0,10.0,0.0,1
schoooooo,9,3.44,32.26,32.26,11.1,11.1,66.7,4
truxalkid,8,1.25,0.0,0.0,0.0,50.0,100.0,1
xiaohanz,11,1.73,0.0,0.0,0.0,36.4,0.0,1
elisyov,10,1.3,0.0,0.0,0.0,0.0,0.0,1
karen_annnn,6,3.5,0.0,0.0,0.0,16.7,0.0,1
xith42,13,3.54,0.0,0.0,0.0,7.7,0.0,1
imawildmonkey,11,4.09,0.0,0.0,18.2,18.2,0.0,1
sushidaddybot,7,5,200.0,0.0,0.0,0.0,100.0,1
naycos,9,4.22,0.0,26.32,11.1,11.1,0.0,1
little_sausage1,8,12.38,0.0,0.0,0.0,62.5,0.0,1
ricepoppa,17,2.35,100.0,0.0,5.9,5.9,0.0,2
lilnerfgunn,12,4.17,0.0,0.0,0.0,75.0,0.0,2
shpetimberisha5,5,2.8,71.43,0.0,0.0,80.0,0.0,1
iijeremiaii,8,6,0.0,0.0,0.0,37.5,0.0,1
official_gh0st,7,14.86,0.0,0.0,0.0,28.6,0.0,2
boredassbuck,10,2.2,0.0,0.0,0.0,90.0,0.0,1
indian_dissgod,34,6,9.8,0.0,14.7,52.9,0.0,2
theoretv,15,10.73,0.0,0.0,0.0,93.3,0.0,1
xcj__,6,7,0.0,0.0,0.0,0.0,0.0,2
valleyboy,6,2,0.0,83.33,0.0,83.3,0.0,1
mrblue4you,7,1.29,0.0,0.0,0.0,14.3,100.0,1
badacems,6,2,0.0,0.0,0.0,0.0,0.0,1
zootloc,45,2.47,18.02,9.01,2.2,86.7,2.2,3
swooshers,8,1.38,0.0,0.0,0.0,37.5,100.0,1
glo_gang69,9,13.22,0.0,0.0,0.0,11.1,0.0,1
itzsebbruh,12,3.17,0.0,0.0,0.0,16.7,0.0,2
ekirewq,7,6.71,21.28,0.0,0.0,14.3,0.0,1
notdisstracker,19,2.32,22.73,0.0,5.3,36.8,0.0,2
nxndo,36,2.14,38.96,12.99,0.0,27.8,0.0,2
ifinesser,8,1.75,71.43,0.0,0.0,25.0,0.0,1
ogtoxicpaul1,6,18.33,0.0,0.0,0.0,100.0,0.0,1
littlestdaisy,5,2.4,83.33,0.0,0.0,20.0,100.0,1
princess_knives,7,3.57,0.0,0.0,0.0,28.6,100.0,1
baljeet___,22,2.41,0.0,75.47,0.0,36.4,0.0,2
fearlessfl,6,5.67,0.0,0.0,0.0,0.0,100.0,1
jumborageextra,8,3.75,33.33,0.0,12.5,37.5,0.0,2
nutblower269,16,9.69,0.0,0.0,18.8,0.0,0.0,1
lpeekxgodl,5,2.8,0.0,0.0,0.0,20.0,0.0,1
ieatassman,46,3.96,16.48,10.99,4.3,71.7,0.0,2
sickskills96,6,2.67,0.0,0.0,0.0,0.0,0.0,1
og_retros,9,2.56,43.48,0.0,0.0,100.0,0.0,1
swaggerliciouswangsta,6,8,0.0,0.0,0.0,0.0,0.0,1
aaron_cien,7,4.71,0.0,0.0,0.0,42.9,0.0,2
kidpurpp,20,3.2,15.62,31.25,0.0,35.0,0.0,2
smell_the_yak,6,1.33,0.0,0.0,0.0,0.0,100.0,1
ttrs_,38,1.92,41.1,13.7,0.0,100.0,0.0,2
jcollier,13,4.62,16.67,0.0,0.0,15.4,0.0,2
xxxtentaclezzz,8,3.25,0.0,0.0,0.0,62.5,0.0,2
shadowdino300,16,1.5,0.0,0.0,0.0,56.2,93.8,2
foreversleepp,8,3.25,0.0,0.0,0.0,50.0,0.0,1
iwearcrocs101,7,9,15.87,0.0,14.3,0.0,0.0,1
starengar,8,1.75,0.0,71.43,0.0,0.0,0.0,1
b1azingpengu1n,5,7.4,0.0,0.0,20.0,0.0,0.0,1
crusho_,54,2.91,25.48,0.0,5.6,57.4,0.0,2
meecow,5,4.2,47.62,0.0,20.0,0.0,0.0,1
soycholo,6,1.33,0.0,0.0,0.0,66.7,0.0,1
berzerkerknight,5,3.6,55.56,0.0,0.0,40.0,100.0,1
migoman36,10,4.7,0.0,0.0,0.0,20.0,0.0,2
whyphy__,7,2.43,0.0,0.0,0.0,0.0,0.0,2
yhuc,9,3,0.0,0.0,0.0,77.8,0.0,2
jay_hunchooo,15,5.67,58.82,35.29,0.0,13.3,0.0,1
jleon626,6,8.33,0.0,20.0,0.0,0.0,0.0,1
yamsoda,6,5.33,0.0,0.0,0.0,66.7,100.0,1
ravinyze,10,15,0.0,0.0,0.0,10.0,100.0,1
prognoses,13,4.08,0.0,0.0,23.1,0.0,100.0,3
tadoh,15,4.33,30.77,30.77,6.7,0.0,0.0,2
m_br00m_m,10,18.5,5.41,0.0,0.0,0.0,100.0,1
4drstorm,6,13,0.0,0.0,0.0,83.3,0.0,1
whooooaml,8,5.88,0.0,0.0,12.5,12.5,0.0,2
dopalis,5,3,0.0,0.0,0.0,80.0,0.0,1
charisma_rgs,7,3.43,41.67,0.0,14.3,42.9,0.0,2
uncomonforme,6,3,0.0,0.0,0.0,83.3,0.0,1
antzzz_,6,3.17,105.26,0.0,0.0,16.7,0.0,2
13dubdub13,8,7.75,16.13,16.13,37.5,0.0,0.0,1
zegorykz,6,4.67,107.14,0.0,0.0,33.3,0.0,1
bfromsoflo,47,3.17,20.13,26.85,6.4,55.3,2.1,3
rxck3t,7,4.43,0.0,0.0,0.0,42.9,0.0,1
brandinberre,29,2.72,101.27,0.0,20.7,96.6,0.0,2
apollosk38,5,1.8,0.0,0.0,0.0,80.0,0.0,1
blewbeary,24,4.08,10.2,0.0,0.0,16.7,100.0,1
trainer_n_,7,3.29,43.48,43.48,14.3,0.0,100.0,1
kingslayer_101,13,2.46,0.0,31.25,0.0,53.8,0.0,2
shinkuislame,13,3.23,47.62,0.0,0.0,61.5,100.0,1
makashu,5,2,0.0,0.0,0.0,40.0,100.0,1
bluethunder_,19,2.68,19.61,19.61,0.0,84.2,100.0,1
rin_yuki_,6,1.83,90.91,0.0,0.0,50.0,100.0,1
jag6000,12,2.92,0.0,0.0,0.0,8.3,100.0,2
ashraful,11,1.09,0.0,0.0,0.0,72.7,100.0,1
mikerizz,18,2.33,23.81,0.0,0.0,55.6,100.0,1
acemonkey14,18,2.94,18.87,18.87,5.6,22.2,100.0,1
acxsta21,5,2.4,0.0,0.0,0.0,80.0,0.0,1
dorklyme,17,3.29,0.0,0.0,0.0,11.8,100.0,1
penoptimist,17,2.94,0.0,0.0,5.9,11.8,100.0,1
xeroskia,13,3.62,0.0,21.28,7.7,69.2,100.0,1
chillgod,6,3.5,47.62,0.0,0.0,50.0,100.0,1
itsandymang,23,2.96,14.71,0.0,4.3,4.3,100.0,1
slashyincorporated,17,1.71,0.0,0.0,0.0,58.8,100.0,1
ezmiig,15,2.67,0.0,25.0,0.0,46.7,100.0,1
sorat0,5,2.4,0.0,0.0,20.0,80.0,100.0,1
skinny105,6,0.67,0.0,0.0,0.0,33.3,100.0,1
spyingwinter,5,3,0.0,0.0,0.0,0.0,0.0,1
manatwar55,15,3.73,35.71,0.0,6.7,6.7,86.7,3
forest_fires,12,0.83,0.0,0.0,25.0,33.3,100.0,1
flaminginferno19,14,3.21,22.22,0.0,0.0,35.7,100.0,1
donofair,10,1.4,0.0,0.0,10.0,80.0,100.0,1
ogmocha,8,6.88,54.55,18.18,12.5,12.5,100.0,1
iconicyabo,8,10.75,11.63,0.0,12.5,12.5,0.0,1
thebionicasphalt,11,3.36,0.0,0.0,0.0,18.2,100.0,1
stellarmoves,8,5.62,22.22,0.0,12.5,0.0,0.0,1
dark_koopa,7,1.43,0.0,0.0,14.3,28.6,100.0,1
honk,8,3.62,0.0,0.0,0.0,12.5,37.5,2
iamsmokeychan,7,3.29,43.48,0.0,0.0,85.7,100.0,1
toonghost10,16,1.38,0.0,45.45,0.0,50.0,100.0,1
mrmagoffin,11,5.91,0.0,0.0,0.0,9.1,100.0,1
taquito_69,7,4,35.71,0.0,0.0,0.0,0.0,2
nasuggested,17,3.18,0.0,0.0,0.0,41.2,0.0,1
nathanwilsontips,11,4.91,18.52,18.52,0.0,81.8,0.0,2
zone0,10,2.4,83.33,0.0,10.0,20.0,0.0,2
vanillapeps,10,1.8,0.0,0.0,10.0,50.0,100.0,1
bcast,7,1.14,0.0,125.0,14.3,28.6,100.0,1
heyskylark,16,10.62,5.88,0.0,0.0,18.8,100.0,1
unpredictable5,14,5.64,25.32,0.0,7.1,71.4,0.0,2
justbillieve,8,2.75,90.91,0.0,0.0,62.5,0.0,2
echothunder8,7,1.57,0.0,0.0,14.3,0.0,100.0,1
seteh,5,1.6,0.0,0.0,0.0,0.0,100.0,1
j0hnj0hn,36,2.14,12.99,12.99,0.0,16.7,0.0,2
crazzybob1231,7,2.43,0.0,0.0,0.0,28.6,0.0,1
mistthegoat,16,3.31,0.0,0.0,0.0,81.2,0.0,2
burritocheetos,13,2.23,0.0,0.0,7.7,7.7,100.0,1
scoop11,6,1.83,0.0,0.0,0.0,50.0,100.0,1
theblakbuddha,6,0.5,0.0,0.0,0.0,33.3,100.0,1
noctis57x,6,1.33,0.0,0.0,0.0,0.0,100.0,1
link__182,6,2.83,176.47,0.0,0.0,16.7,100.0,1
jbthelefty,5,2,0.0,0.0,0.0,60.0,100.0,1
jinglemynuts69,13,2.38,0.0,0.0,7.7,69.2,100.0,1
srji_braindead,5,1.4,0.0,0.0,0.0,20.0,100.0,1
settercg1,6,1.17,142.86,0.0,0.0,83.3,100.0,1
lovelyuwu,8,8.25,0.0,0.0,0.0,25.0,12.5,2
jeal8a,13,4.77,0.0,0.0,0.0,53.8,100.0,1
chunkymonkey42,7,1.57,90.91,0.0,0.0,42.9,100.0,2
passhonrippu,19,5.21,10.1,0.0,10.5,31.6,0.0,1
aironicks,6,3.5,0.0,0.0,0.0,16.7,0.0,1
lordofkaranda,7,18.43,0.0,0.0,0.0,0.0,100.0,1
2ggstrides,17,3.35,17.54,0.0,0.0,5.9,100.0,1
kingdomxblade3,10,2.5,0.0,80.0,0.0,30.0,0.0,1
peepps_,5,3.8,0.0,0.0,0.0,60.0,0.0,1
tax1k,17,5.71,10.31,0.0,0.0,64.7,100.0,1
veganism,5,1.8,0.0,0.0,0.0,80.0,0.0,1
kevsnipe,7,2.57,333.33,0.0,0.0,71.4,0.0,2
siddhbharucha,25,2.36,0.0,0.0,0.0,36.0,0.0,2
kootacheedies,5,4.4,0.0,45.45,0.0,0.0,100.0,1
lupusdude,5,1.8,0.0,0.0,0.0,20.0,60.0,2
aza_brown14,6,1.83,0.0,0.0,0.0,0.0,100.0,1
borgmanson,6,4,0.0,0.0,0.0,16.7,100.0,2
itwaslagtv,21,6.81,55.94,34.97,9.5,28.6,100.0,2
freelanzer,8,3.25,0.0,0.0,12.5,50.0,87.5,2
floravoir,9,2.44,0.0,0.0,0.0,55.6,77.8,2
lazykao,6,1.67,0.0,0.0,0.0,33.3,0.0,2
drfrenchie,6,2.5,0.0,0.0,0.0,0.0,0.0,1
dibo__,16,6.19,0.0,0.0,0.0,43.8,0.0,2
yathatwasabanana,8,3.88,32.26,0.0,0.0,37.5,0.0,1
wisp_231,5,8.2,0.0,0.0,0.0,0.0,0.0,1
ayylonedoge,11,2.82,32.26,0.0,0.0,0.0,0.0,1
bluntedbowser420,5,2.8,71.43,71.43,0.0,0.0,0.0,1
xanaxsnacks,5,6,0.0,33.33,0.0,20.0,100.0,2
imlurki,5,7.2,0.0,0.0,0.0,0.0,0.0,2
cynicalbreakfast,10,6.6,0.0,0.0,0.0,10.0,100.0,1
jonathanromero2,6,2.17,0.0,76.92,0.0,0.0,100.0,1
primezg,5,3.2,62.5,0.0,0.0,0.0,0.0,2
bibbysnupe,5,1,0.0,0.0,0.0,20.0,60.0,2
lonesum,9,6.56,16.95,16.95,0.0,11.1,0.0,2
rainbowneighbour,20,2.6,0.0,0.0,0.0,85.0,0.0,2
hamdan5832,8,3.38,37.04,0.0,0.0,0.0,0.0,2
omek6,11,2.18,0.0,41.67,18.2,45.5,0.0,1
sparkygang,5,3.8,52.63,0.0,0.0,20.0,0.0,1
burneth_,8,1.5,83.33,0.0,0.0,25.0,100.0,2
bboykill123,5,3.8,52.63,0.0,0.0,0.0,0.0,2
thevoloway,9,2.56,43.48,0.0,0.0,11.1,0.0,2
soyboricua,6,3.83,0.0,0.0,0.0,66.7,0.0,2
hyperboltzx,10,5.7,35.09,0.0,10.0,0.0,0.0,1
wilson1624,15,3.33,0.0,0.0,0.0,26.7,0.0,2
alexander_sickboy,10,6.1,16.39,0.0,10.0,0.0,0.0,1
desputed,17,3,19.61,0.0,0.0,5.9,0.0,2
theycantarrestusall,8,8.62,14.49,0.0,0.0,75.0,62.5,2
lvrubicon,5,3.8,0.0,0.0,0.0,0.0,100.0,2
likedheez,6,4.33,38.46,0.0,0.0,100.0,0.0,1
ireallyloveyourmom,5,3.2,0.0,0.0,20.0,0.0,0.0,1
relecture,9,2,55.56,0.0,0.0,22.2,0.0,1
gertners,9,3.11,35.71,35.71,0.0,44.4,0.0,1
beber_aharon,17,7.18,0.0,8.2,5.9,35.3,0.0,1
et_wagwan,5,2.8,0.0,0.0,0.0,80.0,0.0,1
oscar181sjj,11,4.91,0.0,18.52,0.0,36.4,0.0,1
thelilpinky,11,25.09,0.0,0.0,0.0,72.7,0.0,1
pdrqidiscgolfi,5,2.4,0.0,0.0,0.0,0.0,0.0,2
jovani214x,6,2.33,71.43,0.0,0.0,16.7,0.0,1
dcvniel,6,3.5,0.0,0.0,16.7,50.0,0.0,1
aubz__,15,2.4,55.56,55.56,6.7,33.3,0.0,1
23zyro,8,2.88,0.0,0.0,12.5,75.0,12.5,2
kyriesaucyyirving,11,4.45,0.0,0.0,0.0,45.5,0.0,1
young_king20000,6,4.33,38.46,0.0,0.0,16.7,0.0,1
flaminix,6,3.5,0.0,0.0,0.0,66.7,0.0,1
nolephor,24,1.96,21.28,0.0,0.0,33.3,100.0,2
cepterk2,34,14.12,10.42,4.17,20.6,2.9,0.0,1
docmccray,15,7.47,26.79,0.0,13.3,0.0,0.0,1
metalhead_dood,17,4.41,13.33,0.0,17.6,11.8,0.0,1
awv_gambit,7,8,0.0,0.0,0.0,0.0,0.0,1
darkdragonmasta,29,10.07,17.12,3.42,0.0,3.4,0.0,1
twohitgood,24,7.88,0.0,0.0,4.2,0.0,0.0,1
zero7670,43,4.12,16.95,0.0,4.7,37.2,0.0,1
ichujun,22,2.68,0.0,16.95,9.1,27.3,0.0,1
raymanguy,6,3.67,0.0,0.0,0.0,0.0,0.0,1
arthvader,5,15.6,12.82,0.0,0.0,0.0,0.0,1
predac0n,23,12.39,38.6,3.51,13.0,8.7,0.0,1
lifevirus,9,6.33,17.54,0.0,22.2,0.0,0.0,1
jxsfusion,9,10.56,10.53,0.0,0.0,0.0,0.0,1
blufire1992,15,13.27,0.0,0.0,33.3,26.7,0.0,1
r_e_z,6,4,0.0,0.0,0.0,16.7,100.0,1
mesharey,5,3.8,105.26,0.0,0.0,0.0,0.0,1
fallsoff,23,2.65,32.79,0.0,8.7,13.0,0.0,1
thewb32018,10,7,0.0,0.0,20.0,20.0,0.0,1
wyfoooooo,7,10.86,26.32,0.0,14.3,0.0,0.0,1
guirfriug,6,4.5,37.04,0.0,16.7,33.3,0.0,1
xmnzo,7,6,23.81,0.0,0.0,0.0,0.0,1
ryfaael,193,7.35,24.68,4.23,8.3,1.6,100.0,1
billysan291,33,8.24,11.03,7.35,6.1,3.0,0.0,1
mastertonberry23,27,14.07,0.0,5.26,25.9,0.0,0.0,1
lordzero476,8,3.62,206.9,0.0,0.0,0.0,0.0,1
superbro64,50,6.6,12.12,3.03,14.0,10.0,0.0,1
waxdegree,13,3.46,0.0,0.0,0.0,0.0,100.0,1
tr0nik_,28,3.96,18.02,18.02,7.1,3.6,100.0,1
jamjamem,43,5.51,16.88,8.44,9.3,0.0,100.0,1
kiyser,49,6.61,27.78,9.26,8.2,10.2,100.0,1
ladydraco87,18,5.11,0.0,0.0,11.1,5.6,0.0,1
jgoldz,7,1.71,250.0,0.0,0.0,14.3,0.0,1
anzisar,9,7.78,0.0,0.0,33.3,11.1,100.0,1
c_game_me_811,33,3.88,39.06,7.81,0.0,12.1,0.0,1
quebecin,29,4.28,48.39,8.06,3.4,6.9,0.0,1
vanmann1,8,9.25,0.0,13.51,0.0,0.0,0.0,1
magumo,18,10.83,10.26,0.0,27.8,0.0,0.0,1
zephyrkitten,8,6,20.83,20.83,12.5,0.0,0.0,1
mdwinn,6,5.67,29.41,0.0,16.7,0.0,0.0,1
pacmanfan200,25,6.4,31.25,6.25,8.0,0.0,0.0,1
davonthegreatness,6,9.67,51.72,0.0,33.3,0.0,0.0,1
pyratrum_,8,6.25,20.0,0.0,0.0,25.0,0.0,1
izuke_tachimaru,13,10.92,42.25,0.0,7.7,7.7,0.0,1
iammryuk,8,8.12,15.38,15.38,0.0,0.0,0.0,1
majik,6,1.33,0.0,0.0,0.0,66.7,100.0,2
maggus05,10,4,50.0,25.0,10.0,10.0,0.0,1
nostradanus,8,4.12,0.0,30.3,0.0,0.0,0.0,1
brobat,5,3.4,0.0,0.0,40.0,0.0,0.0,1
bola8x,8,5.75,21.74,0.0,12.5,12.5,0.0,1
chinitoh,5,7.4,0.0,0.0,0.0,0.0,0.0,1
marzer1,8,2.88,43.48,0.0,0.0,25.0,0.0,2
plev,12,3.5,0.0,0.0,0.0,16.7,0.0,1
hayzeshooter,5,0.2,0.0,0.0,0.0,0.0,0.0,1
shaggy_dan,5,2.2,90.91,0.0,0.0,0.0,0.0,1
tempesttype2,7,3.43,0.0,0.0,14.3,0.0,0.0,1
nrnei,31,6.61,24.39,4.88,12.9,0.0,0.0,1
babydave131,14,5.71,25.0,12.5,21.4,0.0,0.0,1
gaddie86,6,4.5,0.0,0.0,16.7,0.0,0.0,1
attach,15,31.07,2.15,0.0,0.0,6.7,0.0,1
snonomdorsh,22,6.86,19.87,0.0,4.5,0.0,100.0,1
eothane,5,8,50.0,0.0,20.0,0.0,0.0,1
turtle1576,8,5.75,21.74,0.0,12.5,100.0,100.0,1
griphiny,6,0.83,0.0,0.0,0.0,33.3,100.0,2
leoonline,41,4.68,15.62,15.62,4.9,19.5,100.0,1
teepo2,17,3.06,19.23,0.0,0.0,11.8,100.0,1
tysonn___,19,3,17.54,0.0,5.3,10.5,100.0,1
real_life_mess,21,6.24,30.53,0.0,0.0,0.0,0.0,1
dragonkingaknologia1,5,1.8,222.22,0.0,0.0,0.0,0.0,1
xiairmax23ix,8,5.38,23.26,0.0,0.0,0.0,0.0,1
princeforekin,6,5.83,57.14,0.0,0.0,0.0,0.0,1
amirrockit,9,6,0.0,0.0,22.2,0.0,0.0,1
feuer_kampfer,6,4,0.0,0.0,16.7,66.7,0.0,1
shermanator55,18,4.06,13.7,0.0,0.0,22.2,0.0,1
katfude,7,4.71,0.0,0.0,0.0,14.3,0.0,1
jiirt,7,4.29,0.0,0.0,0.0,28.6,0.0,1
epicyoshi64,5,9,0.0,0.0,40.0,0.0,0.0,1
t_dangles,7,9.14,0.0,0.0,0.0,28.6,0.0,1
markass,10,5.6,71.43,0.0,0.0,0.0,0.0,1
sasa__s,9,4,0.0,27.78,22.2,0.0,0.0,1
dubloh_,9,8.78,12.66,37.97,0.0,22.2,0.0,1
zypher42,7,5,57.14,0.0,0.0,28.6,0.0,1
silverpineguy,14,8.36,0.0,0.0,14.3,7.1,0.0,1
panlucifertheloser,10,9.5,0.0,0.0,0.0,100.0,0.0,1
mikahmario,11,6.27,0.0,14.49,0.0,9.1,0.0,1
godkingjason,5,6,0.0,0.0,0.0,40.0,0.0,1
hollipopbeebop,10,3.2,0.0,31.25,10.0,10.0,0.0,1
dinoddaygoatslayerxx1233,5,5.6,35.71,0.0,20.0,0.0,0.0,1
tvupbm,6,7.17,23.26,23.26,16.7,0.0,0.0,1
bnot1,8,6.12,0.0,0.0,0.0,12.5,0.0,1
pownathan77,5,6.8,29.41,0.0,20.0,0.0,0.0,1
xerea,5,5.4,0.0,0.0,0.0,0.0,0.0,1
doogsley,9,6.33,0.0,0.0,0.0,0.0,0.0,1
aranictom,27,1.81,20.41,0.0,0.0,0.0,100.0,1
little_tub,15,5.87,11.36,0.0,0.0,0.0,0.0,1
heklyn,5,3,0.0,0.0,0.0,20.0,0.0,1
lulandy7,6,1.5,0.0,0.0,0.0,50.0,100.0,1
psychodon525,9,6.11,36.36,0.0,22.2,0.0,0.0,1
zoforr,12,2.75,30.3,0.0,0.0,16.7,0.0,2
wyebn,5,3.8,0.0,0.0,0.0,20.0,100.0,1
polt01,5,3.8,0.0,0.0,0.0,0.0,100.0,1
esfandtv,7,3.29,43.48,0.0,0.0,0.0,100.0,2
nathrol,18,5.44,10.2,0.0,11.1,27.8,100.0,1
hcirs117,13,4.69,0.0,0.0,15.4,15.4,100.0,2
synec113,13,2.85,54.05,27.03,0.0,7.7,100.0,1
niraj756,15,8.47,7.87,0.0,6.7,6.7,0.0,1
purr1cane,32,3.41,18.35,18.35,9.4,9.4,100.0,1
dantheman0700,25,3.92,10.2,0.0,0.0,24.0,100.0,1
entjieman,8,3.62,0.0,0.0,12.5,0.0,100.0,1
redsnowtm,5,5,0.0,40.0,0.0,0.0,0.0,1
jayk4k,9,5.67,78.43,0.0,22.2,22.2,100.0,2
pabloescobar,46,5.17,21.01,0.0,8.7,6.5,0.0,1
tyrexx,11,2.91,93.75,0.0,9.1,9.1,100.0,2
maximque009,5,1.4,0.0,0.0,0.0,20.0,100.0,1
rwilson,19,4.21,12.5,0.0,5.3,0.0,0.0,1
velvettcrow,5,3.4,0.0,0.0,20.0,0.0,40.0,2
cortextify,8,7.5,16.67,0.0,0.0,0.0,0.0,1
billytahkid,6,8,0.0,0.0,16.7,0.0,0.0,1
onme,27,4.11,0.0,18.02,7.4,7.4,0.0,1
pmo83,65,6.8,20.36,2.26,20.0,3.1,100.0,1
game_of_skill,6,2.83,0.0,0.0,16.7,16.7,100.0,1
davatoluna,5,9.2,0.0,0.0,0.0,0.0,0.0,1
coleworld613,7,5.29,0.0,0.0,14.3,0.0,0.0,2
clouuudz,8,3.25,38.46,0.0,12.5,12.5,0.0,1
sndaunt,8,4.38,0.0,28.57,0.0,12.5,0.0,1
joshtvlive,9,4.78,0.0,23.26,0.0,11.1,100.0,1
elliotx,7,3.57,0.0,0.0,0.0,0.0,100.0,2
xceebsx,8,4.88,25.64,0.0,12.5,12.5,0.0,1
ffolderss,15,2.47,54.05,27.03,6.7,20.0,0.0,1
ghostcookies,5,9.2,0.0,0.0,20.0,0.0,0.0,2
androgodslay,90,4.91,15.84,4.52,11.1,2.2,96.7,3
hk47droidn,5,2.4,0.0,0.0,0.0,80.0,0.0,1
oeiae,11,2.18,83.33,0.0,0.0,0.0,100.0,1
praize,15,6.8,0.0,0.0,0.0,0.0,0.0,1
saskiaalice,22,8.45,16.13,5.38,13.6,0.0,100.0,1
duckfortheduck,6,4.33,0.0,0.0,0.0,16.7,100.0,1
fuze,9,2.78,40.0,0.0,11.1,22.2,0.0,1
qoalas,5,2.4,0.0,0.0,0.0,0.0,0.0,1
dylandvsn,6,3.33,100.0,50.0,16.7,33.3,100.0,3
fonz_,11,7.55,12.05,0.0,9.1,0.0,0.0,2
unic0d3,49,6.33,3.23,0.0,6.1,4.1,100.0,1
weebotome,5,4,0.0,50.0,20.0,0.0,100.0,1
jt404,7,5.14,0.0,0.0,0.0,14.3,100.0,1
rancidbong420,21,2.57,37.04,0.0,0.0,9.5,0.0,1
chentesalvador,9,4.78,0.0,0.0,44.4,22.2,0.0,1
timpslap,7,4,0.0,0.0,0.0,14.3,0.0,1
chillybeams,9,4.11,27.03,0.0,0.0,0.0,100.0,1
pingthedon,6,3.83,0.0,0.0,0.0,0.0,0.0,1
playrescue,5,5.2,0.0,0.0,20.0,0.0,100.0,1
i_rainman_i,10,4.8,20.83,0.0,10.0,0.0,0.0,1
xnekox_,12,0.58,0.0,0.0,0.0,0.0,0.0,1
turtulz_,5,2.6,0.0,0.0,0.0,40.0,0.0,1
tlek_cuff,19,0.05,0.0,0.0,0.0,0.0,0.0,1
ariesp,22,3,45.45,0.0,4.5,4.5,0.0,2
masercardxd,5,0.8,0.0,0.0,0.0,0.0,0.0,1
klacelot21,5,1.2,0.0,0.0,0.0,0.0,0.0,1
fred_birkhoff,16,5.25,35.71,35.71,12.5,0.0,100.0,2
d4nnyj,5,3,66.67,0.0,0.0,0.0,0.0,2
goldchain_ricker,28,0.11,0.0,0.0,0.0,0.0,0.0,1
rubidiam,8,0.12,0.0,0.0,0.0,0.0,0.0,1
ibgodly,5,11.6,51.72,0.0,0.0,20.0,0.0,1
frogster420,7,7,0.0,0.0,14.3,0.0,0.0,1
isrcxm,61,5.23,12.54,9.4,3.3,1.6,0.0,2
petchpks,6,0,0.0,0.0,0.0,0.0,0.0,1
chabakaew100,8,0.12,0.0,0.0,0.0,0.0,0.0,1
b_nz_n,8,10.25,12.2,12.2,25.0,0.0,100.0,1
tiewtass,7,1.29,0.0,0.0,0.0,0.0,0.0,1
theafroz,5,5,0.0,0.0,0.0,0.0,0.0,1
nonzyth,9,0.44,0.0,0.0,0.0,0.0,0.0,1
walruzplayz,14,2.93,0.0,0.0,0.0,7.1,0.0,1
eliwantsfood,5,6,0.0,0.0,0.0,20.0,0.0,1
fatearcherubw,7,3.71,38.46,0.0,28.6,28.6,0.0,1
i3lackmoresx,7,0.71,0.0,0.0,0.0,0.0,0.0,1
a13i,5,3,66.67,0.0,20.0,0.0,0.0,1
owenpower24,7,7.86,0.0,0.0,0.0,0.0,0.0,1
snottiezzz,7,0,0.0,0.0,14.3,0.0,0.0,1
octopusxthey,5,0,0.0,0.0,0.0,0.0,0.0,1
givemedatbuutyboi,28,6.36,44.94,5.62,35.7,0.0,0.0,1
junglestory_,10,0.7,142.86,0.0,0.0,0.0,0.0,1
disararachoun,5,0.2,0.0,0.0,0.0,0.0,0.0,1
wastefuladam,15,7.73,8.62,0.0,33.3,6.7,100.0,1
arbolest,5,9.8,40.82,0.0,0.0,0.0,0.0,1
vinl,6,4.5,37.04,0.0,16.7,0.0,0.0,1
webgems,12,5.42,0.0,0.0,0.0,33.3,100.0,2
aggresivelypassive,75,6.72,13.89,9.92,12.0,8.0,0.0,1
darkkisiel,8,3.12,0.0,0.0,12.5,25.0,0.0,1
anthraxcite,6,5.5,0.0,0.0,0.0,0.0,0.0,1
watislove,5,5.2,38.46,0.0,20.0,0.0,0.0,1
kaskamelapov,15,5.07,26.32,26.32,33.3,0.0,0.0,1
peanut_brother,10,5.4,37.04,0.0,20.0,0.0,0.0,1
r2d2jar,5,4,0.0,0.0,0.0,40.0,80.0,2
kaiquemec,11,2.73,133.33,0.0,18.2,27.3,0.0,1
maaxsaaa,5,5.2,38.46,0.0,0.0,0.0,100.0,1
i_am_supermannnnn,8,0.25,0.0,0.0,0.0,0.0,0.0,1
gho0s7,5,2.6,0.0,76.92,20.0,60.0,0.0,1
saltyinf4m0us,42,4.02,29.59,17.75,2.4,11.9,0.0,1
mixtoyzzz,5,3.6,0.0,55.56,40.0,20.0,0.0,1
domeflex,5,4.2,0.0,47.62,20.0,0.0,0.0,1
bootstraprage,6,6.5,0.0,25.64,16.7,16.7,0.0,1
fnc_liukang,8,7.88,15.87,15.87,12.5,12.5,0.0,1
zwippen,6,4.17,240.0,0.0,0.0,0.0,100.0,1
boussfps,14,4,71.43,0.0,14.3,7.1,0.0,1
saskiasaurus,23,6.39,13.61,0.0,13.0,0.0,100.0,1
matjo2200,17,3.18,37.04,18.52,0.0,5.9,0.0,1
final_xg,17,5.06,34.88,0.0,5.9,5.9,0.0,1
gunguns7,5,0.8,0.0,0.0,0.0,0.0,0.0,1
stoneburger93,7,4.43,32.26,64.52,0.0,0.0,0.0,1
cambiasso,13,4.69,32.79,16.39,7.7,7.7,0.0,1
rcaster,7,5.14,27.78,0.0,0.0,0.0,0.0,1
dblock79,6,5.67,0.0,0.0,0.0,0.0,100.0,1
taurul25,6,4.83,34.48,0.0,50.0,0.0,0.0,1
xkomplexx,6,8.17,0.0,0.0,0.0,0.0,0.0,1
sir_magnetron,9,3.89,28.57,0.0,11.1,0.0,100.0,1
s0naruga,5,1.2,0.0,0.0,0.0,60.0,100.0,1
jamma7ven,7,4.57,62.5,0.0,0.0,0.0,100.0,2
hellrocker,5,0,0.0,0.0,0.0,0.0,0.0,1
lojipop,5,1,0.0,0.0,0.0,60.0,0.0,1
gmbzavtra,10,3.9,25.64,0.0,20.0,0.0,0.0,1
takobzz,8,0.38,0.0,0.0,0.0,0.0,0.0,1
joeblow44444444,11,9.55,19.05,0.0,0.0,0.0,100.0,1
natalie_dormer,8,4.25,29.41,29.41,12.5,12.5,0.0,1
mollekake,6,4.33,0.0,0.0,0.0,16.7,100.0,1
nicholasxd,11,0,0.0,0.0,0.0,0.0,0.0,1
discabil,9,6.67,50.0,0.0,55.6,0.0,0.0,1
tkentakeshi,8,1.62,0.0,0.0,0.0,25.0,0.0,1
centurian44,5,4.6,0.0,0.0,0.0,40.0,0.0,1
grindertothemax,6,4.5,37.04,0.0,0.0,0.0,0.0,1
mubkuus,6,3.67,0.0,0.0,0.0,16.7,100.0,3
smkg0dzin,5,2.8,0.0,0.0,20.0,0.0,0.0,1
mrtnada,5,0,0.0,0.0,0.0,0.0,0.0,1
outlaw_87_v2,10,2.8,0.0,0.0,0.0,0.0,0.0,1
zombiepresident7,6,7.17,23.26,23.26,0.0,0.0,0.0,1
incogneeto12021,57,3.54,4.95,0.0,1.8,0.0,0.0,1
not_jomada,7,3.71,0.0,0.0,14.3,14.3,0.0,1
matheusmgfr,5,10.4,76.92,0.0,0.0,0.0,0.0,1
leonerxy,5,0,0.0,0.0,0.0,0.0,0.0,1
folerr,48,7.42,8.43,8.43,4.2,8.3,0.0,1
trophyfaker,7,7,0.0,0.0,42.9,14.3,0.0,1
ezioaleksa93,5,2.8,0.0,0.0,20.0,20.0,0.0,2
falentine_z,5,0.6,0.0,0.0,0.0,20.0,0.0,1
iamthewarrior7,6,4.67,0.0,0.0,0.0,16.7,0.0,1
iambpala,6,10.17,0.0,0.0,16.7,16.7,0.0,1
feelsparchedman,7,2.14,133.33,0.0,0.0,71.4,100.0,1
mekkiki,6,1.67,0.0,0.0,0.0,0.0,0.0,1
skizez,5,0.6,0.0,0.0,0.0,0.0,0.0,1
jaydslol,12,8.83,18.87,9.43,33.3,0.0,0.0,1
wc2maps,5,5.2,38.46,0.0,0.0,20.0,100.0,3
codib,19,8.11,0.0,0.0,15.8,0.0,0.0,1
myniknameis,14,0.5,0.0,0.0,7.1,0.0,0.0,1
ebeyn,7,2,0.0,0.0,0.0,28.6,0.0,1
hi_im_bozu,5,1,200.0,0.0,0.0,40.0,0.0,1
il_miet1tor3,6,2.33,0.0,0.0,16.7,0.0,0.0,1
nubelisk,6,5.33,31.25,0.0,16.7,0.0,100.0,1
pilot091286,7,3.71,38.46,0.0,0.0,0.0,100.0,2
lnldchris,5,4.6,43.48,0.0,20.0,0.0,0.0,1
na_best_player_from_eu,8,3.62,0.0,0.0,12.5,0.0,0.0,1
trvpmvp,9,6.33,35.09,17.54,0.0,11.1,0.0,1
kruegerjohann1201,6,7.5,22.22,0.0,33.3,0.0,0.0,1
angrydragon22,55,2.31,7.87,7.87,0.0,5.5,0.0,1
courierhusky,6,0.17,0.0,0.0,0.0,0.0,0.0,1
emil1738,5,4.8,0.0,0.0,40.0,0.0,0.0,1
whitewatcher01,6,4.5,0.0,37.04,33.3,0.0,100.0,2
faux,8,5.88,0.0,0.0,0.0,0.0,0.0,1
idefiezz,6,4.17,0.0,0.0,0.0,0.0,66.7,2
nichimizazvan,10,3.2,0.0,0.0,0.0,0.0,0.0,1
fortniteforlife1250,11,2.09,86.96,0.0,9.1,45.5,0.0,1
itslikesummer,5,0.4,0.0,0.0,0.0,0.0,0.0,1
exzklip,6,8.17,0.0,0.0,33.3,0.0,0.0,1
exzmob,12,11.33,0.0,0.0,8.3,0.0,0.0,1
hellsinferno322,5,1.6,0.0,0.0,0.0,0.0,0.0,1
blulio,5,8.4,23.81,0.0,0.0,20.0,0.0,1
patienceo,7,4.57,0.0,31.25,0.0,14.3,100.0,1
fsvp1997,10,3.7,27.03,0.0,20.0,0.0,0.0,1
mjatx74,44,6.52,17.42,0.0,6.8,0.0,100.0,1
bocconcino13,17,4.12,42.86,0.0,17.6,5.9,100.0,1
jonasssh,5,3.4,58.82,0.0,0.0,0.0,0.0,1
ulusunkurt,6,2.33,0.0,0.0,0.0,16.7,0.0,1
67scout,14,7.79,0.0,9.17,0.0,0.0,100.0,1
keeface,6,9.5,35.09,0.0,50.0,0.0,0.0,1
magsterdk,14,6,11.9,0.0,0.0,7.1,100.0,1
alexmmdj,5,3,0.0,133.33,60.0,0.0,0.0,1
likemycutese,7,8,0.0,0.0,0.0,0.0,0.0,1
sahand__12,9,4.11,0.0,27.03,11.1,0.0,0.0,1
skierholmes,8,6.62,18.87,18.87,0.0,0.0,100.0,1
guywholikespie,5,3.2,0.0,0.0,0.0,0.0,0.0,1
sukiiii,7,4.14,34.48,34.48,42.9,0.0,100.0,1
likeyouknow,7,3.29,0.0,0.0,0.0,14.3,0.0,1
glenster5,5,7.4,27.03,0.0,20.0,0.0,0.0,1
lazyman24,54,4.94,22.47,0.0,11.1,14.8,0.0,1
yuomi,49,5.82,10.53,3.51,10.2,16.3,0.0,1
cell_on,14,4.93,0.0,0.0,14.3,7.1,0.0,1
wysd,20,4.5,44.44,0.0,10.0,5.0,0.0,1
devin021202,12,2.17,0.0,38.46,0.0,41.7,0.0,1
theshyguy_876,6,1,0.0,0.0,0.0,33.3,100.0,1
termoy123,8,2.62,47.62,0.0,12.5,0.0,100.0,1
yunghades8,5,52,0.0,0.0,0.0,0.0,0.0,1
supernam96,87,7.63,4.52,4.52,6.9,10.3,0.0,1
hypnotisiert,25,3.88,41.24,20.62,12.0,12.0,0.0,1
coldsouthpole,12,0.5,0.0,0.0,58.3,0.0,0.0,1
thezorth,6,2.5,0.0,0.0,0.0,16.7,0.0,1
tremorog,6,2.17,0.0,0.0,16.7,0.0,0.0,1
afness_,9,3.33,0.0,33.33,0.0,11.1,0.0,1
texas_paul_aka_ctp,5,6.4,0.0,0.0,20.0,0.0,100.0,1
sammuel_arantes,7,3.14,0.0,45.45,0.0,28.6,0.0,1
whodu,5,12.2,16.39,16.39,0.0,0.0,100.0,1
macdoogle,5,4.4,0.0,0.0,0.0,20.0,0.0,1
thedomo314,5,8,0.0,0.0,20.0,40.0,0.0,1
ezborisee,5,10.6,18.87,0.0,0.0,40.0,100.0,1
knoxxvillain,5,3.2,0.0,0.0,20.0,0.0,0.0,1
noobggwwpp,15,1.13,0.0,0.0,13.3,53.3,0.0,1
dhlul,6,1.17,142.86,0.0,0.0,16.7,100.0,2
thetauanbr,22,3.27,13.89,27.78,13.6,4.5,0.0,1
beingsoweakthatemoteshurt,12,2.17,38.46,0.0,0.0,16.7,91.7,4
tinaqt,7,5.71,0.0,0.0,0.0,57.1,0.0,1
assaub,17,2.24,26.32,52.63,0.0,23.5,0.0,1
sedifon,5,5.2,0.0,0.0,0.0,0.0,0.0,1
kunanaki,5,4.2,47.62,0.0,20.0,0.0,0.0,1
savayne,19,2.74,38.46,0.0,0.0,47.4,100.0,2
kyiiu,7,3.86,0.0,0.0,0.0,28.6,0.0,1
monster98x,7,1,0.0,0.0,0.0,0.0,0.0,1
kagutsuchiii,9,1.67,0.0,0.0,0.0,33.3,100.0,1
kevin9488,5,3.8,157.89,0.0,20.0,0.0,100.0,1
djminnsr,5,0,0.0,0.0,0.0,0.0,100.0,1
onggoloy,5,4.2,47.62,0.0,20.0,0.0,0.0,1
aeijivicious,11,0.18,0.0,0.0,0.0,0.0,0.0,1
akinos1437,5,0.2,0.0,0.0,0.0,0.0,0.0,1
taeisbad,6,16,0.0,0.0,0.0,16.7,50.0,2
furryinahurryjr,16,2.56,24.39,0.0,18.8,18.8,100.0,1
9masslive,6,0.17,0.0,0.0,0.0,0.0,100.0,1
forestbe,5,0,0.0,0.0,0.0,0.0,100.0,1
fuzzy_lives,8,16.5,7.58,0.0,12.5,0.0,100.0,1
ur_daddy_ajm,5,1.2,0.0,0.0,0.0,40.0,100.0,1
mr_coq,7,5.43,105.26,0.0,0.0,0.0,100.0,1
therealshookon3,59,3.36,0.0,0.0,3.4,0.0,96.6,3
nytt,13,28.54,0.0,0.0,0.0,0.0,100.0,1
mattmanlive,16,2.25,27.78,0.0,6.2,31.2,100.0,2
withthefanz,6,25.83,0.0,0.0,0.0,0.0,100.0,1
blazyfire089,7,0.57,0.0,0.0,14.3,42.9,100.0,1
ocean808,5,1.4,142.86,0.0,0.0,60.0,100.0,2
lbadguyl,14,5.29,13.51,0.0,0.0,7.1,100.0,2
unslaught89,7,2.57,111.11,0.0,14.3,14.3,100.0,2
cinnabarcorp,6,14.33,0.0,0.0,0.0,0.0,100.0,1
five_one_four,8,1,0.0,0.0,0.0,0.0,100.0,1
foedari,8,1.75,71.43,0.0,0.0,0.0,100.0,1
billbob,16,5.88,10.64,0.0,25.0,25.0,87.5,2
zilla89,6,0.17,0.0,0.0,0.0,0.0,100.0,1
kagam1ii,5,0.8,0.0,0.0,0.0,20.0,100.0,1
jeeesba,7,2.14,0.0,0.0,0.0,57.1,100.0,1
caiuxa190,7,3.29,0.0,0.0,0.0,71.4,100.0,1
stolesomelemons,16,2.44,0.0,25.64,0.0,37.5,100.0,1
treehunter_,9,3.11,0.0,0.0,0.0,55.6,88.9,3
sagiroth,16,1.88,0.0,0.0,6.2,68.8,100.0,1
leacher,9,4,55.56,27.78,0.0,33.3,100.0,1
hashtagnotmybattlefield,13,1.38,0.0,0.0,0.0,23.1,100.0,1
marisa1a_,8,2,62.5,0.0,0.0,0.0,0.0,1
xlsilentwolflx,5,4,150.0,0.0,0.0,0.0,100.0,1
ravenhoney,15,4.33,61.54,0.0,0.0,0.0,100.0,1
leizi1,12,1.33,0.0,0.0,0.0,41.7,100.0,1
malik_,5,10.8,0.0,18.52,0.0,40.0,0.0,1
racervx54,5,2.8,71.43,0.0,0.0,20.0,0.0,1
owlona,16,1.81,0.0,0.0,0.0,56.2,100.0,1
nongchop_cattrainer,5,0,0.0,0.0,0.0,0.0,100.0,1
rayelrik,13,1.77,0.0,43.48,0.0,53.8,100.0,1
renardmcnuage,11,5,18.18,18.18,9.1,18.2,100.0,1
tinysausage,6,5.17,32.26,0.0,16.7,0.0,100.0,1
komigenpontus,7,2.57,0.0,0.0,14.3,0.0,100.0,1
skibb_jr160,5,3.4,176.47,0.0,0.0,0.0,0.0,1
mrwoods123,10,4.7,42.55,0.0,0.0,0.0,0.0,1
kittens1236,33,3.85,23.62,15.75,9.1,3.0,0.0,1
acronym_lul,37,2.81,0.0,0.0,0.0,24.3,100.0,1
nite_dasher,23,2.39,18.18,18.18,0.0,0.0,0.0,1
omglolwetf,15,1.87,0.0,0.0,0.0,60.0,100.0,1
finskapojken,14,1.29,55.56,0.0,0.0,14.3,100.0,2
ck_coc,16,4.12,60.61,15.15,0.0,0.0,0.0,1
sir_isaac_newton,6,1.17,0.0,0.0,0.0,0.0,100.0,1
ix_hercules_ix,5,1.8,0.0,0.0,20.0,20.0,100.0,1
aikobliss,10,1.8,0.0,0.0,0.0,20.0,100.0,1
oonicka,8,4.75,78.95,0.0,0.0,0.0,0.0,1
lakesis,5,7.8,0.0,0.0,80.0,0.0,100.0,2
tasgg,7,3.14,45.45,0.0,0.0,0.0,100.0,2
pr0d420,8,1,0.0,0.0,0.0,62.5,100.0,1
molamora,5,0,0.0,0.0,0.0,0.0,100.0,1
dimitriwastaken,6,1.5,0.0,111.11,0.0,33.3,100.0,1
jonantoine,5,1.2,0.0,0.0,0.0,60.0,80.0,2
erixp,5,1.6,0.0,0.0,0.0,60.0,100.0,2
royalzy,5,0.6,0.0,0.0,40.0,40.0,100.0,1
pharenn,9,1.78,0.0,0.0,0.0,55.6,100.0,1
package900,6,7.33,0.0,0.0,0.0,16.7,0.0,1
funkyjumpymonkey,9,6.89,0.0,16.13,11.1,0.0,0.0,1
victimised,5,3,133.33,133.33,20.0,0.0,0.0,1
oaktosleep,5,0,0.0,0.0,0.0,0.0,100.0,1
james1sup,9,4.11,54.05,0.0,0.0,22.2,0.0,1
ilumie,5,2,0.0,0.0,0.0,40.0,100.0,2
mitekyson,7,2.29,62.5,0.0,0.0,57.1,100.0,1
ganjazulul,9,4.11,54.05,0.0,0.0,44.4,100.0,2
itsbacon,6,3.17,0.0,0.0,0.0,50.0,0.0,1
swagzillionaire,5,5.4,0.0,37.04,0.0,0.0,0.0,1
qqbre,6,3.67,0.0,0.0,0.0,0.0,100.0,4
bakerrboi,8,3.5,35.71,0.0,0.0,50.0,100.0,1
laika_666,8,4.5,83.33,0.0,0.0,0.0,0.0,1
whiskybreakfast,5,1.8,0.0,0.0,0.0,40.0,100.0,1
merelith,7,1.57,0.0,0.0,0.0,28.6,100.0,1
artibeer,5,2.4,83.33,0.0,0.0,0.0,0.0,1
powerfulrh,5,2.6,0.0,0.0,0.0,20.0,100.0,1
hustler794,5,2,0.0,0.0,0.0,20.0,0.0,1
dropparn,5,2.8,0.0,0.0,0.0,20.0,100.0,1
xzenith15,5,7.8,51.28,25.64,0.0,20.0,100.0,1
trahalshik1039,6,2.17,0.0,0.0,16.7,16.7,0.0,1
velocikappa,13,2.46,31.25,0.0,0.0,7.7,100.0,3
tma_tem,5,3.2,0.0,0.0,0.0,40.0,100.0,2
imteilo,34,3.29,8.93,17.86,14.7,0.0,100.0,3
monkey_ape_chlmpanzee,5,19.6,0.0,0.0,20.0,80.0,100.0,2
inkkis_,5,1.4,0.0,0.0,0.0,80.0,80.0,2
mamadrida,40,2.02,0.0,0.0,2.5,25.0,100.0,1
philter,27,6.63,16.76,11.17,11.1,11.1,0.0,2
mrgoatsy,5,2,0.0,100.0,40.0,20.0,0.0,1
michuri4,6,4.17,0.0,0.0,0.0,0.0,100.0,1
zdorovich,7,4,0.0,0.0,0.0,14.3,100.0,1
maslorojiy,15,0.8,0.0,0.0,6.7,33.3,100.0,1
skylandsky,10,1.6,0.0,0.0,0.0,50.0,100.0,1
coldreaverx,10,0.4,0.0,0.0,0.0,10.0,100.0,1
loldajoe,10,4.2,0.0,23.81,0.0,30.0,0.0,1
pfare,5,2.2,0.0,0.0,0.0,0.0,100.0,1
dragonation,5,3.4,0.0,0.0,0.0,0.0,100.0,2
nedonebo69,6,0.17,0.0,0.0,16.7,0.0,0.0,1
bonargh,10,4.8,62.5,20.83,10.0,10.0,100.0,1
t0bi4ka,6,1.17,0.0,0.0,0.0,66.7,100.0,1
mouziua,6,1.17,0.0,0.0,33.3,16.7,100.0,1
outrower2,5,3.4,58.82,0.0,0.0,0.0,100.0,2
pomg,5,2.4,0.0,0.0,0.0,20.0,0.0,1
kaneldabulle,8,4.88,25.64,0.0,12.5,0.0,100.0,1
chris_i_think,25,4.76,0.0,16.81,0.0,0.0,100.0,1
sestun87,6,4.67,0.0,0.0,0.0,0.0,83.3,2
marmat41,6,3,55.56,0.0,0.0,66.7,100.0,1
lightbombs,7,1.71,0.0,0.0,14.3,14.3,100.0,1
akabayz,5,13.6,0.0,0.0,0.0,0.0,0.0,1
xeby_,5,5.6,0.0,0.0,60.0,0.0,100.0,1
mattlef,5,5,40.0,0.0,0.0,0.0,100.0,1
malosii,22,3.73,0.0,24.39,0.0,22.7,0.0,1
vermillion14517,11,4,0.0,0.0,9.1,0.0,0.0,1
ohad_the_coffee_guy,5,9.8,20.41,20.41,40.0,0.0,100.0,1
christashish,9,7.33,30.3,15.15,0.0,0.0,0.0,1
zokay7,44,4.41,41.24,10.31,4.5,11.4,0.0,1
midnightherald,23,10.7,28.46,16.26,0.0,0.0,0.0,1
msjaggy,8,5.88,0.0,21.28,0.0,0.0,0.0,1
daddycuppcake,21,7.67,6.21,0.0,4.8,9.5,0.0,1
leetaeryeo,6,11.33,14.71,14.71,0.0,33.3,0.0,1
cupcakeb0t,69,17.43,9.14,0.0,1.4,0.0,0.0,1
iizmaniakillzii,20,7.65,19.61,13.07,5.0,0.0,0.0,1
baran1k,8,13.75,9.09,0.0,12.5,0.0,0.0,1
tinkertaylor42,5,6.8,0.0,29.41,0.0,0.0,0.0,1
anarchyace91,7,8.57,33.33,0.0,14.3,0.0,0.0,1
varienaa,6,4,0.0,41.67,0.0,0.0,0.0,1
sakenna,5,5.2,38.46,0.0,0.0,0.0,0.0,1
fadedlite,6,3,55.56,0.0,16.7,0.0,0.0,1
d0rzan1,37,5.11,15.87,0.0,0.0,0.0,0.0,1
christinagiggles23,6,4.33,0.0,0.0,0.0,0.0,0.0,1
eeveeashe,5,3.6,0.0,0.0,40.0,0.0,0.0,1
kenhamef,7,3.43,41.67,0.0,0.0,42.9,0.0,1
endorexpress,5,2.2,90.91,0.0,0.0,60.0,80.0,2
julixx37,19,5.21,0.0,10.1,21.1,0.0,0.0,1
lunabug,6,6.17,0.0,0.0,16.7,0.0,0.0,1
stormlovet,12,5.67,14.71,0.0,16.7,8.3,0.0,1
ritz1906,9,8.89,12.5,0.0,0.0,0.0,0.0,1
jocelynbee,7,5.29,54.05,0.0,0.0,14.3,0.0,1
regnillord,23,7.7,5.65,5.65,4.3,0.0,0.0,1
domesticuz,18,20,0.0,0.0,0.0,0.0,0.0,1
goat12619,68,4.71,28.12,6.25,2.9,73.5,0.0,1
foureyedraven,13,9.54,24.19,8.06,23.1,0.0,0.0,1
lanoom1,6,4,41.67,0.0,0.0,0.0,0.0,1
loungetiger,9,4.44,0.0,0.0,0.0,11.1,100.0,1
rob_vegas,20,5.75,17.39,0.0,5.0,30.0,100.0,1
knaxxion,13,5.69,0.0,13.51,7.7,7.7,92.3,2
smokebender,21,2.57,74.07,0.0,0.0,14.3,100.0,1
kingeelbee,5,0.8,0.0,0.0,20.0,20.0,100.0,2
gaeaca,48,4.67,26.79,0.0,0.0,6.2,100.0,1
anxietyridden,9,1.56,0.0,0.0,11.1,33.3,100.0,1
yojimbot_,7,14.71,9.71,0.0,0.0,0.0,100.0,1
walrosswalross,8,3,0.0,41.67,0.0,0.0,0.0,1
serenityvalley84,6,3.33,100.0,0.0,0.0,0.0,100.0,1
wilder1251,6,4.67,71.43,0.0,0.0,0.0,100.0,1
baeofthedead,10,5.6,0.0,0.0,0.0,0.0,0.0,1
thais_drean,18,4.06,13.7,13.7,5.6,5.6,100.0,1
redmanscott,22,3.73,36.59,0.0,9.1,0.0,100.0,1
henshinasset,6,5.5,30.3,30.3,33.3,0.0,100.0,1
silver_kitsune1,10,3.4,29.41,0.0,0.0,40.0,100.0,1
drunkensteak,5,1.4,0.0,0.0,0.0,60.0,40.0,2
headhonchkr0w,6,7.17,0.0,23.26,16.7,16.7,83.3,2
syro_stark,7,3,47.62,0.0,0.0,14.3,100.0,1
terrancepryor,5,1.4,285.71,0.0,0.0,20.0,100.0,1
zooker73,7,8.86,16.13,16.13,14.3,0.0,100.0,1
64accaount,7,0.71,0.0,0.0,0.0,0.0,85.7,2
fretnoize,16,3.94,31.75,15.87,12.5,6.2,100.0,1
nurhil,8,2.88,0.0,0.0,12.5,0.0,100.0,1
unholyknight21,27,4.63,56.0,0.0,3.7,3.7,100.0,1
kfjoser,20,3.35,29.85,0.0,0.0,10.0,100.0,1
dreija,9,5.44,0.0,0.0,0.0,0.0,0.0,1
hawkrmb3619,5,1.6,0.0,0.0,0.0,0.0,100.0,1
yeoldebatmans,5,2.4,83.33,0.0,0.0,40.0,100.0,1
deltapt_,5,1.8,0.0,0.0,0.0,40.0,40.0,2
mewkow,5,5.2,0.0,0.0,20.0,0.0,100.0,1
enlothien,9,8.44,0.0,26.32,0.0,11.1,100.0,1
xolarix,5,5.8,0.0,0.0,0.0,0.0,0.0,1
based_frosty,5,6.4,0.0,0.0,20.0,0.0,0.0,1
supasnowflake,12,3.17,26.32,0.0,0.0,25.0,91.7,2
vashnl,10,3.2,125.0,0.0,10.0,40.0,100.0,1
reepalot4,9,4,0.0,0.0,0.0,0.0,100.0,1
graphitehelix,6,3.83,43.48,0.0,0.0,33.3,100.0,1
r3trace,6,3.5,0.0,47.62,0.0,66.7,0.0,1
thenerdyduck,8,2.75,0.0,0.0,0.0,25.0,100.0,1
itspandarr,11,4.64,0.0,0.0,0.0,27.3,100.0,1
ffixmaster,10,7.2,0.0,0.0,10.0,10.0,100.0,1
coltonloveshoustonastros,19,4.32,12.2,0.0,0.0,42.1,100.0,1
froggobun,6,3.17,52.63,0.0,0.0,0.0,0.0,1
rustyred,5,6.8,29.41,29.41,0.0,0.0,0.0,1
roh__,6,8.33,20.0,20.0,33.3,0.0,100.0,1
pokemonrocksfm,12,4.75,35.09,0.0,0.0,25.0,100.0,1
estejor,14,3.43,0.0,0.0,7.1,0.0,100.0,1
osmoosis,14,4.71,45.45,0.0,7.1,7.1,100.0,1
donutlookmeup,5,4.2,47.62,0.0,0.0,60.0,100.0,1
reldaw,9,4,0.0,27.78,11.1,33.3,100.0,1
fegs252,6,1.83,0.0,0.0,0.0,0.0,100.0,1
jpistole,24,2.71,61.54,0.0,0.0,4.2,100.0,1
beekeeper1854,6,1.67,100.0,0.0,0.0,66.7,100.0,1
ww04,5,1,0.0,0.0,60.0,0.0,100.0,1
jenbelowzero,14,2.64,0.0,0.0,7.1,0.0,100.0,1
ladykakyuu,7,3.43,0.0,0.0,14.3,57.1,100.0,1
kajkadge,15,4.2,15.87,0.0,13.3,0.0,0.0,1
yt_mattthegamer,24,2.92,0.0,14.29,12.5,29.2,100.0,1
soja48,10,1.7,176.47,0.0,0.0,50.0,100.0,1
megaloblazemon,9,3.11,71.43,0.0,0.0,44.4,100.0,1
misterowl_,6,2.17,0.0,0.0,0.0,0.0,100.0,1
parjai,7,2.57,55.56,0.0,0.0,0.0,100.0,1
saucy_peanuts,5,18.6,10.75,32.26,0.0,0.0,100.0,1
pcgamer,8,6.5,19.23,0.0,0.0,0.0,100.0,1
julezm,18,9.72,17.14,28.57,5.6,0.0,100.0,1
xoxomollyxoxo,5,1.6,0.0,0.0,0.0,40.0,100.0,1
quasi79fu,6,1.17,142.86,0.0,0.0,66.7,100.0,1
acebythebay,6,3.33,0.0,0.0,0.0,0.0,16.7,2
davvvv,5,1,0.0,0.0,0.0,0.0,100.0,1
blackbird00889,5,1.4,0.0,0.0,0.0,0.0,100.0,1
mycellium,7,1,0.0,0.0,0.0,85.7,100.0,1
jcwall,6,1.5,222.22,0.0,0.0,0.0,100.0,1
kerosiinikommari,6,1.83,0.0,0.0,0.0,50.0,100.0,1
unknowntochaos,6,1,0.0,0.0,0.0,0.0,100.0,1
therealfonz94,5,5,0.0,0.0,0.0,0.0,100.0,1
cybearian,16,7.38,8.47,8.47,12.5,0.0,100.0,1
brilliantdamage,5,1,400.0,0.0,0.0,0.0,100.0,1
sarahtheviewer,7,4.29,0.0,0.0,28.6,14.3,100.0,1
badpooh,7,0.43,0.0,0.0,0.0,0.0,0.0,1
h_meatball57,5,1.6,125.0,0.0,0.0,0.0,100.0,1
couchwarrior3000,6,4.83,0.0,0.0,0.0,0.0,100.0,1
zen_blade,7,2,0.0,0.0,0.0,0.0,100.0,1
hellsdivax,14,7.07,0.0,0.0,0.0,7.1,100.0,1
player178,9,8.89,0.0,0.0,11.1,22.2,100.0,2
timderland,14,0.21,0.0,0.0,14.3,0.0,100.0,1
polyakesh,5,0.8,0.0,0.0,20.0,20.0,0.0,1
dylzez,5,2.2,0.0,0.0,0.0,0.0,0.0,1
chefmakes,11,1.55,117.65,0.0,0.0,18.2,100.0,1
panzerg2,15,9,14.81,14.81,40.0,6.7,100.0,1
adawne29,6,5,66.67,0.0,0.0,33.3,100.0,1
piligy,12,7.17,0.0,0.0,16.7,8.3,100.0,1
anticoffeebeans,14,3.43,0.0,20.83,0.0,57.1,100.0,1
deejbruce,7,18,0.0,15.87,0.0,0.0,100.0,1
beetlejuice59_,5,3,0.0,0.0,40.0,0.0,100.0,1
laitsuz,7,1.14,0.0,0.0,0.0,42.9,100.0,1
armandcami987,5,1,200.0,0.0,0.0,0.0,100.0,1
bunnygguk,22,12.36,7.35,3.68,4.5,4.5,0.0,1
viostormcaller,5,7.6,0.0,0.0,0.0,0.0,100.0,1
heyyimkatee,11,4.27,63.83,21.28,0.0,0.0,0.0,1
lum1natrix,6,4.67,35.71,0.0,0.0,0.0,100.0,1
shaunamariexoxo,7,3.29,43.48,0.0,14.3,14.3,100.0,1
hokagebebop,12,4.33,0.0,0.0,0.0,0.0,100.0,1
bangbang2991,11,5.91,0.0,0.0,9.1,27.3,100.0,2
sntryturret,10,14.7,6.8,6.8,20.0,0.0,100.0,1
malablue,5,4.8,0.0,0.0,0.0,0.0,0.0,1
kyuuipenguin,5,2.6,0.0,0.0,20.0,20.0,100.0,1
laruecrown,5,7.4,81.08,0.0,0.0,0.0,100.0,1
septicwhovian97,5,2,0.0,0.0,40.0,0.0,100.0,1
keen456,5,7.4,0.0,27.03,20.0,0.0,100.0,1
truthiness,6,12.5,13.33,13.33,16.7,0.0,100.0,1
realmwalker88,7,1.86,0.0,0.0,0.0,0.0,100.0,1
gx1101,18,5.89,56.6,0.0,0.0,0.0,0.0,1
mike_litoris_poggers,8,2.38,0.0,0.0,0.0,25.0,100.0,1
evangelinep,11,4.55,60.0,0.0,0.0,18.2,0.0,1
septicdragongirl,9,6,37.04,0.0,33.3,11.1,100.0,1
aprilsweet4,8,3.38,148.15,0.0,12.5,0.0,100.0,1
spacejellybeans,6,5.17,0.0,32.26,0.0,0.0,100.0,1
septichearteyes,13,5.77,53.33,0.0,0.0,7.7,100.0,1
vestown,12,4.92,16.95,0.0,0.0,8.3,100.0,1
brightlord_apollo,9,11.56,19.23,38.46,0.0,0.0,100.0,1
turel2,5,6.2,0.0,0.0,0.0,0.0,100.0,1
cutecattygirl,5,3,66.67,0.0,60.0,0.0,0.0,1
paraprophet,7,4.57,0.0,31.25,0.0,0.0,0.0,1
sat_,9,16,20.83,41.67,0.0,0.0,100.0,1
masaxrli,10,2.9,0.0,68.97,20.0,10.0,0.0,1
rainekitty,5,6,0.0,0.0,40.0,0.0,0.0,1
solonofathens,13,3.69,20.83,20.83,0.0,7.7,0.0,1
thebigez13,19,5,21.05,0.0,0.0,0.0,0.0,2
sithkira,9,6.11,36.36,0.0,11.1,11.1,0.0,1
smilingdays2015,8,4.38,85.71,28.57,25.0,12.5,100.0,1
kridii,5,1.4,142.86,0.0,0.0,60.0,100.0,1
wickd,6,3.33,0.0,0.0,0.0,0.0,100.0,1
angelpharah,5,6.6,0.0,0.0,0.0,0.0,0.0,1
rhase,10,9.8,20.41,10.2,10.0,0.0,0.0,1
iamarok,5,2.8,0.0,0.0,0.0,0.0,100.0,1
septicdevotee,12,5.25,0.0,0.0,0.0,33.3,100.0,1
lyrelia,13,4.15,18.52,0.0,23.1,15.4,100.0,1
smavtwi,8,5.12,0.0,48.78,0.0,50.0,0.0,1
greenserene,14,6.29,0.0,45.45,7.1,21.4,0.0,1
amandalovesyouu,9,10,11.11,0.0,22.2,0.0,0.0,1
lobo_fiel,5,4.4,45.45,0.0,0.0,0.0,0.0,1
elliesblossoms,8,5.75,21.74,21.74,0.0,0.0,0.0,1
khaosadamm,11,21.82,0.0,0.0,0.0,0.0,100.0,1
kaylaaak,5,4.6,43.48,0.0,0.0,0.0,0.0,1
kate492,11,3.91,0.0,0.0,0.0,0.0,0.0,1
ohgeeitsjen,12,4.92,33.9,0.0,8.3,0.0,0.0,1
ltro123,9,5.11,43.48,21.74,0.0,0.0,0.0,1
atashe94,5,5.2,38.46,0.0,0.0,0.0,0.0,1
monalisajones,15,3.6,55.56,0.0,13.3,0.0,0.0,1
moncq,8,10.12,0.0,12.35,0.0,12.5,100.0,1
emilykamikaze,7,3,0.0,0.0,0.0,14.3,100.0,1
minimouskawitz,16,4.19,29.85,14.93,0.0,12.5,0.0,1
selina79,5,6.6,0.0,30.3,20.0,20.0,0.0,1
twistedaydreams,18,4.17,0.0,0.0,0.0,22.2,100.0,3
geeko88,5,4.8,0.0,41.67,0.0,20.0,0.0,1
briangramer5,5,7.6,0.0,0.0,20.0,20.0,100.0,1
cryssiecarver,8,5.62,66.67,44.44,0.0,12.5,0.0,1
julierebecca,5,1.6,0.0,0.0,0.0,40.0,0.0,1
exoticblast586,7,6.86,0.0,0.0,0.0,0.0,0.0,1
susirosa,5,3.2,0.0,0.0,20.0,0.0,0.0,1
joybeth,5,9.8,0.0,20.41,0.0,0.0,0.0,1
laterlindsay,8,6.38,19.61,0.0,37.5,0.0,0.0,1
hernameispekka,5,4.8,83.33,0.0,0.0,0.0,0.0,1
alexisrae06,5,5,0.0,40.0,0.0,0.0,0.0,1
oliviaxa,5,1.6,125.0,0.0,0.0,0.0,100.0,1
azarel00,7,3.29,0.0,130.43,0.0,0.0,100.0,1
lightsaberr2,10,2.1,0.0,47.62,0.0,0.0,0.0,1
mrcamilla,8,7,17.86,53.57,12.5,0.0,100.0,2
janna1995c,5,1.8,0.0,0.0,0.0,0.0,0.0,1
ancephalopod,5,6.6,0.0,0.0,0.0,20.0,0.0,1
lxmmy,5,2.2,0.0,90.91,0.0,60.0,100.0,2
sweetestcreeper,5,11,72.73,0.0,0.0,0.0,100.0,1
puppetbrody,5,3.2,0.0,0.0,0.0,20.0,100.0,1
alanaisapenguin,7,3,0.0,0.0,0.0,14.3,100.0,3
pikelul,8,2,62.5,0.0,0.0,50.0,100.0,1
joshyj,8,3.88,0.0,0.0,0.0,37.5,100.0,1
imkevin117,18,10.33,59.14,5.38,11.1,0.0,0.0,1
kobazco,5,3,0.0,0.0,0.0,60.0,0.0,1
alexreecake,5,1.4,0.0,0.0,0.0,20.0,0.0,1
igotulikeboss,7,2.14,66.67,0.0,14.3,42.9,0.0,1
dragothedrag0n,5,5.8,0.0,0.0,0.0,0.0,100.0,1
slime_,32,8.91,73.68,49.12,3.1,56.2,0.0,1
fallen_ace,6,0.83,200.0,0.0,0.0,50.0,100.0,2
woojin45,5,5.2,38.46,0.0,60.0,0.0,0.0,1
renlyy_,10,3,66.67,0.0,0.0,10.0,0.0,1
friedqtip,6,5.5,30.3,30.3,16.7,50.0,0.0,1
ast3risky,13,4.15,0.0,0.0,0.0,23.1,0.0,1
salieriow,9,6.44,17.24,34.48,0.0,0.0,0.0,1
trainwreckstv,7,9.57,0.0,0.0,0.0,14.3,71.4,3
keralaa,8,4.12,60.61,0.0,0.0,0.0,0.0,1
afro_sauce,18,6.22,116.07,8.93,0.0,50.0,0.0,1
shizblacka,13,3.46,22.22,0.0,0.0,0.0,0.0,1
slannen,8,6.88,18.18,0.0,12.5,25.0,0.0,1
iamcornerscout,6,5.5,30.3,0.0,0.0,50.0,0.0,1
barriletemagico,6,1.33,0.0,0.0,0.0,33.3,100.0,2
stephenn82,8,5.88,42.55,0.0,12.5,0.0,100.0,1
splitscream1,8,6,0.0,0.0,12.5,37.5,0.0,1
moozow,8,5.12,24.39,0.0,12.5,37.5,0.0,1
noodles_jr,7,5,57.14,0.0,14.3,28.6,0.0,1
ax3l001,9,2,0.0,0.0,0.0,44.4,0.0,1
tgsnakemd,10,4.9,20.41,0.0,0.0,20.0,0.0,1
grommen1,6,3.83,43.48,0.0,50.0,0.0,100.0,2
uncheckedreign,8,2.12,0.0,0.0,0.0,25.0,0.0,1
mrwolfw00dver2,8,13.5,18.52,0.0,0.0,12.5,0.0,1
goldfish6f0,6,4.17,40.0,0.0,0.0,33.3,100.0,1
zelderfreak,6,2.5,0.0,0.0,0.0,16.7,0.0,1
couchdad,8,3.5,0.0,35.71,0.0,25.0,100.0,1
xepyal,7,1.14,0.0,0.0,0.0,28.6,0.0,1
afterforever21,6,6,55.56,0.0,0.0,100.0,0.0,1
slyrocker,8,2.62,0.0,0.0,12.5,62.5,0.0,1
timmytooshoes,28,5.79,6.17,0.0,0.0,21.4,0.0,1
xtiffi,7,3.14,45.45,0.0,0.0,0.0,100.0,1
pruelegend,13,7.23,85.11,0.0,0.0,53.8,0.0,1
havik_gaming,5,2.6,76.92,0.0,0.0,40.0,0.0,1
ellie1126,5,18,0.0,0.0,0.0,20.0,0.0,1
sevified,9,5.89,0.0,0.0,0.0,11.1,0.0,1
otakuofotakus,5,1.2,500.0,0.0,0.0,0.0,0.0,1
ohgodafish,5,1,0.0,0.0,0.0,40.0,0.0,1
nheat,5,1.2,0.0,0.0,0.0,60.0,0.0,1
zombs,5,1.4,0.0,142.86,0.0,0.0,0.0,1
pasteldragons5,8,2.38,0.0,0.0,12.5,62.5,100.0,2
thatdrtomguy,5,2.4,0.0,0.0,0.0,20.0,0.0,1
mathindowski,5,2,0.0,0.0,20.0,40.0,100.0,3
xxjesusninjaxx,12,4.25,0.0,0.0,0.0,33.3,0.0,1
squidakill,9,3.22,0.0,0.0,11.1,33.3,0.0,1
fedeguitar,6,1.83,90.91,0.0,0.0,33.3,0.0,1
dgevan,5,1.6,0.0,0.0,0.0,80.0,0.0,1
blazeflareon,5,15,0.0,0.0,0.0,60.0,0.0,1
mrbillybobross,6,1,0.0,0.0,0.0,0.0,0.0,1
dangerteenager,5,5,40.0,0.0,0.0,0.0,0.0,1
jaredneuman1,9,1.56,0.0,0.0,0.0,22.2,0.0,1
patrick__starz,8,1.75,71.43,71.43,0.0,62.5,0.0,1
twinkling82,6,3.67,0.0,0.0,0.0,0.0,0.0,1
mia_khalifa11,6,1.17,0.0,0.0,0.0,16.7,0.0,1
dreamweaver1984,9,1.56,142.86,0.0,0.0,33.3,0.0,1
thtwerewolfguy,6,2,83.33,0.0,0.0,0.0,0.0,1
a__teammate,5,4,0.0,0.0,20.0,80.0,40.0,3
tjt811,8,4.88,25.64,0.0,12.5,0.0,87.5,6
kiddspaded,5,2.8,71.43,0.0,0.0,20.0,0.0,1
slanginbrickss,6,1.33,0.0,0.0,0.0,66.7,100.0,1
omartheomap,5,6.6,30.3,0.0,40.0,0.0,0.0,1
assblood73,9,2.11,157.89,0.0,0.0,77.8,100.0,2
ohmy_dawg,16,2.75,22.73,0.0,0.0,12.5,100.0,1
santirack,5,3.8,0.0,0.0,0.0,60.0,0.0,1
thebestcrayon55,5,6.4,0.0,0.0,0.0,40.0,100.0,1
puffinsmoke,15,2,0.0,0.0,0.0,53.3,100.0,1
papamarls,5,2.6,0.0,0.0,0.0,20.0,0.0,1
jevfs,22,8.41,0.0,10.81,0.0,50.0,100.0,1
gregsfanisdan,5,1,0.0,0.0,20.0,20.0,100.0,1
remixedgod,6,1,0.0,0.0,0.0,0.0,0.0,1
iclapasscheeks,10,37.6,0.0,0.0,30.0,10.0,100.0,2
theshow162,13,3.15,0.0,0.0,0.0,15.4,0.0,1
trihar_d,5,5.4,0.0,0.0,0.0,20.0,100.0,2
rich_the_itch,11,3.09,29.41,0.0,0.0,45.5,100.0,1
nemesis9250,7,2,71.43,0.0,0.0,71.4,100.0,1
bamsi,5,4.6,0.0,0.0,20.0,40.0,100.0,2
kevy6,5,1.6,0.0,0.0,0.0,20.0,100.0,1
troolz,5,3.8,0.0,0.0,0.0,80.0,100.0,1
gstarrrz,9,2,0.0,0.0,0.0,66.7,100.0,1
zatanxxx,6,1.67,0.0,0.0,0.0,16.7,100.0,1
gtjimmyy,11,3,30.3,30.3,0.0,0.0,100.0,1
andrewcool54,8,9,0.0,0.0,0.0,0.0,100.0,1
jakedalton10,46,3.41,12.74,0.0,0.0,2.2,100.0,1
ivandelao14,6,7.17,0.0,0.0,16.7,0.0,100.0,1
adrian7473737,7,4.86,0.0,0.0,14.3,0.0,100.0,1
salmontes1021,27,10.15,3.65,0.0,0.0,3.7,100.0,1
rachedzahi,5,4,150.0,0.0,0.0,80.0,100.0,1
lunnytunez,5,14.4,13.89,27.78,20.0,0.0,100.0,1
dinero69,6,1.83,0.0,0.0,0.0,50.0,100.0,1
jrgp,6,3.33,50.0,50.0,0.0,83.3,100.0,2
joshrulestheworld,5,2.2,90.91,0.0,0.0,80.0,100.0,1
briantwitch,16,2.12,0.0,0.0,0.0,12.5,100.0,2
slobbindiddle,11,2.73,33.33,0.0,0.0,9.1,100.0,1
zandrewstudioz,9,3.67,60.61,0.0,0.0,55.6,100.0,2
chuey1,5,11.6,0.0,0.0,0.0,0.0,100.0,1
electi0n,5,1.4,0.0,0.0,0.0,0.0,100.0,1
dnyb,9,1,0.0,0.0,33.3,22.2,100.0,2
fgz_ryderz,5,27,0.0,0.0,0.0,0.0,0.0,1
toxicm1,5,1,0.0,0.0,0.0,40.0,100.0,1
gamingreddragon,7,4,35.71,35.71,0.0,0.0,100.0,2
eff2ctv,8,6,41.67,0.0,0.0,0.0,100.0,1
tigger104b,13,4.23,36.36,0.0,7.7,7.7,100.0,1
dutchsinseofficialwa,21,6,0.0,0.0,14.3,9.5,100.0,1
panunulolwu,16,4.25,29.41,14.71,25.0,6.2,100.0,1
cryptoquadrillionairend,21,8.57,16.67,0.0,14.3,0.0,100.0,1
cloudyk1ttenxu,18,4.06,27.4,13.7,5.6,11.1,100.0,1
crestbearo,17,4.82,24.39,12.2,17.6,0.0,100.0,1
rifftraxjz,14,5,28.57,14.29,14.3,7.1,100.0,1
inconagt,20,3.85,25.97,0.0,10.0,5.0,100.0,1
bstaaard0,11,5.64,16.13,0.0,0.0,0.0,100.0,1
pwnstarzdotcomzk,16,9.75,0.0,0.0,37.5,0.0,100.0,1
angrytestiewi,15,5.73,11.63,0.0,13.3,6.7,100.0,1
brelovix,8,3.62,34.48,0.0,0.0,25.0,100.0,2
donutoperatorm,18,4,27.78,0.0,5.6,11.1,100.0,1
tinkus8000,14,6.5,21.98,21.98,21.4,7.1,100.0,1
notsilverdragon504,12,6.33,0.0,0.0,0.0,16.7,0.0,1
fernanfloonj,15,8.93,0.0,0.0,0.0,0.0,100.0,1
drakhoh,6,3.33,0.0,0.0,0.0,16.7,100.0,1
haamden,5,5,0.0,0.0,0.0,60.0,100.0,3
momanusht,24,9.54,61.14,0.0,4.2,0.0,100.0,1
smellygoatz,5,2.6,0.0,76.92,0.0,20.0,20.0,2
huahedat,14,5,42.86,14.29,14.3,0.0,100.0,1
brzozaj,15,9,0.0,7.41,6.7,6.7,100.0,1
trikslyrus,19,5.89,17.86,8.93,5.3,0.0,100.0,1
juankorea89,19,11.11,14.22,0.0,10.5,5.3,100.0,1
harleyjlott,10,2.8,35.71,0.0,0.0,0.0,100.0,1
svorass,8,6.88,18.18,0.0,37.5,12.5,100.0,1
oralcumshotstrihard,8,3.12,0.0,0.0,12.5,50.0,100.0,3
cabled2g,17,4.35,40.54,0.0,5.9,11.8,100.0,1
majid_crusher,8,7.12,0.0,0.0,0.0,12.5,100.0,2
damn_burr,5,2.8,0.0,0.0,0.0,0.0,100.0,1
ingwall,7,1.57,90.91,0.0,14.3,42.9,85.7,2
krinxshowu,15,9.47,7.04,0.0,6.7,13.3,100.0,1
malevolgi4v,16,4.19,29.85,0.0,18.8,0.0,100.0,1
gord_the_rogue,7,4,0.0,0.0,0.0,14.3,100.0,1
nanovoxel,53,6.53,23.12,2.89,9.4,0.0,100.0,1
honkeedoodle,5,7.6,0.0,0.0,0.0,80.0,100.0,1
krishnakush,15,4.07,0.0,0.0,6.7,0.0,100.0,1
thesrm,6,3.5,0.0,0.0,0.0,16.7,100.0,1
fishing_24_7,34,4.03,14.6,0.0,5.9,8.8,100.0,1
htownjoker,8,5.12,24.39,0.0,0.0,0.0,100.0,2
munkeymon,31,6.77,9.52,0.0,22.6,0.0,100.0,1
a1s4aaron_,7,3.71,0.0,0.0,0.0,0.0,0.0,1
morjumba,5,6.8,0.0,0.0,0.0,20.0,100.0,1
nakoini,12,3.08,0.0,27.03,0.0,16.7,100.0,1
tvfilthygoat,37,4.41,6.13,18.4,10.8,18.9,100.0,1
brycart97,32,2.72,22.99,11.49,0.0,21.9,100.0,1
witherjockey,22,2.86,0.0,0.0,0.0,31.8,100.0,1
ammomamo,19,5.58,0.0,9.43,5.3,31.6,100.0,1
stringstreamm,7,3,95.24,0.0,14.3,0.0,100.0,1
wattehm,34,3.29,17.86,8.93,2.9,5.9,100.0,2
sausagel0rd,8,2.75,0.0,0.0,0.0,12.5,100.0,1
oneglitchedlife,23,2.35,0.0,0.0,0.0,65.2,100.0,1
jellomammoth,13,5.23,0.0,0.0,7.7,38.5,100.0,1
fissionrl,5,2.8,0.0,0.0,0.0,60.0,100.0,1
slammysquidz,22,5.86,7.75,7.75,0.0,54.5,100.0,1
willhtx,8,3.25,0.0,0.0,0.0,0.0,0.0,1
skittles3d90,14,4.86,58.82,14.71,7.1,35.7,100.0,1
nintendude280197,5,2.8,0.0,0.0,0.0,0.0,100.0,1
innvain,9,4.33,25.64,25.64,0.0,22.2,100.0,1
queenoflighting,6,4,0.0,41.67,0.0,33.3,100.0,1
jerry10manas,13,6.92,11.11,11.11,0.0,7.7,100.0,1
xd1996,20,4.55,21.98,32.97,0.0,5.0,100.0,1
limealiciousni,15,10,6.67,0.0,6.7,6.7,100.0,1
jetpak,15,6.27,31.91,0.0,0.0,13.3,100.0,1
rupchurch2119,22,24.64,40.59,0.0,0.0,18.2,100.0,1
didi10001,5,3.8,0.0,0.0,20.0,40.0,100.0,1
kleanaw,15,8.13,0.0,0.0,20.0,13.3,100.0,1
luminouslunari,5,5,0.0,0.0,0.0,20.0,100.0,1
psychium,13,5.92,12.99,0.0,0.0,0.0,100.0,1
machowalrus32,8,5.12,73.17,24.39,0.0,25.0,100.0,2
the_potato_aimer,15,6.33,21.05,10.53,40.0,6.7,100.0,1
adnaphsaka,6,3.17,0.0,52.63,0.0,33.3,100.0,1
shooopdafloop,12,15,0.0,0.0,0.0,33.3,100.0,1
lvl11miltank,20,5.25,19.05,9.52,5.0,10.0,100.0,2
tmazetv,12,1.67,0.0,0.0,0.0,33.3,100.0,1
unjustwins,5,1.2,0.0,0.0,0.0,60.0,100.0,1
hakixxx,7,3.29,43.48,43.48,0.0,14.3,100.0,1
nz_cch_male,34,10.62,16.62,0.0,8.8,14.7,100.0,1
tronixify,20,3.5,14.29,0.0,0.0,15.0,100.0,1
lakeem1990,7,6.57,0.0,0.0,0.0,14.3,100.0,1
ruhsul,6,0.67,250.0,0.0,0.0,16.7,100.0,1
thelovelyconch,7,1.57,0.0,0.0,0.0,42.9,28.6,2
nickalisjones,5,1,0.0,0.0,0.0,20.0,100.0,1
rafalive,17,2.71,21.74,0.0,0.0,29.4,100.0,1
dbuckets9,21,2.9,16.39,0.0,0.0,28.6,100.0,1
babyriots,12,3.42,48.78,0.0,8.3,0.0,100.0,1
zorofanboy101,22,8.68,0.0,47.12,0.0,4.5,100.0,1
subbegger,33,48.39,0.0,0.63,0.0,12.1,100.0,1
mr_sperm2012,7,4.43,0.0,32.26,28.6,28.6,100.0,1
escanor_sin_of_pride,16,1.75,107.14,0.0,0.0,6.2,100.0,1
dawnofachicken,13,1.54,100.0,50.0,7.7,30.8,100.0,1
scottybonthemic,7,3.71,0.0,0.0,0.0,57.1,100.0,1
nahtivgb,5,2.4,0.0,0.0,20.0,0.0,0.0,1
steelematic,8,3.62,0.0,0.0,12.5,87.5,100.0,1
legendarystat,15,3,0.0,0.0,0.0,53.3,100.0,1
ceejay_14,6,7.67,43.48,0.0,16.7,0.0,100.0,1
rawsonrobb,8,5.25,0.0,0.0,25.0,0.0,100.0,1
stoic_swordsman,9,3.67,0.0,0.0,0.0,0.0,100.0,1
daboigyro,17,6,0.0,39.22,0.0,5.9,100.0,1
llgcl,16,5.5,45.45,11.36,0.0,0.0,100.0,1
paragohn,14,2.29,31.25,0.0,0.0,50.0,92.9,2
c0ckwrestler,6,3,0.0,55.56,0.0,33.3,100.0,1
liquidhateh20,13,5.31,0.0,14.49,15.4,15.4,100.0,1
fabsxc,9,2.67,0.0,0.0,11.1,0.0,100.0,1
loki_from_zozo,9,8.89,37.5,25.0,22.2,0.0,100.0,1
helaling,7,6.57,0.0,21.74,28.6,0.0,100.0,1
bloodprince1369,10,5.2,0.0,19.23,0.0,10.0,100.0,1
rariramaz,21,2.95,0.0,0.0,9.5,42.9,100.0,1
snapplepants,19,4.95,0.0,0.0,0.0,36.8,100.0,2
akabanedh,6,0,0.0,0.0,0.0,0.0,100.0,1
birdgod5,18,4.72,11.76,35.29,5.6,11.1,100.0,1
krypton580,18,8.72,25.48,25.48,5.6,0.0,100.0,1
nicholas0104,5,1.6,0.0,0.0,0.0,80.0,100.0,1
ravenex2,9,5.44,61.22,0.0,11.1,11.1,100.0,1
captsavehoe,8,3.5,0.0,0.0,0.0,12.5,100.0,1
presidentkanyewest2024,8,2.5,50.0,0.0,0.0,25.0,100.0,1
bambamyong,7,2.43,117.65,0.0,0.0,0.0,100.0,1
dangmanx,11,5.64,0.0,16.13,0.0,0.0,100.0,1
lord_zaru,6,2.33,71.43,0.0,0.0,0.0,100.0,1
mwhite809,5,7.2,0.0,0.0,0.0,0.0,100.0,1
stupitobandito,5,2.6,0.0,0.0,0.0,0.0,100.0,1
ruip26,10,1.8,0.0,0.0,0.0,0.0,100.0,1
sriram0,6,4.83,0.0,0.0,0.0,0.0,100.0,1
theblindliquor,44,5.09,0.0,0.0,0.0,0.0,100.0,1
realbassik,18,7.83,7.09,0.0,11.1,0.0,100.0,2
dragondhitman,5,4.2,47.62,47.62,0.0,0.0,100.0,1
mattdluffy1110,5,1.8,0.0,0.0,0.0,60.0,0.0,1
dindull,5,6.4,0.0,0.0,20.0,20.0,0.0,1
jmm_tv,23,5.96,21.9,0.0,8.7,39.1,100.0,1
grimmreaper727,21,6.24,22.9,45.8,0.0,0.0,100.0,1
fourswissrollsnothingmore,12,2.5,0.0,0.0,16.7,41.7,100.0,1
yanimal_13,7,1.57,272.73,0.0,28.6,0.0,100.0,1
justhere4kicks,5,4.4,0.0,0.0,40.0,20.0,100.0,1
shiftteam107,5,7.6,26.32,0.0,40.0,0.0,100.0,1
esfandbot,6,22.33,22.39,0.0,50.0,0.0,100.0,1
the_1000_follow_challenge,9,3.67,0.0,30.3,22.2,22.2,100.0,2
opcrysallday,8,1.5,0.0,0.0,0.0,87.5,100.0,3
bigquadssmallchest,6,2,0.0,0.0,0.0,16.7,0.0,1
impaulsiveness,5,5.8,0.0,0.0,0.0,0.0,0.0,1
giornosolos,9,2.78,40.0,0.0,11.1,88.9,100.0,1
reedyroos,6,4.5,0.0,37.04,0.0,33.3,100.0,1
incinerateanthem,5,5,80.0,0.0,0.0,20.0,100.0,1
schaerthedank,6,4.17,0.0,0.0,0.0,0.0,100.0,1
sheep1n,5,1.2,0.0,0.0,0.0,40.0,100.0,2
tkbbq,5,5.2,38.46,0.0,0.0,20.0,100.0,1
realdoodhours,8,2.75,90.91,0.0,0.0,25.0,100.0,2
ngmajora,6,2,0.0,0.0,0.0,50.0,100.0,1
omegafrolov,12,2.33,0.0,0.0,8.3,50.0,100.0,3
sr_wov,6,3.67,0.0,0.0,16.7,33.3,83.3,2
csblee,12,2.67,0.0,31.25,0.0,66.7,0.0,1
rarepotions,5,0.8,0.0,0.0,0.0,20.0,100.0,1
nolifeboiii,16,5.5,0.0,11.36,0.0,18.8,100.0,1
itzdanoob,6,8.33,0.0,20.0,0.0,0.0,100.0,1
perry8782,7,7.29,0.0,0.0,14.3,0.0,0.0,1
smokeyydbear,10,1.2,0.0,0.0,0.0,50.0,100.0,2
capt_quasar,6,5,0.0,0.0,33.3,0.0,100.0,2
thesisz,5,1.8,111.11,0.0,0.0,0.0,100.0,1
theliquidactor,7,1.29,0.0,0.0,0.0,14.3,100.0,1
mingkop,5,1.8,0.0,0.0,0.0,20.0,100.0,3
technotechie,5,4.6,0.0,0.0,0.0,20.0,100.0,1
primid,5,14,14.29,0.0,0.0,0.0,0.0,1
profanegaming,6,6.33,26.32,26.32,0.0,0.0,100.0,1
sslime__,33,6.48,18.69,4.67,9.1,0.0,0.0,2
knightlyemerald,10,5.1,0.0,19.61,0.0,20.0,100.0,1
dark_pact,9,4.33,102.56,0.0,0.0,0.0,0.0,1
roseblack86,5,2.4,0.0,0.0,0.0,20.0,100.0,1
rkdprice,7,5.29,27.03,0.0,14.3,14.3,0.0,1
stickylicky,9,2.11,0.0,0.0,0.0,11.1,0.0,1
s_i_d_,7,9.29,0.0,15.38,0.0,0.0,0.0,1
ohnova_,9,4.22,0.0,0.0,11.1,0.0,0.0,1
roger_thicket,6,13.67,12.2,12.2,50.0,0.0,100.0,1
doolygrace,5,5.8,68.97,0.0,0.0,0.0,0.0,1
thedondi,12,7.17,11.63,0.0,16.7,0.0,0.0,1
magicmidget333,5,4,0.0,50.0,20.0,20.0,100.0,1
woundedj3sus,7,62.71,0.0,0.0,0.0,85.7,100.0,1
spamchop,13,32.69,2.35,0.0,0.0,53.8,100.0,1
dirtyxvialz,17,9.35,25.16,12.58,0.0,0.0,0.0,1
chocochair,15,3.33,40.0,0.0,0.0,20.0,100.0,2
not_even_epic,6,2,0.0,0.0,0.0,16.7,0.0,1
krovvy,16,3.06,40.82,0.0,0.0,25.0,100.0,2
davidtriune1,11,4.09,66.67,0.0,9.1,0.0,100.0,2
lionmachine,8,6.38,19.61,0.0,12.5,12.5,100.0,2
divided_imperium,8,4.25,29.41,0.0,0.0,37.5,100.0,2
gnarcotictop,5,11,0.0,0.0,0.0,40.0,100.0,1
jdiola23,6,3.17,52.63,0.0,0.0,16.7,100.0,3
goodlooty,7,5.71,75.0,0.0,0.0,42.9,0.0,1
awescar,5,1.4,0.0,0.0,0.0,20.0,100.0,2
xjoster,12,3.5,23.81,0.0,0.0,16.7,100.0,2
akared,16,9.44,39.74,0.0,37.5,0.0,100.0,2
willb33l,5,2.2,0.0,0.0,0.0,20.0,0.0,1
southkoreanfrodo,19,4.89,43.01,0.0,0.0,21.1,100.0,2
jewbacca37,9,15.67,0.0,0.0,22.2,0.0,0.0,1
afuzzyporo_,8,2.88,0.0,0.0,0.0,25.0,100.0,2
panda_is_here_,15,3.13,42.55,0.0,13.3,0.0,100.0,1
twvoidz,7,2.57,111.11,0.0,0.0,14.3,57.1,3
dotaforprez,7,3,47.62,0.0,28.6,0.0,100.0,1
jewder,5,3.6,0.0,0.0,0.0,0.0,100.0,1
caspergaming2,10,1.5,133.33,0.0,0.0,0.0,100.0,1
scrappycoco0125,67,6.78,6.61,4.41,9.0,35.8,100.0,1
aiogy,79,7.16,22.97,0.0,3.8,57.0,100.0,1
pdq20,6,4.33,0.0,0.0,16.7,0.0,100.0,1
garbagemanz,10,7.8,0.0,0.0,0.0,0.0,0.0,1
alytoreee,6,4.17,0.0,0.0,16.7,0.0,100.0,1
tvtobo,5,1,0.0,0.0,20.0,20.0,100.0,1
atisutobot,74,24.39,1.11,0.55,6.8,1.4,100.0,1
yugo42,35,2.91,39.22,29.41,11.4,25.7,100.0,2
yellowbe2003,10,1.5,66.67,0.0,0.0,0.0,100.0,1
thunderwavex,11,3,30.3,0.0,0.0,27.3,9.1,2
calnus01,30,2.23,59.7,0.0,3.3,66.7,100.0,1
flabbergast,34,2.18,40.54,27.03,5.9,76.5,100.0,1
monkeybeasts,7,1.71,0.0,0.0,0.0,14.3,100.0,1
adds157,6,3.83,0.0,43.48,0.0,0.0,100.0,1
lordtuck85,19,3.05,34.48,51.72,0.0,0.0,100.0,1
kojhi,5,1.4,0.0,0.0,0.0,0.0,100.0,1
jaredseg,9,3,0.0,0.0,0.0,22.2,100.0,1
alphaqandrew,16,3.69,33.9,0.0,6.2,43.8,100.0,1
yeojiajun,5,4,0.0,0.0,20.0,0.0,100.0,1
jogabogi,22,5.14,35.4,0.0,13.6,0.0,100.0,1
pvt_davids,7,3.29,43.48,0.0,0.0,14.3,100.0,1
yagaa69,7,3.57,0.0,0.0,0.0,28.6,100.0,1
bionicbz,5,2.8,0.0,0.0,0.0,0.0,100.0,1
kushwafflez,9,5.11,0.0,0.0,0.0,0.0,100.0,1
bubbalu99,8,3.75,33.33,0.0,12.5,0.0,100.0,1
stephawa,7,4.14,0.0,0.0,0.0,0.0,100.0,1
fooodles,23,8,10.87,5.43,4.3,4.3,100.0,1
drraccoon,29,4.59,60.15,0.0,0.0,41.4,100.0,2
blueeyes0405,15,5.6,23.81,11.9,0.0,0.0,100.0,1
skippywhip,13,3.62,0.0,0.0,7.7,46.2,100.0,1
mcmaxfreak,5,2.6,0.0,0.0,0.0,0.0,100.0,1
munchiiees,5,2.4,83.33,0.0,0.0,20.0,100.0,1
moonlight_117,5,3.8,0.0,0.0,0.0,0.0,100.0,1
wtfman102,16,5.31,47.06,11.76,0.0,6.2,0.0,1
alenakape,9,5.44,40.82,20.41,0.0,0.0,100.0,1
itsdgitallegacy,8,2.75,0.0,0.0,0.0,0.0,100.0,1
jointedapollo,11,8.27,10.99,0.0,0.0,0.0,100.0,1
plead,5,7.8,0.0,0.0,0.0,0.0,60.0,3
puffpuffkeep,6,2.17,0.0,0.0,0.0,50.0,100.0,1
its_tevuh,17,7.59,15.5,31.01,5.9,11.8,0.0,1
nemobla,7,6.71,0.0,0.0,0.0,28.6,100.0,1
andrewla11,59,5.02,10.14,10.14,6.8,5.1,0.0,1
abscott88,5,11.6,34.48,0.0,0.0,0.0,0.0,1
dilly_dipster,7,3.86,111.11,185.19,0.0,0.0,100.0,1
lll_dot_lll,15,3.8,35.09,0.0,6.7,6.7,0.0,1
mirelam,10,3.3,30.3,0.0,0.0,10.0,0.0,1
notcheeky,14,4.36,0.0,16.39,7.1,21.4,0.0,1
agent4hire42,32,7.94,39.37,3.94,3.1,0.0,0.0,1
barbkingbarry,71,21.3,0.0,0.0,16.9,1.4,0.0,1
daddyequinox,25,3.08,25.97,12.99,0.0,0.0,100.0,1
baker_gus,12,2.92,28.57,0.0,8.3,25.0,0.0,1
dislodgedfir853,18,7.67,36.23,0.0,22.2,0.0,0.0,1
ki21978,6,8.67,38.46,0.0,0.0,0.0,0.0,1
sammechi,12,7.58,0.0,10.99,33.3,75.0,100.0,1
frohzti,5,4.6,86.96,0.0,0.0,0.0,0.0,1
spacebabetay,65,2.88,10.7,5.35,6.2,64.6,100.0,1
braidertom,6,10.5,0.0,15.87,0.0,0.0,100.0,1
dondottapo,8,4.5,0.0,0.0,0.0,12.5,0.0,1
rippinhv,84,3.35,14.23,3.56,6.0,45.2,100.0,1
bioshocked,50,9.56,23.01,0.0,22.0,0.0,0.0,1
lordthiberussolar,8,7.12,35.09,17.54,0.0,37.5,100.0,1
cejays,8,11.5,43.48,0.0,12.5,0.0,0.0,1
bradfor925,46,3.07,0.0,7.09,8.7,50.0,100.0,1
doritoschip,6,9.5,35.09,0.0,16.7,0.0,100.0,2
markod17,17,4.59,38.46,0.0,11.8,11.8,100.0,1
timmtvz,13,6.46,23.81,35.71,15.4,7.7,0.0,1
pinkdeath92,12,4.67,17.86,17.86,0.0,33.3,100.0,1
chricky,11,10.09,9.01,9.01,54.5,0.0,0.0,1
aroletti,6,1.67,0.0,0.0,0.0,33.3,100.0,1
lncognitus,12,8.5,49.02,9.8,8.3,0.0,0.0,1
knocking,10,7.1,14.08,0.0,0.0,10.0,0.0,1
cabriisun,14,3.71,0.0,0.0,0.0,57.1,100.0,1
strawberryj1nx,10,2.5,80.0,0.0,20.0,50.0,100.0,1
capstarjake,23,4.83,0.0,0.0,0.0,52.2,100.0,1
youzzi97,5,2.6,0.0,0.0,0.0,20.0,100.0,1
quietstrong,5,2.2,0.0,0.0,20.0,0.0,100.0,1
isaiahvelado,5,2.2,90.91,0.0,20.0,0.0,100.0,1
420godsilver,6,4.5,111.11,0.0,0.0,0.0,0.0,1
thereald0naldtrump420,6,10,0.0,0.0,33.3,0.0,100.0,2
taxist050,6,0.17,0.0,0.0,0.0,0.0,100.0,1
kamilo_vanbiuren38,8,1.75,0.0,0.0,0.0,12.5,100.0,1
lukesnow,6,2.67,0.0,0.0,0.0,50.0,100.0,1
thathippybb,7,1.57,0.0,0.0,0.0,0.0,100.0,1
ekerr321,6,5.83,0.0,0.0,16.7,0.0,0.0,1
azeazer,5,4,100.0,0.0,0.0,0.0,100.0,1
etheriousd69,9,5.22,0.0,0.0,44.4,66.7,100.0,1
06jlom,5,0.8,0.0,0.0,40.0,20.0,100.0,1
thenicenoah,39,1.44,0.0,0.0,0.0,2.6,100.0,1
owninyanubzyt,7,2,0.0,71.43,0.0,0.0,100.0,1
twitchfoxtrout,12,4.92,16.95,372.88,0.0,41.7,100.0,1
tizzyp,14,8.43,50.85,0.0,28.6,0.0,0.0,1
mustafa8,8,3.62,0.0,0.0,0.0,12.5,100.0,1
chiefbuddington,6,9.5,35.09,0.0,16.7,0.0,0.0,1
mental_fusion,5,4,50.0,0.0,20.0,20.0,0.0,1
almightypuh,6,1.83,0.0,0.0,0.0,0.0,0.0,1
hqnchoo,7,5.57,0.0,0.0,0.0,0.0,0.0,1
tom_king_,7,7.29,0.0,0.0,42.9,0.0,0.0,1
sailorsirena,7,2.29,0.0,0.0,0.0,42.9,0.0,1
saocyn,17,8.35,0.0,0.0,11.8,23.5,0.0,1
awesomeadamtv,9,15.33,14.49,7.25,11.1,0.0,0.0,1
nu_eto_ban,8,1.75,0.0,0.0,12.5,0.0,100.0,1
v0sss1,9,24.33,0.0,0.0,0.0,55.6,88.9,2
rockonbourne,5,3.6,166.67,0.0,0.0,0.0,100.0,1
rpzo,6,3,0.0,0.0,0.0,0.0,0.0,1
skidster_,7,3,142.86,0.0,0.0,0.0,0.0,1
coronared,6,2.5,0.0,0.0,0.0,0.0,0.0,1
hhaides,6,5,33.33,0.0,0.0,0.0,0.0,1
kinggeorgetv,8,6.75,74.07,37.04,0.0,0.0,0.0,1
matzerium,17,11.35,5.18,0.0,29.4,0.0,0.0,1
mistarecruittv,10,7,28.57,0.0,0.0,30.0,0.0,1
xkhaliiiiil,5,5,0.0,0.0,0.0,0.0,0.0,1
chris_c987,5,10.6,0.0,0.0,60.0,0.0,0.0,1
akninja9007,5,9,0.0,0.0,0.0,0.0,0.0,1
mickletsburnthisplace,5,7.4,27.03,0.0,40.0,0.0,100.0,1
a_z_nevercared,47,4.26,35.0,15.0,6.4,4.3,0.0,1
sliami,49,4.51,4.52,13.57,2.0,14.3,0.0,1
rollergator,7,4,35.71,35.71,0.0,14.3,0.0,1
jason_bergeron,45,4.4,10.1,10.1,4.4,2.2,0.0,1
hypahhaip,5,16.6,0.0,24.1,20.0,0.0,0.0,1
arescuetoaster,36,7,11.9,3.97,19.4,0.0,0.0,1
naychdc,6,3,0.0,55.56,0.0,16.7,0.0,1
riffw_santos,13,3.54,21.74,0.0,23.1,7.7,0.0,2
superunknown94,5,4,50.0,100.0,0.0,0.0,0.0,1
k3n_hd,6,1.83,181.82,0.0,16.7,33.3,0.0,1
greypower,52,7.08,5.43,8.15,5.8,0.0,0.0,1
carpola,5,1.8,333.33,0.0,0.0,0.0,0.0,1
poeticdiscord,9,14.56,0.0,22.9,11.1,0.0,0.0,1
abeneezer,12,3.5,47.62,0.0,8.3,0.0,0.0,1
rifftrax,12,2.33,35.71,0.0,0.0,8.3,0.0,1
soaringtrumpet,9,1.33,0.0,0.0,0.0,33.3,0.0,1
griffo_au,5,5.6,0.0,0.0,0.0,20.0,100.0,1
kumk_naja,5,0,0.0,0.0,0.0,0.0,100.0,1
cuppachino,9,7.33,0.0,0.0,44.4,0.0,0.0,1
aloah313,10,6.9,0.0,0.0,0.0,10.0,0.0,1
phreaksly,8,5.88,0.0,0.0,0.0,0.0,100.0,2
pajamagraham,12,5.5,0.0,0.0,25.0,16.7,0.0,1
chopperlm,7,7.43,0.0,0.0,14.3,14.3,0.0,1
emperorbush_22,10,6.7,14.93,0.0,20.0,0.0,0.0,1
xpratz,6,5.67,29.41,0.0,0.0,0.0,0.0,1
apples_papples,11,6.27,0.0,0.0,18.2,36.4,0.0,1
haovi,20,5.95,42.02,8.4,10.0,0.0,0.0,1
squeakymoths,16,8.69,7.19,0.0,18.8,12.5,0.0,1
tonytonytony,12,3.5,0.0,0.0,0.0,25.0,100.0,1
pulsedmalone,34,4.65,18.99,6.33,2.9,2.9,0.0,1
fictitious_pulp,7,8.57,0.0,16.67,14.3,0.0,0.0,1
shardz_tv,24,5.04,33.06,0.0,4.2,12.5,0.0,1
jeff_cyka,18,4.67,0.0,11.9,0.0,11.1,0.0,1
maddyelizabeth,11,5.27,34.48,0.0,9.1,0.0,0.0,1
yilansaban,6,2.33,0.0,0.0,0.0,66.7,100.0,1
eplq1905,17,4.18,0.0,0.0,0.0,5.9,100.0,1
yt000fb,12,3.17,0.0,0.0,0.0,41.7,100.0,1
brisbylife,5,3.8,52.63,0.0,20.0,20.0,0.0,1
sequelttv,6,1.17,0.0,0.0,0.0,0.0,100.0,1
ytoros,14,5.29,0.0,0.0,0.0,14.3,100.0,1
walee,11,4.18,0.0,0.0,9.1,9.1,100.0,1
avamyz,9,4.56,0.0,0.0,0.0,22.2,100.0,1
onilavenza,7,8.86,16.13,0.0,0.0,0.0,100.0,1
rawkinit,5,4.2,95.24,0.0,0.0,0.0,100.0,1
discoverieslol,5,8,50.0,0.0,0.0,0.0,0.0,1
goodfoodandwine,5,2.4,83.33,0.0,0.0,0.0,100.0,1
psikologunuz,9,4,0.0,0.0,0.0,33.3,100.0,1
ysgraven,5,4.2,95.24,0.0,0.0,20.0,0.0,1
sanzabar,17,6.47,0.0,0.0,0.0,0.0,100.0,1
funnzbeckkk,10,2.9,0.0,0.0,0.0,0.0,100.0,1
arc_owl,12,3.42,0.0,0.0,0.0,25.0,100.0,1
nomoregamesforme,6,5.67,0.0,0.0,0.0,0.0,100.0,1
glandheadcity,9,4.33,25.64,0.0,0.0,0.0,100.0,2
olecram__,7,11.71,0.0,12.2,42.9,0.0,0.0,1
xdollchelsea,15,4.8,55.56,13.89,0.0,6.7,0.0,1
er00in,7,4.14,0.0,0.0,0.0,0.0,100.0,1
macleod34,7,4.71,0.0,0.0,28.6,28.6,0.0,1
furkainn,8,2.5,0.0,0.0,12.5,25.0,100.0,1
bellaattv,7,3.14,90.91,45.45,14.3,0.0,0.0,1
akua_yuki,9,4.67,0.0,0.0,11.1,22.2,0.0,1
pqueen92,8,6.62,0.0,0.0,0.0,0.0,100.0,1
persian_gaming_family,25,4.56,26.32,8.77,28.0,0.0,0.0,1
mrcarbonate,11,3.73,0.0,0.0,0.0,18.2,100.0,1
kalker12,7,3.57,0.0,0.0,0.0,14.3,100.0,1
thurdlyn,6,8.67,0.0,0.0,0.0,0.0,100.0,1
nlbaaa,8,3,0.0,0.0,0.0,0.0,100.0,1
rowrow_,5,4,0.0,0.0,20.0,0.0,0.0,1
texspc,8,3.12,80.0,0.0,0.0,0.0,0.0,1
prexy7,17,2.82,0.0,0.0,5.9,11.8,100.0,1
bio129,22,5.14,79.65,0.0,13.6,4.5,0.0,1
ohbot,6,4,0.0,0.0,0.0,0.0,0.0,1
skyline3,7,4,0.0,0.0,14.3,0.0,100.0,1
mertokaann,11,3.64,0.0,0.0,0.0,9.1,100.0,1
furkan_arslanagzi,5,3.8,0.0,0.0,0.0,0.0,100.0,1
alierenp,9,2,0.0,0.0,11.1,22.2,100.0,1
nuntarryasha,7,3,0.0,0.0,0.0,0.0,100.0,1
logan____,5,3,0.0,0.0,0.0,0.0,100.0,1
eternalstk,9,5.56,40.0,0.0,55.6,0.0,0.0,1
alteru,5,5.6,0.0,0.0,0.0,0.0,100.0,1
spoiled006,9,7.22,0.0,0.0,11.1,0.0,100.0,1
johnny_richer,6,2.33,71.43,0.0,16.7,0.0,100.0,2
jazof,5,4,0.0,0.0,20.0,60.0,100.0,1
xinfamouzkilla,5,7.2,27.78,27.78,20.0,0.0,0.0,1
duckvakk,8,4.38,0.0,0.0,12.5,0.0,100.0,1
skyfall_81,6,3.33,0.0,0.0,0.0,0.0,100.0,1
kawaiigamii,6,4.5,37.04,0.0,16.7,0.0,0.0,1
godfathernebo,7,9.29,0.0,15.38,14.3,0.0,0.0,1
kuiblayshn,7,3.71,0.0,0.0,0.0,71.4,100.0,1
jrokej,5,0.8,0.0,0.0,0.0,0.0,100.0,1
mariotr,6,10.17,0.0,0.0,0.0,0.0,100.0,2
huunhuurtu,5,1.8,0.0,0.0,0.0,0.0,100.0,1
andouinlothar,8,4.75,0.0,0.0,12.5,0.0,0.0,1
rubanx,20,5.75,26.09,0.0,10.0,0.0,0.0,1
melyanna777,24,12.75,9.8,3.27,4.2,0.0,0.0,1
speedhay,6,6.83,0.0,24.39,16.7,16.7,0.0,1
ryanhop122,11,6,60.61,30.3,27.3,0.0,0.0,1
lottomini,15,3.4,78.43,39.22,0.0,6.7,0.0,1
duhaninonlu,6,4.17,0.0,0.0,16.7,0.0,100.0,1
4dalulz,10,8.7,11.49,0.0,10.0,0.0,0.0,1
sidneyj,5,1.8,0.0,0.0,0.0,0.0,100.0,1
exraiderboi,11,5.18,17.54,0.0,18.2,0.0,0.0,1
mavhutchins,13,7.77,49.5,0.0,38.5,0.0,0.0,1
lifedustalpha,9,4.44,0.0,0.0,22.2,0.0,0.0,1
lystan_,18,3.06,0.0,0.0,0.0,5.6,0.0,1
per1q2w3e4r,21,6.1,23.44,0.0,9.5,4.8,0.0,1
aimreflexxx,9,3.67,0.0,0.0,22.2,0.0,100.0,1
loony_bob,10,4.2,0.0,0.0,0.0,0.0,100.0,1
dedecankl,7,4,0.0,0.0,0.0,0.0,100.0,1
patiklipenguentv,7,4.29,0.0,33.33,0.0,0.0,100.0,1
evilinyoureyes,12,3.75,0.0,0.0,8.3,25.0,100.0,1
mortymeh,9,4.67,0.0,47.62,11.1,0.0,100.0,1
oda311,9,7.11,0.0,0.0,33.3,0.0,100.0,1
trroguexs,10,3.4,0.0,0.0,0.0,10.0,100.0,1
dengesiz4,6,13.83,0.0,12.05,0.0,0.0,100.0,1
kgnylmzz,8,4.25,0.0,0.0,12.5,0.0,100.0,1
nrepla,9,5.11,0.0,21.74,11.1,11.1,100.0,1
btnfoxtv,7,6,142.86,0.0,42.9,0.0,42.9,2
bayburtlufrank,5,5.2,0.0,0.0,0.0,20.0,100.0,1
blackww_253,20,6.5,0.0,15.38,20.0,0.0,0.0,1
u3517603,5,6.4,0.0,62.5,40.0,0.0,0.0,1
funky83monkey,5,8,50.0,0.0,20.0,0.0,0.0,1
publius0,9,3.89,0.0,28.57,0.0,0.0,0.0,1
zilko_,9,4,0.0,27.78,11.1,11.1,0.0,1
yoitsnef,8,2.12,0.0,0.0,0.0,37.5,100.0,2
voltariux,5,2.2,0.0,0.0,0.0,0.0,0.0,1
alcin53,11,3.82,23.81,0.0,9.1,27.3,100.0,1
funtiegivesmestreanghthxx,115,6.43,10.81,2.7,6.1,5.2,100.0,1
featss,8,1.62,0.0,76.92,12.5,12.5,0.0,1
deadanich,10,1,0.0,0.0,20.0,0.0,100.0,1
duysak,5,7.2,0.0,0.0,0.0,0.0,100.0,1
atlantis_juganza,34,1.18,25.0,0.0,8.8,91.2,0.0,1
dear_moogle2,5,1.8,0.0,0.0,0.0,0.0,100.0,1
a66i,23,5.17,8.4,0.0,4.3,4.3,100.0,1
stalinhohotun_,11,0.73,0.0,0.0,9.1,9.1,100.0,1
summerpaige9,6,4.83,0.0,0.0,0.0,0.0,100.0,1
lupusrufus,11,0,0.0,0.0,9.1,36.4,100.0,1
mrtwitchy,8,6.62,0.0,0.0,0.0,12.5,100.0,1
funtietweech,29,4.34,0.0,7.94,3.4,0.0,100.0,1
brii_was_taken,33,2.85,21.28,10.64,0.0,9.1,0.0,1
masefield11,8,1.12,0.0,0.0,0.0,0.0,100.0,1
rbrazor,34,2.68,10.99,0.0,5.9,47.1,0.0,1
bigboss138,6,7.17,46.51,0.0,16.7,16.7,100.0,1
wisdomman75,8,0.12,0.0,0.0,12.5,0.0,100.0,1
i_have_a_big_clock,28,3.57,50.0,0.0,17.9,25.0,100.0,1
sanneo123,5,6,0.0,0.0,20.0,80.0,100.0,1
garchomp___,13,3.69,41.67,0.0,23.1,46.2,100.0,1
bill13617,13,3.31,46.51,0.0,15.4,0.0,100.0,1
gregoryhousekorea,32,3.69,0.0,8.47,0.0,6.2,100.0,1
beyondbelieflive,6,5.5,30.3,30.3,16.7,0.0,100.0,1
harry5312,6,10.67,0.0,0.0,0.0,50.0,0.0,1
trickytwitcher,8,2.5,0.0,0.0,0.0,0.0,100.0,1
cedo93,6,6.17,54.05,0.0,16.7,0.0,100.0,1
mrperpetual,23,6.52,26.67,6.67,8.7,0.0,100.0,1
iceprincess1727,6,7.33,68.18,0.0,16.7,0.0,100.0,1
reaperpk_,32,2.09,0.0,14.93,0.0,31.2,0.0,1
mrschniv,6,4.83,0.0,34.48,33.3,0.0,100.0,1
atlantis_khuna,46,1.24,0.0,0.0,0.0,89.1,0.0,1
k1nzell,18,4.28,0.0,0.0,0.0,27.8,0.0,1
elllwoodz,5,3.4,0.0,0.0,0.0,40.0,0.0,1
uhtkg,21,3.86,37.04,0.0,9.5,28.6,0.0,1
aresrai,8,5.75,0.0,0.0,12.5,0.0,12.5,2
atlantis_magin,23,1.09,0.0,0.0,0.0,100.0,0.0,1
ex3aerah,10,1.2,0.0,0.0,0.0,100.0,0.0,1
cryogenicxs,5,3,0.0,0.0,0.0,60.0,0.0,1
steffestas,5,1,0.0,200.0,20.0,0.0,100.0,2
minititan,8,4.75,26.32,26.32,0.0,0.0,100.0,1
brandooo1,8,4.88,25.64,0.0,12.5,0.0,100.0,1
getgoo,10,4.7,42.55,42.55,20.0,10.0,100.0,1
foxero06,12,4.08,61.22,0.0,0.0,0.0,100.0,1
vonko,5,1.6,125.0,0.0,0.0,0.0,100.0,1
darzkarriyon,7,3.14,45.45,0.0,0.0,0.0,100.0,1
zloy_evrey_,14,0.43,0.0,0.0,21.4,0.0,100.0,1
alex41290,6,2.67,125.0,0.0,0.0,16.7,0.0,1
xkingmikex,23,3.78,0.0,0.0,4.3,13.0,0.0,1
cxk_kek,7,1.71,0.0,0.0,14.3,0.0,100.0,1
stenkap,6,4.67,0.0,71.43,0.0,0.0,0.0,1
sultankadir,5,5.8,0.0,0.0,20.0,0.0,0.0,2
findedloot,12,4.92,33.9,0.0,0.0,0.0,100.0,1
sorjorahmormont,7,7.43,57.69,0.0,0.0,14.3,100.0,1
aydc12,9,5.11,21.74,0.0,11.1,0.0,0.0,1
sakulator,5,2.6,0.0,0.0,0.0,0.0,0.0,1
jscholten,7,6.86,0.0,0.0,0.0,0.0,100.0,1
yobastream,10,0.6,0.0,0.0,10.0,0.0,100.0,1
walkingbread,6,2.17,0.0,0.0,0.0,0.0,0.0,1
skyfarerq,6,0.5,0.0,0.0,33.3,0.0,100.0,1
themattager,6,11.5,0.0,14.49,0.0,0.0,100.0,1
conjurationcyp,7,6.29,45.45,0.0,0.0,0.0,0.0,1
danmas94,6,9.83,50.85,16.95,33.3,16.7,100.0,1
budweizerbeast69,11,3.36,27.03,0.0,0.0,18.2,100.0,1
derspiegel_,8,6.75,0.0,18.52,37.5,0.0,100.0,1
inversic_,12,4.08,20.41,0.0,0.0,0.0,0.0,1
don_gune,28,0.36,0.0,0.0,14.3,32.1,100.0,1
umbreon125,6,3.5,47.62,0.0,0.0,50.0,0.0,1
sightfn,8,7.25,17.24,0.0,0.0,0.0,0.0,1
amazingland,5,3.6,111.11,0.0,40.0,0.0,100.0,1
semerka4k5,9,1,0.0,0.0,22.2,0.0,100.0,1
mrfirenice,7,2.71,0.0,0.0,0.0,0.0,100.0,1
whereisvikkstarsbreakfast,5,5,40.0,0.0,20.0,0.0,0.0,1
raikiri_x,7,2,0.0,0.0,0.0,0.0,100.0,3
brandolph76,10,2.9,103.45,0.0,10.0,0.0,100.0,2
stellarbboi,5,2.4,166.67,0.0,0.0,60.0,80.0,3
ksweeley,9,2.44,90.91,0.0,55.6,100.0,0.0,1
dust1nr6,29,3.9,26.55,8.85,3.4,37.9,0.0,1
icome_everyday,5,3.8,0.0,0.0,0.0,0.0,0.0,1
ergotcal,5,8.2,48.78,0.0,20.0,40.0,0.0,1
uccdawg13,14,5.07,42.25,42.25,0.0,21.4,0.0,1
autimatic92,5,1.8,111.11,0.0,0.0,20.0,20.0,2
sebistage11,5,4,0.0,0.0,60.0,0.0,0.0,1
ash12tyn,26,3.46,33.33,0.0,0.0,0.0,0.0,1
baoio,11,4.18,43.48,0.0,9.1,0.0,0.0,1
checkgameimpeek,7,5,0.0,0.0,14.3,0.0,0.0,1
galaxydotexe,7,5.71,25.0,0.0,42.9,42.9,0.0,1
uhavebigg3y,7,2,0.0,0.0,0.0,0.0,0.0,1
prodigys404,7,3,47.62,0.0,0.0,57.1,0.0,1
jacakos,97,0.98,31.58,0.0,11.3,8.2,0.0,1
pappa_bear_,13,6.85,0.0,0.0,23.1,0.0,0.0,1
the_cumasu_cz,5,2.2,0.0,181.82,20.0,0.0,0.0,1
gessol,39,0.79,0.0,0.0,5.1,41.0,0.0,1
c4llmesnake,27,6.41,5.78,0.0,3.7,0.0,0.0,1
karkinoforsensub,49,6.43,0.0,3.17,12.2,12.2,0.0,1
shissan,26,9.38,45.08,4.1,19.2,0.0,0.0,1
panouklaac,5,2.2,0.0,0.0,0.0,0.0,0.0,1
liamshires,8,4.12,0.0,0.0,0.0,0.0,0.0,1
opla,5,9.2,0.0,0.0,60.0,0.0,0.0,1
basilioknowsbest,8,4.75,26.32,0.0,12.5,0.0,0.0,1
getf1ickedon,5,3.4,0.0,0.0,0.0,0.0,0.0,1
silkyr6,5,8.8,0.0,0.0,0.0,0.0,0.0,1
mrtonyace01gaming,5,3.8,0.0,0.0,40.0,0.0,0.0,1
diegormed10,7,3.43,0.0,0.0,0.0,0.0,0.0,1
theechofrombehind,29,6.59,10.47,0.0,20.7,31.0,0.0,1
gtx_vision_,5,2.8,0.0,0.0,0.0,40.0,0.0,1
alienxsmith,17,4.06,28.99,14.49,0.0,5.9,0.0,1
alogisios,28,3.46,0.0,0.0,17.9,3.6,0.0,1
101_twitch_user_101,11,6.55,41.67,0.0,9.1,0.0,100.0,1
karlo_,6,2.67,0.0,0.0,16.7,16.7,0.0,1
jhinlaspor,5,6,33.33,0.0,20.0,0.0,0.0,1
averin_26,10,3.7,0.0,0.0,0.0,0.0,0.0,1
barney0521,5,7.8,25.64,0.0,20.0,0.0,0.0,1
dorksouls333,10,3.2,31.25,0.0,0.0,0.0,0.0,1
itsogeyfx,6,5.5,0.0,0.0,0.0,33.3,0.0,1
kostas894,14,6.14,0.0,0.0,0.0,14.3,0.0,1
stef_robbe,9,3.78,0.0,0.0,0.0,44.4,0.0,1
zycrus,5,11.4,0.0,0.0,40.0,0.0,100.0,1
dalesmith16,5,7.4,0.0,54.05,20.0,0.0,0.0,1
tekkz,15,6.67,30.0,10.0,0.0,0.0,0.0,2
hollywood00,8,4.88,25.64,0.0,25.0,0.0,100.0,1
kaveenieweenie,13,7,0.0,0.0,7.7,7.7,0.0,1
rapstaaa,6,4.67,0.0,0.0,0.0,0.0,0.0,1
therealmeyerlive,31,6.42,10.05,0.0,0.0,0.0,0.0,1
duncanblade,5,4.6,0.0,0.0,0.0,0.0,0.0,1
madmarxhs,31,5.48,0.0,0.0,22.6,96.8,0.0,1
trelosgialos,7,3,0.0,0.0,14.3,0.0,0.0,1
sn4ker,13,8.77,0.0,0.0,7.7,23.1,0.0,1
bluciu,6,3.83,0.0,0.0,0.0,50.0,100.0,1
theevans16,10,1.1,90.91,0.0,0.0,20.0,100.0,1
olli2101,6,1,0.0,0.0,0.0,33.3,100.0,1
theobr0mine,6,2.17,0.0,0.0,0.0,83.3,100.0,2
vj__emmie,5,1.2,0.0,0.0,0.0,40.0,100.0,1
hannss,7,1.71,0.0,0.0,0.0,28.6,100.0,1
8700k,5,1,0.0,0.0,0.0,20.0,100.0,1
anto9696,7,1,0.0,0.0,0.0,42.9,100.0,1
mundmen,5,1,0.0,0.0,0.0,60.0,100.0,1
jimztah,7,9.86,0.0,0.0,0.0,57.1,100.0,1
odicho10,7,3.14,90.91,0.0,0.0,0.0,0.0,1
aminedbali,11,3.64,0.0,0.0,0.0,36.4,100.0,1
hieroglyphic,8,4.38,0.0,0.0,12.5,50.0,0.0,1
mysteryoslyy,14,4.71,0.0,0.0,7.1,0.0,100.0,1
trituse,6,2.67,0.0,0.0,16.7,0.0,0.0,1
tondsa,6,2.33,0.0,0.0,0.0,0.0,0.0,1
adammound_,7,1.43,0.0,0.0,0.0,14.3,0.0,1
ooooo0000ooo,5,0,0.0,0.0,0.0,0.0,0.0,1
beoroftheedain,24,4,31.25,0.0,4.2,4.2,100.0,1
talizorah,8,9.75,12.82,0.0,12.5,12.5,100.0,1
kodemaster,5,5.6,0.0,0.0,40.0,0.0,0.0,1
savagestalkerothp,19,6.63,15.87,0.0,5.3,5.3,100.0,1
mkush__,5,3,133.33,0.0,40.0,20.0,0.0,1
astorr6,8,5,50.0,25.0,25.0,0.0,0.0,1
apxukpblc,6,12.67,26.32,0.0,33.3,0.0,100.0,1
riaana,18,6.28,8.85,8.85,5.6,0.0,100.0,1
lightofscorpio,37,9.78,0.0,0.0,0.0,73.0,100.0,1
coffeeclub_tv,8,9.88,12.66,0.0,0.0,0.0,100.0,1
dans_life,25,17.88,0.0,0.0,0.0,80.0,100.0,1
sir_swatze,5,3.4,0.0,58.82,0.0,0.0,100.0,3
chiefy__,6,8.83,0.0,0.0,0.0,33.3,100.0,1
chinatown_town,30,2.5,26.67,13.33,0.0,0.0,100.0,1
n0rbertas,6,3.33,50.0,0.0,0.0,66.7,100.0,2
enstell,8,20.5,0.0,0.0,0.0,50.0,100.0,1
shotguyrl,5,18,0.0,0.0,0.0,100.0,100.0,1
saberxwolf,16,13.19,4.74,4.74,25.0,12.5,100.0,1
anzaac,5,6,33.33,0.0,0.0,40.0,100.0,1
larocsmacalar,6,4.83,0.0,0.0,0.0,0.0,100.0,1
babaafk,7,1.29,0.0,0.0,0.0,57.1,100.0,2
basilikiangell,59,6.51,0.0,0.0,10.2,13.6,0.0,1
pisketti,5,12.2,0.0,0.0,0.0,20.0,100.0,1
edwardhawthorne,8,3.25,38.46,0.0,0.0,0.0,0.0,1
greywolfbot,11,7.82,34.88,11.63,9.1,0.0,0.0,1
blarphemy,5,4.8,41.67,0.0,0.0,0.0,0.0,1
keolaaaaa,8,1.88,66.67,0.0,0.0,0.0,0.0,1
faldin,5,3.2,62.5,62.5,0.0,20.0,0.0,1
titoftb,9,2.89,38.46,0.0,0.0,0.0,0.0,1
thefifthmatt,5,4.8,0.0,0.0,0.0,0.0,0.0,1
thevagrantgesler,7,9.29,0.0,0.0,14.3,0.0,0.0,1
tomapoe,9,11.22,0.0,0.0,0.0,77.8,100.0,2
rustydragon,5,4.8,0.0,0.0,0.0,40.0,0.0,1
tubbstcg,6,3.17,0.0,0.0,16.7,33.3,0.0,1
joohyunisbae,7,4.14,0.0,0.0,0.0,14.3,0.0,1
prookzz,6,30.17,0.0,0.0,0.0,100.0,100.0,1
eatburger99,5,1.6,0.0,0.0,0.0,40.0,100.0,1
mavr0s,69,5.03,2.88,0.0,18.8,13.0,0.0,1
xxjmand28xx,6,7.17,23.26,0.0,0.0,0.0,0.0,1
abumel,8,2.12,0.0,0.0,0.0,0.0,0.0,1
baconrumpus,6,5.5,0.0,0.0,0.0,0.0,0.0,1
adornn,5,3.8,157.89,0.0,0.0,0.0,0.0,1
rawtv_,52,1.38,0.0,0.0,0.0,5.8,0.0,1
andrewsophocles,5,6,0.0,33.33,0.0,0.0,0.0,1
scarface913,52,5.88,0.0,0.0,17.3,3.8,0.0,1
emilymikudance12,8,9.88,50.63,0.0,0.0,0.0,100.0,1
justinromero123,9,4.22,52.63,0.0,0.0,11.1,100.0,1
wancakesdoesstuff,5,3,66.67,0.0,0.0,20.0,0.0,1
phoeba,35,5.23,0.0,0.0,2.9,0.0,0.0,1
manuyaw90,54,4.2,0.0,0.0,22.2,16.7,0.0,1
kardoulinos,19,4.21,0.0,0.0,10.5,5.3,0.0,1
uabl,21,10.19,23.36,18.69,14.3,0.0,0.0,1
wladan444,18,0,0.0,0.0,5.6,100.0,0.0,1
maksonychtorpedos,10,0.2,0.0,0.0,30.0,0.0,0.0,1
venegrom,5,6.8,0.0,0.0,0.0,20.0,0.0,1
noah937,16,5.06,49.38,12.35,12.5,6.2,0.0,1
mpaxoriginal,11,5.91,0.0,0.0,18.2,36.4,0.0,1
warcurse66,7,4.43,32.26,64.52,42.9,0.0,0.0,1
tolander77,27,5.81,0.0,0.0,18.5,0.0,0.0,1
ghikabytez,14,3.36,0.0,0.0,14.3,7.1,0.0,1
pankar1,18,6.78,0.0,0.0,11.1,0.0,0.0,1
mainpainhs,6,4.5,0.0,0.0,16.7,50.0,0.0,1
satanicgino,5,4.8,125.0,0.0,0.0,0.0,0.0,1
djdocofficial,5,4.2,0.0,0.0,0.0,60.0,0.0,1
ceecee_lia,25,3.84,10.42,0.0,4.0,12.0,0.0,1
byte_cookie,63,2.49,19.11,6.37,1.6,9.5,0.0,1
moanglitters,18,4.72,0.0,11.76,0.0,0.0,0.0,1
daikonleaf,80,3.24,38.61,7.72,3.8,3.8,0.0,1
ramosisking,19,4.53,11.63,0.0,10.5,21.1,0.0,1
glorfindil,23,4.22,20.62,0.0,0.0,17.4,0.0,1
caped_baldy,7,3.14,0.0,0.0,0.0,0.0,0.0,1
prettikittii,81,6.28,27.5,7.86,11.1,2.5,0.0,1
poisonyvie,108,3.47,29.33,10.67,12.0,2.8,0.0,1
apollord,24,7.79,21.39,0.0,20.8,0.0,0.0,1
rthray117,7,0.29,0.0,0.0,14.3,0.0,0.0,1
bustaj_bot,46,13.11,8.29,0.0,13.0,19.6,0.0,1
2tea_2room2,11,2,0.0,0.0,9.1,9.1,0.0,1
gwasp_,24,4.62,9.01,0.0,12.5,12.5,0.0,1
duckzgo,58,12.45,9.7,2.77,27.6,0.0,0.0,1
buzzkilljoy,72,4.06,17.12,0.0,8.3,4.2,0.0,1
hippocraftment,7,4.29,0.0,33.33,0.0,0.0,0.0,1
waldsachs_pensi,5,2.6,0.0,0.0,0.0,0.0,0.0,1
cc1218cc,8,0.88,285.71,0.0,12.5,0.0,0.0,1
thejoker3712,41,4.24,11.49,0.0,14.6,17.1,0.0,1
abscond,32,4.69,33.33,0.0,3.1,3.1,0.0,1
henry_92,34,4.44,6.62,19.87,5.9,0.0,0.0,1
ghostdaddy,7,4,71.43,0.0,14.3,0.0,0.0,1
yumpickles,66,6.83,8.87,4.43,10.6,3.0,0.0,1
aggos96,12,0.75,0.0,0.0,16.7,0.0,0.0,1
i_am_sim,8,10.38,0.0,12.05,0.0,0.0,0.0,1
silverkiss619,8,2.38,0.0,0.0,37.5,12.5,0.0,1
ordinaryorder,8,6,62.5,20.83,12.5,0.0,0.0,1
gaffaontwitch,10,4.9,0.0,0.0,10.0,10.0,0.0,1
orepol,5,4.4,0.0,0.0,0.0,20.0,0.0,1
tolisfilo13,5,1.8,0.0,0.0,40.0,0.0,0.0,1
skoulikihs,38,1.95,0.0,0.0,13.2,10.5,0.0,1
usedpapercup,17,5.71,51.55,0.0,0.0,11.8,0.0,1
j_tmorales,5,2.4,0.0,0.0,20.0,20.0,0.0,1
mansion416,26,6.85,16.85,11.24,3.8,0.0,0.0,1
nicaragua00,13,11.69,39.47,19.74,23.1,0.0,0.0,1
lethomasb,7,12.57,22.73,34.09,42.9,0.0,0.0,1
guni55,6,1.33,0.0,125.0,0.0,16.7,0.0,1
ray0203,43,2.7,17.24,0.0,0.0,2.3,0.0,1
pronhnb,6,1.5,0.0,0.0,0.0,33.3,0.0,1
avelline_,33,0.94,0.0,0.0,12.1,3.0,0.0,1
king_pyrrhus_gr,8,2,0.0,0.0,25.0,0.0,0.0,1
wtfundso,5,2,100.0,0.0,20.0,20.0,80.0,2
silverwing39,6,5,0.0,0.0,16.7,0.0,0.0,1
bujabeza,5,6,0.0,0.0,0.0,0.0,0.0,1
worstnidoce,36,4.64,53.89,17.96,5.6,8.3,0.0,1
sardlne,5,7.4,0.0,27.03,0.0,0.0,0.0,1
zeddyhs,5,3.8,105.26,105.26,0.0,20.0,0.0,1
cautomatic,5,8.8,68.18,0.0,20.0,0.0,0.0,1
ddd1337elitesupersniper,10,1.2,0.0,83.33,50.0,0.0,100.0,1
icepinklemonade,34,6.06,19.42,0.0,23.5,0.0,0.0,1
senses33,9,3.89,57.14,0.0,0.0,22.2,100.0,1
djsharperimage,26,5.31,14.49,14.49,19.2,100.0,100.0,1
noelg5150,8,2.12,58.82,0.0,0.0,0.0,87.5,2
et3c,9,2.11,0.0,0.0,0.0,0.0,100.0,2
stanwashere,26,6.54,35.29,5.88,0.0,0.0,100.0,1
deathuk79,14,2.14,0.0,33.33,7.1,0.0,100.0,1
baesicbro,9,2.89,38.46,0.0,0.0,11.1,100.0,1
bitr0d,5,8.4,47.62,0.0,20.0,0.0,100.0,1
kel_ebek,44,4.25,5.35,16.04,6.8,4.5,0.0,1
dssnoopy,29,1.07,0.0,0.0,3.4,0.0,0.0,1
monkeyhsieh,15,0.8,0.0,0.0,0.0,13.3,0.0,1
dj_lima_631,6,5.67,29.41,29.41,0.0,0.0,100.0,1
covesting,5,3,66.67,66.67,0.0,0.0,100.0,1
timegoat_,8,8,15.62,0.0,62.5,0.0,0.0,1
batafire7,5,2.4,0.0,0.0,20.0,60.0,0.0,1
zetacipher,10,3.1,32.26,0.0,20.0,0.0,0.0,1
drsaltersonn,10,9.4,10.64,10.64,10.0,10.0,0.0,1
bustaj,9,4.78,0.0,0.0,44.4,0.0,0.0,1
aliceempty,36,7.78,35.71,10.71,0.0,2.8,0.0,1
eceer213,6,6.83,48.78,24.39,16.7,0.0,0.0,1
crazynekogirl2123,11,6,30.3,0.0,0.0,9.1,0.0,1
shadowsensemusic,5,6.6,0.0,0.0,0.0,40.0,0.0,1
giftnova,6,6.83,24.39,0.0,0.0,0.0,0.0,1
midgetsnowman,8,8.75,14.29,0.0,0.0,0.0,0.0,1
hutch6060,10,3.7,27.03,0.0,10.0,10.0,0.0,1
ouranemily,16,9.25,20.27,0.0,12.5,0.0,0.0,1
linkfan1291,13,9.62,24.0,8.0,30.8,0.0,0.0,1
dozerina,6,0.67,250.0,0.0,0.0,0.0,0.0,1
thegustbag,28,8.61,37.34,4.15,32.1,3.6,0.0,1
s_quark,5,5.6,0.0,0.0,0.0,0.0,0.0,1
ristray,9,5.89,0.0,0.0,22.2,0.0,0.0,1
kessedrian,7,6.86,41.67,0.0,0.0,14.3,0.0,1
s943957778,5,1.4,0.0,0.0,0.0,20.0,0.0,1
mingrensyu,13,0.23,0.0,0.0,7.7,7.7,0.0,1
katrinaface,38,8.58,15.34,6.13,5.3,10.5,0.0,1
vulpix_alola,12,14.33,11.63,5.81,0.0,0.0,0.0,1
nin10play,5,6,0.0,0.0,20.0,40.0,0.0,1
cm98987654321,18,1.17,0.0,0.0,16.7,5.6,0.0,1
dreamlncode,6,3,55.56,0.0,0.0,0.0,0.0,1
rodrigobd,5,2.2,90.91,0.0,0.0,20.0,0.0,1
filsaveol,5,3.2,62.5,0.0,0.0,20.0,0.0,1
mopperhoss,11,9.82,37.04,9.26,0.0,0.0,0.0,1
synevil,11,9.45,19.23,0.0,9.1,0.0,18.2,2
n8tles,12,8.17,10.2,0.0,8.3,8.3,0.0,2
valentyn_the_mad,11,9.64,37.74,0.0,0.0,0.0,0.0,1
hfxrunner,18,6.72,16.53,16.53,5.6,11.1,0.0,1
kobpktvc2,7,0.43,0.0,0.0,28.6,0.0,0.0,1
kazeindel,7,8.29,0.0,0.0,0.0,0.0,0.0,1
xer00,7,2.29,0.0,0.0,28.6,28.6,0.0,1
eggabooha,6,6.33,26.32,0.0,16.7,0.0,0.0,1
sparrow800,14,7.21,0.0,9.9,14.3,0.0,0.0,1
midoritrim,6,8.17,0.0,0.0,33.3,0.0,0.0,1
reallyangry,14,0.21,0.0,0.0,0.0,7.1,0.0,1
phoenixrising1992,20,8.7,11.49,5.75,15.0,0.0,0.0,1
videocrazee,5,11.2,17.86,0.0,20.0,0.0,0.0,1
spooky_boss,25,3.56,44.94,0.0,4.0,8.0,0.0,1
lvlalik,8,1.12,0.0,0.0,0.0,0.0,0.0,1
lillypain,51,5.16,38.02,3.8,11.8,11.8,0.0,1
novatrick,6,2.83,58.82,0.0,0.0,0.0,0.0,1
yvnggty_,8,1.62,0.0,0.0,0.0,12.5,0.0,1
johnnypk321,6,1.17,0.0,0.0,0.0,50.0,0.0,1
leedifsfaze_19,14,13.64,31.41,20.94,7.1,7.1,0.0,1
pitatapie,5,5,0.0,0.0,0.0,0.0,0.0,1
rockman757,9,5.22,0.0,21.28,22.2,0.0,0.0,1
pikadex,9,13.44,0.0,8.26,0.0,0.0,0.0,1
chaasee,5,3.6,55.56,0.0,0.0,20.0,0.0,1
chris_thundercock,6,7.67,21.74,0.0,33.3,0.0,0.0,1
xeihei,13,4.85,31.75,15.87,7.7,0.0,0.0,1
d4rkst0rm99,7,2.86,50.0,0.0,0.0,0.0,0.0,1
spekfn,7,3.57,0.0,0.0,14.3,28.6,0.0,1
vocivu,17,5.35,0.0,10.99,5.9,0.0,0.0,1
julianty10,13,5.69,13.51,27.03,7.7,0.0,0.0,1
tianjii,28,2.43,58.82,0.0,3.6,21.4,0.0,1
likecrazyboy,21,2.29,20.83,0.0,19.0,4.8,0.0,1
snrw_777,5,2.2,90.91,90.91,0.0,0.0,0.0,1
thatsoraven1001,8,2.88,0.0,0.0,0.0,12.5,0.0,1
alkahestgames,17,5,23.53,11.76,5.9,5.9,0.0,1
zyrios7,10,4,25.0,0.0,10.0,10.0,0.0,1
pak215,15,9.13,0.0,0.0,20.0,0.0,0.0,1
mistyraid,7,5.14,0.0,0.0,0.0,42.9,0.0,1
demonzerox,16,5.88,10.64,10.64,12.5,0.0,0.0,1
monicacoolfire,13,3,76.92,0.0,0.0,23.1,100.0,2
riley_smiley13,11,4.18,43.48,0.0,0.0,45.5,100.0,2
mikaelaplier,9,2.89,38.46,0.0,0.0,44.4,100.0,2
shaotanzhiten,6,6.67,0.0,50.0,0.0,0.0,0.0,1
ronnypotatur,12,5.33,62.5,15.62,0.0,25.0,100.0,2
maddie_spn,6,2.5,66.67,0.0,16.7,0.0,100.0,2
tioemo,13,2.92,0.0,0.0,0.0,0.0,0.0,1
babybluestargirl,5,8.6,46.51,0.0,20.0,0.0,100.0,2
enbytoon,21,7,20.41,0.0,4.8,9.5,0.0,1
xxsammyii,7,3.14,0.0,0.0,0.0,0.0,0.0,1
myelomia0,7,4.14,68.97,0.0,14.3,0.0,0.0,1
kingficr,5,26.4,0.0,0.0,0.0,20.0,0.0,1
punchahpack,17,3.06,19.23,0.0,0.0,0.0,0.0,1
dnukem170,14,11.5,6.21,24.84,0.0,0.0,0.0,1
eamil,5,17.4,11.49,11.49,60.0,0.0,0.0,1
roryvalintine,6,7.33,0.0,0.0,16.7,0.0,100.0,1
nomppie,6,4.83,34.48,0.0,16.7,16.7,0.0,1
bigsips,47,5.89,18.05,7.22,14.9,0.0,0.0,1
highimmike1,26,3.81,40.4,0.0,7.7,0.0,0.0,1
phantomage,7,3,95.24,0.0,0.0,0.0,0.0,1
gdick281,7,4.43,32.26,0.0,0.0,0.0,100.0,2
filtroox,18,2.33,0.0,0.0,0.0,61.1,100.0,2
heyitslonestar,5,6.2,0.0,0.0,0.0,0.0,0.0,1
nekofallenone,8,12.75,19.61,0.0,0.0,0.0,0.0,1
jwrfb26,5,8,25.0,25.0,40.0,0.0,0.0,1
miketheviking123,7,3.57,0.0,0.0,14.3,0.0,0.0,1
pascoahs,17,7.65,46.15,15.38,0.0,0.0,0.0,1
smallkelly0701,7,2,0.0,0.0,0.0,0.0,0.0,1
harpkoukla,7,5.43,52.63,0.0,0.0,14.3,100.0,2
mallaes,5,2.2,0.0,0.0,20.0,20.0,0.0,1
madameclutch,6,4.17,0.0,0.0,0.0,33.3,0.0,1
vonnie2real,10,2.7,0.0,0.0,0.0,40.0,100.0,1
angrykenji,24,2,62.5,0.0,4.2,50.0,100.0,1
aulanabm,59,1.95,17.39,8.7,1.7,57.6,98.3,2
sortahuman_,21,5.52,17.24,0.0,14.3,0.0,100.0,1
analogmann,21,5.05,0.0,0.0,19.0,14.3,100.0,1
maxixor,60,3.92,8.51,12.77,0.0,51.7,100.0,2
victoura56,6,6,55.56,0.0,0.0,0.0,0.0,1
invadercity,5,1.4,0.0,0.0,0.0,40.0,0.0,1
zanaoria123,12,5.25,47.62,15.87,8.3,0.0,0.0,1
azulparrot,10,9.3,0.0,10.75,20.0,0.0,0.0,1
graciegirlblogs,6,4,0.0,0.0,33.3,16.7,100.0,2
sekuharades,5,2.2,0.0,0.0,0.0,0.0,100.0,1
superlativebeing,7,3.14,0.0,0.0,0.0,28.6,100.0,1
atchak,10,1.7,0.0,0.0,0.0,50.0,100.0,1
scottbyscott,7,8,17.86,0.0,28.6,28.6,100.0,1
tentacle_hentai,23,2.3,18.87,0.0,4.3,78.3,100.0,1
z4lu,12,1.58,157.89,52.63,8.3,16.7,100.0,1
alok0,7,6.86,0.0,0.0,28.6,0.0,100.0,1
bts_rapmonsterr,5,3.4,0.0,58.82,0.0,20.0,100.0,1
caryn12,26,8.5,13.57,9.05,19.2,0.0,0.0,1
velikiy_momon,8,2.25,0.0,0.0,0.0,62.5,100.0,1
shrapnel110,5,3.4,0.0,58.82,40.0,20.0,100.0,1
menyukaimu,7,1.86,0.0,0.0,0.0,14.3,100.0,1
arforyon,6,3.17,0.0,0.0,0.0,0.0,100.0,1
oneeyedkingtv,15,2.93,0.0,0.0,0.0,33.3,100.0,1
mandelbam,28,1.79,0.0,20.0,0.0,0.0,100.0,1
krazedkllown,11,6.27,28.99,0.0,0.0,54.5,100.0,1
klinth,9,1.44,0.0,0.0,0.0,22.2,100.0,1
rob_,7,5.14,0.0,0.0,0.0,14.3,100.0,1
carlovvs,15,3.07,0.0,0.0,0.0,46.7,100.0,1
piixtt,5,4.4,0.0,0.0,0.0,80.0,100.0,1
usedunderwearz,5,7,0.0,0.0,0.0,20.0,100.0,1
gothcyanide,10,2.5,40.0,0.0,0.0,50.0,100.0,1
epic_hot_sauce,7,6.86,0.0,20.83,28.6,0.0,100.0,1
fusionpredz,7,1,142.86,0.0,0.0,57.1,100.0,1
jesta578,5,3.8,0.0,0.0,0.0,20.0,100.0,1
renan6,5,3.4,117.65,0.0,0.0,0.0,100.0,1
babysharkee,9,1.44,0.0,0.0,0.0,44.4,100.0,1
tugtug,9,1.67,0.0,0.0,0.0,22.2,100.0,1
followlikeastalker,8,1.62,0.0,76.92,0.0,12.5,100.0,1
muscle_veteran,7,1.57,0.0,0.0,0.0,42.9,100.0,1
cheekybirb,7,6.14,23.26,0.0,0.0,0.0,0.0,1
rlapsesc,8,7.38,33.9,0.0,0.0,12.5,0.0,2
daddylonglegsx,7,2.71,0.0,52.63,0.0,42.9,100.0,1
raxxx666,13,4.69,16.39,0.0,15.4,7.7,100.0,1
john12345th,13,2.46,0.0,0.0,7.7,46.2,100.0,1
johnmatt144,18,9.56,23.26,0.0,0.0,0.0,0.0,1
burts,12,2.58,64.52,32.26,0.0,25.0,100.0,1
bigw3rm,6,2,0.0,0.0,16.7,16.7,100.0,1
fpsonly1,10,13.8,0.0,0.0,80.0,0.0,100.0,1
fabaow,12,6.42,0.0,0.0,66.7,0.0,100.0,1
jimmyks,7,1.71,0.0,0.0,0.0,42.9,100.0,1
teteub9,9,5.44,0.0,0.0,22.2,33.3,100.0,1
matheusliima7894,5,4,0.0,0.0,0.0,20.0,100.0,1
alebueeno,5,5.8,0.0,0.0,20.0,20.0,100.0,1
kenatarou,9,3.89,0.0,0.0,0.0,0.0,100.0,1
conta_temp,5,2.8,0.0,0.0,0.0,0.0,100.0,1
ripe_g0,5,2.2,0.0,0.0,0.0,0.0,100.0,1
brizado420,5,1.4,0.0,0.0,0.0,80.0,100.0,1
jakkajan_,7,7.14,0.0,60.0,0.0,0.0,100.0,1
lucas_maluco,6,10.17,0.0,0.0,0.0,0.0,100.0,1
xloke_,11,3.82,0.0,0.0,0.0,0.0,100.0,1
playlok,6,8.5,0.0,0.0,16.7,0.0,100.0,1
light_176,5,2.8,71.43,0.0,0.0,20.0,100.0,2
nionfoxi,5,4.2,0.0,0.0,0.0,0.0,100.0,1
acesometis,10,9.7,10.31,0.0,30.0,10.0,0.0,1
miyukichann,10,3.7,81.08,0.0,20.0,20.0,100.0,2
chanceykong,7,4,35.71,0.0,14.3,0.0,0.0,1
cobixtv,9,6.44,0.0,0.0,0.0,0.0,100.0,1
missmurd3r,5,4.4,0.0,0.0,40.0,40.0,100.0,1
ohmanderdayum,24,3.25,0.0,0.0,0.0,50.0,100.0,1
zabb88,12,7.58,0.0,0.0,0.0,58.3,100.0,1
datrazzledazzle,5,3.2,0.0,0.0,0.0,0.0,100.0,1
olycart,5,3.6,0.0,0.0,0.0,40.0,100.0,1
nogoro55,8,2.25,0.0,0.0,0.0,25.0,100.0,1
cantfindausernamehelpme,8,3.5,35.71,0.0,0.0,12.5,100.0,2
mjrq,9,2.89,115.38,0.0,0.0,33.3,100.0,1
countrackzula,7,6,0.0,0.0,0.0,14.3,100.0,1
bigjoeeeee,6,2.5,133.33,0.0,0.0,16.7,100.0,1
haze768,7,4,0.0,0.0,14.3,14.3,100.0,1
ditzypenguin,5,6,0.0,0.0,0.0,0.0,100.0,1
bullsh1tplays,8,9,41.67,0.0,0.0,0.0,0.0,1
yaki007,21,8.19,17.44,0.0,14.3,0.0,0.0,1
killianaire_,59,6.1,11.11,8.33,1.7,16.9,0.0,1
senpaiigaruda,13,7.08,10.87,21.74,38.5,0.0,0.0,1
princeremedy,5,3.2,0.0,0.0,0.0,0.0,0.0,1
hurminator1,5,2.6,76.92,0.0,0.0,0.0,100.0,1
thesemicolons,9,3.22,34.48,34.48,11.1,0.0,0.0,1
mendezd8,9,6.44,17.24,17.24,22.2,11.1,0.0,1
hamdanx,7,6.71,21.28,21.28,14.3,0.0,0.0,1
tomatikosiki,6,2.5,0.0,0.0,16.7,0.0,0.0,1
mcdotdotdot,8,6.12,0.0,20.41,12.5,12.5,100.0,1
youngscientist,5,7.2,27.78,0.0,0.0,20.0,100.0,1
kippenkurbler,14,13.79,15.54,10.36,7.1,0.0,0.0,1
natural_lag,6,15,33.33,0.0,0.0,0.0,0.0,1
iattackpeople,8,5.88,0.0,21.28,0.0,0.0,0.0,1
foofighter25x,5,9.6,20.83,0.0,20.0,0.0,0.0,1
tehepicone,7,10,14.29,0.0,14.3,14.3,0.0,1
spectissa,5,7.8,25.64,0.0,0.0,0.0,0.0,1
tkoctwitchlife,7,4.43,32.26,0.0,0.0,0.0,0.0,1
bidum44,9,4.56,97.56,0.0,0.0,11.1,100.0,2
teganfay97,8,2.62,95.24,0.0,0.0,0.0,100.0,2
gael_1o0o,7,2.57,0.0,0.0,0.0,0.0,100.0,1
slammedgti,5,4.2,0.0,0.0,20.0,20.0,0.0,1
quietlyaz,5,3.4,58.82,0.0,0.0,0.0,100.0,2
jimmyjam15478,5,4.6,43.48,0.0,0.0,0.0,0.0,1
vincanthofred,5,6.2,64.52,0.0,0.0,0.0,0.0,1
ryanuwu,13,3.46,0.0,0.0,0.0,7.7,0.0,1
daddydevro,8,4.12,30.3,30.3,37.5,12.5,0.0,1
xchieftainx,12,5.08,16.39,0.0,0.0,0.0,0.0,1
nixfromthe6,6,9.83,33.9,16.95,0.0,0.0,0.0,1
sae_what,5,4.4,0.0,0.0,0.0,20.0,0.0,1
yuusha01,5,2.4,83.33,0.0,0.0,40.0,0.0,1
trashswm,5,1.6,0.0,0.0,0.0,60.0,100.0,2
geneslicer,22,8.95,10.15,5.08,4.5,4.5,0.0,1
activestairs,5,6,33.33,0.0,0.0,40.0,100.0,2
goldiepearl,5,3,0.0,0.0,20.0,0.0,0.0,1
huntaway_x,5,2.4,83.33,0.0,0.0,40.0,100.0,2
accompliss,11,3.73,73.17,0.0,0.0,0.0,100.0,1
pizzapetebot,40,14.65,69.97,0.0,0.0,2.5,100.0,1
whiterosedreaper,14,2.79,25.64,0.0,14.3,14.3,100.0,1
squishymainyt,5,3.4,0.0,0.0,0.0,20.0,100.0,1
mcbett129,12,5.92,56.34,0.0,0.0,0.0,100.0,1
staticdata,5,3,66.67,133.33,0.0,0.0,100.0,1
cutteone,9,4.22,0.0,26.32,11.1,22.2,100.0,1
symmie,19,6.53,24.19,0.0,10.5,5.3,0.0,1
simmalla,6,1.5,0.0,0.0,0.0,33.3,100.0,1
zrox456,6,8.33,0.0,0.0,16.7,0.0,0.0,1
abunyui,5,1.6,0.0,125.0,0.0,0.0,100.0,1
zakromdnb,5,3.4,117.65,58.82,0.0,20.0,0.0,1
tisharru,5,4.2,0.0,0.0,0.0,0.0,0.0,1
asdfodase,5,6,0.0,0.0,20.0,0.0,100.0,1
tiagocoutobr,6,10.5,0.0,0.0,33.3,0.0,100.0,1
fiddlerjones,5,4.4,90.91,0.0,20.0,20.0,0.0,1
iorchestrate,5,7.2,55.56,0.0,20.0,20.0,0.0,1
cc_gbf,16,6.81,9.17,0.0,0.0,0.0,0.0,1
stevie_gunk,34,9.79,24.02,3.0,14.7,0.0,0.0,1
saintdre,15,5.93,33.71,11.24,0.0,26.7,100.0,1
amangiechsin,13,7,10.99,0.0,7.7,15.4,100.0,1
freethinker10,14,3,0.0,0.0,0.0,14.3,100.0,1
tyler_twn,27,4.67,47.62,0.0,3.7,0.0,100.0,1
wired_soul,9,5.67,39.22,0.0,0.0,11.1,100.0,1
carterwlambeth,5,2.2,0.0,90.91,0.0,20.0,100.0,1
thejammyboys,7,4,0.0,0.0,0.0,0.0,100.0,1
luciddreamers,13,5.85,65.79,0.0,0.0,15.4,100.0,1
mcdonaldsdopespoon,25,3.72,32.26,0.0,0.0,56.0,100.0,1
krost89,14,3.93,18.18,0.0,7.1,14.3,100.0,1
wherswallace,5,3.8,0.0,0.0,0.0,0.0,100.0,1
bakedhippy,10,2.8,35.71,35.71,0.0,30.0,100.0,1
xxxak47xxxx,8,4.5,83.33,0.0,0.0,0.0,100.0,1
exdeemydude,5,1.6,0.0,0.0,0.0,100.0,100.0,1
will_1,15,3,133.33,22.22,0.0,13.3,100.0,1
lyoh__,5,2.4,0.0,0.0,0.0,80.0,80.0,2
kaninvt,6,8.83,18.87,0.0,50.0,0.0,100.0,2
dahbobapanda,15,5.2,0.0,0.0,6.7,13.3,100.0,1
lawnchpad,5,2.4,0.0,0.0,20.0,0.0,100.0,1
killinglucy,7,5.86,48.78,48.78,14.3,14.3,100.0,1
nozone09,8,3.5,0.0,0.0,0.0,0.0,100.0,1
dankoct,28,7.5,38.1,0.0,10.7,0.0,96.4,2
b_za,9,4.89,0.0,0.0,11.1,55.6,100.0,1
boshsbakedbons,6,6.33,0.0,0.0,0.0,0.0,100.0,1
xboyish_gigglesx,53,6.34,5.95,0.0,5.7,0.0,0.0,1
kamikaze_cactuar,6,12.67,0.0,0.0,33.3,50.0,100.0,1
skeenerbug,7,2.14,0.0,0.0,0.0,28.6,100.0,1
martin78,5,11.6,17.24,0.0,20.0,20.0,0.0,1
flyeaglesflyyy,9,3.67,0.0,0.0,0.0,0.0,100.0,1
agentjens_,8,3.25,0.0,0.0,25.0,0.0,100.0,1
sickenedflesh,7,9,15.87,0.0,14.3,0.0,100.0,1
f0nzarelli,5,5,40.0,0.0,0.0,0.0,100.0,1
eloyurbina,8,2,0.0,0.0,0.0,12.5,100.0,1
johnnydemonic265,10,6.3,0.0,15.87,0.0,10.0,100.0,1
minionsmovieofficial,7,5.29,0.0,0.0,0.0,0.0,100.0,1
abro_1,7,5.29,27.03,0.0,0.0,14.3,100.0,1
mar10wright,8,3.62,68.97,0.0,0.0,0.0,100.0,1
captainfalcum,8,2.75,0.0,0.0,0.0,37.5,75.0,2
jakobgod,8,4.25,0.0,0.0,0.0,25.0,100.0,1
lumirev,6,15,0.0,22.22,16.7,33.3,0.0,1
ceaslyy,5,2.4,0.0,0.0,0.0,0.0,100.0,1
typicalemoboy,6,7.67,0.0,43.48,0.0,0.0,100.0,1
trjamesharden,5,2,100.0,0.0,0.0,40.0,100.0,1
bigblackerruwu,6,2.17,0.0,0.0,0.0,16.7,100.0,1
oakz_rx,8,2.38,157.89,0.0,0.0,75.0,100.0,1
blackeegreen,7,6.43,0.0,0.0,0.0,57.1,100.0,1
theebipolarbear,9,1.78,0.0,0.0,0.0,0.0,100.0,1
arcticmb98,8,1.75,71.43,0.0,0.0,25.0,100.0,1
xgutterx,20,4.25,58.82,0.0,5.0,10.0,100.0,1
lunatikspirit,9,2.67,83.33,0.0,0.0,22.2,100.0,1
shockermcgavin,61,8.66,5.68,3.79,8.2,4.9,100.0,1
manuellss555,22,10.05,9.05,0.0,0.0,13.6,100.0,1
notmichaelvietri,6,11.5,28.99,0.0,0.0,0.0,100.0,1
raj3241,13,2.62,0.0,0.0,0.0,30.8,100.0,1
edenbys,5,1.4,0.0,0.0,0.0,0.0,100.0,1
getwreck20,9,6.22,0.0,0.0,0.0,0.0,100.0,1
gracegrace404,5,4.2,95.24,47.62,20.0,0.0,100.0,1
ap0110_0n3,17,3.82,30.77,15.38,5.9,5.9,100.0,1
travellingstar,13,11.85,12.99,0.0,0.0,7.7,100.0,1
sashasmasha,7,3.43,0.0,0.0,0.0,14.3,100.0,1
pubaka,9,3.78,88.24,0.0,11.1,11.1,100.0,1
muttonwolf,5,1.8,0.0,0.0,0.0,40.0,100.0,1
doublebassinlove,14,2.5,57.14,0.0,7.1,14.3,100.0,1
cuew,9,3,111.11,0.0,0.0,55.6,100.0,1
mrgruffles,5,4.2,47.62,0.0,20.0,20.0,100.0,1
sethhayes_,11,6,0.0,0.0,0.0,27.3,100.0,1
bluejaguar2,5,2,0.0,0.0,0.0,20.0,0.0,1
oozey,5,4.4,45.45,0.0,0.0,0.0,100.0,1
cammypug,17,5.41,65.22,0.0,17.6,5.9,100.0,1
thatguyjsmith,5,3,0.0,0.0,0.0,0.0,100.0,1
boonkgaaang,10,3.2,125.0,0.0,0.0,20.0,100.0,1
pirate_skilla,15,4.27,46.88,15.62,13.3,20.0,100.0,1
dennylovesyou,6,1.5,111.11,0.0,0.0,66.7,100.0,1
wrenchinggears,8,4.5,111.11,0.0,0.0,0.0,100.0,1
kgthechicitybeast,5,9.4,21.28,0.0,0.0,40.0,100.0,1
coolhandukulele,23,6.78,25.64,0.0,17.4,0.0,100.0,1
crowthorne,5,8.6,23.26,0.0,0.0,0.0,100.0,1
the_topgun,7,3,0.0,0.0,0.0,14.3,100.0,1
thecantelope,19,7.26,21.74,7.25,0.0,5.3,0.0,1
mcjuggfan,5,4.4,90.91,0.0,0.0,60.0,0.0,1
threeethings,10,4.7,42.55,0.0,0.0,0.0,100.0,1
vanilladiglet,6,10,0.0,0.0,0.0,0.0,0.0,1
its_graves,10,4.8,41.67,0.0,0.0,0.0,100.0,1
sarge_fifa,20,4.3,23.26,0.0,0.0,10.0,0.0,1
snaxzilla,5,3.4,0.0,0.0,0.0,80.0,100.0,1
futwiz_marko,16,3.38,18.52,0.0,6.2,25.0,0.0,1
hotdads1,17,3.71,15.87,31.75,23.5,47.1,100.0,1
tr1pkt12,6,4,0.0,41.67,33.3,50.0,100.0,1
sencly,7,5.14,0.0,0.0,14.3,0.0,0.0,1
souvla,27,4.15,0.0,26.79,7.4,14.8,0.0,1
ellosweeti,5,11.8,33.9,0.0,20.0,0.0,100.0,1
rand00_savage,7,6.14,0.0,0.0,14.3,0.0,100.0,1
baby_blood,10,4.7,63.83,0.0,0.0,10.0,100.0,1
xher0xx,12,2.08,40.0,0.0,0.0,25.0,0.0,1
mutterbilk,10,2.5,0.0,0.0,0.0,30.0,100.0,1
zakary1999,18,3.83,0.0,0.0,0.0,5.6,0.0,1
nul42,8,3.25,38.46,0.0,0.0,12.5,100.0,1
johnslckr,6,3,0.0,0.0,0.0,0.0,100.0,1
lorenzostjohn,10,6.2,16.13,0.0,20.0,0.0,0.0,1
runtheohidontrun,27,4.59,24.19,16.13,0.0,3.7,0.0,1
crazylemon34,6,1,0.0,0.0,0.0,50.0,0.0,1
aussiebatter1,5,3.4,58.82,0.0,0.0,20.0,0.0,1
phantomtherace,11,6.55,0.0,0.0,9.1,9.1,0.0,1
stephenbrolfc,8,6.25,0.0,0.0,12.5,0.0,0.0,1
mrmarkdoubt,7,4,71.43,0.0,0.0,14.3,100.0,1
brendanjack99,5,4.2,0.0,0.0,20.0,0.0,0.0,1
faik,5,4.2,0.0,0.0,0.0,0.0,100.0,1
jujujubes,29,6.66,5.18,5.18,31.0,3.4,100.0,1
jesse___casdorff,5,2,0.0,0.0,20.0,20.0,0.0,1
zeepzag,5,2,0.0,0.0,0.0,0.0,0.0,1
heatbbx,12,5.58,0.0,0.0,33.3,8.3,0.0,1
saisanas_,8,2,0.0,0.0,12.5,0.0,0.0,1
bizzwinning,5,8.8,45.45,0.0,0.0,0.0,0.0,1
birdplaneufo,50,5.54,7.22,7.22,16.0,0.0,100.0,1
danx098,6,5.33,31.25,0.0,16.7,0.0,0.0,1
sgd111,6,1.17,0.0,0.0,0.0,0.0,0.0,1
kappaischanka,7,1,0.0,0.0,0.0,0.0,0.0,1
aztrobot,5,2.6,0.0,76.92,0.0,20.0,80.0,2
keonesoffe16,5,3,0.0,0.0,20.0,0.0,0.0,1
futwiz_jamie,10,2.7,0.0,0.0,0.0,0.0,0.0,1
drill_u,15,5.73,11.63,11.63,6.7,13.3,100.0,1
inflatable_waffle,7,1.14,250.0,0.0,0.0,14.3,100.0,1
pizzabr0s,6,4.5,37.04,0.0,16.7,16.7,100.0,1
radianceman,5,8.6,0.0,0.0,0.0,20.0,100.0,1
jasonw,43,3,0.0,7.75,2.3,7.0,0.0,1
mechler,17,6.06,0.0,9.71,23.5,17.6,100.0,1
motion177,5,3.8,52.63,0.0,0.0,0.0,100.0,1
markusnemesis,12,4.25,19.61,19.61,16.7,0.0,100.0,1
dickinthemilk,6,3.83,0.0,0.0,0.0,16.7,100.0,1
imafifatryhard1,5,4.2,0.0,0.0,20.0,20.0,0.0,1
purpledrvnk,29,5.14,13.42,0.0,0.0,0.0,0.0,1
iriebumps,14,8.14,17.54,0.0,0.0,7.1,100.0,1
whileycoyote7,29,6.86,5.03,20.1,10.3,6.9,100.0,1
mitchh182,9,7.11,15.62,0.0,22.2,11.1,100.0,1
adequatepianist,16,4.12,0.0,0.0,0.0,12.5,100.0,1
mqngled,7,7.71,18.52,0.0,42.9,0.0,0.0,1
tunawater,11,2.18,83.33,0.0,18.2,0.0,100.0,1
mcdots,6,14.17,11.76,0.0,16.7,33.3,100.0,1
danny18201,7,7.86,0.0,0.0,42.9,14.3,100.0,1
robhimself6,7,7.14,20.0,0.0,14.3,0.0,100.0,1
logikel,5,3.6,0.0,0.0,0.0,20.0,100.0,1
gizd,6,6.33,0.0,0.0,16.7,33.3,0.0,2
mikeinscusa,5,7.2,27.78,27.78,0.0,0.0,100.0,1
iitzkommy,12,4.17,0.0,20.0,16.7,0.0,0.0,1
zaaackaaary,28,8.86,8.06,4.03,10.7,0.0,0.0,1
teazybeats,7,3.43,41.67,0.0,0.0,0.0,100.0,1
adamgtv,5,5.2,0.0,0.0,20.0,0.0,0.0,1
reelz,6,16.5,10.1,0.0,50.0,16.7,100.0,1
bayliss,11,4.36,20.83,0.0,0.0,0.0,0.0,1
simonju1998,12,12,13.89,13.89,8.3,0.0,0.0,1
mdlgam3,10,7,14.29,42.86,0.0,10.0,0.0,1
mightylolzor,7,6.71,0.0,0.0,28.6,0.0,100.0,1
drspascal,9,3.67,30.3,30.3,11.1,22.2,100.0,1
alastairss,15,3.27,102.04,61.22,0.0,46.7,100.0,1
supdude2,6,5.17,0.0,0.0,16.7,0.0,100.0,1
cjkumo,12,6.83,24.39,24.39,8.3,8.3,100.0,1
sweethandsomeboi,10,7.3,27.4,0.0,20.0,10.0,100.0,1
papajasonhs,5,9.4,21.28,0.0,20.0,0.0,0.0,1
jordan_jones,22,7.09,6.41,0.0,4.5,9.1,100.0,1
giogiothethird,10,5.1,196.08,0.0,10.0,50.0,100.0,1
fb_reda,5,11,0.0,0.0,20.0,0.0,100.0,1
x3_and_friends,13,5.77,13.33,13.33,0.0,61.5,100.0,1
kid_kuma,8,5,0.0,0.0,0.0,25.0,100.0,1
madeoutofbabies,5,6.4,0.0,0.0,0.0,0.0,100.0,1
radelgirl,17,3.88,0.0,0.0,0.0,17.6,100.0,1
petethelocalbutcher19,6,4.17,80.0,0.0,0.0,0.0,0.0,1
angryhippy,6,4.17,0.0,0.0,0.0,33.3,100.0,1
sirkevinmask,8,6.38,19.61,0.0,0.0,0.0,100.0,1
pmoth,9,5.89,75.47,0.0,0.0,11.1,100.0,1
xrxfi,5,6.2,32.26,0.0,60.0,0.0,0.0,1
saiferoth,11,3.55,102.56,25.64,27.3,9.1,100.0,1
mega64podcast,8,13,67.31,0.0,0.0,0.0,100.0,1
magicmaxie,10,2.5,40.0,0.0,0.0,40.0,100.0,1
melancholy_vidya,8,4.62,27.03,0.0,37.5,25.0,100.0,1
2dfrooty,12,2.33,35.71,0.0,0.0,16.7,100.0,1
chill_wave,8,3.25,0.0,76.92,12.5,12.5,100.0,1
mateorl53,5,4.6,43.48,0.0,20.0,0.0,100.0,1
a_tuttle,7,3.86,0.0,0.0,14.3,14.3,100.0,1
lloydy5,5,6.6,30.3,30.3,0.0,0.0,0.0,1
mooseph_,7,6.57,21.74,0.0,0.0,42.9,100.0,1
castlegeekskull,9,8.44,0.0,0.0,11.1,0.0,100.0,1
erroneousmonk,23,6.61,13.16,13.16,13.0,8.7,100.0,1
kevinmuhlbach,7,11.14,12.82,12.82,28.6,28.6,100.0,1
mystictvproductions,6,3.83,0.0,0.0,16.7,16.7,100.0,1
shotgunjesus,10,3.8,26.32,0.0,0.0,0.0,100.0,1
zomner,19,2.58,40.82,61.22,10.5,21.1,100.0,1
robo_cat2000,16,3.69,67.8,33.9,12.5,43.8,100.0,1
rory_mcgowan,5,3.8,105.26,0.0,0.0,60.0,100.0,1
amanto,6,2.67,125.0,0.0,0.0,50.0,100.0,1
randomortizjr,9,3.78,147.06,0.0,11.1,0.0,100.0,1
to_ot,11,2.64,0.0,0.0,0.0,81.8,100.0,1
welfare_ninja,6,5.67,117.65,0.0,16.7,0.0,0.0,1
nitrodubz,16,2.88,21.74,0.0,6.2,25.0,100.0,1
mojave_cyclone,8,2.25,0.0,0.0,0.0,50.0,100.0,1
ali_productionz,5,4,0.0,0.0,0.0,40.0,0.0,1
goodgavin,11,4.27,0.0,42.55,9.1,18.2,100.0,1
flowrence_the_kid,10,5.1,0.0,58.82,0.0,0.0,100.0,1
locarno,6,6.5,0.0,0.0,0.0,0.0,100.0,1
nikolastico,17,6.59,8.93,0.0,11.8,0.0,0.0,1
latexcatdaddy,5,2.6,76.92,0.0,0.0,20.0,100.0,1
chicadee,11,7.45,12.2,24.39,0.0,0.0,100.0,1
philb94,6,4.83,34.48,0.0,16.7,0.0,0.0,1
khaonichs,10,5.1,19.61,0.0,10.0,0.0,0.0,1
snakelol_8,6,3.33,0.0,0.0,0.0,16.7,100.0,1
ryan_ms28,8,7.75,0.0,0.0,12.5,0.0,0.0,1
rakso_1999,5,4.4,0.0,0.0,0.0,0.0,0.0,1
internetsoldierzelite,14,5.93,12.05,12.05,0.0,57.1,100.0,1
forthefrogthebelltolls,8,6.38,39.22,0.0,12.5,25.0,100.0,1
gearslglf,5,5.6,35.71,0.0,0.0,20.0,100.0,1
mothermettatron,6,4.5,37.04,0.0,0.0,0.0,100.0,1
branman,7,5.29,0.0,0.0,0.0,42.9,100.0,1
donpablofc,9,8.33,13.33,0.0,22.2,0.0,0.0,1
bister_verklighet,10,10.2,49.02,0.0,20.0,0.0,100.0,1
lordtrapula,8,2.5,100.0,50.0,0.0,25.0,100.0,1
hawk_person,6,5.17,0.0,0.0,16.7,16.7,100.0,1
zalg0,6,8,0.0,0.0,0.0,66.7,100.0,1
juniorjruk,5,7.6,26.32,0.0,40.0,60.0,100.0,1
rami__92,8,5.38,46.51,0.0,12.5,0.0,0.0,1
misterblueog,7,2.29,0.0,0.0,0.0,28.6,100.0,1
comrademoose,6,6.67,0.0,0.0,0.0,50.0,100.0,1
metaknight91,9,2.78,0.0,0.0,11.1,66.7,100.0,1
foolishpaul,8,4.62,27.03,0.0,0.0,12.5,100.0,1
chalupaprince,7,3.57,0.0,0.0,0.0,14.3,100.0,1
thegythianwall,7,1.43,0.0,0.0,14.3,57.1,100.0,1
okmpla2,5,3,0.0,0.0,0.0,0.0,100.0,1
baeta_,6,1.33,0.0,0.0,16.7,50.0,100.0,1
the_chocolope,6,1.67,200.0,0.0,0.0,50.0,100.0,1
xjuanfra,5,2.6,0.0,0.0,0.0,40.0,100.0,1
dadies,12,6.83,48.78,0.0,8.3,25.0,0.0,1
vixsilence,5,2.8,0.0,0.0,0.0,0.0,100.0,1
jell0puddin,6,3.67,0.0,45.45,0.0,66.7,100.0,1
gustavoherrera7,5,2.4,0.0,0.0,0.0,40.0,100.0,1
bladiest_of_blades,10,1.6,62.5,0.0,10.0,80.0,100.0,1
tinlunchbox,5,4.4,0.0,0.0,0.0,40.0,100.0,1
kingpooty,5,4,0.0,0.0,0.0,40.0,100.0,1
darkjoe247,6,2,0.0,0.0,0.0,16.7,100.0,1
turkey_bloke,9,3.89,0.0,28.57,0.0,77.8,100.0,1
deltarouge,8,2.25,0.0,0.0,12.5,75.0,100.0,1
maxxamustime,8,3.25,38.46,0.0,37.5,25.0,100.0,1
mauthemythic,14,2.36,0.0,0.0,0.0,7.1,100.0,1
futwiz_tom,11,3.82,0.0,0.0,9.1,0.0,0.0,1
vincent_b_,8,2.62,0.0,0.0,0.0,37.5,100.0,1
sideshow_b,10,6.4,15.62,15.62,20.0,0.0,100.0,1
pittyy_,6,3.83,43.48,0.0,16.7,0.0,0.0,1
ageguyera21,14,5.5,12.99,0.0,14.3,0.0,100.0,1
apple_kid4,7,5,28.57,0.0,0.0,57.1,100.0,1
lodaoj,7,4.57,31.25,31.25,0.0,42.9,100.0,1
everrrrlong,5,3.8,0.0,0.0,40.0,20.0,100.0,1
yeffweykins,6,3.33,0.0,0.0,33.3,33.3,100.0,1
pazmidnight,7,4.14,0.0,0.0,0.0,14.3,100.0,1
dpmusique,10,3.1,32.26,0.0,10.0,50.0,100.0,1
lilpnutheadzay,5,6.8,0.0,0.0,0.0,0.0,0.0,2
epic_treats,10,12.3,40.65,0.0,50.0,0.0,100.0,1
church_cheetah,6,10,0.0,33.33,0.0,16.7,100.0,1
feedthereavers,6,2.83,235.29,0.0,0.0,0.0,100.0,1
kokoblok_,11,4.91,18.52,18.52,0.0,0.0,0.0,1
danyingyang,23,7.39,0.0,0.0,8.7,0.0,0.0,1
drax,8,12.12,20.62,20.62,25.0,0.0,0.0,1
99myers,5,7.2,0.0,0.0,0.0,0.0,0.0,1
thecontrollersphere,10,5.8,0.0,0.0,20.0,20.0,100.0,1
hypercharge_sam,5,10.6,0.0,0.0,0.0,40.0,100.0,1
shadowbomber19,6,6.67,25.0,0.0,0.0,0.0,0.0,1
messigoat123,5,4.6,0.0,0.0,0.0,20.0,0.0,1
lastyman,7,5.57,0.0,0.0,14.3,28.6,100.0,1
jasonunknown,5,3.8,0.0,0.0,0.0,40.0,100.0,1
theanimal160,5,5.4,37.04,37.04,0.0,0.0,100.0,1
dalapoe,7,3.29,43.48,0.0,0.0,85.7,100.0,1
isawbluejays_,7,3,0.0,0.0,0.0,71.4,100.0,1
gaythugmemes,7,9.14,15.62,31.25,0.0,14.3,100.0,1
darettimomsspaghetti,21,8.1,23.53,11.76,0.0,9.5,0.0,1
delanorix,20,7.15,34.97,0.0,10.0,0.0,0.0,1
swats_,5,4.2,95.24,0.0,0.0,0.0,0.0,1
goritude,10,3.9,25.64,25.64,20.0,0.0,0.0,1
hitharlol,10,8.1,37.04,12.35,20.0,0.0,0.0,1
prackalakin,7,4.86,0.0,29.41,0.0,0.0,0.0,1
lamoon_,5,8.6,46.51,23.26,0.0,0.0,0.0,1
bobbykyn,6,4.67,35.71,0.0,50.0,0.0,0.0,1
folm,16,11.06,11.3,5.65,37.5,6.2,0.0,1
yourmatebrucey,5,5.6,0.0,35.71,0.0,0.0,0.0,1
mr_mills3,6,2.83,58.82,0.0,0.0,33.3,0.0,1
makzeey,7,6,0.0,0.0,0.0,14.3,0.0,1
rufles5,6,9.17,18.18,0.0,0.0,0.0,0.0,1
oldstreamsnipervlada,8,9.25,13.51,0.0,0.0,0.0,0.0,1
mattcorp,6,4.33,0.0,0.0,16.7,0.0,0.0,1
saicali,8,10.88,0.0,0.0,0.0,0.0,100.0,1
traviselsdon,35,6.51,17.54,13.16,2.9,0.0,100.0,1
slowzack219,9,3.22,137.93,0.0,0.0,0.0,0.0,1
13chaoslord13,12,4.33,38.46,0.0,8.3,0.0,0.0,1
riskay,19,4.05,51.95,12.99,0.0,0.0,0.0,1
sweetdweams,5,12.6,15.87,0.0,0.0,0.0,0.0,1
tinithor,41,9.17,23.94,13.3,2.4,0.0,0.0,1
tomix1606,14,9,7.94,15.87,14.3,0.0,0.0,1
cknoxy,15,4.67,14.29,0.0,0.0,0.0,0.0,1
vollemotion,15,6.27,0.0,0.0,20.0,13.3,100.0,1
hartfranxx,6,1,0.0,0.0,0.0,0.0,100.0,1
holywood88,13,5.08,15.15,0.0,7.7,0.0,0.0,1
pathplayer,23,7.74,11.24,5.62,8.7,4.3,100.0,1
integerdivision,7,17,8.4,0.0,0.0,0.0,100.0,1
khaki_man,11,6.18,14.71,0.0,9.1,0.0,100.0,1
dostortillas,6,5.83,0.0,0.0,16.7,0.0,100.0,1
velikidace,7,3.86,74.07,0.0,0.0,0.0,0.0,1
thatguyy77,10,2.8,71.43,0.0,0.0,0.0,0.0,1
apes_ma,20,23.85,18.87,6.29,25.0,0.0,0.0,1
lhalalaq,5,15.8,0.0,0.0,20.0,0.0,0.0,1
sonico_talons,13,4.62,0.0,0.0,15.4,0.0,100.0,1
xxcooldog1xx,6,9,18.52,37.04,0.0,0.0,0.0,1
lecalecondesardoche1,9,2.22,0.0,0.0,0.0,0.0,100.0,1
teawithmandy,17,18.94,0.0,0.0,0.0,41.2,0.0,1
akareaper,11,7,25.97,0.0,0.0,0.0,100.0,1
aesthetic87,14,4.14,34.48,0.0,14.3,0.0,0.0,1
khul_sardaukar,7,8.43,0.0,0.0,0.0,0.0,100.0,1
mistress_aurilyn,6,12,0.0,0.0,0.0,0.0,0.0,1
amouuur,5,6.2,32.26,0.0,0.0,0.0,0.0,1
nart_viper,7,9.57,0.0,14.93,14.3,0.0,100.0,1
wildblueshark,8,5.25,23.81,0.0,0.0,0.0,0.0,1
yarnedndangerous,14,3.5,0.0,0.0,14.3,0.0,0.0,1
jstyle187,12,3.25,51.28,0.0,0.0,0.0,0.0,1
zilhan,10,7.2,0.0,0.0,30.0,0.0,100.0,1
elite_gh0st,5,2.6,0.0,0.0,20.0,0.0,100.0,1
vibrationncrage,8,3.25,76.92,0.0,12.5,0.0,100.0,1
extrabadass,5,3.6,55.56,0.0,0.0,0.0,100.0,1
rubberduckytime,15,2.8,71.43,0.0,0.0,0.0,100.0,1
revenge94,5,3.4,0.0,0.0,0.0,20.0,0.0,1
britnanas,12,5.17,0.0,0.0,0.0,0.0,0.0,1
iwipestanding,5,6.6,0.0,0.0,0.0,0.0,0.0,1
ledzeppelingwent,18,7.06,0.0,7.87,22.2,0.0,0.0,1
yumyummb,39,6.92,11.11,3.7,12.8,10.3,0.0,1
shermiecos,45,4.84,18.35,9.17,0.0,22.2,0.0,1
archon_art,5,21.2,18.87,9.43,0.0,0.0,0.0,1
gam3freak99,8,7.88,0.0,0.0,12.5,0.0,0.0,1
esgm_frost,8,4.25,29.41,58.82,0.0,12.5,100.0,1
skyclimberhd,5,4.2,47.62,0.0,0.0,0.0,0.0,1
arakneos,25,10,8.0,4.0,4.0,4.0,0.0,1
mr_dj_rudeboi,5,12,16.67,0.0,20.0,0.0,100.0,1
grapplr,36,7.25,3.83,0.0,13.9,8.3,0.0,1
nereid__,43,5.4,12.93,8.62,16.3,7.0,0.0,1
kralondrej,11,3.82,0.0,23.81,9.1,0.0,0.0,1
absolut2100,20,1.85,0.0,0.0,40.0,0.0,0.0,1
calrael,31,12.13,5.32,13.3,12.9,0.0,0.0,1
tunoak,9,5.11,0.0,21.74,0.0,11.1,0.0,1
kevor24,6,2.67,0.0,0.0,0.0,0.0,0.0,1
fancytapshoes,6,5.17,0.0,0.0,16.7,0.0,0.0,1
imstupid94,6,8.67,0.0,0.0,0.0,0.0,0.0,1
72eal5on374k,5,7,85.71,0.0,20.0,0.0,0.0,1
ganbatte_kudasai,7,2.57,0.0,55.56,28.6,0.0,0.0,1
pyrestone,5,8.2,0.0,0.0,60.0,0.0,0.0,1
suobig,14,6.57,10.87,0.0,57.1,0.0,0.0,1
mythicalbrit,6,6.67,25.0,0.0,0.0,0.0,0.0,1
zoetrain,6,5.5,30.3,0.0,0.0,0.0,0.0,1
notzyreth,30,5.17,0.0,6.45,3.3,6.7,0.0,1
impgangboss,5,10.6,0.0,18.87,60.0,0.0,0.0,1
junkles,7,6.86,0.0,0.0,28.6,0.0,0.0,1
hueness40,5,2.8,142.86,0.0,0.0,20.0,0.0,1
kartikayk,5,2.4,0.0,0.0,0.0,60.0,100.0,1
darkhurricane5,9,1.67,0.0,0.0,0.0,22.2,0.0,1
n0tl1keth1s,7,1.14,0.0,0.0,0.0,0.0,0.0,1
xielk,17,5.29,0.0,0.0,0.0,0.0,0.0,1
ex32_gt,8,1.88,66.67,0.0,12.5,50.0,0.0,1
kearticc,15,5.47,0.0,0.0,0.0,33.3,0.0,1
danceswithataco,7,1.86,0.0,0.0,0.0,57.1,0.0,1
dreckux,5,1.6,0.0,0.0,0.0,60.0,0.0,1
anthoney2,9,10.67,31.25,20.83,0.0,11.1,0.0,1
jennyview,8,2.25,55.56,55.56,0.0,12.5,0.0,1
heroiclittlewaffle,5,4.4,45.45,0.0,0.0,40.0,0.0,1
catfunt420,10,1.8,0.0,0.0,0.0,40.0,0.0,1
smokeysphinx,23,4.48,19.42,0.0,0.0,26.1,0.0,1
jcherz_,25,5.24,0.0,7.63,8.0,24.0,0.0,1
meat_soup,5,1.2,0.0,0.0,0.0,20.0,0.0,1
heeyyyrioooo,23,2.3,113.21,0.0,0.0,21.7,0.0,1
kattywitty,5,3.6,55.56,111.11,60.0,0.0,0.0,1
tedibearos,18,3.06,18.18,0.0,0.0,16.7,0.0,1
valrant,5,3.2,0.0,0.0,0.0,20.0,0.0,1
surefours_girlfriend,10,3.3,60.61,0.0,0.0,40.0,0.0,1
transistorsect,7,4.86,0.0,0.0,28.6,0.0,0.0,1
sheraaa_,9,3.22,0.0,0.0,0.0,11.1,0.0,1
matt_bagels,14,5,57.14,0.0,0.0,28.6,0.0,1
grav0r,7,2.71,0.0,0.0,0.0,28.6,0.0,1
coconuticing,9,3.78,0.0,0.0,0.0,0.0,0.0,1
nedarling,27,3.7,0.0,0.0,3.7,0.0,0.0,1
phearce,5,10,80.0,0.0,40.0,0.0,0.0,1
dalastunicorn,8,5.38,23.26,0.0,0.0,12.5,0.0,1
emaru2,6,2.83,0.0,0.0,0.0,0.0,0.0,1
aidendrake72,5,4.6,0.0,0.0,0.0,20.0,0.0,1
leafena,6,4.33,38.46,0.0,0.0,16.7,0.0,1
kittenking13,13,6.38,0.0,0.0,7.7,7.7,0.0,1
screamdelic,14,3.79,0.0,0.0,0.0,0.0,0.0,1
p_universe,7,9,31.75,0.0,0.0,28.6,0.0,1
yatasumo,8,4.62,27.03,0.0,12.5,12.5,0.0,1
chocoecchigo,9,3.22,0.0,34.48,11.1,22.2,0.0,1
mrpit,5,5.4,74.07,0.0,0.0,0.0,0.0,1
bruisedbygod,8,6.75,0.0,0.0,0.0,0.0,0.0,1
xxdeadgamrxx,5,3,66.67,0.0,0.0,0.0,0.0,1
yourisp,5,8,25.0,50.0,60.0,20.0,0.0,1
idaonadventures,5,2.4,0.0,0.0,20.0,60.0,0.0,1
kingdomkeyd,9,7.89,0.0,0.0,0.0,0.0,0.0,1
trickster_legend,5,4,50.0,0.0,20.0,0.0,0.0,1
theeepancake,5,5,40.0,0.0,0.0,0.0,0.0,1
og_cam25,26,6.19,12.42,0.0,23.1,0.0,0.0,1
kendoa_,38,3.13,67.23,0.0,7.9,18.4,0.0,1
dalykool,10,9.5,31.58,0.0,0.0,0.0,0.0,1
navaliee,38,2.58,61.22,10.2,23.7,7.9,0.0,1
wynniesmusings,7,7.29,19.61,0.0,0.0,14.3,0.0,1
lockettesprite,7,10.43,13.7,0.0,0.0,0.0,0.0,1
bamcrank,7,7.43,0.0,19.23,0.0,0.0,0.0,1
attack_on_hyrule,7,16.57,8.62,0.0,0.0,0.0,0.0,1
kevin_rutledge,5,3.2,125.0,0.0,20.0,0.0,0.0,1
panduhbear2,5,23.4,0.0,0.0,0.0,40.0,0.0,1
memelordtachankaone,18,4.72,35.29,35.29,5.6,5.6,0.0,1
xxxshehataxx,6,3.67,0.0,0.0,0.0,0.0,0.0,1
pmister300,15,4.93,0.0,13.51,6.7,6.7,0.0,1
z3nshido,6,3.83,0.0,0.0,0.0,16.7,0.0,1
rasatak,12,3.5,47.62,0.0,25.0,16.7,0.0,1
ptolm31,11,12.18,14.93,29.85,18.2,0.0,0.0,1
kimene33,5,5,0.0,0.0,40.0,0.0,100.0,1
sr20deep_04,21,8.67,21.98,5.49,14.3,4.8,0.0,1
myrrshock,19,8.32,6.33,25.32,15.8,0.0,0.0,1
programadorsincero,5,4.6,43.48,0.0,0.0,20.0,0.0,1
joekennaugh,10,13.6,22.06,0.0,0.0,0.0,0.0,1
luna_zabuko,5,2,100.0,0.0,0.0,0.0,0.0,1
edobcwh,5,9.6,20.83,20.83,0.0,0.0,0.0,1
spongario,6,4,41.67,41.67,16.7,16.7,0.0,1
zalenor,7,13.29,0.0,21.51,0.0,0.0,0.0,1
solomun,5,10.4,0.0,0.0,0.0,0.0,100.0,1
jacoblovefood,11,7.09,12.82,0.0,18.2,9.1,0.0,1
safewood,7,11.71,36.59,0.0,0.0,0.0,0.0,1
yenidunyatelevizyonu,5,4.6,0.0,0.0,0.0,40.0,100.0,1
picantogod,7,5.43,0.0,0.0,0.0,0.0,0.0,1
kaosstrojan,5,6.8,29.41,0.0,60.0,0.0,0.0,1
biesel,18,7.22,0.0,0.0,0.0,16.7,0.0,1
itani,6,9.33,53.57,0.0,0.0,0.0,0.0,1
randommemer_,5,12,0.0,16.67,20.0,0.0,0.0,1
mrblanes,6,7,23.81,0.0,0.0,16.7,0.0,1
senutna_mds,10,7.3,13.7,0.0,20.0,0.0,0.0,1
slickpocket,9,6.78,32.79,16.39,11.1,0.0,0.0,1
thebradest,6,4.67,35.71,35.71,16.7,16.7,0.0,1
grimm_skitzo,18,8.17,20.41,0.0,0.0,22.2,0.0,1
zetonegi,8,17.12,0.0,21.9,12.5,0.0,0.0,1
jacksparr0w_06,7,2.86,0.0,0.0,0.0,42.9,100.0,1
itssteffin,9,5.56,0.0,0.0,0.0,0.0,0.0,1
megamoi_,10,2.9,34.48,0.0,20.0,10.0,0.0,1
slimitone2,6,13.33,12.5,0.0,16.7,0.0,0.0,1
jarou_k,5,13.6,0.0,0.0,40.0,0.0,0.0,1
batu055,6,3.33,0.0,0.0,0.0,0.0,100.0,1
happy_1733,5,5.8,0.0,0.0,20.0,0.0,0.0,1
gamermogens,5,9.4,0.0,0.0,0.0,0.0,0.0,1
zarthais,5,8.2,0.0,48.78,20.0,0.0,0.0,1
errorash_,5,5.2,0.0,0.0,20.0,0.0,0.0,1
sayomul,8,6.62,18.87,18.87,12.5,0.0,0.0,1
ducky1992,5,5,0.0,0.0,60.0,0.0,0.0,1
031143,6,0.67,0.0,0.0,0.0,0.0,0.0,1
attilla_the_hun,14,7.43,28.85,0.0,7.1,0.0,0.0,1
korvotv,5,6,66.67,0.0,40.0,0.0,0.0,1
kaythal,7,7.57,0.0,18.87,28.6,0.0,0.0,1
sarahwithanhm8,6,8.17,20.41,20.41,16.7,0.0,0.0,1
dueygolf,5,2.4,83.33,0.0,0.0,20.0,100.0,1
snm_kissell,21,8.24,5.78,0.0,9.5,0.0,0.0,1
chill0uttt,5,4.6,0.0,0.0,0.0,0.0,0.0,1
gnurrgard,7,2.43,176.47,0.0,0.0,0.0,0.0,1
blueaygobram,10,7.4,0.0,13.51,10.0,0.0,0.0,1
doctor7death,5,6,33.33,0.0,0.0,0.0,0.0,1
lordab4ddon,9,3,0.0,0.0,11.1,11.1,0.0,1
overview25,5,2,100.0,100.0,20.0,20.0,0.0,1
leppard1oo,9,9.78,11.36,0.0,0.0,0.0,0.0,1
reireibarker,5,4.2,47.62,0.0,0.0,0.0,0.0,1
zkendroo,12,4.67,17.86,35.71,0.0,0.0,0.0,1
yutha2018,5,1.4,0.0,0.0,0.0,0.0,0.0,1
mramazingxx,6,3.67,45.45,0.0,0.0,0.0,0.0,1
emwad,5,4.2,0.0,0.0,0.0,0.0,0.0,1
icicle_duelyst,9,4.33,25.64,0.0,11.1,33.3,0.0,1
hawkster1968,9,1.56,285.71,0.0,0.0,11.1,100.0,1
mahcahwaca,15,6.33,31.58,0.0,0.0,6.7,100.0,1
impactvelocity,12,3.92,0.0,21.28,0.0,0.0,100.0,1
10fatfingers,13,8.23,9.35,0.0,15.4,0.0,100.0,1
aleismar,11,3.73,24.39,0.0,0.0,0.0,100.0,1
ya_boi_taters__underscore,5,7.6,26.32,0.0,40.0,0.0,100.0,1
dominoz416,6,2.5,66.67,0.0,0.0,16.7,100.0,1
darkheretic,7,3,0.0,0.0,0.0,14.3,100.0,1
bailey_xoxo,13,4.08,0.0,75.47,7.7,7.7,100.0,1
krinklez__,5,6.2,0.0,0.0,20.0,0.0,100.0,1
azzy5463,5,1.4,0.0,0.0,0.0,40.0,100.0,1
jools_tv,24,1.83,45.45,0.0,0.0,0.0,100.0,1
sureshotgazza1,8,6,0.0,0.0,37.5,0.0,100.0,1
extreme2themax_,6,12.67,13.16,0.0,0.0,0.0,100.0,1
dagamos,6,4,83.33,0.0,16.7,0.0,0.0,1
dantasticbot,60,11.43,72.89,0.0,8.3,0.0,0.0,1
wugyeah,14,5.64,0.0,0.0,35.7,7.1,0.0,1
x17beats,20,4.75,31.58,0.0,5.0,10.0,0.0,1
realyfeog,9,4.67,47.62,0.0,11.1,0.0,0.0,1
the_gyro_of_thyme,9,2.33,0.0,0.0,0.0,11.1,0.0,1
glixlplix,5,16.4,0.0,0.0,0.0,0.0,100.0,1
emilthewizard,15,6.13,0.0,0.0,0.0,0.0,0.0,1
eckonut72,6,8.17,0.0,0.0,0.0,0.0,100.0,1
ssjeder,31,4.81,20.13,26.85,3.2,0.0,0.0,1
jinxmew,6,5.17,0.0,0.0,83.3,0.0,0.0,1
faht,5,2.8,0.0,0.0,20.0,0.0,0.0,1
dom6991,8,4.75,26.32,0.0,25.0,12.5,100.0,1
tahickz,10,4.6,0.0,0.0,20.0,10.0,0.0,1
pillarist,5,4,0.0,0.0,0.0,0.0,0.0,1
hihowarenyou,5,6.2,0.0,0.0,0.0,0.0,0.0,1
biancabellaaus,6,6.17,27.03,0.0,16.7,16.7,0.0,1
jeffd5,5,3.2,62.5,0.0,0.0,40.0,0.0,1
grizzlybeal2,10,0.4,0.0,0.0,10.0,0.0,100.0,1
enraged_playz,8,9.5,0.0,13.16,12.5,12.5,0.0,1
soundless_a,7,5.57,51.28,0.0,28.6,14.3,0.0,1
triplc,34,6.35,18.52,4.63,0.0,0.0,0.0,1
shipwrektyt,10,7.3,0.0,0.0,0.0,0.0,0.0,1
manared,8,3.5,107.14,0.0,0.0,12.5,0.0,1
florianich,5,4.4,0.0,45.45,0.0,0.0,0.0,1
bassongkhla,6,0.17,0.0,0.0,0.0,0.0,0.0,1
kannoname93,5,0.8,0.0,0.0,0.0,0.0,100.0,1
ruble__,13,3.23,0.0,0.0,0.0,7.7,0.0,1
congeeeee,69,2.19,6.62,0.0,5.8,11.6,0.0,1
flame010,8,10.25,0.0,0.0,0.0,0.0,0.0,1
thetaintflicker,5,6.4,0.0,0.0,0.0,0.0,100.0,1
hammerhai1234,7,4.57,0.0,0.0,14.3,0.0,0.0,1
kujo3k,9,2.67,0.0,41.67,11.1,33.3,0.0,1
khun_poo,15,2.13,31.25,0.0,13.3,13.3,0.0,1
sylphid88,89,4.8,28.1,25.76,2.2,2.2,0.0,1
1susanoo1,22,3.05,14.93,29.85,0.0,0.0,0.0,1
sigmaxphi,9,6.67,33.33,0.0,11.1,0.0,0.0,1
xzcrave,12,4.5,18.52,0.0,8.3,0.0,0.0,1
ace10d,5,15.6,25.64,0.0,0.0,20.0,0.0,1
panduthewolf,5,2.6,0.0,76.92,0.0,20.0,100.0,1
wolverine_hero,6,5.33,62.5,0.0,0.0,16.7,0.0,1
errrico,11,6.09,0.0,0.0,0.0,9.1,0.0,1
tuglow,7,8.14,17.54,0.0,71.4,0.0,0.0,1
hothashbrown,16,6.56,28.57,0.0,0.0,0.0,0.0,1
rhaenyan,6,5.17,0.0,0.0,0.0,0.0,0.0,1
acekrana,13,4.38,35.09,0.0,7.7,15.4,0.0,1
trollorist,15,3.6,18.52,18.52,0.0,0.0,0.0,1
nickyisg,5,3.4,58.82,0.0,0.0,0.0,0.0,1
ajax2854,7,5.71,0.0,25.0,14.3,0.0,0.0,1
mothlite,8,3.88,0.0,0.0,0.0,0.0,0.0,1
icahilo,6,2,0.0,0.0,16.7,16.7,100.0,1
nabiee,9,4.56,24.39,0.0,11.1,11.1,0.0,1
grognosh2,9,3.56,0.0,0.0,22.2,22.2,0.0,1
psychograce,6,15.67,21.28,21.28,0.0,0.0,0.0,1
kellhus123,12,7.5,11.11,0.0,41.7,8.3,0.0,2
mrguwee,5,8.8,0.0,0.0,60.0,0.0,0.0,1
caydenskater,5,5.2,38.46,0.0,0.0,0.0,0.0,2
erod1980,6,2.33,0.0,71.43,0.0,16.7,0.0,1
george_white,7,6.14,93.02,0.0,57.1,0.0,0.0,1
maniac_in_a_mask,9,6.78,16.39,16.39,22.2,0.0,0.0,1
kanton8999,5,2,0.0,100.0,0.0,0.0,0.0,1
thetrippinalien,7,4.86,0.0,0.0,0.0,0.0,0.0,1
veselibankar,40,3.38,7.41,7.41,7.5,2.5,0.0,1
coykoi,11,6.91,26.32,0.0,9.1,0.0,0.0,1
adwarin,15,4.87,0.0,27.4,6.7,20.0,0.0,1
janickaa,5,2.2,0.0,0.0,20.0,0.0,0.0,1
lawncrestbol,10,9.3,0.0,0.0,0.0,0.0,0.0,1
iammainn,9,3,0.0,0.0,22.2,0.0,0.0,1
epiclygamer45,6,5.67,29.41,0.0,0.0,0.0,0.0,1
joerodman,15,0,0.0,0.0,0.0,0.0,0.0,1
epos_cz,6,3,0.0,0.0,0.0,0.0,0.0,1
b39se9k,5,1.8,0.0,0.0,20.0,0.0,0.0,1
sithiuz,6,6.33,0.0,26.32,0.0,0.0,0.0,1
bluegayart,15,0.93,0.0,0.0,0.0,6.7,0.0,1
veiskryd,5,13.2,30.3,0.0,0.0,0.0,0.0,1
canofc0rn,13,3.08,75.0,0.0,0.0,0.0,0.0,1
redkosenpai,111,2.38,0.0,0.0,4.5,5.4,0.0,1
egorrr_rr,7,1.14,0.0,0.0,0.0,0.0,0.0,1
crazywizard0,6,2.17,76.92,0.0,33.3,0.0,0.0,1
chimera1616,6,2.5,0.0,0.0,16.7,0.0,0.0,1
blob_,8,6.38,0.0,0.0,50.0,0.0,0.0,1
scamgames,6,0.67,0.0,0.0,16.7,0.0,0.0,1
nekto_v_triko,22,2.64,0.0,0.0,0.0,18.2,0.0,1
lwthegame,11,0.82,0.0,0.0,18.2,0.0,0.0,1
lopatka_1337,7,2,0.0,0.0,14.3,14.3,0.0,1
switoi,13,0,0.0,0.0,0.0,0.0,0.0,1
poeyagaming,5,6.8,0.0,29.41,20.0,0.0,100.0,1
olschoolmen,17,3.24,18.18,0.0,0.0,5.9,100.0,1
secret_player_sk,5,1.4,0.0,0.0,0.0,60.0,0.0,1
creamera113,10,2.2,90.91,0.0,0.0,0.0,0.0,1
andou_kondo_daisuke,53,5.55,0.0,0.0,0.0,92.5,0.0,1
kahizaro,9,4.33,0.0,0.0,11.1,22.2,100.0,1
vinithelegends,5,2.2,90.91,0.0,0.0,0.0,0.0,1
rand0mramb0,5,5.6,0.0,0.0,20.0,0.0,0.0,1
manduril,5,2.2,90.91,0.0,0.0,20.0,100.0,1
puddean1,13,2.77,0.0,0.0,23.1,7.7,0.0,1
dumrush,10,0.4,0.0,0.0,10.0,10.0,0.0,1
invisible_luigi,9,1.44,230.77,0.0,0.0,11.1,0.0,1
zitiron,7,4.71,0.0,0.0,0.0,28.6,0.0,1
nonesta16,6,2.17,0.0,0.0,0.0,16.7,0.0,1
nastiak,6,4.17,40.0,40.0,0.0,0.0,0.0,1
raschestka,6,2.83,0.0,0.0,16.7,16.7,0.0,1
ivaks1,5,3.2,0.0,0.0,0.0,0.0,0.0,1
rambo_zd,5,2,0.0,0.0,0.0,60.0,100.0,1
revivemepl0x,5,0.6,0.0,0.0,0.0,40.0,100.0,1
bahek25,11,2.64,0.0,0.0,0.0,0.0,100.0,1
san9ra5,5,3,0.0,0.0,0.0,0.0,0.0,1
phenomengames,6,5,0.0,0.0,0.0,0.0,0.0,1
emmettchan,5,4.2,0.0,0.0,0.0,20.0,0.0,1
belich47,10,3.5,0.0,0.0,0.0,20.0,0.0,1
ubinega,5,0.2,0.0,0.0,20.0,0.0,100.0,1
korzik88,6,2.17,0.0,0.0,0.0,33.3,0.0,1
bgijy1,5,4.6,0.0,0.0,20.0,20.0,0.0,1
oyoyoyka,6,0.67,0.0,0.0,0.0,16.7,100.0,1
officialaway,10,5.3,0.0,37.74,30.0,10.0,0.0,1
alekseykulakov89,5,0,0.0,0.0,60.0,0.0,100.0,1
kipling__,9,0.78,0.0,0.0,44.4,0.0,0.0,1
davee0202,6,7.67,0.0,0.0,33.3,0.0,0.0,1
felixoided,13,0.46,0.0,0.0,15.4,7.7,0.0,1
forty_444,5,3.6,0.0,0.0,0.0,0.0,0.0,1
amstelmeme,5,0.2,0.0,0.0,0.0,0.0,0.0,1
mrp0w,11,5.91,0.0,15.38,0.0,0.0,0.0,1
arturovic,8,6.75,0.0,0.0,0.0,12.5,0.0,1
19amg98,14,4.57,15.62,0.0,7.1,21.4,0.0,1
braille_skatebording,8,1.12,0.0,0.0,50.0,0.0,100.0,1
mikethedudev2,13,3.92,0.0,19.61,7.7,46.2,100.0,1
slowshot363,30,6.53,25.51,5.1,10.0,3.3,100.0,1
jefry1014,8,4.88,0.0,0.0,0.0,12.5,100.0,1
kanyespest,7,4,35.71,0.0,0.0,0.0,100.0,1
mckenziee,7,8.57,16.67,0.0,71.4,0.0,100.0,1
batend,9,5.78,38.46,0.0,22.2,0.0,0.0,1
nejxy,5,10,20.0,0.0,20.0,0.0,0.0,1
imswann,19,2.84,18.52,18.52,0.0,0.0,100.0,1
ol_stomper_romper,28,6.25,11.43,11.43,0.0,3.6,100.0,1
2sneakyruski,5,5.4,0.0,37.04,0.0,20.0,100.0,1
dash4eva,5,6,33.33,0.0,0.0,0.0,100.0,1
dobriypekar,6,0.83,0.0,0.0,0.0,0.0,0.0,1
tutangaa,22,5.86,0.0,7.75,13.6,0.0,100.0,1
buttwinkgr,32,5.09,0.0,0.0,18.8,0.0,100.0,1
samrie030,5,11,0.0,18.18,20.0,0.0,100.0,1
iampasos,5,3.6,0.0,0.0,0.0,0.0,0.0,1
mooores,5,12.8,0.0,0.0,0.0,0.0,0.0,1
wuwx,7,5.29,54.05,0.0,0.0,0.0,100.0,1
norsys,9,1,0.0,0.0,0.0,0.0,100.0,1
flvgmvn,6,2.33,0.0,0.0,0.0,0.0,100.0,1
majagiss,7,4,0.0,0.0,14.3,28.6,0.0,1
student_student,6,0.67,0.0,0.0,0.0,16.7,0.0,1
angelo444619,17,0.47,0.0,0.0,29.4,11.8,0.0,1
lo1_kekovich,5,0.8,0.0,0.0,0.0,0.0,100.0,1
pechy16,5,3.2,0.0,0.0,20.0,0.0,0.0,1
bewbsmaster,5,4.2,0.0,0.0,0.0,20.0,100.0,1
aljosaking,5,9,22.22,0.0,0.0,0.0,100.0,1
dubdubom,8,0,0.0,0.0,12.5,0.0,100.0,1
tuncd,6,3.17,0.0,0.0,0.0,0.0,0.0,1
quaoliz,5,4.4,0.0,0.0,0.0,20.0,0.0,1
developertwitch,6,0.17,0.0,0.0,0.0,0.0,0.0,1
b1ade21,6,1.17,0.0,0.0,33.3,16.7,0.0,1
korinredfox,8,0,0.0,0.0,12.5,0.0,0.0,1
nightlander,8,2.88,43.48,0.0,0.0,12.5,0.0,1
dieselpower777,7,1.14,0.0,0.0,0.0,14.3,100.0,1
sombracc00n,13,0.69,0.0,0.0,30.8,15.4,0.0,1
drugalick,7,0.86,0.0,0.0,0.0,71.4,100.0,1
whiteworm20,6,1,0.0,0.0,0.0,0.0,0.0,1
nfko11,7,2.29,0.0,0.0,14.3,0.0,0.0,1
mike_promo,6,0.67,0.0,0.0,0.0,50.0,100.0,1
hiimthotd,6,2.33,0.0,0.0,0.0,0.0,0.0,1
gimli115,7,0,0.0,0.0,0.0,0.0,0.0,1
tester7,5,0.4,0.0,0.0,0.0,0.0,100.0,1
trolko163,7,1.43,0.0,0.0,0.0,0.0,0.0,1
anonimny,6,0,0.0,0.0,0.0,33.3,100.0,1
pip3rcat,8,3.62,68.97,0.0,0.0,0.0,100.0,1
xoxlopesik,6,0.17,0.0,0.0,33.3,0.0,0.0,1
smashleysl,8,4.62,27.03,0.0,0.0,12.5,0.0,1
jeffe1t,5,2.4,83.33,0.0,0.0,0.0,0.0,1
iazrogle,5,3,0.0,0.0,0.0,0.0,0.0,1
koskosrsl,34,4.62,31.85,12.74,11.8,0.0,0.0,1
shaclonev,5,7,0.0,0.0,0.0,0.0,0.0,1
gameattackteamcx,14,3.93,36.36,0.0,0.0,7.1,0.0,1
adan10ny,5,8,25.0,0.0,0.0,0.0,0.0,1
gavrilkas1,13,3.69,41.67,0.0,0.0,23.1,0.0,1
kolentoct,12,4.42,18.87,0.0,8.3,0.0,0.0,1
mang0r5,15,4.87,27.4,0.0,0.0,0.0,0.0,1
vaporadarkh6,19,3.53,59.7,0.0,5.3,5.3,0.0,1
twitchpresentsdea,17,3.59,65.57,16.39,0.0,5.9,0.0,1
flockword61n,18,5.56,40.0,0.0,5.6,0.0,0.0,1
aelris_l6,5,7.6,0.0,0.0,0.0,0.0,0.0,1
zayuribx,17,3.59,49.18,0.0,17.6,11.8,0.0,1
weareb0be,15,5.13,12.99,0.0,13.3,0.0,0.0,1
bracubih,5,4.8,0.0,0.0,20.0,0.0,0.0,1
indic4c,16,5.38,11.63,0.0,0.0,6.2,0.0,1
hackorutv7,6,3.83,0.0,0.0,33.3,0.0,0.0,1
megnagaming8,5,4.4,90.91,0.0,0.0,20.0,0.0,1
shakal_123,7,1,0.0,0.0,28.6,0.0,0.0,1
pow3rtvap,6,5.5,0.0,0.0,0.0,0.0,0.0,1
the_cuki,6,1,0.0,0.0,0.0,16.7,0.0,1
undar789bu,5,6.8,29.41,0.0,20.0,0.0,0.0,1
goldentotb3,16,3,83.33,0.0,12.5,12.5,0.0,1
lefoubruiteurjw,5,6.4,93.75,0.0,0.0,0.0,0.0,1
pyromancerxo,5,6.8,58.82,0.0,0.0,0.0,0.0,1
thiji6,5,2.2,90.91,0.0,0.0,0.0,0.0,1
lunarys_j,6,2.5,0.0,0.0,0.0,16.7,0.0,1
lordiablo12,7,1.29,0.0,0.0,0.0,0.0,0.0,1
bigntasty0,5,5.8,0.0,0.0,0.0,0.0,0.0,1
narcotrafico,5,1,0.0,0.0,0.0,0.0,0.0,1
vman7ce,6,3.17,0.0,0.0,16.7,0.0,0.0,1
pedguintz,5,4.6,0.0,0.0,0.0,40.0,0.0,1
deadleiia,5,2.4,0.0,0.0,0.0,0.0,0.0,1
myztv3,5,4.2,0.0,0.0,20.0,0.0,0.0,1
loeyaso,5,4,0.0,0.0,0.0,0.0,0.0,1
denissokolov74,11,0.09,0.0,0.0,27.3,0.0,0.0,1
h1ded,7,1.29,0.0,0.0,0.0,28.6,100.0,1
gamersclubcs10,5,3,66.67,0.0,20.0,0.0,0.0,1
q1w1e1r1t1,7,1.14,0.0,0.0,0.0,14.3,100.0,1
haudraufund,6,3.5,0.0,0.0,0.0,16.7,0.0,1
janiremg_,8,5,0.0,0.0,0.0,12.5,100.0,1
mordiford,7,11,12.99,0.0,0.0,0.0,0.0,1
elmo_nito2004,5,4,0.0,0.0,0.0,40.0,100.0,1
kipyssa,7,0,0.0,0.0,0.0,0.0,0.0,1
epiczonenx,5,2,0.0,0.0,0.0,0.0,100.0,1
horgub,10,0.1,0.0,0.0,60.0,0.0,0.0,1
ruchnoy__volk,15,1.33,0.0,0.0,26.7,0.0,0.0,1
cregtus,6,3.83,0.0,0.0,0.0,0.0,100.0,1
clov3rs,6,3.5,0.0,0.0,16.7,0.0,100.0,1
deezlayt,13,1.08,0.0,0.0,7.7,23.1,0.0,1
jorgedx4,8,3.5,0.0,35.71,0.0,0.0,100.0,1
bigdaddy15ggoo,5,4.6,0.0,0.0,0.0,0.0,100.0,1
shib27,5,1.2,0.0,0.0,20.0,0.0,0.0,1
akimbopower,5,3.8,0.0,0.0,0.0,20.0,0.0,1
lacari_myfave_trihard1,21,1.71,0.0,0.0,0.0,52.4,0.0,1
kbyerc,9,1.56,0.0,0.0,0.0,88.9,0.0,1
fabolvsky,10,4.5,0.0,22.22,10.0,50.0,0.0,1
adam_a_new_man,10,2.9,0.0,0.0,10.0,30.0,0.0,1
frederiitch,5,5.4,0.0,0.0,0.0,0.0,0.0,1
pv_alupo,5,4.2,0.0,0.0,0.0,0.0,0.0,1
vitor_3pernas,5,2.8,0.0,0.0,0.0,20.0,0.0,1
spolldelas,18,4.06,0.0,0.0,5.6,38.9,0.0,1
donzz1nho,11,4.36,0.0,20.83,36.4,0.0,0.0,1
verdice2,22,3.09,0.0,0.0,9.1,22.7,0.0,1
kakinomoto,5,1.4,0.0,0.0,0.0,60.0,0.0,1
thalisonsss,11,2.73,0.0,0.0,9.1,18.2,0.0,1
ravaggio,18,3,0.0,18.52,5.6,22.2,0.0,1
huylquiasz,6,2.5,0.0,0.0,0.0,50.0,0.0,1
banido_da_superliga,12,1.67,0.0,0.0,0.0,50.0,0.0,1
nhaaaaaaaaaaaaaaaaaaaaa,8,1.62,0.0,0.0,25.0,50.0,0.0,1
douglas_xesquedelancia,7,4.43,0.0,0.0,14.3,71.4,0.0,1
fuzionbladegunz,5,5.2,0.0,0.0,20.0,20.0,0.0,1
gouv23,6,5.67,0.0,0.0,0.0,16.7,0.0,1
hiago85,6,1.5,0.0,0.0,0.0,33.3,0.0,1
raphadraft,5,5.4,0.0,0.0,0.0,20.0,0.0,1
hater_do_juracy,7,1.29,0.0,0.0,14.3,0.0,0.0,1
felip1nho,11,2.64,0.0,0.0,9.1,9.1,0.0,1
zcrankdat,5,2.4,0.0,0.0,0.0,0.0,0.0,1
sloper1,22,4.73,0.0,0.0,4.5,13.6,0.0,1
zorhakyy,13,5.15,0.0,44.78,7.7,23.1,0.0,1
camilotaxp,6,3.33,0.0,0.0,0.0,33.3,0.0,1
destroyer__2150,10,5.1,0.0,0.0,0.0,0.0,0.0,1
shiroha07,5,4.2,0.0,0.0,0.0,20.0,0.0,1
luis_proddigy,5,2.2,0.0,0.0,0.0,20.0,0.0,1
lucasony14,7,2.29,0.0,0.0,14.3,14.3,0.0,1
andrielson22,6,7.67,0.0,0.0,0.0,16.7,0.0,1
mestre_careca,5,5.2,0.0,0.0,20.0,20.0,0.0,1
ifoxmial,6,8.33,0.0,20.0,0.0,50.0,0.0,1
ceiferinhooo,13,6.62,0.0,23.26,0.0,7.7,0.0,1
menatrash,7,3,0.0,0.0,0.0,14.3,0.0,1
renatoccunha,5,3.2,0.0,0.0,20.0,80.0,0.0,1
traigom,6,4.83,0.0,0.0,0.0,0.0,0.0,1
soub,8,2.38,0.0,0.0,12.5,0.0,0.0,1
allicius,5,2.4,0.0,0.0,0.0,100.0,0.0,1
lrenegades,5,2,0.0,0.0,0.0,100.0,0.0,1
5c4rz,5,2.2,0.0,0.0,20.0,20.0,0.0,1
